model,model_key,question_id,domain,condition,n_words,n_chars,answer
mistralai/Mistral-7B-Instruct-v0.3,mistral,Q001,money,NONE,233,1349,"Deciding whether to pay off a small loan early or keep the cash in savings can depend on several factors. Here are some points to consider:

1. Interest Rate: If the interest rate on your loan is significantly higher than the return you'd get on your savings, it might be beneficial to pay off the loan early.

2. Emergency Fund: If you don't have an emergency fund, it might be wise to keep the cash in savings for unexpected expenses. An emergency fund typically covers 3-6 months of living expenses.

3. Debt-to-Income Ratio: Paying off debt can improve your debt-to-income ratio, which can be beneficial if you're planning to apply for new loans or credit in the future.

4. Peace of Mind: Some people prefer the peace of mind that comes with being debt-free, even if the interest rate on the loan is relatively low.

5. Opportunity Cost: Consider what you could do with the money if you didn't pay off the loan early. If you could invest the money and earn a higher return, it might be better to keep the cash and invest.

6. Tax Implications: Interest on loans is typically tax-deductible, while interest earned on savings is taxable. This could affect your decision.

7. Personal Preference: Everyone has different financial priorities and risk tolerances. Some people prefer to be debt-free, while others prefer to have cash on hand for emer"
mistralai/Mistral-7B-Instruct-v0.3,mistral,Q001,money,CONTROL,229,1315,"Deciding whether to pay off a small loan early or keep the cash in savings can depend on several factors. Here are some points to consider:

1. Interest Rate: If the interest rate on your loan is significantly higher than the return you'd get on your savings, it might be beneficial to pay off the loan early.

2. Emergency Fund: If you don't have an emergency fund, it might be wise to keep the cash in savings for unexpected expenses. An emergency fund typically covers 3-6 months of living expenses.

3. Debt-to-Income Ratio: Paying off debt can improve your debt-to-income ratio, which can be beneficial if you're planning to apply for a mortgage or other loans in the future.

4. Peace of Mind: Some people prefer the peace of mind that comes with being debt-free, even if the interest rate on the loan is relatively low.

5. Opportunity Cost: Consider what you could do with the money if you didn't pay off the loan early. If you could invest the money and earn a higher return, it might be better to keep the cash and invest.

6. Tax Implications: Interest on loans is typically tax-deductible, while interest earned on savings is taxable. This could affect your decision.

7. Emotional Factors: Personal finance is not just about numbers; it's also about feelings. If the thought of owing money stresses you"
mistralai/Mistral-7B-Instruct-v0.3,mistral,Q001,money,SCREEN,243,1421,"Deciding whether to pay off a small loan early or keep the cash in savings can depend on several factors. Here are some steps you can follow to make an informed decision:

1. Interest rate: Compare the interest rate of the loan with the return on your savings. If the interest rate on your loan is higher than the return on your savings, it might be beneficial to pay off the loan early.

2. Emergency fund: Ensure you have an emergency fund in place. It's important to have savings available for unexpected expenses. If you don't have an emergency fund, it might be wiser to keep the cash in savings.

3. Debt-to-income ratio: Calculate your debt-to-income ratio. This is the percentage of your monthly income that goes towards paying off debt. A lower ratio is generally better. If paying off the loan early would significantly reduce your debt-to-income ratio, it might be beneficial to pay off the loan early.

4. Other financial goals: Consider your other financial goals, such as retirement savings, home purchase, or education. If you have other important financial goals, it might be wiser to keep the cash in savings and continue making loan payments.

5. Psychological factor: Some people find peace of mind in paying off debt, so if the psychological benefit of paying off the loan early outweighs the potential return on savings, it might be beneficial to pay off the loan early.

6. Tax implications: If your"
mistralai/Mistral-7B-Instruct-v0.3,mistral,Q001,money,AGE,222,1323,"Deciding whether to pay off a loan early or keep the cash in savings can depend on several factors. Here are some points to consider:

1. Interest Rates: If the interest rate on your loan is higher than the return on your savings, it might be beneficial to pay off the loan early.

2. Emergency Fund: Ensure you have an adequate emergency fund. It's important to have savings for unexpected expenses.

3. Debt-to-Income Ratio: Paying off debt can improve your debt-to-income ratio, which could be beneficial if you're planning to apply for new loans or mortgages in the future.

4. Peace of Mind: Some people prefer the peace of mind that comes with being debt-free, even if the return on savings is higher than the loan interest rate.

5. Opportunity Cost: Consider what you could do with the money if it's not tied up in a loan. For example, if you have a high-interest investment opportunity, it might be better to invest rather than pay off a low-interest loan.

6. Tax Implications: Interest on loans is usually tax-deductible, while interest earned on savings is taxable. This could affect your decision.

7. Health and Retirement: Consider your health and retirement plans. If you're nearing retirement, it might be wise to reduce debt to minimize financial stress in retirement.

8. Emotional Factors: Consider your"
mistralai/Mistral-7B-Instruct-v0.3,mistral,Q001,money,ADHD,251,1499,"To decide whether to pay off a small loan early or keep the cash in savings, you should consider the following factors, taking into account your personal financial situation, priorities, and preferences:

1. Interest rate: If the interest rate on the loan is significantly higher than the return you would earn on the savings, it might be beneficial to pay off the loan early.

2. Psychological benefits: Paying off debt can provide a sense of relief and accomplishment, which might be more valuable to you if you find managing debt stressful.

3. Emergency fund: Ensure you have an adequate emergency fund in place before considering paying off the loan early. Having savings can help you cover unexpected expenses and avoid taking on additional debt.

4. Opportunity cost: Consider what you could do with the money if you kept it in savings. For example, if you have high-interest debt or investment opportunities, it might be more beneficial to keep the cash in savings and address those issues first.

5. Goals and priorities: If paying off the loan early helps you achieve a financial goal or aligns with your priorities, it might be worth doing so.

6. Reminders and discipline: If you struggle with managing your finances or have trouble sticking to a budget, keeping the cash in savings might be a better option to ensure you have funds available for emergencies and can make timely loan payments.

7. Tax implications: If the loan is tax-deductible, consider the tax benefits of keeping the"
mistralai/Mistral-7B-Instruct-v0.3,mistral,Q002,money,NONE,190,1237,"Creating a balanced budget that includes spending, saving, and long-term goals can help you achieve financial stability and reach your financial objectives. Here's a simple approach to help you get started:

1. Needs (50%): Allocate 50% of your monthly income to cover essential expenses, such as housing, utilities, transportation, groceries, and insurance.

2. Wants (30%): Allocate 30% of your income for discretionary expenses, like dining out, entertainment, hobbies, and personal care.

3. Savings and Emergency Fund (10%): Allocate 10% of your income to savings, including an emergency fund, retirement savings, and other short-term savings goals.

4. Debt Repayment (5%): If you have debt, allocate 5% of your income to pay it off. This can include credit card debt, student loans, or personal loans.

5. Long-term Goals (5%): Allocate 5% of your income to long-term goals, such as buying a house, starting a business, or traveling.

This 50-30-10-5 approach is a flexible guideline that can be adjusted based on your personal financial situation, priorities, and financial goals. It's essential to review and adjust your budget regularly to ensure it continues to meet your needs and helps you achieve your financial objectives."
mistralai/Mistral-7B-Instruct-v0.3,mistral,Q002,money,CONTROL,207,1362,"Creating a budget that effectively balances spending, saving, and long-term goals can help you achieve financial stability and reach your financial objectives. Here's a simple approach to help you get started:

1. Needs: Allocate funds for essential expenses like housing, food, transportation, and healthcare. These are your non-negotiables.

2. Wants: Set aside money for discretionary expenses, such as entertainment, dining out, and hobbies. This category can be adjusted based on your personal preferences and financial situation.

3. Savings: Aim to save a portion of your income for emergencies, retirement, and other long-term goals. A common rule of thumb is to save 20% of your income, but this can vary depending on your financial goals and personal circumstances.

   - Emergency Fund: Aim to have 3-6 months' worth of living expenses in an easily accessible account for unexpected expenses or job loss.
   - Retirement: Contribute to a retirement account like a 401(k) or an IRA, especially if your employer offers matching contributions.
   - Long-term Goals: Allocate funds for larger financial goals, such as buying a house, starting a business, or traveling.

4. Debt Repayment: If you have outstanding debts, prioritize paying them off by allocating a portion of your income towards debt repayment.

5. Investments: Consider investing a portion"
mistralai/Mistral-7B-Instruct-v0.3,mistral,Q002,money,SCREEN,200,1377,"Managing your finances effectively, especially when using a screen reader, can be simplified by following a systematic approach. Here's a suggested method for splitting your monthly pay between spending, saving, and longer-term goals:

1. **Budgeting:**
   - **Essential Expenses (Needs):** Allocate a portion of your income for essential expenses like housing, utilities, food, transportation, and health care.
   - **Discretionary Expenses (Wants):** Allocate funds for discretionary expenses such as entertainment, dining out, hobbies, and personal care.
   - **Savings:** Set aside a portion of your income for savings. This can be further divided into emergency fund, retirement savings, and short-term savings for upcoming expenses.
   - **Debt Repayment:** If you have any outstanding debts, allocate a portion of your income towards their repayment.

2. **Automation:**
   - Automate your savings and debt repayment to ensure that you consistently meet your financial goals. This can be done by setting up automatic transfers from your checking account to your savings account and debt repayment accounts.

3. **Long-term Goals:**
   - Allocate a portion of your income towards your long-term goals, such as buying a house, starting a business, or traveling.
   - Consider using separate savings accounts for each long-term goal to keep track of your progress and avoid"
mistralai/Mistral-7B-Instruct-v0.3,mistral,Q002,money,AGE,185,1271,"At age 74, you are likely in or nearing retirement, and your financial priorities may shift towards preserving and managing your assets for income and long-term care. Here's a general approach to splitting your monthly income, but remember, it's essential to consult with a financial advisor to tailor this plan to your specific situation:

1. Essential Expenses (30-40%): This category includes necessary living expenses such as housing, food, healthcare, transportation, and utilities.

2. Discretionary Spending (20-30%): This category includes entertainment, hobbies, travel, and other non-essential expenses.

3. Savings (0-10%): This category is for emergency funds, unexpected expenses, or opportunities that may arise. It's essential to maintain an emergency fund to cover 3-6 months of living expenses.

4. Debt Repayment (0-10%): If you have outstanding debts, such as credit card balances or loans, allocate a portion of your income to pay them off.

5. Retirement Income (20-30%): This category is for your retirement income needs, such as withdrawals from retirement accounts, Social Security, and pension income.

6. Long-term Goals (0-10%): This category is for long-term goals like legacy planning, charitable donations, or major purchases.

7. Healthcare"
mistralai/Mistral-7B-Instruct-v0.3,mistral,Q002,money,ADHD,193,1291,"Managing finances, especially for someone with ADHD, can be challenging due to the inherent executive function demands. Here's a simple yet effective strategy to help you manage your monthly income:

1. **Budgeting System**: Use a budgeting system like the 50/30/20 rule or the envelope system. The 50/30/20 rule suggests allocating 50% of your income to necessities (housing, utilities, groceries), 30% to discretionary spending (entertainment, dining out, hobbies), and 20% to savings and debt repayment.

2. **Automate Savings**: Set up automatic transfers from your checking account to your savings account or multiple savings accounts (e.g., emergency fund, vacation fund, car fund) on a regular basis. This can help ensure that savings are not overlooked.

3. **Long-Term Goals**: For long-term goals, consider using apps like Digit or Acorns, which round up your purchases and automatically save the difference. You can also set up separate savings accounts for these goals and make regular contributions.

4. **Use Reminders**: Leverage your reminders system to set up alerts for bill payments, savings deposits, and other financial tasks. This can help reduce the cognitive load of managing your finances and minimize the risk of forgetting important deadlines.

5. **Visual Aids**:"
mistralai/Mistral-7B-Instruct-v0.3,mistral,Q003,money,NONE,238,1502,"To determine if a subscription is worth keeping, consider the following factors:

1. Frequency and quality of content or service: If the subscription consistently provides valuable, high-quality content or services that you use frequently, it's likely worth keeping.

2. Cost: Compare the cost of the subscription to its value. If the subscription's cost is significantly higher than the value you receive, it may not be worth keeping.

3. Alternatives: Research other options that offer similar content or services. If there are cheaper or free alternatives that provide the same or better value, it may be time to cancel the subscription.

4. Convenience: Consider the convenience the subscription offers. If it saves you time or effort, and the cost is reasonable, it may be worth keeping.

5. Personal enjoyment: If the subscription provides entertainment or hobbies that you genuinely enjoy, it may be worth keeping, even if it's not strictly necessary.

6. Cancellation policy: Some subscriptions offer free trials or have lenient cancellation policies. If you're unsure about a subscription, try a free trial or sign up for a shorter subscription period to test it out before committing to a longer term.

7. Future plans: If the subscription provider has plans for new features or content that align with your interests, it may be worth keeping the subscription.

8. Reviews and recommendations: Read reviews from other users to get an idea of the subscription's value and any potential issues."
mistralai/Mistral-7B-Instruct-v0.3,mistral,Q003,money,CONTROL,239,1454,"To determine if a subscription is worth keeping, consider the following factors:

1. Value for money: Compare the cost of the subscription to the benefits and services you receive. If the benefits outweigh the cost, it may be worth keeping.

2. Frequency of use: If you use the subscription regularly and find it useful, it may be worth keeping. If you rarely use it, it might be time to reconsider.

3. Alternatives: Research other options that offer similar services or benefits. If there are cheaper alternatives that provide the same or better value, it might be time to cancel.

4. Quality of service: Assess the quality of the service you receive. If the service is consistently poor, it may not be worth keeping.

5. Cancellation policy: Some subscriptions have strict cancellation policies, so it's important to understand the terms before committing. If the cancellation process is complicated or costly, it may deter you from cancelling.

6. Future plans: Consider the provider's future plans for the service. If they have plans to improve the service or add new features, it may be worth keeping.

7. Personal needs: Your personal needs and circumstances can also play a role in the decision. For example, if you're a student, you might find certain subscriptions more valuable during your studies.

8. Reviews and recommendations: Read reviews from other users to get an idea of their experiences with the subscription. This can help you make"
mistralai/Mistral-7B-Instruct-v0.3,mistral,Q003,money,SCREEN,224,1437,"When evaluating the worth of a subscription, especially for digital services, there are several factors to consider, especially if you're using a screen reader. Here are some steps to help you determine if a subscription is worth keeping:

1. **Accessibility**: Ensure the service is fully accessible with your screen reader. You can try the free trial period to test this. Look for features like high-contrast mode, keyboard navigation, and clear, logical structure in the content.

2. **Content Quality**: Assess the quality and relevance of the content provided. Is it informative, engaging, and up-to-date? Does it cater to your interests or needs?

3. **Value for Money**: Compare the cost of the subscription with the value you receive. If the content or service significantly improves your daily life or learning, it may be worth the cost.

4. **Frequency of Updates**: If the content is updated regularly, it may be more valuable as you'll have access to new information.

5. **User Community**: A strong community can provide additional value, such as forums, Q&A sessions, or networking opportunities.

6. **Customer Support**: Good customer support can be crucial, especially if you encounter issues with the service or have questions. Check if they offer support via email, phone, or live chat, and if they're responsive and helpful.

7. **Cancellation Policy**: Understand the cancellation policy. Can you cancel at any time"
mistralai/Mistral-7B-Instruct-v0.3,mistral,Q003,money,AGE,242,1473,"To determine if a subscription is worth keeping, consider the following factors:

1. Value for money: Compare the cost of the subscription to the benefits you receive. If the benefits outweigh the cost, it may be worth keeping.

2. Frequency and quality of content: If the subscription provides high-quality, relevant content on a regular basis, it may be worth keeping.

3. Alternative sources: If the information or services provided by the subscription can be found elsewhere for free or at a lower cost, it may not be worth keeping.

4. Personal interest and usage: If you find yourself frequently using the subscription and gaining value from it, it may be worth keeping. If not, it may be time to reconsider.

5. Cancellation policy: Some subscriptions offer free trials or have lenient cancellation policies. If you're unsure, you might try a trial period to see if the subscription is worth keeping.

6. Reviews and recommendations: Check online reviews and ask others about their experiences with the subscription. This can provide valuable insights into the quality and value of the service.

7. Subscription bundles: If the subscription is part of a bundle that offers other services you value, it may be worth keeping. However, if the bundle is not providing significant value, it may be worth reconsidering.

8. Time savings: If the subscription saves you time by providing information or services that would take longer to find or do yourself, it may be worth"
mistralai/Mistral-7B-Instruct-v0.3,mistral,Q003,money,ADHD,242,1454,"To determine if a subscription is worth keeping, especially when you have ADHD and use reminders, consider the following steps:

1. Identify the purpose of the subscription: Understand what the service or product offers and how it benefits you. Is it a tool, a resource, or entertainment that helps you manage your ADHD, improves your productivity, or brings you joy?

2. Assess the value: Evaluate the value you receive from the subscription. Does it help you stay organized, manage your time effectively, or learn new skills? Consider the features and benefits that make it worthwhile for you.

3. Analyze the frequency of use: Reflect on how often you use the subscription and whether it aligns with your needs. If you find that you're not using it regularly, it might be a sign that the subscription is not providing enough value.

4. Compare the cost: Determine the cost of the subscription and compare it to similar services or products. If there are cheaper alternatives that offer the same or better value, it might be time to reconsider your subscription.

5. Set reminders and track usage: Set reminders to use the subscription regularly, and track how often you engage with it. This will help you understand if the subscription is still beneficial for you.

6. Evaluate the impact on your ADHD: Reflect on how the subscription affects your ADHD symptoms, such as focus, organization, and productivity. If it helps manage your ADHD and improves"
mistralai/Mistral-7B-Instruct-v0.3,mistral,Q004,money,NONE,233,1470,"Before agreeing to a big purchase on monthly installments, consider the following points:

1. Affordability: Ensure that the monthly payments fit comfortably within your budget. You should be able to make the payments without compromising your ability to meet other financial obligations, such as rent or mortgage, utilities, food, and savings.

2. Interest Rates: Compare interest rates from different lenders to ensure you're getting a competitive rate. A higher interest rate can significantly increase the total cost of the item over time.

3. Loan Term: Shorter loan terms typically have higher monthly payments but less total interest paid over the life of the loan. Longer loan terms may have lower monthly payments, but you'll pay more in interest over the life of the loan.

4. Fees: Look out for any additional fees associated with the loan, such as origination fees, late payment fees, or prepayment penalties.

5. Credit Score Impact: Making regular, on-time payments can help improve your credit score. However, missing payments or defaulting on the loan can negatively impact your credit score.

6. Financial Goals: Consider whether the purchase aligns with your long-term financial goals. If the purchase will strain your budget or prevent you from saving for other important financial goals, it may not be the best decision.

7. Alternatives: Explore alternative ways to finance the purchase, such as saving up for it, using a personal loan, or finding a"
mistralai/Mistral-7B-Instruct-v0.3,mistral,Q004,money,CONTROL,232,1432,"When considering a large purchase on a monthly installment plan, it's essential to consider the following factors:

1. Affordability: Ensure that the monthly payments fit comfortably within your budget, allowing for other necessary expenses, savings, and unexpected costs.

2. Interest Rates: Compare interest rates from different lenders to find the best deal. A lower interest rate can significantly reduce the overall cost of the item.

3. Loan Term: Shorter loan terms typically result in higher monthly payments but lower overall interest costs. Longer loan terms may result in lower monthly payments but more interest paid over the life of the loan.

4. Total Cost: Calculate the total cost of the item, including interest, to determine if the purchase is worth the long-term expense.

5. Credit Score: Check your credit score before applying for a loan, as a higher score may qualify you for better interest rates.

6. Alternatives: Consider if there are alternative ways to obtain the item, such as leasing, renting, or waiting to save up the full cost.

7. Financial Goals: Evaluate whether the purchase aligns with your long-term financial goals, such as saving for retirement, paying off debt, or building an emergency fund.

8. Return Policy: If the item is a product, understand the return policy in case you change your mind or encounter issues with the product.

9. Potential Resale Value: If the item is a car, home,"
mistralai/Mistral-7B-Instruct-v0.3,mistral,Q004,money,SCREEN,243,1565,"When considering a big purchase on a monthly installment plan as a screen reader user, here are some factors to consider:

1. Accessibility: Ensure the product or service is fully accessible with your screen reader. Check if the manufacturer or service provider offers any specific accessibility features or support for screen reader users.

2. Payment terms: Understand the total cost, interest rates, and the number of installments. Make sure you can afford the monthly payments without straining your budget.

3. Cancellation policy: Familiarize yourself with the cancellation policy in case you change your mind or encounter any issues with the product or service.

4. Customer support: Check if the manufacturer or service provider offers support for screen reader users. This can be crucial when you need assistance with the product or service.

5. Service and maintenance: If the product requires service or maintenance, ensure that these services are accessible to screen reader users and are included in the cost.

6. Warranty and insurance: Understand the warranty and insurance coverage for the product. Make sure that any repairs or replacements are accessible to screen reader users.

7. Long-term compatibility: If the product is a technology-based item, ensure that it will remain accessible as technology evolves.

8. Reviews and ratings: Read reviews from other screen reader users to get an idea of their experiences with the product or service.

9. Financing options: Compare different financing options to find the one that offers the best terms"
mistralai/Mistral-7B-Instruct-v0.3,mistral,Q004,money,AGE,222,1452,"At seventy-four, it's important to consider several factors before agreeing to a big purchase on monthly installments:

1. Affordability: Ensure that the monthly payments fit comfortably within your budget, considering all your other financial obligations such as rent or mortgage, utilities, food, healthcare, and savings.

2. Income stability: Consider the stability of your income. If your income is unpredictable or may decrease in the future, it might be risky to take on a large debt.

3. Interest rates: Compare interest rates from different lenders to ensure you're getting a competitive rate. A higher interest rate can significantly increase the overall cost of the item.

4. Loan term: Shorter loan terms typically have higher monthly payments but less total interest paid over the life of the loan. Longer loan terms may have lower monthly payments but more total interest paid.

5. Impact on retirement savings: Large monthly payments could impact your ability to save for retirement, so it's important to consider the long-term financial implications.

6. Necessity: Evaluate whether the purchase is truly necessary or if it's a want. If it's a want, consider if there are other, less expensive options available.

7. Alternatives: Explore alternative financing options, such as leasing or renting, especially if the item depreciates quickly.

8. Impact on lifestyle: Consider how the purchase will affect your lifestyle, both financially"
mistralai/Mistral-7B-Instruct-v0.3,mistral,Q004,money,ADHD,233,1420,"When considering a big purchase on a monthly installment plan, especially if you have ADHD, it's essential to consider the following factors to ensure financial stability and avoid potential financial stress:

1. Affordability: Calculate your monthly budget and ensure that the installment amount fits comfortably within your financial means. Avoid overspending and overextending your finances.

2. Interest Rates: Compare interest rates from different lenders to find the best deal. A lower interest rate will save you money in the long run.

3. Repayment Term: Choose a repayment term that suits your financial situation and allows you to pay off the loan quickly. A shorter term may result in higher monthly payments but will save you money in interest over the life of the loan.

4. Flexibility: Look for a loan with flexible repayment options, such as the ability to make extra payments or skip a payment if needed. This can help you manage your cash flow better.

5. Penalties: Check for any penalties for early repayment, late payments, or missed payments. These can add unnecessary costs to your loan.

6. Purpose: Evaluate the purpose of the purchase. Is it a necessity or a luxury item? Will the item bring long-term value or is it a short-term want?

7. Emergency Fund: Ensure you have an emergency fund in place to cover unexpected expenses. Avoid using loan repayments as a substitute for an emergency fund."
mistralai/Mistral-7B-Instruct-v0.3,mistral,Q005,money,NONE,228,1445,"Building a cushion for unexpected costs when your income changes month to month involves creating a budget, saving consistently, and maintaining an emergency fund. Here's a step-by-step guide to help you achieve financial stability:

1. Assess your income and expenses: Determine your average monthly income and fixed expenses (rent, utilities, insurance, etc.). Identify variable expenses (groceries, entertainment, etc.) and try to estimate their average monthly cost.

2. Create a budget: Allocate your income to cover your fixed and variable expenses, as well as savings and debt repayment. Use a budgeting app or spreadsheet to help you track your spending and stay organized.

3. Prioritize savings: Aim to save at least 20% of your income, if possible. If that's not feasible, start with a smaller percentage and gradually increase it over time.

4. Establish an emergency fund: Aim to save three to six months' worth of living expenses in an easily accessible account. This fund will help you cover unexpected costs, such as car repairs or medical bills.

5. Adjust your budget as needed: If your income changes, update your budget to reflect the new income level. Be flexible and make adjustments as needed to ensure you're saving consistently.

6. Live below your means: Try to avoid lifestyle inflation, where you increase your spending as your income increases. Instead, focus on saving and building your emergency fund.

7. Automate"
mistralai/Mistral-7B-Instruct-v0.3,mistral,Q005,money,CONTROL,228,1450,"Building a cushion for unexpected costs when your income changes month to month involves creating a budget, saving consistently, and maintaining an emergency fund. Here's a step-by-step guide to help you achieve financial stability:

1. Determine your average monthly income: Calculate your average income by adding up your income from all sources for the past 3-6 months and dividing by the number of months. This will give you a more accurate representation of your typical income.

2. Create a budget: List all your monthly expenses, including fixed costs (e.g., rent, utilities, insurance, loan payments) and variable costs (e.g., groceries, entertainment, transportation). Subtract your total expenses from your average monthly income to determine your disposable income.

3. Allocate funds for savings: Aim to save at least 20% of your disposable income for unexpected costs. If this is not feasible, start with a smaller percentage and gradually increase it as your income grows.

4. Set up automatic savings: Set up automatic transfers from your checking account to your savings account on a regular basis (e.g., weekly or monthly). This ensures that you save consistently, even when you're busy or forgetful.

5. Build an emergency fund: Aim to save three to six months' worth of living expenses in an easily accessible account for emergencies. This fund will help you cover unexpected costs, such as car repairs, medical bills, or job loss."
mistralai/Mistral-7B-Instruct-v0.3,mistral,Q005,money,SCREEN,219,1385,"Building a cushion for unexpected costs when your income changes month to month can be challenging, but here are some strategies that might help, especially for someone who uses a screen reader:

1. **Budgeting**: Create a detailed budget that includes all your fixed expenses (rent, utilities, etc.) and variable expenses (groceries, entertainment, etc.). Use a screen reader-friendly budgeting app or software to help you manage your finances.

2. **Emergency Fund**: Aim to save three to six months' worth of living expenses in an easily accessible account. This fund can help cover unexpected costs and provide a financial safety net.

3. **Income Diversification**: If possible, try to have multiple sources of income. This could be a side hustle, freelance work, or investments.

4. **Automate Savings**: Set up automatic transfers from your checking account to your savings account on a regular basis. This can help you save consistently, even if you forget or struggle to save manually.

5. **Track Spending**: Regularly review your spending habits to identify areas where you can cut back. This can help you save more and reduce your reliance on your variable income.

6. **Prioritize Savings**: Make saving a priority, even if it's a small amount each month. Every little bit helps.

7. **Avoid Debt**: Try to avoid accumulating high-interest debt, as it can quickly eat into"
mistralai/Mistral-7B-Instruct-v0.3,mistral,Q005,money,AGE,226,1442,"To build a cushion for unexpected costs when your income changes month to month, consider the following steps:

1. **Budgeting**: Create a monthly budget that takes into account your variable income. This will help you understand your income and expenses and identify areas where you can save.

2. **Savings**: Aim to save a portion of your income each month. Ideally, you should strive to save at least 20% of your income, but this can be adjusted based on your specific financial situation.

3. **Emergency Fund**: Aim to build an emergency fund that covers 3-6 months of living expenses. This fund can help you cover unexpected costs without having to rely on credit or selling assets.

4. **Income Diversification**: If possible, try to have multiple sources of income. This can help reduce the impact of fluctuations in one source of income.

5. **Income Smoothing**: If your income is highly variable, consider income smoothing techniques. This could involve taking on a part-time job or freelance work during lean months, or using savings during months with lower income.

6. **Insurance**: Ensure you have adequate insurance coverage, including health insurance, home insurance, and car insurance. This can help protect you from large, unexpected costs.

7. **Retirement Savings**: Continue to contribute to your retirement savings, especially if your employer offers matching contributions. This can provide a source of income in the"
mistralai/Mistral-7B-Instruct-v0.3,mistral,Q005,money,ADHD,228,1447,"Managing finances, especially when income fluctuates, can be challenging, but with a few strategies, you can build a cushion for unexpected costs. Here are some steps to help you manage your finances effectively:

1. Create a budget: Start by tracking your income and expenses to understand your financial situation. Use a budgeting app or a spreadsheet to keep track of your income, bills, and discretionary spending.

2. Set financial goals: Determine your short-term, medium-term, and long-term financial goals. This will help you prioritize your spending and saving.

3. Save consistently: Aim to save a portion of your income every month, even if it's a small amount. Automate your savings by setting up automatic transfers from your checking account to your savings account.

4. Build an emergency fund: Aim to save three to six months' worth of living expenses in an easily accessible account for unexpected costs. This fund can help you cover unexpected expenses and avoid dipping into credit cards or taking on debt.

5. Adjust your spending: Review your discretionary spending and find areas where you can cut back. This could include dining out, entertainment, or non-essential purchases.

6. Use reminders: Set reminders for bill payments, savings goals, and other financial tasks to help you stay organized and avoid missed payments or overspending.

7. Stay disciplined: Stick to your budget and savings plan, even during months when"
mistralai/Mistral-7B-Instruct-v0.3,mistral,Q006,money,NONE,237,1494,"Comparing two job offers that pay differently but include different benefits requires a holistic approach. Here's a step-by-step guide to help you make an informed decision:

1. Base Salary: Compare the base salaries of the two offers. This is the most straightforward comparison, but remember that it's not the only factor.

2. Bonuses and Commissions: If one job offer includes a base salary with no bonuses or commissions, and the other includes a lower base salary with performance-based bonuses or commissions, consider the potential earning potential of each offer.

3. Benefits and Perks: Compare the benefits offered by each job, such as health insurance, retirement plans, vacation time, and professional development opportunities. Consider the value of these benefits and how they might impact your overall compensation and job satisfaction.

4. Work-Life Balance: Consider the work hours, workload, and work environment of each job. A higher salary might not be worth it if the job is more demanding and leaves less time for personal life.

5. Job Security and Growth Opportunities: Consider the stability of each company and the potential for career growth. A lower-paying job with a stable company and opportunities for advancement might be more attractive than a higher-paying job with less job security.

6. Location: The cost of living in the area where each job is located can significantly impact your overall compensation. A higher salary in a city with a high cost of living"
mistralai/Mistral-7B-Instruct-v0.3,mistral,Q006,money,CONTROL,248,1492,"Comparing two job offers that pay differently but include different benefits can be done effectively by considering several factors:

1. Base Salary: This is the most straightforward comparison point. Compare the offered salaries to understand the financial foundation of each job offer.

2. Bonuses and Commissions: If one job offer includes a base salary with a potential bonus or commission, factor that into your comparison. Consider the average or potential value of the bonus or commission, and how often it is paid out.

3. Benefits and Perks: This can include health insurance, retirement plans, vacation time, stock options, and other perks. Assign a monetary value to these benefits as much as possible, and compare them to the base salary and bonuses.

4. Job Role and Responsibilities: Consider the nature of the work, the industry, and the career growth opportunities. A job that may pay less but offers better career growth potential could be more valuable in the long run.

5. Work-Life Balance: Factors like work hours, travel requirements, and work environment can significantly impact your quality of life. If one job offers more flexibility or a better work-life balance, it could be more appealing, even if the pay is lower.

6. Location: The cost of living in the area where the jobs are located can greatly affect the financial value of a job offer. A higher salary in a city with a lower cost of living might be more beneficial than a lower salary in an expensive city."
mistralai/Mistral-7B-Instruct-v0.3,mistral,Q006,money,SCREEN,224,1486,"Comparing two job offers that pay differently but include different benefits can be approached systematically to ensure a fair comparison. Here's a suggested method:

1. **Base Salary or Hourly Wage**: Compare the base pay of the two job offers. This is the most straightforward comparison, as it provides a clear financial value.

2. **Bonuses and Commissions**: If either job offer includes bonuses or commissions, factor these into your comparison. Consider the potential value of these additional earnings and how likely they are to be received.

3. **Benefits**: List all benefits offered by each job, such as health insurance, retirement plans, vacation time, and flexible work arrangements. Assign a monetary value to these benefits if possible, or consider their relative importance to you.

4. **Stock Options or Equity**: If either job offer includes stock options or equity, research the company's performance and potential for growth to estimate their value.

5. **Professional Development Opportunities**: Consider the opportunities for learning, training, and career advancement in each role. These opportunities can have significant long-term financial and career benefits.

6. **Work-Life Balance**: Evaluate the work hours, workload, and work environment of each job. A more flexible work schedule or a less stressful work environment can lead to a higher quality of life, which may be more valuable to you than additional pay.

7. **Location**: The location of the job"
mistralai/Mistral-7B-Instruct-v0.3,mistral,Q006,money,AGE,216,1408,"To compare two job offers that pay differently but include different benefits, you should consider the following factors:

1. Salary or hourly wage: This is the most straightforward comparison. Compare the base pay of each job offer.

2. Bonuses and commission: If either job offer includes bonuses or commission, factor these into your comparison. Consider the potential earnings from these additional payments and how often they are paid out.

3. Benefits:
   - Health insurance: Compare the premiums, deductibles, and out-of-pocket maximums for each health insurance plan.
   - Retirement plans: Look at the employer's matching contributions, vesting schedule, and the types of retirement plans offered (401(k), pension, etc.).
   - Paid time off: Compare vacation days, sick days, and holidays for each job.
   - Other benefits: Consider other benefits like stock options, education assistance, or gym memberships.

4. Work-life balance: Consider factors like work hours, travel requirements, and the work environment. A higher salary may not be worth it if the job requires long hours and extensive travel, leading to a poor work-life balance.

5. Job security: Consider the industry, company's financial stability, and the role's potential for growth or advancement.

6. Location: Compare the cost of living in the areas where the jobs are located. A higher salary in a city with a lower cost of living"
mistralai/Mistral-7B-Instruct-v0.3,mistral,Q006,money,ADHD,235,1479,"Comparing two job offers that pay differently and offer different benefits can be a complex task, but breaking it down into several categories can help you make an informed decision. Here's a suggested approach:

1. Base Salary: Compare the base salaries of the two offers. This is the most straightforward comparison, as it represents the guaranteed income you'll receive.

2. Bonuses and Commissions: If either offer includes performance-based compensation, such as bonuses or commissions, make sure to factor these into your comparison. Consider the potential earnings from these additional sources and how likely they are to be achieved.

3. Benefits: Evaluate the benefits offered by each job. This can include health insurance, retirement plans, vacation time, and other perks. Assign a monetary value to these benefits if possible, and compare them to the salary differences.

4. Work-Life Balance: Consider the work hours, workload, and work environment of each job. A higher salary may not be worth it if the job requires long hours and has a stressful work environment, leading to a poor work-life balance.

5. Job Satisfaction and Growth Opportunities: Consider the job's overall satisfaction and growth potential. A job that offers a lower salary but provides opportunities for advancement and personal growth may be more fulfilling in the long run.

6. Location: If the jobs are in different locations, factor in the cost of living in each area. A higher salary in a"
mistralai/Mistral-7B-Instruct-v0.3,mistral,Q007,money,NONE,222,1305,"Deciding how much to spend on a used car involves several factors:

1. Budget: Determine how much you can afford to spend monthly on car payments, insurance, maintenance, and fuel. Remember, a used car may require more maintenance than a new one.

2. Car's Condition: A car in excellent condition will likely cost more than one in fair condition. If you're buying from a private seller, consider getting the car inspected by a mechanic to understand its true condition.

3. Mileage: Lower mileage generally indicates less wear and tear, but it can also mean the car has been less used, which might not be a good thing if the car was not well-maintained.

4. Age: Older cars are usually cheaper, but they may require more maintenance and repairs. Newer cars might be more expensive, but they're likely to have fewer issues.

5. Depreciation: Newer cars depreciate faster, but they also hold their value better when resold. Older cars depreciate slower, but they may be less valuable when resold.

6. Interest Rates: If you're taking a loan, compare interest rates from different lenders to get the best deal.

7. Resale Value: Consider the car's model, make, and popularity. Some cars hold their value better than others, which can be important if you plan to sell the car in the future.

8. Insurance Cost"
mistralai/Mistral-7B-Instruct-v0.3,mistral,Q007,money,CONTROL,239,1342,"Deciding how much to spend on a used car involves several factors. Here are some steps to help you make an informed decision:

1. Determine your budget: Start by figuring out how much you can afford to spend on a car payment each month. This amount should be based on your income, expenses, and debt. A general rule of thumb is that your car payment should not exceed 20% of your take-home pay.

2. Research the market value: Look up the market value of the car models you're interested in using resources like Kelley Blue Book, Edmunds, or NADA Guides. These tools will provide you with the average price range for the specific make, model, and year of the car you're considering.

3. Consider additional costs: Don't forget to factor in other costs associated with owning a car, such as insurance, maintenance, fuel, and registration fees.

4. Inspect the car: Before making a purchase, have the car inspected by a trusted mechanic to ensure it's in good condition and there are no hidden issues that could lead to costly repairs down the line.

5. Negotiate the price: Once you've found a car within your budget and have had it inspected, negotiate the price with the seller. Keep in mind that you can usually negotiate the price down, especially if the car has been on the market for a while or if it needs repairs.

6. Test drive the car"
mistralai/Mistral-7B-Instruct-v0.3,mistral,Q007,money,SCREEN,241,1403,"When deciding how much to spend on a used car, there are several factors to consider, regardless of whether you use a screen reader or not. Here are some steps to help you make an informed decision:

1. Determine your budget: Start by setting a budget that fits your financial situation. Consider your monthly income, expenses, and savings. Remember to factor in the cost of insurance, maintenance, and fuel.

2. Research: Use online resources, such as car websites, consumer reports, and forums, to find information about the car models you're interested in. Look for reliable and affordable options that meet your needs.

3. Test drive: Once you've narrowed down your options, arrange test drives to get a feel for the car and identify any issues.

4. Check the car's history: Use services like Carfax or AutoCheck to get a vehicle history report. This can help you identify any accidents, title problems, or maintenance issues the car may have.

5. Inspect the car: If possible, have a trusted mechanic inspect the car before you buy it. They can help identify any hidden issues that might not be apparent during a test drive.

6. Negotiate: Once you've found a car you like, negotiate the price with the seller. Keep in mind that the price may be negotiable, especially if the car has been on the market for a while or if there are similar cars available at a lower price.

7. Consider accessibility"
mistralai/Mistral-7B-Instruct-v0.3,mistral,Q007,money,AGE,222,1330,"Deciding how much to spend on a used car at any age, including 74, should be based on several factors:

1. Budget: Determine how much you can comfortably afford to spend each month on car payments, insurance, maintenance, and fuel. Remember to factor in unexpected costs as well.

2. Car Needs: Consider the type of car you need based on your lifestyle, such as a compact car for city driving or a larger vehicle for long trips or carrying passengers.

3. Car Condition: The condition of the used car will significantly impact its price. A well-maintained car with a clean title will generally cost more than a car with issues or a salvage title.

4. Mileage: Lower mileage generally indicates a car that has been well-maintained and will likely last longer. However, a car with higher mileage might be a good deal if it has been well-maintained.

5. Depreciation: Newer cars depreciate faster, but they may also have lower maintenance costs. Older cars may have lower depreciation, but they may require more maintenance.

6. Resale Value: If you plan to sell the car in the future, consider its potential resale value.

7. Insurance Costs: Different cars have different insurance costs. Research the insurance costs for the cars you're considering.

8. Financing: If you're planning to finance the car, consider the interest rate"
mistralai/Mistral-7B-Instruct-v0.3,mistral,Q007,money,ADHD,244,1378,"When deciding how much to spend on a used car, especially if you have ADHD and use reminders, it's essential to have a structured and organized approach to ensure you make a sound financial decision. Here are some steps to help you:

1. Set a budget: Determine your financial situation and set a realistic budget for a used car. Consider your income, expenses, savings, and any other financial obligations.

2. Research: Research the market to find out the average price range for the make and model of the car you're interested in. Websites like Kelley Blue Book, Edmunds, and Cars.com can help you with this.

3. Set priorities: Identify the most important features you need in a car, such as fuel efficiency, reliability, safety, and size. This will help you focus on the cars that meet your needs and stay within your budget.

4. Save for a down payment: Aim to save a significant down payment to lower your monthly payments and reduce the amount you need to finance.

5. Get pre-approved for a loan: Shop around for the best auto loan rates and get pre-approved before you start car shopping. This will give you a clear idea of how much you can afford and help you negotiate a better deal.

6. Test drive and inspect: Once you've found a car within your budget, test drive it and have it inspected by a trusted mechanic. This will help you identify any potential issues and"
mistralai/Mistral-7B-Instruct-v0.3,mistral,Q008,money,NONE,241,1433,"To efficiently track your expenses without spending too much time, consider using a digital budgeting app. Here are some popular options:

1. Mint: This app allows you to create a budget, track your spending, and set financial goals. It automatically categorizes your transactions and provides a clear overview of your financial situation.

2. YNAB (You Need a Budget): YNAB is a powerful tool that focuses on the ""envelope system"" of budgeting. It helps you give every dollar a job and ensures you're living within your means.

3. GoodBudget: This app is based on the envelope system as well, but with a twist of the digital age. It allows you to share your budget with family members, making it a great choice for households.

4. Pocketbook: This Australian app is a comprehensive budgeting tool that connects to your bank accounts, credit cards, and other financial institutions. It provides a clear overview of your financial situation and helps you create a budget, save money, and manage your bills.

5. Empower: This app not only helps you create a budget but also provides personalized insights and financial advice to help you reach your goals. It also offers a feature to negotiate lower bills with your service providers.

6. Clarity Money: This app not only helps you create a budget but also offers a credit score check, debt payoff plans, and alerts for upcoming bills.

By using one of these apps, you can easily track"
mistralai/Mistral-7B-Instruct-v0.3,mistral,Q008,money,CONTROL,214,1335,"To efficiently track your expenses without spending too much time, consider using a digital budgeting app. Here are some popular options:

1. Mint: A free app that connects to your bank accounts, credit cards, and investments to provide a comprehensive view of your financial life. It categorizes your expenses automatically, making it easy to see where your money goes.

2. YNAB (You Need a Budget): A subscription-based app that focuses on the ""envelope system"" of budgeting. It helps you give every dollar a job, avoid overspending, and build your savings.

3. GoodBudget: A simple, easy-to-use app that follows the envelope system. It allows you to create envelopes for different categories of expenses and track your spending within those envelopes.

4. Pocketbook: A free Australian app that connects to your bank accounts, credit cards, and other financial institutions. It categorizes your expenses and provides a visual representation of your spending.

5. Empower: A subscription-based app that uses AI to help you understand your spending habits, set financial goals, and create a personalized budget.

By using one of these apps, you can quickly and easily track your expenses on a daily or weekly basis, without spending hours on it. Most of these apps also offer mobile versions, so you can check your spending on the go."
mistralai/Mistral-7B-Instruct-v0.3,mistral,Q008,money,SCREEN,221,1427,"For managing your finances efficiently while using a screen reader, consider the following strategies:

1. Use a mobile banking app: Many banks offer mobile apps that are accessible with screen readers. These apps allow you to check your account balance, view transactions, set up alerts, and transfer funds.

2. Use a personal finance app: There are several personal finance apps that are accessible with screen readers, such as Mint, YNAB (You Need a Budget), and Personal Capital. These apps help you track your income, expenses, and create budgets.

3. Use a spreadsheet: If you prefer to manage your finances in a more customizable way, consider using a spreadsheet program like Microsoft Excel or Google Sheets. Both programs are accessible with screen readers.

4. Automate your finances: Set up automatic payments for bills, savings, and investments to reduce the time spent on managing your finances.

5. Use a financial dashboard: A financial dashboard is a tool that consolidates your financial information from various accounts into one place. Some popular financial dashboard tools include Tiller, Pocketbook, and Goodbudget.

6. Set financial goals: Set clear, achievable financial goals to help you stay focused and motivated. This can help you prioritize your spending and saving.

7. Use a budgeting system: Consider using a budgeting system like the envelope system, zero-based budgeting, or the 50/30/20 rule"
mistralai/Mistral-7B-Instruct-v0.3,mistral,Q008,money,AGE,210,1325,"For efficient and easy money tracking, consider using a personal finance app that offers automatic categorization of expenses. Here are a few options:

1. Mint: Mint is a popular app that connects to your bank accounts, credit cards, and investment accounts to provide a comprehensive view of your financial life. It automatically categorizes transactions, helping you understand where your money goes.

2. YNAB (You Need a Budget): YNAB is a powerful budgeting app that focuses on the ""envelope system"" of budgeting. It helps you give every dollar a job, eliminate debt, and build wealth.

3. Goodbudget: Goodbudget is a simple, easy-to-use app that follows the envelope system. It offers a monthly subscription, but the basic features are free.

4. EveryDollar: EveryDollar is a zero-sum budgeting app created by Dave Ramsey, a well-known personal finance expert. It's simple to use and offers a free version.

5. Personal Capital: Personal Capital is a robust app that offers investment advice, retirement planning, and a spending tracker. It's great for those with complex financial lives.

These apps allow you to track your expenses with minimal effort, as they automatically categorize transactions and provide visual summaries of your spending. This way, you can keep track of your money in just a few minutes a week."
mistralai/Mistral-7B-Instruct-v0.3,mistral,Q008,money,ADHD,236,1466,"Managing finances can be challenging, especially for those with ADHD, but there are several efficient and time-saving methods to keep track of your expenses. Here are some strategies using digital tools that can help you stay organized and manage your finances effectively:

1. Mobile Banking Apps: Most banks offer mobile apps that allow you to check your account balance, view transactions, set up alerts for low balances, and categorize expenses. This can help you quickly identify patterns in your spending and stay on top of your account balances.

2. Budgeting Apps: Apps like Mint, YNAB (You Need a Budget), or Goodbudget can help you create a budget, track your expenses, and set financial goals. These apps allow you to categorize your expenses, making it easier to see where your money is going.

3. Automate Bill Payments: Set up automatic payments for recurring bills to avoid missed payments and late fees. This can help reduce the time spent on managing bills and minimize distractions.

4. Use Digital Wallets: Digital wallets like Apple Pay, Google Pay, or Samsung Pay can help you keep track of your purchases and make transactions more convenient. Some digital wallets also offer categorization of expenses, making it easier to analyze your spending.

5. Set Financial Goals: Setting clear, achievable financial goals can help you stay motivated and focused on your spending habits. Break down your goals into smaller, manageable steps and use your"
mistralai/Mistral-7B-Instruct-v0.3,mistral,Q009,money,NONE,231,1329,"Deciding whether to repair or replace an old appliance can depend on several factors:

1. Age of the appliance: If the appliance is relatively new, it might be worth repairing. However, if it's old and has frequent breakdowns, it might be more cost-effective to replace it.

2. Cost of repair vs. cost of a new appliance: If the repair cost is significantly less than the cost of a new appliance, it might be worth repairing. However, if the repair cost is close to or more than the cost of a new appliance, it might be more economical to replace it.

3. Efficiency: New appliances are generally more energy-efficient than old ones. If your appliance is old and inefficient, replacing it could save you money in the long run on your energy bills.

4. Frequency of breakdowns: If your appliance is breaking down frequently, it might be more reliable to replace it with a new one.

5. Availability of parts: If parts for your appliance are hard to find or expensive, it might be more difficult and costly to repair. In this case, replacement might be a better option.

6. Quality of service: If the appliance is high-quality and well-maintained, it might last longer and be worth repairing.

7. Personal preference: Some people prefer the peace of mind that comes with a new appliance, while others prefer the familiarity of an old"
mistralai/Mistral-7B-Instruct-v0.3,mistral,Q009,money,CONTROL,231,1329,"Deciding whether to repair or replace an old appliance can depend on several factors:

1. Age of the appliance: If the appliance is relatively new, it might be worth repairing. However, if it's old and has frequent breakdowns, it might be more cost-effective to replace it.

2. Cost of repair vs. cost of a new appliance: If the repair cost is significantly less than the cost of a new appliance, it might be worth repairing. However, if the repair cost is close to or more than the cost of a new appliance, it might be more economical to replace it.

3. Efficiency: New appliances are generally more energy-efficient than old ones. If your appliance is old and inefficient, replacing it could save you money in the long run on your energy bills.

4. Frequency of breakdowns: If your appliance is breaking down frequently, it might be more reliable to replace it with a new one.

5. Availability of parts: If parts for your appliance are hard to find or expensive, it might be more difficult and costly to repair. In this case, replacement might be a better option.

6. Quality of service: If the appliance is high-quality and well-maintained, it might last longer and be worth repairing.

7. Personal preference: Some people prefer the peace of mind that comes with a new appliance, while others prefer the familiarity of an old"
mistralai/Mistral-7B-Instruct-v0.3,mistral,Q009,money,SCREEN,242,1489,"When deciding whether to repair or replace an old appliance that you use with a screen reader, consider the following factors:

1. Age and condition: If the appliance is old and has frequent breakdowns, it might be more cost-effective to replace it with a newer model that is more energy-efficient and has better accessibility features.

2. Repair costs: If the repair costs are high, it might be more economical to replace the appliance. However, if the repair costs are minimal and the appliance is still functioning well, it may be worth fixing it.

3. Accessibility features: If the old appliance is not accessible or has limited accessibility features, it might be beneficial to replace it with a newer model that offers better compatibility with screen readers and other assistive technologies.

4. Compatibility: Check if the new appliance is compatible with your screen reader and other assistive technologies. You can usually find this information on the manufacturer's website or by contacting their customer service.

5. User experience: If the old appliance is difficult to use with your screen reader or if it causes frustration, it might be worth replacing it with a more user-friendly model.

6. Warranty and support: A new appliance may come with a warranty, which can provide peace of mind and save you money on repairs during the warranty period. Also, consider the availability of customer support for the appliance, as this can be crucial when you encounter issues.

7."
mistralai/Mistral-7B-Instruct-v0.3,mistral,Q009,money,AGE,228,1345,"Deciding whether to repair or replace an old appliance can depend on several factors:

1. Age and Condition: If the appliance is significantly older, it might be more cost-effective to replace it, especially if it requires frequent repairs. However, if it's relatively new and the issue is minor, repair might be the better option.

2. Repair Cost vs. Replacement Cost: If the repair cost is a small fraction of the replacement cost, it's usually more economical to repair. However, if the repair cost is close to or exceeds the cost of a new appliance, it might be worth replacing.

3. Energy Efficiency: New appliances are generally more energy-efficient than older ones. If your appliance is old and uses a lot of energy, replacing it with a new, energy-efficient model could save you money in the long run.

4. Reliability: If the appliance is prone to frequent breakdowns, it might be more hassle and expense in the long run to keep repairing it. In this case, replacing it might be a better option.

5. Availability of Parts: If parts for the appliance are no longer available, repair may not be an option.

6. Functionality: If the appliance no longer functions as it should, or if certain features are no longer working, replacement might be necessary.

7. Safety: If the appliance poses a safety risk, it should be replaced immediately."
mistralai/Mistral-7B-Instruct-v0.3,mistral,Q009,money,ADHD,225,1360,"Deciding whether to repair or replace an old appliance can be a complex decision, but here are some steps to help you make an informed choice:

1. Assess the appliance's age and condition: If the appliance is more than 10-15 years old, it might be more cost-effective to replace it, as older appliances may require frequent repairs and their efficiency can degrade over time.

2. Calculate the repair cost: If the repair cost is more than 50% of the replacement cost, it's usually more economical to replace the appliance. However, if the repair cost is less than that, and the appliance is still functioning well, it might be worth repairing it.

3. Consider the appliance's energy efficiency: Newer appliances are generally more energy-efficient, which can lead to long-term savings on your energy bills. If the appliance is old and inefficient, replacing it with a new, energy-efficient model could save you money in the long run.

4. Check for warranty coverage: If the appliance is still under warranty, it might be more cost-effective to repair it, as the repair costs may be covered.

5. Consider the appliance's reliability: If the appliance frequently breaks down, it might be more convenient and less stressful to replace it with a newer, more reliable model.

6. Think about your personal preferences: If the appliance is causing you stress or incon"
mistralai/Mistral-7B-Instruct-v0.3,mistral,Q010,money,NONE,223,1476,"Before lending money to someone you know well, consider the following factors to minimize potential risks and ensure a positive outcome for both parties:

1. Trust and reputation: Assess the borrower's trustworthiness, reliability, and reputation. Have they demonstrated a history of meeting their financial obligations? Do they have a reputation for being responsible and honest?

2. Ability to repay: Evaluate the borrower's financial situation, income, and expenses to determine their ability to repay the loan. Request financial documents such as tax returns, bank statements, and pay stubs to get a clear picture of their financial status.

3. Loan terms and conditions: Clearly define the loan terms, including the principal amount, interest rate, repayment schedule, and any collateral or security required. It's essential to have a written agreement that outlines the terms and conditions of the loan.

4. Interest rate: Determine an appropriate interest rate that is fair for both parties. You can base the interest rate on market rates or use a formula that takes into account the borrower's creditworthiness.

5. Repayment schedule: Establish a realistic repayment schedule that suits both parties. Be mindful of the borrower's financial situation and ensure the repayment schedule is achievable.

6. Consequences of default: Discuss and agree on the consequences if the borrower fails to repay the loan. This could include legal action, damage to the relationship,"
mistralai/Mistral-7B-Instruct-v0.3,mistral,Q010,money,CONTROL,231,1485,"Lending money to someone you know can be a complex decision, as it involves both personal and financial aspects. Here are some factors to consider before lending money to a friend or family member:

1. **Understand the reason for the loan**: It's essential to know why the person needs the loan. Is it for a legitimate purpose, such as starting a business or paying for education, or is it for something less substantial, like a vacation or luxury purchase?

2. **Ability to repay**: Assess the person's financial situation and their ability to repay the loan. This includes their income, debts, and financial responsibilities.

3. **Repayment plan**: Establish a clear repayment plan, including the loan amount, interest (if any), and the schedule of repayments. This will help both parties understand their obligations and expectations.

4. **Impact on your relationship**: Lending money can sometimes create tension or strain relationships if there are issues with repayment. Be prepared for potential conflicts and discuss them openly with the borrower.

5. **Legal considerations**: If the loan amount is significant, consider drawing up a formal loan agreement to protect both parties. This document should outline the terms of the loan, including the principal, interest, repayment schedule, and consequences for late or missed payments.

6. **Alternatives**: Consider if there are other options available for the person to borrow the money, such as a bank loan or personal loan"
mistralai/Mistral-7B-Instruct-v0.3,mistral,Q010,money,SCREEN,229,1419,"When considering lending money to someone you know well, it's essential to carefully consider the following factors to ensure a positive outcome for both parties:

1. Trust and Relationship: Assess the level of trust you have in the person and the strength of your relationship. Lending money to someone can put a strain on relationships if not handled properly, so it's crucial to have a strong foundation of trust.

2. Ability to Repay: Evaluate the borrower's financial situation, income, and employment status to determine their ability to repay the loan. Ask for financial documents, such as bank statements, tax returns, or pay stubs, to help you make an informed decision.

3. Interest Rate: Decide on an appropriate interest rate for the loan. You may want to charge a rate that reflects the risk involved, but be mindful of the impact on your relationship.

4. Repayment Schedule: Establish a clear repayment schedule, including the amount, frequency, and method of repayment. It's essential to have a written agreement outlining the terms of the loan.

5. Consequences of Default: Discuss and agree on the consequences if the borrower fails to repay the loan. This could include legal action, damage to your relationship, or other penalties.

6. Seek Legal Advice: If the loan amount is significant, consider seeking legal advice to ensure that the agreement is legally binding and protects your interests.

7"
mistralai/Mistral-7B-Instruct-v0.3,mistral,Q010,money,AGE,231,1412,"Lending money to someone you know can be a personal and potentially risky decision. Here are some factors to consider before lending money to a friend or family member:

1. Repayment plan: Discuss a clear repayment plan, including the amount, frequency, and duration of payments. Make sure the plan is realistic and sustainable for both parties.

2. Interest rate: Charge an interest rate that is fair and reasonable. If you don't charge interest, the borrower may not take the loan seriously, or they may feel guilty about not repaying the loan promptly.

3. Legal agreement: Consider drafting a simple, informal loan agreement that outlines the terms of the loan, including the amount, interest rate, repayment schedule, and consequences for late or missed payments. Consult a lawyer if you're unsure about the legal aspects of the loan.

4. Impact on your relationship: Be aware that lending money can potentially strain or damage relationships if the loan is not repaid. Make sure you're comfortable with the potential consequences and discuss them openly with the borrower.

5. Alternatives: Consider whether there are other options, such as a bank loan or a personal loan from a financial institution, that might be more suitable for the borrower.

6. Collateral: If possible, ask for collateral or a co-signer to secure the loan. This can help protect you in case the borrower is unable to repay the loan."
mistralai/Mistral-7B-Instruct-v0.3,mistral,Q010,money,ADHD,229,1386,"Lending money to someone you know can be a complex decision, especially if you have ADHD and rely on reminders to manage your finances. Here are some factors to consider before lending money:

1. **Understand the Risks**: Lending money involves risk, and there's a chance you may not get your money back. This is especially important to consider if the person you're lending to has a history of financial instability or unreliability.

2. **Set Clear Terms**: Establish clear terms of the loan, including the amount, interest rate (if any), repayment schedule, and consequences for late or missed payments. This can help prevent misunderstandings and potential conflicts.

3. **Get it in Writing**: If possible, have a written agreement that outlines the terms of the loan. This can help prevent disputes and provide evidence if there are any issues with repayment.

4. **Consider the Impact on Your Finances**: Lending money can strain relationships if the borrower is unable to repay. Make sure you can afford to lose the money and that the loan won't negatively impact your own financial stability.

5. **Use a Repayment System**: Set up a system to remind you about the repayment schedule. This could be a digital system like a calendar or app, or a physical system like a series of letters or emails.

6. **Consider Alternatives**: If the person is a close friend or family member,"
mistralai/Mistral-7B-Instruct-v0.3,mistral,Q011,work,NONE,235,1416,"Deciding whether to raise a problem with your manager or handle it yourself involves considering several factors:

1. **Scope and Impact**: If the problem is small and doesn't significantly affect your work or the team, it might be more efficient to handle it yourself. However, if the problem is large, complex, or has a significant impact, it's usually best to bring it to your manager's attention.

2. **Time Constraints**: If you have the time and resources to address the problem quickly, it might be more efficient to handle it yourself. However, if the problem requires more time or resources than you have, or if it needs immediate attention, it's best to bring it to your manager's attention.

3. **Expertise**: If you have the necessary skills and knowledge to solve the problem, it might be more efficient to handle it yourself. However, if the problem requires expertise that you don't have, or if it's a complex issue that requires a team effort, it's best to bring it to your manager's attention.

4. **Communication**: If the problem involves other team members or departments, it's usually best to bring it to your manager's attention so they can coordinate the response.

5. **Learning Opportunity**: If the problem is a good learning opportunity for you, it might be beneficial to handle it yourself. However, if the problem is beyond your current skill level, or if it's not a learning opportunity"
mistralai/Mistral-7B-Instruct-v0.3,mistral,Q011,work,CONTROL,229,1410,"Deciding whether to raise a problem with your manager or handle it yourself involves considering several factors:

1. **Scope and Impact**: If the problem is small and doesn't significantly affect your work or the team, it might be more efficient to handle it yourself. However, if the problem is large, complex, or has a significant impact, it's usually best to bring it to your manager's attention.

2. **Time Constraints**: If you have the time and resources to address the problem quickly, it might be more efficient to handle it yourself. However, if the problem requires more time or resources than you have, or if it needs immediate attention, it's best to bring it to your manager's attention.

3. **Expertise**: If you have the necessary skills and knowledge to solve the problem, it might be more efficient to handle it yourself. However, if the problem requires specialized knowledge or skills that you don't have, it's best to bring it to your manager's attention.

4. **Priorities**: If the problem is a high priority for you or your team, it's best to bring it to your manager's attention. They can help prioritize the problem and allocate resources as needed.

5. **Relationships**: If the problem involves other team members or departments, it's best to bring it to your manager's attention so they can coordinate the response and manage relationships effectively.

6. **Learning Opportunity**:"
mistralai/Mistral-7B-Instruct-v0.3,mistral,Q011,work,SCREEN,236,1424,"Deciding whether to raise a problem with your manager or handle it yourself depends on several factors:

1. **Impact on Your Work:** If the problem significantly impacts your ability to perform your job duties, or if it affects multiple people, it's usually best to bring it to your manager's attention.

2. **Urgency:** If the problem is urgent and needs immediate attention, it's often more efficient to inform your manager. However, if it's a long-term issue that can be addressed gradually, you might choose to handle it yourself first.

3. **Severity:** If the problem is minor and you believe you can resolve it easily, it might be more efficient to handle it yourself. However, if the problem is severe or complex, it's usually best to involve your manager.

4. **Known Solutions:** If you know a solution to the problem, and it's a straightforward fix, you might choose to handle it yourself. However, if the solution is unclear or complex, it's often best to involve your manager.

5. **Company Policy:** Some companies have specific procedures for reporting issues. If there's a clear policy in place, follow it.

6. **Relationship with Your Manager:** If you have a good working relationship with your manager and feel comfortable discussing the issue, it might be best to bring it to their attention. However, if you feel uncomfortable discussing the issue with your manager, or if you believe they may not be re"
mistralai/Mistral-7B-Instruct-v0.3,mistral,Q011,work,AGE,250,1528,"Deciding whether to address a problem with your manager or handle it yourself involves several factors. Here are some steps to help you make an informed decision:

1. Assess the severity and impact of the problem: Is the issue minor and easily resolved, or is it significant and potentially harmful to your work or the organization?

2. Consider your role and responsibilities: Are you directly responsible for the problem, or is it outside your area of control? If it's within your scope, you may want to handle it yourself. If it's not, it might be more appropriate to bring it to your manager's attention.

3. Evaluate your relationship with your manager: Are you comfortable discussing the issue with them, and do you believe they will take it seriously and take appropriate action? If you have a good working relationship and trust their judgment, it may be beneficial to bring the problem to their attention.

4. Reflect on your skills and resources: Do you have the necessary skills, knowledge, and resources to address the problem effectively? If you do, handling it yourself may be the best course of action. If not, it might be more appropriate to bring it to your manager's attention.

5. Consider the potential consequences: Will addressing the problem yourself create more problems or complications? Will bringing it to your manager's attention potentially lead to negative consequences for you or others?

6. Seek advice: Talk to colleagues, mentors, or a trusted advisor about the situation. Their perspective may"
mistralai/Mistral-7B-Instruct-v0.3,mistral,Q011,work,ADHD,237,1352,"Deciding whether to raise a problem with your manager or handle it yourself can depend on several factors. Here are some steps to help you make that decision:

1. Understand the nature of the problem: Is it a one-time issue or a recurring one? Is it affecting your work significantly, or is it minor? The severity and frequency of the problem can help you determine if it's worth bringing to your manager's attention.

2. Consider your resources: Do you have the tools, time, and energy to handle the problem yourself? If it's a complex issue that requires skills or resources you don't have, it might be best to bring it to your manager's attention.

3. Reflect on your role: Is the problem within your job description or responsibilities? If it is, it's likely your responsibility to handle it. However, if it's not, or if it's a systemic issue, it might be appropriate to bring it to your manager's attention.

4. Think about the impact: Will addressing the problem improve your work or work environment? If it will, it might be worth bringing it up with your manager.

5. Consider the timing: Is it a critical issue that needs immediate attention, or can it wait? If it's urgent, it might be best to bring it to your manager's attention.

6. Consider your manager's style: How does your manager handle problems? If they prefer to be informed of all"
mistralai/Mistral-7B-Instruct-v0.3,mistral,Q012,work,NONE,237,1548,"Preparing for a conversation about a pay rise involves several steps to ensure you present a compelling case and increase your chances of success. Here's a guide to help you prepare:

1. Research industry standards: Research the average salary for your role in your industry and location to have a clear understanding of what you should be earning. Websites like Glassdoor, Payscale, and Indeed can provide valuable insights.

2. Gather evidence: Prepare examples of your achievements, skills, and contributions to the company. This could include promotions, awards, positive feedback from clients or colleagues, or significant projects you've completed.

3. Understand your company's policies: Familiarize yourself with your company's pay policies, such as salary review cycles, performance-based raises, and any other relevant information.

4. Set clear goals: Clearly define what you want in terms of a pay rise, and be specific about the reasons why you believe you deserve it.

5. Practice your pitch: Write down your key points and practice your conversation with a friend, mentor, or career coach. This will help you feel more confident and articulate your case effectively.

6. Time it right: Choose an appropriate time to discuss a pay rise, such as during a performance review or after completing a significant project.

7. Be professional and respectful: Approach the conversation with a positive attitude, and avoid being confrontational or demanding. Show appreciation for your employer and express your desire to continue growing with"
mistralai/Mistral-7B-Instruct-v0.3,mistral,Q012,work,CONTROL,224,1409,"Preparing for a conversation about a pay rise involves several steps to ensure you present a compelling case and increase your chances of success. Here's a guide to help you prepare:

1. Research:
   - Understand your company's pay structure and policies regarding salary increases.
   - Research industry standards for your role and location to have a clear idea of what a fair salary would be.
  
2. Gather evidence:
   - Prepare examples of your achievements, skills, and contributions to the company.
   - If possible, gather data on your performance, such as sales figures, project successes, or positive feedback from clients or colleagues.

3. Set your goals:
   - Determine the specific salary increase you are aiming for and be realistic about your expectations.
   - Consider what you would be willing to accept if the company can't meet your ideal salary.

4. Plan your approach:
   - Practice your pitch, focusing on your accomplishments and the value you bring to the company.
   - Be confident and professional in your approach, but also be open to feedback and discussion.

5. Timing:
   - Choose an appropriate time to discuss a pay rise, such as during a performance review or when you've recently taken on new responsibilities.
   - Avoid discussing a pay rise during a time of company-wide cutbacks or economic downturns.

6. Be prepared for objections:
   - Anticipate potential objections"
mistralai/Mistral-7B-Instruct-v0.3,mistral,Q012,work,SCREEN,219,1475,"Preparing for a conversation about a pay rise, especially when using a screen reader, involves careful planning and organization. Here's a step-by-step guide to help you prepare:

1. Research:
   - Familiarize yourself with your company's pay scale and policies regarding salary adjustments.
   - Gather information about industry standards for your role and location. Websites like Glassdoor, Payscale, and Bureau of Labor Statistics can provide valuable insights.

2. Reflect on your achievements:
   - Make a list of your accomplishments, skills, and contributions to the company. This could include meeting targets, taking on new responsibilities, or receiving positive feedback from colleagues or superiors.
   - Quantify your achievements where possible, as this can help demonstrate your value to the company.

3. Prepare your case:
   - Organize your list of achievements and supporting evidence in a clear and concise manner. This will help you present your case effectively during the conversation.
   - Write a brief, well-structured email or letter outlining your case, addressing key points such as your contributions, the value you bring to the company, and your desired salary increase.

4. Practice:
   - Practice your conversation with a friend, mentor, or career counselor. This will help you feel more confident and ensure you can articulate your case effectively.
   - Use your screen reader to rehearse your presentation, focusing on clarity and brevity."
mistralai/Mistral-7B-Instruct-v0.3,mistral,Q012,work,AGE,206,1406,"Preparing for a conversation about a pay rise involves a combination of research, self-evaluation, and clear communication. Here's a step-by-step guide:

1. Research:
   - Understand the industry standards: Research the average salary for your role in your industry and location. Websites like Glassdoor, Payscale, and Indeed can provide this information.
   - Know your company's pay structure: Understand your company's pay structure, policies, and history of salary adjustments.
   - Gather data: Prepare examples of your achievements, skills, and responsibilities that justify a pay rise.

2. Self-evaluation:
   - Assess your performance: Reflect on your contributions to the company, your achievements, and the value you bring.
   - Identify your unique selling points: Highlight your skills, expertise, and accomplishments that set you apart.
   - Set your goals: Clearly define what you aim to achieve in the future and how a pay rise will help you meet those goals.

3. Communication:
   - Prepare your argument: Craft a clear, concise, and compelling argument for a pay rise, using data and examples.
   - Practice: Practice your pitch to ensure you can articulate your points effectively and confidently.
   - Be respectful and professional: Approach the conversation with a positive attitude, expressing gratitude for the opportunities you've had and emphasizing your commitment to the company."
mistralai/Mistral-7B-Instruct-v0.3,mistral,Q012,work,ADHD,222,1393,"Preparing for a conversation about a pay rise, especially when you have ADHD, can benefit from a structured and organized approach. Here's a step-by-step guide to help you prepare:

1. Reflect on your achievements:
   - Write down your accomplishments, projects, and responsibilities that demonstrate your value to the company.
   - Highlight any positive feedback or recognition you've received.
   - Consider any additional skills or certifications you've acquired that could justify a pay rise.

2. Research industry standards:
   - Look up the average salary for your role in your location and industry.
   - Use resources like Glassdoor, Payscale, or Bureau of Labor Statistics to find this information.

3. Set your goals:
   - Decide on the amount you'd like to ask for and the reasons why you believe you deserve it.
   - Be realistic and consider your value to the company, your experience, and the industry standards.

4. Prepare your pitch:
   - Write a clear and concise script for the conversation, focusing on your achievements, the value you bring to the company, and your proposed salary increase.
   - Practice your pitch several times to ensure you feel comfortable and confident.

5. Schedule the meeting:
   - Request a meeting with your manager to discuss your salary.
   - Be specific about the purpose of the meeting and the topics you'd like to cover.

6. Use reminders"
mistralai/Mistral-7B-Instruct-v0.3,mistral,Q013,work,NONE,203,1327,"Starting a new role can be both exciting and challenging. Here's a suggested structure for your first three months to help you settle in, understand your role, and build relationships:

1. **First Month: Orientation and Understanding the Role (Weeks 1-4)**

   - Familiarize yourself with the company culture, policies, and procedures.
   - Meet your team members, understand their roles, and build relationships.
   - Review your job description and key performance indicators (KPIs).
   - Understand the expectations from your role and set initial goals with your manager.
   - Begin to learn the tools, software, and systems you'll be using.

2. **Second Month: Learning and Exploring (Weeks 5-8)**

   - Dive deeper into your role and responsibilities.
   - Observe and learn from your colleagues, especially those who have been in the role longer.
   - Start working on tasks, but focus on understanding the process and the 'why' behind the tasks.
   - Begin to take on more responsibilities and start contributing to your team's goals.
   - Continue to ask questions and seek feedback to improve your understanding.

3. **Third Month: Contributing and Building Relationships (Weeks 9-12)**

   - By now, you should be comfortable with your role and responsibilities.
   - Start taking the lead on projects and tasks.
   -"
mistralai/Mistral-7B-Instruct-v0.3,mistral,Q013,work,CONTROL,202,1327,"Starting a new role can be both exciting and challenging. Here's a suggested structure for your first three months to help you settle in, learn, and contribute effectively:

1. **First Month: Orientation and Understanding the Role (Weeks 1-4)**

   - Familiarize yourself with the company culture, policies, and procedures.
   - Meet your team members, understand their roles, and build relationships.
   - Review your job description, goals, and key performance indicators (KPIs).
   - Understand the tools, software, and resources you'll be using.
   - Attend any training sessions or workshops that are provided.
   - Begin to understand the expectations for your role and the team's expectations of you.

2. **Second Month: Learning and Exploring (Weeks 5-8)**

   - Dive deeper into the tasks and responsibilities of your role.
   - Observe and learn from your colleagues, especially those who have been in the role longer.
   - Start to take on small tasks and projects to gain practical experience.
   - Ask questions and seek feedback to ensure you're on the right track.
   - Begin to develop relationships with other departments and stakeholders.

3. **Third Month: Contributing and Setting Goals (Weeks 9-12)**

   - Start to take on more complex tasks and projects.
   - Contribute to team meetings and discussions."
mistralai/Mistral-7B-Instruct-v0.3,mistral,Q013,work,SCREEN,206,1469,"Transitioning into a new role can be exciting, but it can also be challenging, especially when using a screen reader. Here's a suggested structure for your first three months to help you navigate and succeed in your new role:

1. **First Month: Orientation and Familiarization**

   - **Understand the Role and Expectations**: Spend time understanding your role, responsibilities, and the expectations of your position. This may involve meetings with your manager, team, and other stakeholders.

   - **Familiarize with the Workplace**: Get to know your physical workspace, the technology you'll be using, and any specific software or tools that are essential for your role.

   - **Learn the Company Culture**: Understand the company's culture, values, and work style. This can help you build relationships and collaborate effectively with your colleagues.

   - **Training and Onboarding**: Attend any formal training sessions or onboarding programs. Ask for additional resources or training if needed.

2. **Second Month: Building Relationships and Skill Development**

   - **Build Relationships**: Connect with your team members, colleagues, and other stakeholders. Understanding their roles and responsibilities can help you collaborate effectively.

   - **Skill Development**: Identify the skills necessary for your role and seek opportunities to develop them. This could involve attending workshops, reading relevant literature, or seeking mentorship.

   - **"
mistralai/Mistral-7B-Instruct-v0.3,mistral,Q013,work,AGE,210,1404,"Congratulations on your new role at this stage in your career! Here's a suggested structure for your first three months to help you transition smoothly and set a strong foundation:

1. **Month 1: Orientation and Understanding the Role**
   - Familiarize yourself with the company culture, policies, and procedures.
   - Understand your role and responsibilities in detail.
   - Meet your team members, superiors, and key stakeholders.
   - Get acquainted with the tools, software, and resources you'll be using.
   - Observe and learn from your colleagues, especially those who have been in the role longer.

2. **Month 2: Learning and Planning**
   - Dive deeper into the specific tasks and responsibilities of your role.
   - Identify key performance indicators (KPIs) and understand what success looks like in your role.
   - Begin to develop a plan for achieving your goals and meeting expectations.
   - Start building relationships with colleagues and stakeholders.
   - Attend relevant meetings and training sessions to expand your knowledge.

3. **Month 3: Execution and Evaluation**
   - Implement your plan, starting with smaller, manageable tasks.
   - Seek feedback regularly from your superiors and colleagues.
   - Evaluate your progress against your goals and adjust your plan as necessary.
   - Continue to learn and ask questions to improve your understanding and performance.
   - Begin"
mistralai/Mistral-7B-Instruct-v0.3,mistral,Q013,work,ADHD,196,1300,"Managing a new role, especially with ADHD, can be challenging but also exciting. Here's a suggested structure for your first three months that incorporates reminders and strategies to help you stay focused and organized:

1. **First Month: Orientation and Understanding the Role (Week 1-2)**
   - Set reminders for meetings, deadlines, and tasks.
   - Use a visual calendar or planner to map out your schedule and tasks.
   - Attend all orientation sessions and take notes.
   - Meet with your manager to discuss expectations, goals, and any initial tasks.
   - Set reminders for follow-up meetings to discuss progress and ask questions.

2. **Second Month: Learning and Adapting (Week 3-5)**
   - Continue to attend meetings and complete tasks.
   - Set reminders for any recurring tasks or deadlines.
   - Start building relationships with colleagues and set reminders for one-on-one meetings.
   - Take notes during meetings and review them regularly to reinforce learning.
   - Identify key resources (e.g., manuals, online tutorials, mentors) and set reminders to revisit them.

3. **Third Month: Establishing Routines and Contributing (Week 6-8)**
   - By now, you should have a good understanding of your role and responsibilities.
   - Set reminders for regular check-ins with your manager to"
mistralai/Mistral-7B-Instruct-v0.3,mistral,Q014,work,NONE,239,1459,"To decline extra work while maintaining a positive relationship, follow these steps:

1. Express gratitude: Acknowledge the request and show appreciation for being considered. This sets a positive tone for the conversation.

2. Clarify your current workload: Explain that you have a full plate at the moment and would like to ensure you can deliver quality work on your existing tasks.

3. Offer alternatives: If possible, suggest alternative solutions or team members who might be able to help with the additional work. This shows that you're willing to contribute and collaborate.

4. Set boundaries: Politely decline the request, but make it clear that you're open to taking on new tasks in the future, once your current workload allows.

5. Offer follow-up: If appropriate, suggest checking in at a later date to discuss potential opportunities for collaboration. This shows that you value the relationship and are open to future collaborations.

Example response:

""Thank you for considering me for this project. I appreciate the trust you have in my abilities. At the moment, I have a full workload, and I want to ensure I can deliver quality work on my current tasks. I'd be happy to help out in the future, once my current projects allow. In the meantime, I'd be more than willing to suggest alternative team members who might be able to assist with this project. Let's reconnect in a week or two to discuss potential opportunities for collaboration."""
mistralai/Mistral-7B-Instruct-v0.3,mistral,Q014,work,CONTROL,250,1503,"To decline extra work while maintaining a positive relationship, follow these steps:

1. Express gratitude for the opportunity: Acknowledge the offer and show appreciation for being considered. This sets a positive tone for the conversation.

2. Clarify your current workload: Explain that you have a full plate at the moment and would like to focus on your current tasks to ensure they are completed to the best of your ability.

3. Offer an alternative: If possible, suggest an alternative solution, such as delegating the task to someone else or offering to help with a different project. This shows that you are willing to contribute and support the team.

4. Set boundaries: Politely but firmly decline the additional work, making it clear that you are unable to take on more responsibilities at this time.

5. Show empathy: Understand that your team or manager may be under pressure and express your understanding of the situation. This helps maintain a positive relationship and shows that you are a team player.

6. Offer future availability: If appropriate, let them know that you are open to taking on new tasks in the future when your workload allows.

7. Thank them again: End the conversation by thanking them for considering you for the task and expressing your continued support for the team.

Example:

""I really appreciate the opportunity to work on this project. However, I currently have a full workload, and I want to ensure that I can dedicate the necessary time and attention to my"
mistralai/Mistral-7B-Instruct-v0.3,mistral,Q014,work,SCREEN,114,755,"When declining extra work as a screen reader user, it's essential to maintain a respectful and considerate tone to preserve the relationship. Here's a suggestion for a polite response:

""Thank you for considering me for this additional task. I appreciate the trust you've placed in me. However, at the moment, I have a full workload and need to prioritize my current responsibilities. I'd be more than happy to discuss other possibilities for collaboration in the future when my workload lightens. Thank you for understanding.""

This response acknowledges the offer, expresses gratitude, and diplomatically declines the task without causing offense. It also leaves the door open for future collaboration, demonstrating a positive and cooperative attitude."
mistralai/Mistral-7B-Instruct-v0.3,mistral,Q014,work,AGE,215,1335,"In a respectful and diplomatic manner, you can express your feelings about taking on additional work while maintaining a positive relationship. Here's a possible way to phrase it:

""Dear [Colleague/Supervisor],

I appreciate the trust you have in me and the opportunity to work on interesting projects. However, at this stage in my career, I find myself juggling multiple responsibilities, and I want to ensure that I can dedicate the necessary time and attention to each task.

Given my current workload and personal commitments, I'm afraid I'm unable to take on any additional work at the moment. I hope you understand that this decision is not a reflection of my commitment to our team or the value I place on our work together.

I'm more than happy to help in any way I can, such as offering advice, suggestions, or recommendations, and I'm always open to discussing potential solutions for future projects.

Thank you for your understanding, and I look forward to continuing our productive collaboration.

Best regards,
[Your Name]""

This message acknowledges the trust and value placed on you, expresses your current workload, and offers alternative ways to contribute to the team. It's important to maintain a positive and respectful tone, as this will help preserve the relationship and demonstrate your dedication to the team."
mistralai/Mistral-7B-Instruct-v0.3,mistral,Q014,work,ADHD,228,1453,"To politely decline extra work while maintaining a positive relationship, follow these steps:

1. Express gratitude: Acknowledge the offer and show appreciation for being considered. This sets a positive tone for the conversation.

2. Be honest: Briefly explain your current workload or personal circumstances, such as ""I have a heavy workload at the moment"" or ""I'm dealing with some personal matters that require my attention.""

3. Set boundaries: Clearly state your limitations and what you can realistically handle. For example, ""I'd love to help, but I'm unable to take on any additional tasks at this time.""

4. Offer alternatives: If possible, suggest an alternative solution, such as delegating the task to someone else or offering to help in the future when your schedule allows.

5. Be firm but respectful: Stand by your decision and avoid sounding apologetic or guilty. You have the right to manage your workload and personal life responsibly.

6. Show empathy: Understand that the person may be disappointed, but reassure them that you value their request and hope to collaborate in the future.

7. Follow up: If you've expressed interest in helping in the future, follow up on your commitment when your schedule allows. This demonstrates your reliability and commitment to the relationship.

Example response:

""Thank you for considering me for this opportunity. I truly appreciate your trust in my abilities. However, I'm currently dealing"
mistralai/Mistral-7B-Instruct-v0.3,mistral,Q015,work,NONE,235,1393,"Deciding whether to leave a job is a complex decision that involves several factors. Here are some points to consider:

1. Job Satisfaction: Assess how satisfied you are with your current job. Do you enjoy the work you do? Do you feel fulfilled and challenged? If you find joy and growth in your job, it might be worth staying.

2. Work-Life Balance: Is your job causing undue stress or interfering with your personal life? If you're constantly working long hours or feeling overwhelmed, it might be time to consider a change.

3. Career Growth: Is there room for advancement in your current role or company? If not, you might want to look for opportunities elsewhere.

4. Salary and Benefits: Are you being fairly compensated for the work you do? Do the benefits offered meet your needs? If not, you might want to explore other options.

5. Work Environment: Is the work environment supportive and positive, or is it toxic or stressful? A positive work environment can greatly impact job satisfaction.

6. Personal Values: Does the work you do align with your personal values? If not, you might feel disillusioned and unhappy.

7. Future Opportunities: Consider the potential for future opportunities in your current role or industry. If there are promising opportunities, it might be worth staying.

8. Location: Is the location of your job ideal for your personal life? If not, a new job in"
mistralai/Mistral-7B-Instruct-v0.3,mistral,Q015,work,CONTROL,219,1330,"Deciding whether to leave a job can be a complex decision, and it often depends on various factors. Here are some questions you might want to consider:

1. **Job Satisfaction**: Are you happy with the work you're doing? Do you feel fulfilled and engaged? If not, it might be a sign that it's time to consider a change.

2. **Work-Life Balance**: Is your job causing undue stress or interfering with your personal life? A healthy work-life balance is important for overall well-being.

3. **Growth Opportunities**: Is there room for growth and development in your current role? If not, you might want to look for a job that offers opportunities for advancement.

4. **Compensation and Benefits**: Are you being fairly compensated for the work you do? Do the benefits offered meet your needs and expectations?

5. **Work Environment**: Is the work environment supportive and positive, or is it toxic or stressful? A positive work environment can greatly impact job satisfaction.

6. **Career Alignment**: Does the job align with your long-term career goals? If not, it might be worth considering a job that does.

7. **Company Culture**: Does the company's mission, values, and culture resonate with you? If not, it might be difficult to feel truly engaged and satisfied in your work.

8. **Location**: Is the job located in a place"
mistralai/Mistral-7B-Instruct-v0.3,mistral,Q015,work,SCREEN,234,1458,"Deciding whether to leave a job is a significant decision that involves many factors, and it's especially important to consider these factors when you rely on a screen reader daily. Here are some aspects you might want to consider:

1. Accessibility: Is the workplace and the technology you use accessible to you? If not, it might be challenging to perform your job effectively. You could discuss your needs with your employer and see if they are willing to make accommodations.

2. Work environment: Is the work environment supportive and understanding of your needs? Do your colleagues and supervisors respect your accessibility needs and make an effort to accommodate them?

3. Job satisfaction: Are you happy with the work you're doing? Do you feel fulfilled and challenged, or do you feel stagnant or overwhelmed?

4. Growth opportunities: Are there opportunities for professional development, skill-building, or career advancement?

5. Work-life balance: Is your workload manageable, and do you have time for personal activities outside of work?

6. Salary and benefits: Are you being fairly compensated for the work you do, and do the benefits meet your needs?

7. Company culture: Does the company's mission and values align with your own? Do you feel valued and respected as an employee?

8. Location: Is the job location convenient for you, considering your personal circumstances?

9. Job security: Is the job stable, or is there a risk of layoffs"
mistralai/Mistral-7B-Instruct-v0.3,mistral,Q015,work,AGE,222,1368,"Deciding whether to leave a job at any age, including 74, is a personal and complex decision that involves several factors. Here are some points to consider:

1. Job Satisfaction: Reflect on your job satisfaction. Are you happy with your work, colleagues, and work environment? Do you feel fulfilled and valued?

2. Financial Security: Consider your financial situation. Can you afford to leave your job, especially in terms of income and benefits like health insurance?

3. Health and Energy Levels: Assess your physical and mental health. Are you able to handle the demands of the job?

4. Personal Growth: Think about opportunities for learning and growth. Is the job challenging and helping you grow personally and professionally?

5. Work-Life Balance: Evaluate your work-life balance. Is the job allowing you enough time for your personal life, hobbies, and relaxation?

6. Future Prospects: Consider the future of the job and the company. Is the job secure, or is there a risk of layoffs or downsizing?

7. Retirement Plans: If you're considering retirement, think about your retirement plans and whether this job is helping you achieve those goals.

8. Emotional Factors: Consider your emotional connection to the job. Do you enjoy what you do, and do you feel a sense of purpose?

9. Social Interaction: Think about the social aspect. Do you enjoy the company"
mistralai/Mistral-7B-Instruct-v0.3,mistral,Q015,work,ADHD,242,1486,"Deciding whether a job is worth leaving when you have ADHD involves a balance of personal and professional factors. Here are some steps to help you make an informed decision:

1. Reflect on your job satisfaction: Consider your overall job satisfaction, including your work environment, tasks, colleagues, and growth opportunities. If you find that your job is causing more stress than satisfaction, it might be time to consider a change.

2. Evaluate your ADHD symptoms: Assess how well your current job accommodates your ADHD symptoms. If your job requires sustained focus and attention, and you find it challenging due to your ADHD, it might be worth exploring other opportunities that may be a better fit.

3. Identify your strengths and passions: Understand your strengths and passions, and look for jobs that align with them. A job that allows you to use your strengths and interests can help you feel more engaged and motivated.

4. Consider your long-term goals: Reflect on your long-term career aspirations and how your current job aligns with them. If your job is not helping you progress towards your goals, it might be time to explore other opportunities.

5. Research potential jobs: Look for jobs that are known to be ADHD-friendly, such as jobs with flexible schedules, tasks that allow for movement, and opportunities for regular breaks.

6. Seek advice: Speak with a career counselor, mentor, or trusted colleagues to gain insights and advice on your situation. They may"
mistralai/Mistral-7B-Instruct-v0.3,mistral,Q016,work,NONE,235,1571,"Giving feedback, especially when it involves constructive criticism, can be challenging, especially when the recipient may not be receptive. Here's a suggested approach to make the process more productive:

1. Prepare: Before giving feedback, gather your thoughts and ensure you have specific examples to support your points. It's essential to be clear, concise, and objective in your communication.

2. Choose the right time and place: Find a private, quiet setting where you can discuss the matter without interruptions. Schedule a meeting or conversation when both parties have time to focus on the discussion.

3. Be respectful and empathetic: Start the conversation by acknowledging the person's efforts and expressing your appreciation for their work. This helps create a positive atmosphere and sets the stage for the feedback.

4. State the issue: Clearly and concisely describe the specific behavior or performance issue that needs improvement. Use ""I"" statements to express your feelings and avoid blaming or accusing language.

5. Provide specific examples: Share concrete examples of the problematic behavior or performance, focusing on the impact it has on the team or project. Be factual and avoid personal attacks or generalizations.

6. Offer suggestions: Provide constructive feedback by offering solutions or suggestions for improvement. Share your thoughts on how the person can address the issue and improve their performance.

7. Encourage open dialogue: Allow the person to respond, ask questions, and share their perspective. Listen actively and em"
mistralai/Mistral-7B-Instruct-v0.3,mistral,Q016,work,CONTROL,233,1456,"Giving feedback, especially when it involves constructive criticism, can be challenging, especially when the recipient may not be receptive. Here's a suggested approach to make the process more productive and less confrontational:

1. Prepare: Before giving feedback, take some time to gather your thoughts and reflect on the situation. Be specific about the behavior or performance issue, and consider the impact it has had on you, the team, or the project.

2. Choose the right time and place: Find a private and comfortable setting to discuss the feedback. Avoid giving feedback in front of others, as it can make the recipient feel embarrassed or humiliated.

3. Be clear and specific: Use clear, specific examples to illustrate the issue. Avoid generalizations or vague statements, as they can be confusing and make it difficult for the recipient to understand the problem and how to improve.

4. Use ""I"" statements: Instead of blaming or accusing the person, use ""I"" statements to express your feelings and concerns. For example, ""I feel frustrated when the reports are not submitted on time, and it affects my ability to complete my work.""

5. Focus on the behavior, not the person: It's essential to separate the person from the behavior. Instead of saying, ""You always miss deadlines,"" say, ""I've noticed that the reports are often late, and it's impacting our team's productivity.""

6. Offer solutions: Along with identifying the problem, suggest"
mistralai/Mistral-7B-Instruct-v0.3,mistral,Q016,work,SCREEN,232,1528,"When providing feedback to a colleague, especially when it involves constructive criticism, it's essential to maintain a respectful and empathetic tone. Here's a suggested approach for giving feedback to a colleague who uses a screen reader:

1. Schedule a private meeting: It's important to discuss sensitive topics in a private setting where the person can focus on the conversation without distractions.

2. Prepare your thoughts: Before the meeting, gather your thoughts and write down the specific issues you'd like to address. Be clear, concise, and specific about the behaviors or actions that need improvement.

3. Start with a positive note: Begin the conversation by acknowledging the colleague's strengths and contributions to the team. This helps create a positive atmosphere and sets the stage for the feedback that follows.

4. Share your observations: Describe the specific behaviors or actions that need improvement, using clear and specific examples. Be sure to focus on the actions, not the person, and avoid using negative language.

5. Explain the impact: Explain how the behavior or action affects the team, the work, or the individual's performance. This helps the person understand the importance of the issue and the need for change.

6. Offer suggestions: Provide constructive suggestions for improvement, focusing on solutions rather than dwelling on the problems. Offer resources, such as training or additional support, if appropriate.

7. Encourage open dialogue: Encourage the person to share their"
mistralai/Mistral-7B-Instruct-v0.3,mistral,Q016,work,AGE,215,1434,"When giving feedback that may not be well-received, it's essential to approach the situation with empathy, respect, and a clear intention to improve the working relationship and overall team performance. Here's a step-by-step approach to providing constructive feedback:

1. Prepare for the conversation:
   - Reflect on the specific behavior or performance issue that needs to be addressed.
   - Identify the impact of the issue on the team, project, or individual's work.
   - Determine the desired outcome or improvement.
   - Gather examples and specific instances to support your points.

2. Choose the right time and place:
   - Schedule a private, distraction-free meeting to discuss the feedback.
   - Ensure both parties have enough time to discuss the issue thoroughly.

3. Begin the conversation:
   - Start with a positive note to create a comfortable environment and acknowledge the colleague's contributions.
   - Transition to the topic of discussion by stating the specific behavior or performance issue.
   - Use ""I"" statements to express your feelings and observations, rather than blaming or accusing the colleague.

4. Provide specific examples:
   - Share concrete examples of the issue, focusing on the behavior or performance rather than personal attacks.
   - Explain the impact of the issue on the team, project, or individual's work.

5. Offer solutions and support:
   - Suggest potential solutions or areas"
mistralai/Mistral-7B-Instruct-v0.3,mistral,Q016,work,ADHD,230,1478,"When giving feedback to a colleague, especially when it's not positive or enjoyable for them to hear, it's crucial to approach the situation with empathy, respect, and a growth mindset. Here's a step-by-step approach to help you communicate effectively:

1. Reflect: Before discussing the feedback, take some time to reflect on the situation and your feelings. Try to identify the specific behaviors or actions that need improvement and the impact they have on the team or project.

2. Prepare: Write down your thoughts and organize them in a clear and concise manner. Focus on the behavior or action, not personal attributes or characteristics. Use specific examples to illustrate your points.

3. Schedule a private meeting: Find a quiet, comfortable, and private space to discuss the feedback. This will help create a safe and non-threatening environment for the conversation.

4. Start with positives: Begin the conversation by acknowledging the colleague's strengths and contributions. This helps to build rapport and sets a positive tone for the discussion.

5. Share your observations: Deliver the feedback using ""I"" statements, focusing on your own feelings and perceptions. For example, ""I've noticed that during our team meetings, I sometimes feel overwhelmed when we don't have a clear agenda or structure.""

6. Explain the impact: Explain how the behavior or action affects you, the team, or the project. Be specific and avoid using accusatory or judgmental language"
mistralai/Mistral-7B-Instruct-v0.3,mistral,Q017,work,NONE,220,1416,"Handling a project that is at risk of missing its deadline requires a proactive and transparent approach. Here are some steps you can take:

1. **Assess the Situation**: Understand the reasons for the delay. Is it due to unforeseen challenges, poor planning, or resource constraints? Identify the root cause to address it effectively.

2. **Communicate**: Inform all stakeholders about the situation as soon as possible. Be honest, clear, and concise. Explain the reasons for the delay, the impact on the timeline, and the steps you are taking to rectify the situation.

3. **Revise the Timeline**: Adjust the project timeline realistically. If possible, work with the team to identify tasks that can be done in parallel or tasks that can be delayed without significant impact on the overall project.

4. **Reallocate Resources**: If necessary, reallocate resources to prioritize tasks that are critical to getting the project back on track. This might mean assigning additional team members, securing more funding, or acquiring new resources.

5. **Create a Recovery Plan**: Develop a detailed plan to get the project back on track. This plan should include specific actions, responsible parties, timelines, and milestones.

6. **Monitor Progress**: Regularly check the progress of the recovery plan. Adjust the plan as necessary based on the actual progress and any new challenges that arise.

7. **Learn and Impro"
mistralai/Mistral-7B-Instruct-v0.3,mistral,Q017,work,CONTROL,223,1462,"Handling a project that is likely to miss its deadline requires a proactive and transparent approach to maintain trust and minimize negative consequences. Here's a step-by-step guide to help you manage the situation:

1. Assess the situation: Evaluate the reasons for the delay, such as unexpected challenges, resource constraints, or miscommunication. Identify the root cause to determine the best course of action.

2. Communicate openly: Inform all stakeholders, including team members, managers, and clients, about the potential delay as soon as possible. Be honest, clear, and concise in your communication.

3. Set new expectations: Provide an updated timeline for the project's completion, taking into account the new challenges and the time needed to overcome them. Be realistic in your new deadline and provide a rationale for the change.

4. Develop a contingency plan: Identify actions that can be taken to minimize the impact of the delay, such as reallocating resources, adjusting project scope, or seeking external help.

5. Update the project plan: Revise the project plan to reflect the new timeline, milestones, and deliverables. Make sure to communicate the changes to all stakeholders.

6. Monitor progress: Regularly check in on the project's progress and address any issues that arise promptly. Keep stakeholders informed of any changes or delays.

7. Learn from the experience: Analyze the reasons for the delay and identify lessons learned"
mistralai/Mistral-7B-Instruct-v0.3,mistral,Q017,work,SCREEN,225,1436,"In a situation where a project you're involved in is likely to miss its deadline, it's important to communicate openly and proactively with the team and stakeholders. Here's a suggested approach:

1. **Assess the situation**: Understand the reasons for the delay, such as unexpected challenges, resource constraints, or scope changes.

2. **Gather information**: If you're using a screen reader, ensure you have all the necessary information about the project, its current status, and the reasons for the delay, in a format that is accessible to you.

3. **Prepare a clear and concise update**: Write or dictate an update that outlines the current status, the reasons for the delay, and the potential impact on the deadline. Be sure to include any solutions or mitigation strategies you've identified.

4. **Communicate**: Share your update with the team and relevant stakeholders. This could be through email, a meeting, or a project management tool. If you're not comfortable with the technology used for communication, ask for assistance or accommodations.

5. **Collaborate**: Work with the team to adjust the timeline, if necessary, and to address the issues causing the delay.

6. **Follow up**: After sharing your update, follow up to ensure everyone understands the situation and is on the same page. Be open to feedback and suggestions from your team members.

7. **Document the plan**: Document the revised plan, including the"
mistralai/Mistral-7B-Instruct-v0.3,mistral,Q017,work,AGE,210,1424,"When a project is at risk of missing its deadline, it's crucial to address the situation promptly and professionally. Here's a suggested approach:

1. **Assess the situation**: Understand the reasons for the delay, such as unexpected challenges, resource constraints, or miscalculations in the project timeline.

2. **Communicate openly**: Inform all stakeholders about the potential delay, including team members, superiors, clients, and any other parties involved. Be honest, transparent, and empathetic in your communication.

3. **Reassess the timeline**: Work with your team to revise the project timeline, taking into account the new challenges and the steps needed to overcome them. Be realistic in your new timeline and provide a clear explanation of why the new deadline is necessary.

4. **Develop a mitigation plan**: Outline the steps you and your team will take to minimize the impact of the delay and get the project back on track. This might include additional resources, adjusting project scope, or renegotiating deadlines with stakeholders.

5. **Implement the plan**: Execute the mitigation plan, regularly monitoring progress and making adjustments as needed.

6. **Communicate updates**: Keep stakeholders informed of the project's progress, including any changes to the timeline or scope. Be proactive in addressing any concerns or questions that arise.

7. **Learn from the experience**: Reflect on the"
mistralai/Mistral-7B-Instruct-v0.3,mistral,Q017,work,ADHD,229,1383,"When a project with a deadline is at risk of not being completed on time due to challenges related to ADHD, it's essential to take proactive steps to manage the situation effectively. Here's a suggested approach:

1. Acknowledge the situation: Recognize that the project may not meet the original deadline and accept that this is a reality.

2. Break down the project: Break the project into smaller, manageable tasks. This will help you focus on smaller, achievable goals rather than feeling overwhelmed by the entire project.

3. Prioritize tasks: Determine which tasks are most critical to the project's success and prioritize them accordingly.

4. Set new, realistic deadlines: Establish new, achievable deadlines for each task, taking into account your ADHD and the time it may take to complete each task.

5. Use reminders: Utilize reminders to help you stay on track with your new deadlines. This can be done through digital tools, such as calendars, apps, or alarms, or through traditional methods like sticky notes or a paper planner.

6. Create a schedule: Develop a daily or weekly schedule that includes time slots for working on the project tasks. Be sure to account for breaks to help maintain focus and productivity.

7. Seek support: Reach out to others for help if needed. This could be a mentor, a coach, a family member, or a friend. They can provide encouragement"
mistralai/Mistral-7B-Instruct-v0.3,mistral,Q018,work,NONE,213,1316,"Maintaining a record of your work over a year can help you track your progress, identify patterns, and reflect on your achievements. Here are some methods you might find useful:

1. **Digital Diary or Journal:** Regularly write about the projects you've worked on, the challenges you've faced, and the solutions you've found. This can be a great way to reflect on your work and document your learning process.

2. **Portfolio Website:** If you're a designer, developer, writer, or artist, a portfolio website is a must. This platform allows you to showcase your work in a professional manner. You can include case studies, testimonials, and updates on ongoing projects.

3. **Project Management Tools:** Tools like Trello, Asana, or Jira can help you keep track of your tasks, deadlines, and progress. They also allow you to collaborate with team members if you're working on group projects.

4. **Spreadsheets:** Use Google Sheets or Excel to track your productivity, hours worked, and project milestones. This can help you identify your most productive times of the day or week.

5. **Learning Log:** If you're learning a new skill, keep a log of what you've learned each day or week. This can help you remember concepts and track your progress.

6. **Screenshots and Videos:** Regularly take screenshots or record"
mistralai/Mistral-7B-Instruct-v0.3,mistral,Q018,work,CONTROL,232,1401,"Maintaining a record of your work over a year can help you track your progress, identify patterns, and reflect on your achievements. Here are some methods you might find useful:

1. **Digital Diary or Journal:** Write daily or weekly entries about the work you've done, the challenges you've faced, and the solutions you've found. This can be a great way to reflect on your work and see how far you've come.

2. **Project Management Tools:** Tools like Trello, Asana, or Jira can help you organize your tasks, set deadlines, and track your progress. They also allow you to see the bigger picture of your work and how different tasks interconnect.

3. **Portfolio Website:** If your work is creative or visual in nature, a portfolio website can be a great way to showcase your work. This can be a powerful tool for demonstrating your skills to potential employers or clients.

4. **Spreadsheets:** Use spreadsheets to track your productivity, hours worked, or any other quantifiable aspects of your work. This can help you identify patterns in your work habits and productivity.

5. **Goal Setting:** Set both short-term and long-term goals for yourself, and keep a record of your progress towards these goals. This can help you stay motivated and focused.

6. **Feedback and Reviews:** Keep a record of any feedback or reviews you receive about your work. This can provide valuable insights into areas"
mistralai/Mistral-7B-Instruct-v0.3,mistral,Q018,work,SCREEN,222,1326,"Using a screen reader daily, there are several methods to keep a record of your work over a year. Here are some suggestions:

1. Digital Note-taking Apps:
   - Microsoft OneNote: This app is accessible with a screen reader and allows you to create, organize, share, and edit notes. You can create sections, pages, and subpages to categorize your work.
   - Evernote: This app is also accessible with a screen reader. It offers note-taking, task management, and sharing features.
   - Bear: A simple, focused writing and note-taking app that is also accessible with a screen reader.

2. Digital Diary or Journal:
   - Day One: A popular diary and journal app that is accessible with a screen reader. It allows you to write daily entries, add photos, and organize your journal.

3. Project Management Tools:
   - Trello: A flexible and visual way to manage your projects and tasks. It is accessible with a screen reader and offers features like boards, lists, and cards.
   - Asana: A project management tool that is accessible with a screen reader. It allows you to create tasks, assign them to team members, set deadlines, and track progress.

4. Time Tracking Tools:
   - Toggl: A time tracking app that is accessible with a screen reader. It allows you to track time spent on tasks, projects, and clients.

5. Email Clients:"
mistralai/Mistral-7B-Instruct-v0.3,mistral,Q018,work,AGE,217,1385,"Maintaining a record of your work over a year can be a valuable way to reflect on your accomplishments, track your progress, and identify areas for improvement. Here are some methods you might find helpful:

1. **Journaling**: Writing a daily or weekly journal can help you document your activities, thoughts, and reflections. This can be a simple notebook or a digital journaling app like Day One or Commonplace.

2. **Project Management Tools**: Tools like Trello, Asana, or Microsoft Planner can help you organize tasks, set deadlines, and track your progress on various projects.

3. **Portfolio Website**: If your work is creative or professional in nature, consider creating a personal website to showcase your work. This could include writing samples, artwork, or a list of accomplishments.

4. **Time Tracking Apps**: Apps like Toggl or RescueTime can help you understand how you spend your time, which can be useful in identifying productive habits and areas for improvement.

5. **Goal Setting**: Set both short-term and long-term goals for yourself. This can help you stay focused and motivated, and it's rewarding to look back and see how far you've come.

6. **Photographs and Mementos**: Keep a collection of photographs, tickets, or other mementos from significant events or achievements. This can serve as a tangible reminder of your experiences.

7. **Calendar**: Keep"
mistralai/Mistral-7B-Instruct-v0.3,mistral,Q018,work,ADHD,214,1319,"Managing tasks and keeping a record of your work over a long period like a year can be challenging, especially with ADHD. Here are some strategies that might help you:

1. Digital Task Management Systems:
   - **Evernote**: This app allows you to create notes, tasks, and even save web content. You can organize your notes into notebooks and tag them for easy retrieval.
   - **Todoist**: This is a simple, yet powerful task management app. You can create tasks, set deadlines, and even assign tasks to others if you're working in a team.
   - **Notion**: This is a workspace where you can write, plan, collaborate, and organize. It's like a combination of a wiki, a task list, and a database.

2. Calendar Apps:
   - **Google Calendar**: You can create events, set reminders, and even color-code them for different categories.
   - **Microsoft Outlook**: This is a more comprehensive solution that includes email, calendar, and task management.

3. Project Management Tools:
   - **Trello**: This is a visual tool that allows you to create boards for different projects, lists within those boards for tasks, and cards for individual tasks.
   - **Asana**: This is a more robust project management tool that allows you to create tasks, assign them to team members, set deadlines, and track progress.

4. Habit Trackers:"
mistralai/Mistral-7B-Instruct-v0.3,mistral,Q019,work,NONE,237,1514,"Running an effective and productive meeting that results in decisions can be challenging, but here are some strategies to help you:

1. Set clear objectives: Before the meeting, define the purpose, agenda, and desired outcomes. Communicate these to the participants in advance so they can prepare and contribute effectively.

2. Invite the right people: Ensure that the attendees are those who have a stake in the outcome, can contribute valuable insights, and have the authority to make decisions.

3. Start on time: Respect everyone's time by starting the meeting promptly. If participants arrive late, they can catch up on what they missed.

4. Facilitate active participation: Encourage open discussion, ask for opinions, and actively listen to everyone's ideas. This will help to engage participants and foster a collaborative environment.

5. Use a structured agenda: Organize the meeting agenda in a logical sequence, starting with less complex topics and moving to more complex ones. This will help maintain focus and ensure that important items are not overlooked.

6. Encourage constructive debate: Allow for open discussion, but ensure that debates remain respectful and focused on the topic at hand. Encourage participants to share their perspectives and provide reasons for their opinions.

7. Make decisions: During the meeting, make decisions as they come up, rather than saving them for a later time. This will help keep the meeting focused and ensure that decisions are made in a timely manner.

8"
mistralai/Mistral-7B-Instruct-v0.3,mistral,Q019,work,CONTROL,230,1479,"Running an effective and productive meeting that results in decisions can be a valuable skill. Here are some tips to help you improve:

1. Set clear objectives: Before the meeting, define the purpose, agenda, and desired outcomes. Communicate these objectives to the participants in advance so they can prepare and contribute effectively.

2. Invite the right people: Ensure that the attendees are those who have a stake in the outcome, can contribute valuable insights, and have the authority to make decisions.

3. Start on time: Respect everyone's time by starting the meeting promptly. If participants arrive late, they can catch up on what they missed.

4. Facilitate active participation: Encourage open discussion and active participation by asking questions, soliciting opinions, and creating a safe and respectful environment for everyone to share their thoughts.

5. Use an agenda: Stick to the agenda and keep the discussion focused on the objectives. If a topic strays off-course, gently bring it back to the agenda.

6. Encourage constructive criticism: Foster a culture of constructive feedback and open-mindedness. Encourage participants to share their opinions and ideas, but also remind them to be respectful and considerate of others.

7. Make decisions: Make decisions during the meeting, if possible. If a decision cannot be made, assign action items to specific individuals with clear deadlines and follow up on them in the next meeting.

8. Keep it concise:"
mistralai/Mistral-7B-Instruct-v0.3,mistral,Q019,work,SCREEN,227,1490,"Running an effective and productive meeting, especially when you rely on a screen reader, requires careful planning, clear communication, and a well-structured agenda. Here are some tips to help you run a successful meeting:

1. Preparation:
   - Create a clear and concise agenda, share it with participants in advance, and ensure it includes specific topics, goals, and time limits for each item.
   - Gather all necessary materials, such as reports, presentations, or documents, and make them accessible in a format that can be easily read by your screen reader.
   - If there are new participants, provide them with an introduction or brief background information about the meeting's purpose and objectives.

2. Accessible Environment:
   - Ensure the meeting space is accessible and that any technology used during the meeting is compatible with your screen reader.
   - If necessary, provide a designated note-taker or scribe who can help capture important points and action items during the meeting.

3. Clear Communication:
   - Speak clearly and concisely, using a consistent and easy-to-understand language.
   - Pause occasionally to allow participants to process the information and ask questions or provide input.
   - Encourage active participation by asking for opinions, ideas, or suggestions from each attendee.

4. Time Management:
   - Stick to the agenda and time limits for each topic to keep the meeting focused and efficient.
   - If a topic requires more discussion,"
mistralai/Mistral-7B-Instruct-v0.3,mistral,Q019,work,AGE,231,1532,"Running an effective and productive meeting that leads to decisions can be a valuable skill, especially as you continue to grow and lead in your professional or personal life. Here are some strategies to help you improve:

1. Set clear objectives: Before the meeting, define the purpose, agenda, and desired outcomes. Share this information with participants in advance so they can prepare and contribute effectively.

2. Invite the right people: Ensure that the attendees are those who have a stake in the outcome, can contribute valuable insights, and have the authority to make decisions or implement actions.

3. Start on time: Respect everyone's time by starting the meeting promptly. If participants arrive late, they can catch up on what they missed.

4. Facilitate active participation: Encourage open communication and active participation by asking questions, soliciting opinions, and creating a safe and respectful environment for discussion.

5. Manage the discussion: Keep the conversation focused on the agenda and ensure that each topic is addressed in a timely manner. Use techniques like round-robin or time-boxing to ensure everyone has a chance to speak and that the meeting stays on track.

6. Make decisions: Establish a decision-making process, such as consensus, majority vote, or delegation, and stick to it. Make sure that decisions are documented and action items are assigned with clear responsibilities, deadlines, and follow-up mechanisms.

7. Encourage accountability: Hold participants accountable for"
mistralai/Mistral-7B-Instruct-v0.3,mistral,Q019,work,ADHD,215,1395,"Running an effective meeting, especially when you have ADHD, requires a structured approach to keep the meeting focused, productive, and decisive. Here are some strategies to help you:

1. Preparation:
   - Clearly define the meeting's purpose, agenda, and desired outcomes before the meeting.
   - Send out the agenda and any necessary materials to participants in advance.
   - Set a time limit for the meeting to keep it focused and efficient.

2. Structured Agenda:
   - Start with a brief introduction and review of the meeting's purpose and objectives.
   - Allocate time for each agenda item, and stick to the schedule.
   - Assign a specific person to lead each agenda item to ensure focus and accountability.

3. Active Participation:
   - Encourage active participation from all attendees by asking for their input, ideas, and opinions.
   - Use techniques like round-robin participation, where each person shares their thoughts on a particular topic in turn.
   - Use visual aids, such as diagrams or charts, to help participants understand complex topics.

4. Clear Decision-Making Process:
   - Establish a clear decision-making process, such as voting or consensus, before the meeting.
   - Assign action items to specific individuals with clear deadlines and follow-up procedures.
   - Summarize decisions and action items at the end of the meeting and send a recap to all attende"
mistralai/Mistral-7B-Instruct-v0.3,mistral,Q020,work,NONE,226,1506,"In a situation where two people you work with disagree and both expect you to take their side, it's crucial to handle the situation with diplomacy, fairness, and professionalism. Here are some steps you can follow:

1. **Listen actively**: Give each person a chance to express their perspective without interruption. Show empathy and understanding towards both parties.

2. **Understand the issue**: Try to understand the root cause of the disagreement. This will help you identify the key points of contention and find a solution that addresses both parties' concerns.

3. **Encourage self-resolution**: If possible, encourage the two individuals to find a solution together. This can help them build a stronger working relationship and foster a more collaborative work environment.

4. **Facilitate a compromise**: If self-resolution is not possible, suggest a compromise that addresses the concerns of both parties. Make sure to communicate the compromise clearly and ensure both parties understand and agree to it.

5. **Set clear expectations**: Establish clear expectations for future interactions and behavior to prevent similar disagreements from arising in the future.

6. **Follow up**: After the disagreement has been resolved, follow up with both parties to ensure they are adhering to the agreed-upon solution and that the issue has been resolved satisfactorily.

7. **Maintain neutrality**: It's important to remain neutral and avoid taking sides. This will help maintain a fair and impartial"
mistralai/Mistral-7B-Instruct-v0.3,mistral,Q020,work,CONTROL,236,1547,"In such a situation, it's important to maintain a neutral and fair approach. Here are some steps you can follow:

1. Acknowledge the conflict: Recognize that there is a disagreement and create a safe space for both parties to express their concerns.

2. Listen actively: Give each person an opportunity to share their perspective without interruption. Show empathy and understanding towards both parties.

3. Encourage open communication: Encourage both individuals to communicate directly with each other, if appropriate, to resolve the issue.

4. Clarify roles: Make it clear that as a manager or team leader, you are not taking sides but are there to facilitate a resolution and ensure a positive work environment.

5. Set ground rules: Establish guidelines for respectful and productive communication within the team.

6. Offer support: Offer your support and resources to help them find a solution.

7. Mediate if necessary: If the disagreement cannot be resolved through direct communication, act as a mediator to help find a compromise that satisfies both parties.

8. Follow up: Check in with both individuals to ensure the issue has been resolved and the working relationship has improved.

9. Address recurring issues: If the same individuals frequently disagree, consider addressing the root cause of the conflict or providing additional training on communication and collaboration skills.

10. Maintain confidentiality: Keep the details of the conflict confidential to protect the privacy of the individuals involved and maintain trust"
mistralai/Mistral-7B-Instruct-v0.3,mistral,Q020,work,SCREEN,234,1493,"In a situation where two colleagues are in disagreement and both expect you, as a visually impaired individual, to take their side, it's important to maintain a neutral and professional approach. Here are some steps you can take:

1. Acknowledge their perspectives: Let both parties know that you understand their points of view and appreciate their contributions.

2. Clarify your role: Make it clear that your role is to facilitate communication and collaboration, not to take sides or make decisions on their behalf.

3. Encourage open dialogue: Encourage both parties to discuss their concerns openly and respectfully, allowing each person to express their thoughts and feelings without interruption.

4. Offer mediation: If necessary, offer to help facilitate a resolution by suggesting potential solutions or mediating a discussion between the two parties.

5. Maintain neutrality: It's essential to remain impartial and avoid taking sides or showing favoritism. This will help maintain a positive and productive work environment.

6. Seek guidance: If you feel uncomfortable or unsure about how to handle the situation, seek guidance from a supervisor, human resources, or a trusted mentor.

7. Document the situation: Keep a record of the events, including the dates, times, and key points of discussion. This can help in case the situation escalates or needs to be addressed by management.

8. Focus on the goal: Remember that the ultimate goal is to find a solution that benefits the"
mistralai/Mistral-7B-Instruct-v0.3,mistral,Q020,work,AGE,219,1471,"In such a situation, it's important to maintain a neutral and fair approach. Here are some steps you can take:

1. Acknowledge the conflict: Recognize that there is a disagreement and express empathy towards both parties. Let them know that you understand their perspectives and that you value their contributions.

2. Encourage open communication: Create a safe space for both individuals to express their thoughts and feelings without interruption or judgment. Allow each person to fully explain their viewpoints.

3. Seek common ground: Help the individuals identify areas where their interests align or where they can find a compromise. This can help move the conversation towards a resolution.

4. Facilitate a resolution: Suggest potential solutions that address the concerns of both parties. Encourage the individuals to collaborate and come up with their own solutions as well.

5. Set clear expectations: Establish guidelines for future interactions to prevent similar conflicts from arising. This could include setting ground rules for communication, clarifying roles and responsibilities, or providing resources for conflict resolution.

6. Follow up: Check in with both parties to ensure that the resolution is working and address any further issues that may arise. Provide support and resources as needed.

7. Maintain confidentiality: Keep the details of the conflict confidential to protect the individuals involved and preserve trust within the workplace."
mistralai/Mistral-7B-Instruct-v0.3,mistral,Q020,work,ADHD,227,1478,"In a situation where two people you work with disagree and both expect you to take their side, it's important to handle the situation with tact, fairness, and professionalism. Here are some steps you can follow:

1. **Listen actively**: Give each person a chance to express their perspective without interruption. Show empathy and understanding towards both parties.

2. **Avoid taking sides immediately**: It's natural to want to help, but try not to make a quick decision. Instead, gather all the information and understand the situation thoroughly.

3. **Encourage collaboration**: Encourage both parties to work together to find a solution. Suggest a meeting where they can discuss their disagreement and find common ground.

4. **Stay neutral**: Maintain a neutral stance and avoid taking sides. Instead, focus on finding a solution that benefits the team and the project as a whole.

5. **Set clear expectations**: If a resolution can't be reached, set clear expectations for future interactions. This could include guidelines for communication, conflict resolution, or project management.

6. **Follow up**: After the meeting, follow up with both parties to ensure they are working towards a resolution. If necessary, offer your help or mediation if the disagreement persists.

7. **Use reminders**: Set reminders for follow-ups, meetings, or deadlines related to the project or the resolution process. This can help ensure that the issue is addressed in a timely manner."
mistralai/Mistral-7B-Instruct-v0.3,mistral,Q021,learning,NONE,235,1472,"To effectively learn a new skill with limited time, follow these strategies:

1. Set clear, achievable goals: Break down the skill into smaller, manageable objectives. This will help you stay focused and motivated.

2. Prioritize: Identify the most essential aspects of the skill and focus on those first.

3. Consistency is key: Make a study schedule and stick to it. Even if it's just a few hours a week, consistency is crucial for building a strong foundation.

4. Use multiple learning resources: Combine different learning methods such as books, online courses, videos, and practice exercises to keep your learning process engaging and comprehensive.

5. Practice actively: Engage in hands-on activities related to the skill. This could be coding exercises for learning programming, or practicing a new language by speaking with others.

6. Learn from others: Find a mentor or join a study group to learn from others who are more experienced. This can provide valuable insights and guidance.

7. Review and reflect: Regularly review what you've learned to reinforce your memory and identify areas for improvement. Reflect on your progress and set new goals based on your current skill level.

8. Stay patient and persistent: Learning a new skill takes time and effort. Don't get discouraged by slow progress, and remember that consistency and patience are essential for long-term success.

9. Take breaks: It's important to give your brain time to rest and absorb the"
mistralai/Mistral-7B-Instruct-v0.3,mistral,Q021,learning,CONTROL,210,1340,"Learning a new skill with limited time can be challenging, but it's definitely achievable. Here are some strategies that might help:

1. **Set Clear Goals**: Define what you want to achieve and break it down into smaller, manageable steps. This will help you stay focused and motivated.

2. **Prioritize**: Prioritize the skill based on its importance and relevance to your personal or professional life. If possible, start with a skill that aligns with your interests and long-term goals.

3. **Consistency is Key**: Dedicate a specific time each week to practice the skill. Consistency is crucial for building habits and retaining information.

4. **Leverage Online Resources**: There are numerous online platforms offering courses, tutorials, and resources for learning new skills. Websites like Coursera, Khan Academy, Udemy, and YouTube can be very helpful.

5. **Learn Active and Passive**: Combine active learning (direct practice) with passive learning (reading, listening, watching). This way, you can make the most of your time.

6. **Practice**: Regular practice is essential for mastering a new skill. Try to practice a little bit every day, even if it's just for a few minutes.

7. **Learn from Others**: Find a mentor or a community of people who are already proficient in the skill. They can provide guidance, share tips, and"
mistralai/Mistral-7B-Instruct-v0.3,mistral,Q021,learning,SCREEN,209,1401,"Learning a new skill with limited time can be challenging, but it's definitely achievable. Here's a strategy that might work well for you, using the example of learning a new programming language:

1. **Identify the Learning Goals**: Break down the skill into smaller, manageable goals. For example, if you're learning Python, your goals might be understanding basic syntax, control structures, functions, and data structures.

2. **Choose Resources**: Look for resources that cater to visually impaired learners. Websites like Codecademy, freeCodeCamp, and W3Schools offer accessible content. You can also find books in formats like DAISY or EPUB3.

3. **Structured Learning**: Try to find a structured learning path. Many online courses are designed in a sequential manner, making it easier to follow.

4. **Practice Regularly**: Consistency is key. Even if you can only dedicate an hour or two each week, make sure to practice regularly. This will help reinforce what you've learned and prevent forgetting.

5. **Use Assistive Technology**: Utilize screen readers and other assistive technologies to navigate the learning materials. If a resource isn't accessible, reach out to the provider for assistance.

6. **Collaborate**: Join online communities or forums for the skill you're learning. This can provide a supportive environment where you can ask questions and learn from others' experiences."
mistralai/Mistral-7B-Instruct-v0.3,mistral,Q021,learning,AGE,218,1328,"Learning a new skill at any age, including at 74, is a wonderful endeavor! Here's a strategy that might work well for you, given your time constraints:

1. **Identify the Skill**: Clearly define what skill you want to learn. Break it down into smaller, manageable parts if necessary.

2. **Research**: Research the best resources for learning this skill. This could be online courses, books, workshops, or local classes. Look for resources that cater to beginners and are designed for adults learning at their own pace.

3. **Create a Learning Schedule**: Allocate specific time slots in your weekly schedule for learning. Aim for consistency, even if it's just a few hours a week.

4. **Learn Actively**: Active learning is more effective than passive learning. This means engaging with the material, not just reading or watching passively. For example, if you're learning a new language, try to speak the language out loud, or if you're learning to play an instrument, practice playing it.

5. **Practice Regularly**: Consistency is key. Make sure to practice regularly, even if it's just for a short time each day.

6. **Set Goals**: Set small, achievable goals for each learning session. This will give you a sense of progress and motivation to keep going.

7. **Take Breaks**: Don't forget to take breaks. Learning can be t"
mistralai/Mistral-7B-Instruct-v0.3,mistral,Q021,learning,ADHD,230,1395,"Managing time effectively and learning new skills with ADHD can be a challenge, but it's definitely achievable. Here's a strategy that might work for you:

1. **Break it down**: Break the skill into smaller, manageable parts. Instead of trying to learn everything at once, focus on one aspect at a time. This makes the learning process less overwhelming and easier to fit into your schedule.

2. **Prioritize**: Identify the most essential parts of the skill that you want to learn first. Prioritizing will help you focus on what's most important and make the most of your limited study time.

3. **Use reminders**: Set reminders for your study sessions. This could be daily, weekly, or even hourly if needed. Use a digital tool or app that suits your preferences, and make sure it's something you'll actually use consistently.

4. **Consistency is key**: Try to study a little bit every day, even if it's just for a short period. Consistent practice helps reinforce the information and makes it easier to remember.

5. **Active learning**: Engage with the material actively. This could mean teaching the skill to someone else, explaining it to yourself, or applying what you've learned in a practical way. Active learning helps improve memory retention.

6. **Reward yourself**: Give yourself a reward when you reach a milestone or complete a study session. This could be a short break, a treat"
mistralai/Mistral-7B-Instruct-v0.3,mistral,Q022,learning,NONE,262,1510,"To determine if you truly understand a concept or have merely memorized it, you can try the following methods:

1. **Explain it in your own words:** If you can explain the concept in your own words without referring to the original source, it suggests that you have a good understanding of the topic. If you find yourself struggling to explain it, or if your explanation is too close to the original, it may indicate that you have only memorized the information.

2. **Apply it to new situations:** If you can apply the concept to new, unfamiliar situations, it shows that you have a deep understanding of the topic. If you can only apply it to the exact situations you've encountered before, it may suggest that you have memorized the information without fully understanding it.

3. **Connect it to other concepts:** If you can connect the concept to other related concepts and explain how they are interconnected, it indicates a deeper understanding. If you find it hard to connect it to other related concepts, it may suggest that you have only memorized the information.

4. **Test yourself:** Take a test or quiz on the topic without looking at your notes or the original source. If you perform well, it suggests that you have a good understanding of the topic. If you struggle, it may indicate that you have only memorized the information.

5. **Time gap test:** If you can recall the information without needing to look it up after a period of time, it suggests that you have a good understanding of the"
mistralai/Mistral-7B-Instruct-v0.3,mistral,Q022,learning,CONTROL,258,1499,"To determine if you truly understand a concept or have merely memorized it, you can try the following methods:

1. **Explain it in your own words:** If you can explain the concept in your own words without referring to the original source, it suggests that you have a good understanding of the topic. If you find yourself struggling to explain it, or if your explanation is too close to the original, it may indicate that you have only memorized the information.

2. **Apply it to new situations:** If you can apply the concept to new, unfamiliar situations, it shows that you have a deep understanding of the topic. If you can only apply it to the exact situations you've encountered before, it may suggest that you have memorized the information without fully understanding it.

3. **Connect it to other concepts:** If you can connect the concept to other related concepts and explain how they are interconnected, it indicates a deeper understanding. If you find it difficult to connect the concept to other related ideas, it may suggest that you have only memorized the information.

4. **Test yourself:** Take a test or quiz on the topic to see how well you remember the information. If you perform well on the test, but struggle to explain the concept or apply it to new situations, it may indicate that you have memorized the information.

5. **Reflect on your learning process:** Think about how you learned the concept. If you had to work hard to understand it, struggled, and then had ""aha"""
mistralai/Mistral-7B-Instruct-v0.3,mistral,Q022,learning,SCREEN,233,1477,"When using a screen reader, understanding the content you're consuming is a combination of several factors. Here are some strategies to help you determine if you truly understand the material or if you've merely memorized it:

1. Paraphrase the information: Try to explain the content in your own words. If you can't, it might indicate that you've only memorized the information without fully understanding it.

2. Apply the information: Try to use the information in a different context or situation. If you can't, it might mean that you've only memorized the information without fully understanding its implications.

3. Reflect on the content: Take a moment to think about the content and its meaning. If you can't recall the main points or understand the overall concept, it might suggest that you've only memorized the information without fully grasping its significance.

4. Ask yourself questions: Generate questions based on the content and try to answer them. If you can't, it might indicate that you've only memorized the information without fully understanding it.

5. Compare and contrast: Compare the new information with what you already know. If you can't, it might mean that you've only memorized the information without fully understanding its relationship to existing knowledge.

6. Test yourself: Create your own tests or quizzes to assess your understanding of the content. If you struggle with the questions, it might suggest that you've only memorized the"
mistralai/Mistral-7B-Instruct-v0.3,mistral,Q022,learning,AGE,240,1453,"Reflecting on understanding versus memorization is a crucial aspect of lifelong learning, especially as we age. Here are some ways to discern between the two:

1. Application: Can you apply the knowledge in different contexts or situations? If you can use the information in new and varied circumstances, it suggests a deeper understanding.

2. Retrieval: Try to recall the information without relying on notes or external sources. If you can remember the information easily and accurately, it may indicate that you have a good understanding of the subject.

3. Comprehension: Can you explain the concept in your own words? If you can explain it clearly and accurately, it suggests that you have a good grasp of the subject.

4. Analysis and synthesis: Can you analyze the information, break it down, and put it back together in a new way? If you can do this, it suggests a deeper level of understanding.

5. Critical thinking: Can you evaluate the information critically, questioning its validity, and considering alternative perspectives? If you can do this, it suggests a high level of understanding.

6. Self-assessment: Reflect on your learning process. Did you struggle to understand the concept initially but eventually grasp it? Or did you find it easy to learn? This can give you clues about the depth of your understanding.

7. Time: How long does it take for the information to fade from your memory? If it fades quickly, it may indicate that"
mistralai/Mistral-7B-Instruct-v0.3,mistral,Q022,learning,ADHD,243,1616,"Understanding and memorization are two distinct cognitive processes, and it's essential to differentiate between the two to ensure long-term retention and comprehension of information. Here are some strategies to help you discern between memorization and understanding:

1. Self-examination: After studying or learning something, ask yourself questions about the topic. If you can answer questions in your own words, without relying on exact phrases or notes, it suggests a deeper understanding. If you find yourself repeating the exact words or phrases from your notes or sources, it may indicate memorization.

2. Application: Apply the information to new situations or problems. If you can use the information in a different context or solve problems related to the topic, it indicates understanding. If you can't apply the information beyond the original context, it may suggest memorization.

3. Reflection: Take a break from the material and think about it later. If you can recall the information and explain it without referring to your notes, it suggests understanding. If you find yourself struggling to remember the information, it may indicate memorization.

4. Elaboration: Connect the new information to existing knowledge. If you can relate the new information to other things you already know, it indicates understanding. If you find yourself struggling to connect the new information to your existing knowledge, it may suggest memorization.

5. Self-testing: Create your own questions and test yourself. If you can answer the questions you've created, it suggests understanding. If you find yourself"
mistralai/Mistral-7B-Instruct-v0.3,mistral,Q023,learning,NONE,215,1393,"Getting back into a subject you've dropped for a while can be a rewarding experience. Here are some steps to help you get started:

1. **Identify the Subject and its Current Relevance**: Clearly define the subject and understand why you want to get back into it. Is it for personal interest, a new job, or further studies?

2. **Assess Your Knowledge Gap**: Refresh your memory about the basics of the subject. Look for introductory resources, such as textbooks, online tutorials, or educational videos.

3. **Set Clear Goals**: Set achievable and measurable goals. For example, you might aim to understand a specific chapter or topic within a week.

4. **Create a Study Schedule**: Consistency is key when learning a new or re-learning a subject. Create a study schedule that fits your lifestyle, ensuring you have dedicated time for study each day.

5. **Use Multiple Learning Resources**: Utilize various resources to learn, such as books, online courses, tutorials, and practice problems.

6. **Join Study Groups or Online Forums**: Engaging with others who are learning the same subject can provide additional insights and help reinforce your understanding.

7. **Practice Regularly**: Regular practice is essential for retaining information. Solve problems, work on projects, or participate in discussions related to the subject.

8. **Stay Patient and Persistent**: Learning takes time,"
mistralai/Mistral-7B-Instruct-v0.3,mistral,Q023,learning,CONTROL,239,1438,"Getting back into a subject you've dropped for a while can be a rewarding experience. Here are some steps to help you get started:

1. Identify the subject: Clearly define the subject you want to revisit. This could be a specific academic subject, a hobby, or a professional skill.

2. Assess your current knowledge: Reflect on what you remember about the subject. This will help you understand where you stand and identify the gaps in your knowledge.

3. Set clear goals: Define what you want to achieve by getting back into the subject. This could be learning a new concept, mastering a specific skill, or preparing for a test or exam.

4. Find resources: Look for study materials, books, online courses, or tutorials that cater to your learning style. This could include textbooks, online courses, YouTube videos, or forums dedicated to the subject.

5. Create a study schedule: Develop a study plan that fits your lifestyle and learning pace. Allocate specific time slots for studying, and make sure to stick to your schedule.

6. Start small: Begin with small, manageable tasks to build your confidence and momentum. Gradually increase the complexity of the tasks as you become more comfortable with the subject.

7. Practice consistently: Consistent practice is key to mastering any subject. Make sure to practice regularly, even if it's just for a few minutes a day.

8. Stay motivated: Find ways to stay motivated, such as setting"
mistralai/Mistral-7B-Instruct-v0.3,mistral,Q023,learning,SCREEN,219,1395,"To re-engage with a subject you've previously studied but haven't touched for a while, here are some steps you can take:

1. Refresh your memory: Start by reviewing any notes, textbooks, or other materials you have from your previous studies. Use your screen reader to read through these materials, and take notes as you go to help reinforce your understanding.

2. Online resources: Look for online resources, such as videos, podcasts, and articles, that cover the subject matter. Websites like Khan Academy, Coursera, and TED-Ed offer free educational content on a wide range of topics.

3. Audiobooks: If you prefer listening to reading, consider finding an audiobook on the subject. Websites like Audible and Librivox offer a vast selection of books in audio format.

4. Join online communities: Find online forums or social media groups dedicated to the subject you're interested in. These communities can provide support, answer questions, and offer additional resources.

5. Tutoring or mentorship: If you're struggling to understand certain concepts, consider finding a tutor or mentor who specializes in the subject. Websites like Tutor.com and Chegg Tutors offer tutoring services in various subjects.

6. Study groups: Joining a study group can be beneficial, as you can learn from others and discuss the material together. You can find study groups online or in your local community."
mistralai/Mistral-7B-Instruct-v0.3,mistral,Q023,learning,AGE,225,1392,"Getting back into a subject you've previously dropped can be an exciting journey! Here are some steps to help you get started:

1. Identify the subject: Clearly define the subject you want to revisit. This could be a specific academic field, a hobby, or a skill.

2. Assess your current knowledge: Reflect on what you remember about the subject and identify any gaps in your understanding. This will help you determine where to start.

3. Set clear goals: Establish specific, measurable, achievable, relevant, and time-bound (SMART) goals. For example, ""I want to read one book on the subject each month for the next six months.""

4. Find resources: Look for books, online courses, workshops, or tutors that cater to learners at your level. Libraries, online platforms like Coursera, Udemy, or Khan Academy, and local community centers often offer resources for lifelong learners.

5. Create a study schedule: Allocate time each day or week to study the subject. Make sure to balance your study time with other commitments and ensure you have a consistent routine.

6. Engage with others: Join online forums, groups, or clubs related to the subject. Connecting with others who share your interests can provide motivation, support, and opportunities to learn from their experiences.

7. Stay patient and persistent: Remember that learning takes time, and it's okay to progress at your own pace"
mistralai/Mistral-7B-Instruct-v0.3,mistral,Q023,learning,ADHD,218,1371,"Re-engaging with a subject you've left for years can be challenging, but breaking it down into manageable steps can make the process more approachable. Here's a strategy that might help:

1. **Research**: Start by researching the current state of the subject. Look for recent books, articles, or online resources that provide an overview of the topic. This will help you understand where the field is now and what areas are most relevant or interesting to you.

2. **Set Goals**: Break down the subject into smaller, achievable goals. For example, if you're re-learning calculus, your goals might be to understand the basics of limits, derivatives, and integrals.

3. **Create a Study Plan**: Develop a study plan that includes specific tasks, deadlines, and resources. Use your reminders to help you stick to this plan. For example, you might set a reminder to read a chapter of a book every day for a week.

4. **Learn Actively**: Active learning involves engaging with the material, rather than passively reading or listening. This could mean taking notes, teaching someone else, or applying what you've learned to real-world problems.

5. **Review Regularly**: Regular review is crucial for retaining information. Use reminders to schedule review sessions at intervals that work for you (e.g., every day, every week, or every month).

6. **Take Breaks**: Don't forget"
mistralai/Mistral-7B-Instruct-v0.3,mistral,Q024,learning,NONE,232,1415,"To ensure that your notes remain useful and easily accessible months later, follow these best practices:

1. Organize your notes: Group related notes together, and use a consistent system for labeling and categorizing them. This will make it easier to find specific information when you need it.

2. Use a reliable note-taking app: Choose a digital note-taking app that allows you to easily search, tag, and organize your notes. Some popular options include Evernote, OneNote, and Bear.

3. Write clear and concise notes: Write your notes in a clear and concise manner, using headings, bullet points, and numbered lists to make them easy to read and understand.

4. Include context: Include the context of the information, such as the date, source, and any relevant details that will help you remember the purpose of the notes.

5. Review and update your notes regularly: Review your notes periodically to ensure they remain accurate and up-to-date. Make any necessary updates or corrections.

6. Use keywords and phrases: Use keywords and phrases that will help you remember the content of the notes. This will make it easier to find specific information when you need it.

7. Use images and diagrams: Incorporate images, diagrams, and other visual aids to help you remember the information.

8. Backup your notes: Regularly backup your notes to ensure they are not lost in case of a device failure or other issues"
mistralai/Mistral-7B-Instruct-v0.3,mistral,Q024,learning,CONTROL,228,1430,"Taking effective and useful notes that remain valuable months later involves a combination of organization, clarity, and review. Here are some strategies to help you take notes that stand the test of time:

1. Use a consistent system: Choose a note-taking method that works for you, such as bullet points, outlines, or mind maps. Stick to this system consistently to make it easier to find and understand your notes later.

2. Write legibly and clearly: Make sure your handwriting is legible, and use concise, clear language. If your notes are difficult to read, you'll struggle to understand them later.

3. Include context: Include the date, source, and any relevant context when taking notes. This will help you remember the information and understand its significance.

4. Summarize and paraphrase: Instead of copying entire passages, summarize the main points in your own words. This helps you understand the material better and makes your notes more concise.

5. Use headings and subheadings: Organize your notes with headings and subheadings to create a clear structure. This makes it easier to find specific information later.

6. Use abbreviations and symbols: Use abbreviations and symbols to save space and make your notes more concise. Just make sure you understand what they mean and can easily decipher them later.

7. Review and consolidate: Regularly review your notes to reinforce your memory and identify gaps in"
mistralai/Mistral-7B-Instruct-v0.3,mistral,Q024,learning,SCREEN,235,1444,"Taking notes that are useful and accessible for a screen reader user involves a combination of clear structure, descriptive labels, and good organization. Here are some tips to help you take notes that remain useful for months:

1. Use headings and subheadings: Organize your notes with headings and subheadings to create a clear structure. This makes it easier to navigate and find specific information later.

2. Use descriptive labels: Label your notes with meaningful, descriptive titles that accurately reflect the content. This helps you quickly identify the purpose and context of each note.

3. Write in complete sentences: Write your notes in complete sentences and use proper grammar. This makes your notes easier to understand and more accessible for screen reader users.

4. Use abbreviations and acronyms sparingly: While abbreviations and acronyms can save time, they can be confusing for screen reader users. Use them sparingly and make sure to define them the first time they appear in your notes.

5. Use bullet points or numbered lists: Break your notes into bullet points or numbered lists to make them easier to read and understand. This also helps with organization and accessibility.

6. Include dates and context: Include the date and context of each note to help you remember when and why you took the note. This can be especially helpful when reviewing old notes.

7. Use plain text format: Use a plain text format (e.g"
mistralai/Mistral-7B-Instruct-v0.3,mistral,Q024,learning,AGE,230,1444,"To ensure that your notes remain useful and easily accessible months later, consider the following strategies:

1. Organize your notes: Group related notes together, and use clear, consistent headings and subheadings. This will make it easier to find specific information when you need it.

2. Use a reliable note-taking app or system: Choose a digital note-taking app that allows you to easily search, categorize, and sync your notes across multiple devices. Some popular options include Evernote, OneNote, and Google Keep.

3. Write legibly and concisely: Make sure your handwriting is clear and easy to read, or use a keyboard for digital notes. Keep your notes brief and to the point to make them easier to understand and remember.

4. Include relevant details: Include dates, sources, and any other important contextual information in your notes. This will help you remember the context and relevance of the information.

5. Review and update your notes regularly: Set aside time to review and update your notes periodically to ensure they remain accurate and up-to-date. This will help you retain the information and make it more useful in the long term.

6. Use visuals: Incorporate diagrams, charts, and other visuals to help you remember complex information. Visual aids can make your notes more engaging and easier to understand.

7. Backup your notes: Regularly backup your digital notes to prevent data loss. You can use cloud-based"
mistralai/Mistral-7B-Instruct-v0.3,mistral,Q024,learning,ADHD,232,1455,"Managing notes effectively, especially when dealing with ADHD, requires a strategic approach to ensure they remain useful over time. Here are some tips to help you organize your notes and make them easily accessible and meaningful:

1. Use a digital note-taking system: Digital notes are easier to search, categorize, and access than physical notes. Tools like Evernote, OneNote, or Google Keep can help you organize your notes and make them searchable.

2. Consistent structure: Use a consistent structure for your notes, such as headings, bullet points, and numbered lists. This will help you quickly find the information you need.

3. Use keywords and phrases: Use keywords and phrases that are easy to remember and relevant to the content of your notes. This will help you recall the information when you need it.

4. Include context: Include the context of the information in your notes, such as the date, the purpose of the meeting or event, and any relevant details. This will help you remember the context and importance of the information.

5. Use visuals: Incorporate visuals like diagrams, charts, or images to help you remember the information. Visual aids can help you recall information more easily.

6. Review and consolidate: Regularly review and consolidate your notes to ensure they remain accurate and up-to-date. This will help you retain the information and avoid duplicating notes unnecessarily.

7. Use tags and categories: Use tags"
mistralai/Mistral-7B-Instruct-v0.3,mistral,Q025,learning,NONE,240,1484,"Practicing something you're bad at without getting discouraged involves a balanced approach that focuses on progress, patience, and positive reinforcement. Here are some strategies to help you:

1. Set achievable goals: Break down the skill into smaller, manageable parts and set realistic goals for each part. This will help you focus on incremental improvements rather than aiming for perfection all at once.

2. Start small: Begin with simple, basic tasks and gradually increase the complexity as you become more comfortable. This will help build your confidence and reduce the risk of feeling overwhelmed.

3. Focus on the process, not the outcome: Instead of worrying about the final result, focus on the steps you need to take to improve. This will help you stay engaged and motivated, even when progress seems slow.

4. Embrace mistakes: Understand that mistakes are an essential part of the learning process. Instead of getting discouraged by them, use them as opportunities to learn and grow.

5. Practice consistently: Consistent practice is key to mastering a new skill. Set aside dedicated time each day to work on the skill, even if it's just for a few minutes.

6. Seek feedback: Find a mentor, coach, or peer who can provide constructive feedback and help you identify areas for improvement. This can help you stay motivated and focused on the right aspects of the skill.

7. Celebrate small victories: Acknowledge and celebrate your progress, no matter how small. This"
mistralai/Mistral-7B-Instruct-v0.3,mistral,Q025,learning,CONTROL,237,1539,"Practicing something you're bad at without getting discouraged involves a balanced approach that includes setting realistic goals, breaking tasks into smaller parts, seeking constructive feedback, and maintaining a positive mindset. Here are some strategies to help you:

1. Set achievable goals: Break down the skill into smaller, manageable objectives. This will help you focus on making progress and avoid feeling overwhelmed.

2. Start small: Begin with simple tasks and gradually increase the difficulty as you become more comfortable. This will help build your confidence and prevent frustration.

3. Practice consistently: Regular, consistent practice is essential for improvement. Set aside a specific time each day to work on the skill and stick to it.

4. Focus on the process, not the outcome: Instead of worrying about the final result, focus on the steps you're taking to improve. This will help you stay motivated and reduce feelings of frustration.

5. Seek constructive feedback: Find a mentor, coach, or peer who can provide guidance and offer suggestions for improvement. Constructive feedback can help you identify areas for growth and refine your technique.

6. Embrace mistakes: Understand that mistakes are an essential part of the learning process. Instead of dwelling on errors, use them as opportunities to learn and grow.

7. Stay positive: Maintain a positive mindset and remind yourself of your progress. Celebrate small victories and use them as motivation to keep going.

8. Take breaks: Give yourself time to"
mistralai/Mistral-7B-Instruct-v0.3,mistral,Q025,learning,SCREEN,227,1401,"Practicing something you're bad at without getting discouraged involves a few strategies:

1. Break it down: Break the skill or task into smaller, manageable parts. This makes it easier to focus on one aspect at a time and gradually build your proficiency.

2. Set realistic goals: Start with achievable goals and gradually increase the difficulty as you become more comfortable. This will help you experience success and build confidence.

3. Use positive self-talk: Be kind to yourself and avoid negative self-talk. Remember that everyone learns at their own pace, and it's okay to make mistakes.

4. Focus on progress, not perfection: Instead of aiming for perfection, focus on the progress you've made. Celebrate small victories and use them as motivation to keep going.

5. Seek help and support: Don't hesitate to ask for help or guidance from others, such as a teacher, mentor, or support group. They can provide valuable insights and encouragement.

6. Take breaks: Give yourself time to rest and recharge. Burnout can set in quickly, and taking breaks can help you return to practice with renewed energy and focus.

7. Use assistive technology: If you're learning a new screen reader or software, make use of tutorials, user guides, and online resources to help you learn at your own pace.

8. Practice consistently: Consistent practice is key to improving any skill. Set aside dedicated time"
mistralai/Mistral-7B-Instruct-v0.3,mistral,Q025,learning,AGE,231,1479,"Practicing something you're bad at can be challenging, but it's also an excellent opportunity for growth and improvement. Here are some strategies to help you practice effectively and avoid feeling discouraged:

1. Set realistic goals: Aim for small, achievable milestones rather than trying to master the skill all at once. This will help you build confidence and momentum.

2. Break it down: Break the skill into smaller, manageable parts and focus on mastering one aspect at a time. This will make the learning process less overwhelming and more manageable.

3. Find a supportive environment: Surround yourself with people who are encouraging and understanding. They can provide valuable feedback, motivation, and a sense of community.

4. Be patient and persistent: Remember that learning takes time, and it's essential to be patient with yourself. Consistency is key, so practice regularly and don't give up easily.

5. Focus on progress, not perfection: Instead of striving for perfection, focus on the progress you've made. Celebrate small victories and acknowledge your improvements, no matter how small they may seem.

6. Learn from mistakes: Embrace mistakes as opportunities to learn and grow. Analyze what went wrong, understand why, and use that knowledge to improve your performance.

7. Take breaks: Give yourself time to rest and recharge. Overworking can lead to burnout and frustration, so make sure to take regular breaks and engage in activities that help you"
mistralai/Mistral-7B-Instruct-v0.3,mistral,Q025,learning,ADHD,237,1445,"Practicing something you're bad at while managing ADHD can be challenging, but with the right approach, it can lead to significant improvement. Here are some strategies to help you practice effectively and avoid feeling discouraged:

1. Break it down: Break the skill or task into smaller, manageable parts. This makes it easier to focus and reduces the feeling of being overwhelmed.

2. Use visual aids: Visual aids like diagrams, charts, or mind maps can help you understand and remember the information better.

3. Set realistic goals: Set achievable short-term goals and celebrate small victories along the way. This will help you stay motivated and build confidence.

4. Use reminders: Set reminders for practice sessions, and use a system that works for you, such as a digital calendar, sticky notes, or a reminder app.

5. Create a routine: Establish a consistent practice schedule, and try to practice at the same time each day. This can help you get into a rhythm and make the practice sessions more effective.

6. Use positive self-talk: Be kind to yourself and use positive affirmations during practice sessions. This can help you stay motivated and maintain a growth mindset.

7. Take breaks: Take short breaks during practice sessions to rest your mind and recharge. This can help you stay focused and avoid burnout.

8. Find a learning buddy: If possible, find someone who is also learning the skill or task, and practice together."
mistralai/Mistral-7B-Instruct-v0.3,mistral,Q026,learning,NONE,236,1461,"Choosing between learning something broadly versus learning it deeply depends on your goals, interests, and the context in which you're learning. Here are some factors to consider:

1. Career Goals: If you're aiming for a specific job or field, you might need to focus on learning specific skills or knowledge deeply. For example, if you want to become a software engineer, you'll need to learn programming languages deeply.

2. Personal Interest: If you're learning for personal interest or hobby, you might want to learn broadly to gain a general understanding and explore different areas. This can help you discover new interests and passions.

3. Time and Resources: If you have limited time or resources, you might need to focus on learning something broadly to gain a basic understanding quickly. However, if you have more time and resources, you can afford to delve deeper into a subject.

4. Long-term vs. Short-term: If you need quick results or solutions, learning broadly might be more beneficial. If you're looking for long-term growth or mastery, focusing on learning deeply is more appropriate.

5. Collaboration: If you're working in a team, it might be beneficial to have a broad understanding of various aspects of the project, while also having some team members who have a deep understanding of specific areas.

6. Complexity of the Topic: Some topics are inherently complex and require a deep understanding to be truly useful or interesting."
mistralai/Mistral-7B-Instruct-v0.3,mistral,Q026,learning,CONTROL,241,1468,"Choosing between learning something broadly versus learning it deeply depends on your goals, interests, and the context in which you're learning. Here are some factors to consider:

1. Goals: If your goal is to gain a general understanding of a subject, learning it broadly might be more suitable. On the other hand, if you want to become an expert or have a deep understanding of a specific area, focusing on depth is essential.

2. Interests: If you're passionate about a particular topic, you might want to delve deeper to satisfy your curiosity and gain a more comprehensive understanding. However, if you're exploring various subjects to find your interests, a broad approach can help you discover what you enjoy.

3. Context: The context in which you're learning can also influence your decision. For example, if you're studying for a general exam or need a broad understanding for a job, learning broadly might be more beneficial. Conversely, if you're pursuing a specialized career or research, focusing on depth is crucial.

4. Time and resources: Depending on the time and resources available, you might need to prioritize breadth over depth or vice versa. If you have limited time or resources, focusing on breadth can help you cover more ground, while dedicating more time and resources to depth allows for a more in-depth exploration.

Ultimately, a combination of both breadth and depth is often ideal, as it allows you to have a general understanding of"
mistralai/Mistral-7B-Instruct-v0.3,mistral,Q026,learning,SCREEN,235,1566,"When choosing between learning something broadly or deeply as a screen reader user, the key is to find resources that are accessible and cater to your learning style. Here are some tips to help you make an informed decision:

1. Accessibility: Ensure the learning materials are compatible with your screen reader and other assistive technologies. Look for resources that provide alternative text for images, clear headings, and a logical structure.

2. Content structure: Choose resources that present information in a clear, organized, and easy-to-understand manner. This will help you grasp the basics quickly and build a solid foundation for deeper learning.

3. Interactive learning: Engage in interactive learning experiences, such as quizzes, exercises, and simulations, to reinforce your understanding and test your knowledge.

4. Multimedia content: Incorporate multimedia content like videos, audio files, and infographics to help you better understand complex concepts. Make sure these resources are accessible and have alternative text or captions.

5. Community and support: Join online communities or forums related to the subject you're learning. Engaging with other learners and experts can provide additional insights and support as you delve deeper into the topic.

6. Pace yourself: Set realistic goals and take your time to absorb the information. Don't rush through the material just to cover a large amount of content. Focus on understanding the key concepts and building a strong foundation before moving on to more complex topics.

7. Feedback"
mistralai/Mistral-7B-Instruct-v0.3,mistral,Q026,learning,AGE,244,1464,"At seventy-four, it's a wonderful time to continue learning and growing! The choice between learning something broadly or deeply depends on your personal interests, goals, and the time you have available. Here are some suggestions to help you make an informed decision:

1. Reflect on your interests: Consider what topics excite you, ignite your curiosity, and align with your passions. This will make the learning process more enjoyable and meaningful.

2. Set clear goals: Define what you want to achieve by learning something new. Do you want to gain a general understanding, or do you want to become an expert in a specific area? Your goals will help guide your learning path.

3. Assess your time and energy: Be realistic about the time and energy you can dedicate to learning. If you have limited time, focusing on a broad understanding might be more suitable. If you have more time and energy, you can delve deeper into a subject.

4. Explore various learning methods: There are many ways to learn, such as reading books, taking online courses, attending workshops, or joining clubs or groups. Choose the methods that best suit your learning style and preferences.

5. Start small and build up: If you're unsure about diving deep into a subject, start by gaining a broad understanding and then gradually delve deeper as your interest and confidence grow.

6. Embrace a growth mindset: Remember that learning is a lifelong journey, and it's never too late to"
mistralai/Mistral-7B-Instruct-v0.3,mistral,Q026,learning,ADHD,231,1486,"Balancing breadth and depth in learning can be a challenge, especially for individuals with ADHD. Here are some strategies to help you make the most of your learning experience:

1. Prioritize: Identify the areas that are most important for your personal and professional growth. Prioritizing will help you focus on the most critical aspects, ensuring you have a solid foundation.

2. Break it down: Break complex topics into smaller, manageable parts. This will make it easier to focus and retain information.

3. Use a combination of resources: Use a variety of learning materials, such as books, videos, online courses, and interactive tools, to engage different learning styles.

4. Set specific, achievable goals: Instead of trying to learn everything about a topic at once, set specific, achievable goals. For example, instead of aiming to learn all there is about quantum physics, focus on understanding one concept at a time.

5. Use reminders: Set reminders to review and reinforce what you've learned. This will help consolidate the information in your long-term memory.

6. Practice active recall: Instead of passively reading or watching, actively engage with the material by summarizing, teaching, or applying what you've learned. This will help improve your understanding and retention.

7. Stay organized: Keep your notes and resources organized to make it easier to find and review information.

8. Take breaks: Regular breaks can help prevent burnout and improve focus."
mistralai/Mistral-7B-Instruct-v0.3,mistral,Q027,learning,NONE,228,1362,"Maintaining a habit over the long term requires a combination of motivation, consistency, and the right mindset. Here are some strategies to help you keep a habit going past the initial few weeks:

1. Set clear, achievable goals: Break down your habit into smaller, manageable goals. This makes it easier to track your progress and stay motivated.

2. Make it enjoyable: Find ways to make the habit enjoyable or at least less tedious. For example, if you're trying to exercise more, choose activities you genuinely enjoy.

3. Create a routine: Incorporate your habit into your daily or weekly routine. This makes it easier to remember and reduces the likelihood of skipping it.

4. Find an accountability partner: Share your goals with someone who can provide encouragement, reminders, and support.

5. Track your progress: Keep a journal or use an app to track your progress. This helps you see your improvements and stay motivated.

6. Reward yourself: Give yourself a small reward when you reach a milestone. This can be a treat, a break, or anything else that feels like a reward to you.

7. Embrace setbacks: Understand that setbacks are a normal part of the process. Don't let a single setback derail your progress. Learn from it and move on.

8. Reflect and adjust: Regularly reflect on your habit and adjust as necessary. If something isn't working, don'"
mistralai/Mistral-7B-Instruct-v0.3,mistral,Q027,learning,CONTROL,234,1367,"Maintaining a habit over the long term requires a combination of motivation, consistency, and the right mindset. Here are some strategies that can help:

1. Set clear, achievable goals: Break down your habit into smaller, manageable goals. This makes it easier to track your progress and stay motivated.

2. Make it a part of your routine: Incorporate your habit into your daily or weekly routine. This helps to create a trigger that reminds you to perform the habit and makes it a part of your lifestyle.

3. Find accountability: Share your goal with someone you trust and ask them to hold you accountable. This could be a friend, family member, or even an online community.

4. Reward yourself: Rewards can be a powerful motivator. Set up a system where you reward yourself for sticking to your habit. This could be a treat, a break, or anything else that feels like a reward to you.

5. Track your progress: Keep a record of your habit. This could be a journal, a spreadsheet, or an app. Seeing your progress can help reinforce your commitment and motivate you to keep going.

6. Embrace setbacks: Understand that setbacks are a normal part of the process. Instead of getting discouraged, use setbacks as opportunities to learn and refocus.

7. Stay flexible: Be open to adjusting your habit if necessary. If you find that your current approach isn't working, don'"
mistralai/Mistral-7B-Instruct-v0.3,mistral,Q027,learning,SCREEN,234,1424,"Maintaining a habit, especially a new one like using a screen reader, can be challenging, but there are several strategies that can help you sustain it:

1. Set clear, achievable goals: Break down the habit into smaller, manageable steps and set specific, achievable goals for each step. For example, if you're learning to use a screen reader, your initial goal might be to master navigating the home screen, then move on to mastering specific functions like reading emails or browsing the web.

2. Consistency is key: Make a schedule and stick to it. Dedicate a specific time each day to practice using the screen reader. Consistency helps reinforce the habit and makes it easier to remember.

3. Find a support network: Connect with others who are also learning to use a screen reader. They can provide encouragement, share tips, and offer advice on overcoming challenges. Online forums, support groups, and communities can be a great resource.

4. Track your progress: Keep a journal or log of your progress. Note the skills you've mastered, the challenges you've overcome, and areas where you still need improvement. This will help you stay motivated and see how far you've come.

5. Reward yourself: Celebrate your achievements, no matter how small. Rewards can be anything that feels meaningful to you, such as taking a break, treating yourself to a favorite activity, or sharing your progress with friends and family."
mistralai/Mistral-7B-Instruct-v0.3,mistral,Q027,learning,AGE,236,1412,"Maintaining a habit over the long term requires a combination of consistency, motivation, and making it enjoyable. Here are some strategies to help you keep a habit going past the initial few weeks:

1. Set clear, achievable goals: Break down your habit into smaller, manageable goals. This will make it easier to track your progress and stay motivated.

2. Make it a routine: Incorporate your habit into your daily or weekly routine. This will help it become second nature and reduce the likelihood of skipping it.

3. Find accountability: Share your habit with a friend, family member, or join a community of people who are also working on the same habit. This will provide support and encouragement.

4. Reward yourself: Celebrate small victories and milestones. This will help reinforce the positive behavior and keep you motivated.

5. Reflect and adjust: Regularly reflect on your progress and make adjustments as needed. If you find that the habit is too difficult or not enjoyable, consider modifying it to make it more achievable and enjoyable for you.

6. Track your progress: Keep a journal or use an app to track your progress. This will help you see your progress over time and stay motivated.

7. Stay positive: Focus on the benefits of the habit and the progress you've made, rather than dwelling on setbacks or mistakes.

8. Be patient: Changing habits takes time, so be patient with yourself and"
mistralai/Mistral-7B-Instruct-v0.3,mistral,Q027,learning,ADHD,233,1355,"Maintaining a habit over the long term, especially for individuals with ADHD, can be challenging. Here are some strategies that might help:

1. **Visual Reminders**: Use visual cues around your living or working space to remind you of the habit. This could be a note on your mirror, a sticky note on your computer, or a colored marker on your toothbrush.

2. **Jar System**: The jar system is a fun and visual way to track habits. Write the name of the habit on a small piece of paper and place it in a jar. Every day you complete the habit, move the paper to another jar (or take it out of the jar). This provides a physical reminder of your progress.

3. **Accountability**: Find an accountability partner who shares similar goals. This could be a friend, family member, or online community. Regularly check-in with them about your progress.

4. **Rewards**: Reward yourself for consistent effort, not just for perfection. This could be a short break, a treat, or anything else that feels like a reward to you.

5. **Mindfulness and Reflection**: Practice mindfulness to stay focused on the present moment and the habit you're trying to cultivate. Reflect on why this habit is important to you and how it makes you feel when you do it.

6. **Incorporate Movement**: If possible, combine the habit with physical activity. This can help increase focus and"
mistralai/Mistral-7B-Instruct-v0.3,mistral,Q028,learning,NONE,222,1376,"Reading a long, difficult book can be a challenging but rewarding experience. Here are some strategies to help you approach it effectively:

1. Break it down: Divide the book into smaller, manageable sections. This could be chapters, parts, or even pages. Setting achievable goals can help you avoid feeling overwhelmed.

2. Set a schedule: Allocate specific time slots for reading. Consistency is key, so try to read at the same time every day. This could be 30 minutes a day or an hour, depending on your availability.

3. Understand the purpose: Knowing the book's purpose or main themes can help you stay focused and motivated. This understanding can also help you identify the most important sections to focus on.

4. Active reading: Don't just passively read. Engage with the text by asking questions, making connections, and summarizing key points in your own words. This active engagement can help improve comprehension and retention.

5. Use tools: Use tools like dictionaries, thesaurus, or an e-reader with a built-in dictionary to help with difficult words or phrases.

6. Take notes: Jot down important points, quotes, or questions as you read. This can help reinforce your understanding and make reviewing easier.

7. Read for understanding, not speed: Don't rush. Comprehension is more important than speed. If you need to re-read a section to understand it, do"
mistralai/Mistral-7B-Instruct-v0.3,mistral,Q028,learning,CONTROL,221,1401,"Reading a long, difficult book can be a challenging but rewarding experience. Here are some strategies that might help:

1. Break it down: Instead of trying to read the entire book at once, break it down into smaller, manageable sections. This could be chapters, sections, or even a few pages at a time.

2. Set realistic goals: Set achievable reading goals for each session. For example, aim to read 20-30 pages per day, or a certain number of pages before bedtime.

3. Understand the context: Before diving into the book, try to understand the context in which it was written. This can help you grasp the book's themes, arguments, and overall structure.

4. Active reading: Don't just passively read the book. Engage with the text by asking questions, making notes, and highlighting important points. This will help you remember and understand the material better.

5. Use reference materials: If the book is particularly difficult, use reference materials like dictionaries, encyclopedias, or online resources to help you understand complex concepts or unfamiliar words.

6. Take breaks: Don't push yourself too hard. Taking regular breaks can help prevent burnout and improve comprehension.

7. Read for understanding, not speed: Focus on understanding the material rather than reading as quickly as possible. Comprehension is more important than speed.

8. Summarize: After reading a section, try"
mistralai/Mistral-7B-Instruct-v0.3,mistral,Q028,learning,SCREEN,237,1442,"Reading a long, difficult book with a screen reader can be a challenging but rewarding experience. Here are some strategies that might help:

1. **Break it down**: Divide the book into smaller sections or chapters and tackle them one at a time. This can make the material feel less overwhelming and help you maintain focus.

2. **Use headings**: If the book is structured with headings, use them as natural breaks. This can help you understand the structure of the content and follow the flow of the book more easily.

3. **Summarize**: After reading a section, try to summarize the main points in your own words. This can help reinforce your understanding and make the content more memorable.

4. **Slow and steady**: Don't rush. Take your time to read and understand each section. If a sentence or paragraph is particularly difficult, read it multiple times or skip it and come back to it later.

5. **Use notes**: Take notes as you read. This can help you remember key points and make connections between different parts of the book.

6. **Use assistive technology features**: Many screen readers have features like text-to-speech customization, speed adjustment, and word prediction that can make reading easier and more efficient.

7. **Take breaks**: Don't forget to take regular breaks. Reading for long periods can tire your mind and affect your comprehension.

8. **Use audio versions**: If the book is also available in audio format"
mistralai/Mistral-7B-Instruct-v0.3,mistral,Q028,learning,AGE,236,1460,"At seventy-four, your reading journey is still a wonderful adventure! Here are some strategies to help you tackle a long, challenging book:

1. Break it down: Divide the book into smaller sections or chapters and set achievable daily reading goals. This will make the task less overwhelming.

2. Understand the context: Read the book's introduction, table of contents, and reviews to get a sense of the book's structure and themes. This can help you focus your reading and retain information more effectively.

3. Set a comfortable pace: Don't rush through the book. Take your time to absorb the content and reflect on the ideas presented.

4. Use reference materials: If the book is dense with complex concepts, use reference materials like dictionaries, encyclopedias, or online resources to help you understand difficult words or ideas.

5. Take notes: Jot down key points, quotes, or questions as you read. This can help reinforce your understanding and make it easier to remember the material.

6. Read actively: Engage with the text by asking questions, making connections to your own experiences, and reflecting on the ideas presented.

7. Take breaks: Give yourself time to rest and recharge. Reading for long periods without breaks can lead to fatigue and decreased comprehension.

8. Read for enjoyment: Remember that reading should be an enjoyable experience. If you find yourself struggling to engage with the book, take a break and come back to it"
mistralai/Mistral-7B-Instruct-v0.3,mistral,Q028,learning,ADHD,231,1362,"Reading a long, difficult book can be challenging, especially for individuals with ADHD. Here are some strategies that might help:

1. Break it down: Divide the book into smaller sections or chapters and set specific goals for each session. For example, aim to read one chapter or a certain number of pages per day or per session.

2. Use visual cues: Use sticky notes, digital bookmarks, or annotations to mark important sections or to remind yourself of key points. This can help you stay focused and remember where you left off.

3. Set a timer: Use a timer to help manage your reading sessions. This can help you stay focused and prevent you from getting overwhelmed. You can use a timer to read for a specific amount of time, like 25 minutes, followed by a short break, like 5 minutes. This is known as the Pomodoro Technique.

4. Read actively: Don't just passively read. Engage with the text by asking questions, summarizing what you've read, and making connections to your own experiences or other things you've read. This can help improve comprehension and retention.

5. Find your optimal reading environment: Find a quiet, comfortable place to read, free from distractions. If possible, try to read at the same time every day to establish a routine.

6. Use technology: Use e-books or audiobooks with adjustable text size, font, and speed. Some e-read"
mistralai/Mistral-7B-Instruct-v0.3,mistral,Q029,learning,NONE,228,1426,"Preparing for a test on material you find dull can be challenging, but there are several strategies that can help make the process more manageable and even interesting:

1. Break it down: Divide the material into smaller, manageable chunks. This can make it less overwhelming and easier to understand.

2. Find the connection: Try to find connections between the dull material and topics you are interested in. This can help you relate the material to something you enjoy, making it more engaging.

3. Use active learning techniques: Instead of passively reading or listening, try active learning techniques such as summarizing the material in your own words, teaching it to someone else, or creating visual aids like diagrams or mind maps.

4. Use mnemonics: Mnemonics, such as acronyms, rhymes, or visual images, can help you remember information more effectively.

5. Take breaks: Regular breaks can help prevent burnout and improve focus. Take short breaks every 30-60 minutes to stretch, move around, or do something you enjoy.

6. Use spaced repetition: Review the material at increasing intervals to help reinforce long-term memory. This can be done using flashcards or a spaced repetition app.

7. Stay motivated: Remind yourself of the reasons why you are studying the material, such as achieving a goal or improving your knowledge.

8. Stay organized: Keep your study materials organized and easy to access. This can"
mistralai/Mistral-7B-Instruct-v0.3,mistral,Q029,learning,CONTROL,225,1409,"Preparing for a test on material you find dull can be challenging, but there are strategies that can help make the process more manageable and even interesting. Here are some tips:

1. Break it down: Divide the material into smaller, manageable chunks. This can make it less overwhelming and easier to understand.

2. Find the connection: Try to find connections between the dull material and things you are interested in. This can help you relate the material to your personal experiences and make it more engaging.

3. Use active learning techniques: Instead of passively reading or listening to the material, try active learning techniques such as summarizing, teaching someone else, or creating visual aids.

4. Use mnemonics: Mnemonics, such as acronyms, rhymes, or visual images, can help you remember information more effectively.

5. Take breaks: It's important to take regular breaks to avoid burnout. Studies show that taking short breaks can actually improve memory and learning.

6. Stay organized: Keep your notes and study materials organized to make it easier to find information when you need it.

7. Use positive self-talk: Remind yourself that you are capable of learning and understanding the material, even if it's not your favorite subject.

8. Get help: If you're really struggling with the material, don't hesitate to seek help from a teacher, tutor, or study group.

9. Stay motivated:"
mistralai/Mistral-7B-Instruct-v0.3,mistral,Q029,learning,SCREEN,209,1322,"Preparing for a test on dull material can be challenging, but here are some strategies that might help, especially when using a screen reader:

1. **Break it down**: Divide the material into smaller, manageable sections. This can make it easier to understand and remember.

2. **Use mnemonics**: Create memory aids, such as acronyms or rhymes, to help remember key points. For example, the acronym ""ROYGBIV"" can help remember the colors of the rainbow (Red, Orange, Yellow, Green, Blue, Indigo, Violet).

3. **Teach someone else**: Explain the material to someone else, either in person or by recording a voice message. This can help reinforce your understanding of the material.

4. **Summarize**: Write a brief summary of each section or the entire topic. This can help you understand the main points and remember them.

5. **Use visualization**: Try to visualize the concepts. For example, if you're learning about the solar system, imagine the planets in order.

6. **Flashcards**: Create flashcards with key points on one side and explanations on the other. You can use a digital flashcard app that is compatible with your screen reader.

7. **Practice**: Regularly test yourself on the material. This can help reinforce your memory and build confidence.

8. **Study in different settings**: Try studying in different"
mistralai/Mistral-7B-Instruct-v0.3,mistral,Q029,learning,AGE,237,1501,"At any age, finding ways to engage with dull material can be challenging, but here are some strategies that might help:

1. Break it down: Divide the material into smaller, manageable parts. This can make it less overwhelming and easier to understand.

2. Use active learning techniques: Instead of passively reading or listening, try to engage with the material actively. For example, summarize the information in your own words, teach it to someone else, or create flashcards to help remember key points.

3. Find connections: Look for connections between the dull material and things you find interesting. This can help you relate the material to your personal experiences or other topics you're familiar with.

4. Use visual aids: Diagrams, charts, and pictures can help make complex information more understandable and memorable.

5. Take breaks: It's important to give your brain time to process and consolidate new information. Taking short breaks during study sessions can help improve memory and focus.

6. Stay motivated: Remind yourself why you're studying this material and what you hope to achieve. Setting small, achievable goals can help keep you motivated and focused.

7. Stay organized: Keep your study materials organized and easy to access. This can help reduce stress and make studying more efficient.

8. Get enough sleep: Adequate sleep is essential for memory consolidation and overall cognitive function. Make sure to get enough rest before studying or taking a test.

9. Stay"
mistralai/Mistral-7B-Instruct-v0.3,mistral,Q029,learning,ADHD,207,1360,"Preparing for a test on dull material can be challenging, but here are some strategies that might help, especially when combined with the use of reminders:

1. **Chunking**: Break down the material into smaller, manageable parts. This can make it less overwhelming and easier to understand.

2. **Active Recall**: Instead of passively reading, try to actively recall the information. This could be through self-quizzing, teaching someone else, or rephrasing the information in your own words.

3. **Elaborative Rehearsal**: Connect the new information to something you already know. This can help create a network of related information in your mind, making it easier to remember.

4. **Mnemonics**: Use memory aids like acronyms, rhymes, or visual images to help remember key points.

5. **Spaced Repetition**: Review the material at increasing intervals over time. This can help move the information from your short-term to your long-term memory.

6. **Movement Breaks**: Take short breaks to move around, especially during long study sessions. This can help improve focus and memory.

7. **Visual Aids**: If possible, use diagrams, charts, or other visual aids to help remember complex information.

8. **Mind Maps**: Create a mind map to visually organize the information. This can help you see the relationships between different pieces of information.

9"
mistralai/Mistral-7B-Instruct-v0.3,mistral,Q030,learning,NONE,224,1341,"Recognizing when to ask for help is a crucial life skill. Here are some signs that might indicate it's time to seek help:

1. You're feeling overwhelmed: If a task, problem, or situation feels too big or complex for you to handle on your own, it might be time to ask for help.

2. You're experiencing emotional distress: If you're feeling consistently anxious, depressed, or angry, and these feelings are interfering with your daily life, it's a good idea to seek help from a mental health professional.

3. You're struggling to make decisions: If you're finding it hard to make decisions or solve problems, it could be a sign that you need help.

4. You're not meeting your responsibilities: If you're consistently missing deadlines, forgetting important tasks, or neglecting your responsibilities, it might be a sign that you need help managing your time or tasks.

5. You're isolated: If you're feeling lonely or disconnected from others, it might be a sign that you need help building relationships or improving your social skills.

6. You're physically or emotionally drained: If you're constantly tired, stressed, or burnt out, it might be a sign that you need help managing your workload or finding a better balance in your life.

7. You're not progressing: If you're stuck in a situation or not making progress towards your goals, it"
mistralai/Mistral-7B-Instruct-v0.3,mistral,Q030,learning,CONTROL,222,1258,"That's a great question! Here are some signs that might indicate it's time to ask for help:

1. You're feeling overwhelmed: If a task or situation is causing you significant stress, anxiety, or frustration, it might be a good idea to seek help.

2. You're stuck: If you've been trying to solve a problem for a long time and haven't made progress, it could be beneficial to ask for help.

3. You're unsure: If you're unsure about how to proceed or if you're questioning your decisions, it might be helpful to consult with someone who has more experience or a different perspective.

4. You're tired: If you're feeling physically or mentally exhausted, it's a sign that you might need help.

5. You're not meeting your own standards: If you're not satisfied with the quality of your work or the results you're achieving, it might be time to seek help.

6. You're not enjoying the task: If you're doing something that you used to enjoy but now find it boring or tedious, it might be a sign that you need help to find a new approach or solution.

7. You're not meeting deadlines: If you're consistently missing deadlines, it's a sign that you might need help to manage your time or tasks more effectively.

8. You're neglecting other important areas of your life"
mistralai/Mistral-7B-Instruct-v0.3,mistral,Q030,learning,SCREEN,218,1290,"When using a screen reader, it's essential to find a balance between self-reliance and seeking help. Here are some guidelines to help you determine when to ask for help:

1. Persistence: If you've tried multiple methods or approaches and still can't figure out how to complete a task, it might be time to ask for help.

2. Time: If you've spent an extended amount of time (e.g., more than 10-15 minutes) trying to accomplish a task and are still struggling, it may be beneficial to seek assistance.

3. Frustration: If you're feeling frustrated, overwhelmed, or anxious while using the screen reader, it's a good idea to take a break and ask for help.

4. Unfamiliarity: If you're using a new application or feature and are having difficulty understanding how it works, don't hesitate to ask for help.

5. Collaboration: If you're working on a team or with others, it's essential to communicate your needs and ask for help when necessary.

6. Expertise: If you're unsure about the best way to perform a task or if there's a more efficient method, don't hesitate to ask a more experienced user or a support person.

7. Learning Opportunities: If you encounter a situation that challenges your understanding of the screen reader or accessibility concepts, use it as a learning opportunity and"
mistralai/Mistral-7B-Instruct-v0.3,mistral,Q030,learning,AGE,220,1323,"At seventy-four, it's important to recognize that asking for help is a sign of wisdom and strength, not a sign of weakness. Here are some signs that might indicate it's time to ask for help:

1. You're feeling overwhelmed: If you find yourself feeling constantly stressed, anxious, or unable to cope with daily tasks, it might be a sign that you need help.

2. You're experiencing physical or emotional pain: If you're dealing with chronic pain, depression, or other health issues, it's important to seek help from a healthcare professional.

3. You're isolating yourself: If you're spending less time with friends and family, or if you're feeling lonely, it might be a sign that you need help.

4. You're struggling with memory or cognitive issues: If you're having trouble remembering things, making decisions, or completing tasks, it might be a sign of cognitive decline and you should seek medical advice.

5. You're neglecting self-care: If you're not eating well, not getting enough sleep, or not taking care of your personal hygiene, it might be a sign that you need help.

6. You're feeling hopeless or helpless: If you're feeling like there's no solution to your problems, or if you're feeling like you can't change your situation, it might be a sign that you need help.

7. You're experiencing significant changes"
mistralai/Mistral-7B-Instruct-v0.3,mistral,Q030,learning,ADHD,226,1484,"It's important to recognize when you're consistently struggling with managing your ADHD symptoms and when you might need additional support. Here are some signs that it might be time to seek help:

1. Persistent difficulty in completing tasks or maintaining focus despite using reminders and other strategies.
2. Increased stress, anxiety, or emotional distress related to your ADHD symptoms.
3. Struggling to maintain personal relationships or professional responsibilities due to ADHD symptoms.
4. Experiencing negative consequences, such as missed deadlines, lost opportunities, or strained relationships, as a result of ADHD symptoms.
5. Feeling overwhelmed or burnt out due to the demands of managing your ADHD symptoms.
6. Difficulty organizing and prioritizing tasks, leading to a sense of chaos or disarray in your life.
7. Feeling isolated or disconnected from others due to ADHD symptoms.
8. Experiencing significant changes in your life, such as a new job, relationship, or living situation, that exacerbate your ADHD symptoms.

If you identify with several of these signs, it may be beneficial to seek help from a mental health professional, such as a psychologist, psychiatrist, or therapist who specializes in ADHD. They can help you develop strategies to manage your symptoms and provide support during challenging times. It's important to remember that seeking help is a sign of strength and self-awareness, and it's an essential step towards improving your quality of"
mistralai/Mistral-7B-Instruct-v0.3,mistral,Q031,home,NONE,210,1316,"Moving to a new flat can be an overwhelming experience, but breaking it down into manageable steps can make the process smoother. Here's a suggested order to help you settle in efficiently:

1. Research and organize:
   - Familiarize yourself with the new neighborhood, amenities, and local services.
   - Organize your belongings, declutter, and decide what to keep, sell, donate, or discard.
   - Make a list of essential items to purchase for the new flat.

2. Change of address:
   - Notify the post office, banks, utility companies, and other service providers of your new address.
   - Update your driver's license, passport, and other important documents.

3. Utilities and services:
   - Arrange for the connection of essential services like electricity, gas, water, internet, and TV.
   - Set up any necessary home maintenance services, such as cleaning or gardening.

4. Packing:
   - Pack your belongings systematically, labeling boxes according to their contents and the room they belong in.
   - Use protective materials like bubble wrap and packing paper to keep items safe during transport.

5. Hire a moving company or rent a van:
   - If you're hiring a moving company, book them well in advance.
   - If you're moving yourself, rent a suitable vehicle and arrange for help if needed.

6. Moving day"
mistralai/Mistral-7B-Instruct-v0.3,mistral,Q031,home,CONTROL,210,1295,"Moving to a new flat can be an exciting yet overwhelming experience. Here's a suggested order to help you manage the process more efficiently:

1. Research and plan:
   - Familiarize yourself with the area, amenities, and local community.
   - Determine your budget and what you can afford.
   - Decide on the type of property that best suits your needs (studio, apartment, house, etc.).
   - Create a list of potential properties to visit.

2. View properties:
   - Visit the properties on your list, taking notes and taking photos.
   - Consider factors like location, size, price, condition, and any additional costs (service charges, council tax, etc.).

3. Choose a property:
   - Once you've found the right property, negotiate the terms of the lease and sign the tenancy agreement.
   - Arrange for a deposit to be paid and the first month's rent.

4. Organize utilities and services:
   - Contact utility companies (electricity, gas, water, internet, and phone) to set up accounts in your name.
   - Arrange for the services to be connected on your move-in date.

5. Packing:
   - Start packing well in advance, labeling boxes clearly with their contents and the room they belong in.
   - Consider using a professional removal company or enlisting the help of friends and family.

6. Not"
mistralai/Mistral-7B-Instruct-v0.3,mistral,Q031,home,SCREEN,208,1334,"When moving to a new flat, it's essential to create a systematic and organized approach to ensure a smooth transition, especially when using a screen reader. Here's a suggested order to help you navigate through the process:

1. Familiarize yourself with the layout of the flat:
   - Explore the rooms, doors, windows, and any other significant features.
   - Learn the location of light switches, power outlets, and other controls.

2. Set up your living space:
   - Arrange furniture in a way that is comfortable and accessible for you.
   - Place essential items within easy reach.

3. Connect utilities and services:
   - Contact utility companies to set up gas, electricity, water, internet, and phone services.
   - Ensure that all services are functioning correctly before unpacking.

4. Unpack essential items:
   - Unpack items such as bedding, kitchen utensils, and personal belongings first.
   - Label boxes to make it easier to find items when needed.

5. Set up technology and electronics:
   - Connect your computer, TV, and other devices to the internet.
   - Configure your screen reader and any other assistive technology.

6. Organize the kitchen:
   - Arrange kitchen appliances, utensils, and food items in a logical and accessible manner.
   - Label cabinets and drawers for easy identification.

7. Organize the"
mistralai/Mistral-7B-Instruct-v0.3,mistral,Q031,home,AGE,209,1318,"Moving to a new flat at any age can be a significant life event, but especially so at 74 years old. Here's a sensible order to do things in when moving to a new flat:

1. Research and choose the right flat: Consider factors like location, size, accessibility, and amenities that cater to your needs and preferences.

2. Arrange for utilities and services: Contact utility companies to set up accounts for electricity, gas, water, internet, and television. Also, arrange for phone and mobile services.

3. Notify important parties: Inform your bank, doctor, insurance companies, and other service providers about your new address.

4. Organize your belongings: Declutter and sort your belongings, deciding what to keep, donate, sell, or discard.

5. Pack your belongings: Use appropriate packing materials, such as boxes, bubble wrap, and labels, to pack your belongings systematically.

6. Hire movers or arrange for help: If needed, hire professional movers or enlist friends and family to help with the move.

7. Disassemble and transport large items: Disassemble large furniture, such as beds, wardrobes, and bookshelves, and transport them safely to the new flat.

8. Set up essentials: Unpack and set up essential items, such as beds, kitchen appliances, and bathroom necessities, to make the new flat livable.

9"
mistralai/Mistral-7B-Instruct-v0.3,mistral,Q031,home,ADHD,215,1321,"Moving to a new flat can be a daunting task, especially for someone with ADHD. Here's a suggested order to help you manage the process effectively:

1. **Research and Plan**: Before you start packing, research the new area, understand the layout of the flat, and make a list of necessary furniture and appliances.

2. **Declutter**: Go through your belongings and declutter. Keep only what is essential and useful. This will make packing and unpacking easier.

3. **Pack Room by Room**: Start packing room by room. Begin with less-used rooms and items. Label each box with the room and a brief description of the contents.

4. **Essentials Box**: Pack a separate box with essentials like medication, important documents, a change of clothes, and toiletries. Keep this box with you during the move.

5. **Disassemble and Pack Large Items**: Disassemble larger furniture items and pack them separately.

6. **Hire Movers**: If you're hiring movers, coordinate with them for the move. If you're moving yourself, plan your route and vehicle needs.

7. **Move**: On moving day, unload the essentials box first. Start unpacking in the new flat by setting up the bedroom and bathroom first, as these are essential spaces.

8. **Unpack Room by Room**: Unpack room by room, following the order you packed. Start with the essential"
mistralai/Mistral-7B-Instruct-v0.3,mistral,Q032,home,NONE,229,1311,"Deciding what to keep and what to get rid of when you have too much stuff can be a challenging process, but here are some steps to help you:

1. **Identify the problem**: Understand why you have too much stuff. Is it due to sentimental attachment, a lack of organization, or a habit of accumulating things?

2. **Set clear goals**: Define what you want your space to look like and how you want to feel in it. This will help guide your decisions.

3. **Categorize your items**: Group similar items together. This could be books, clothes, electronics, etc.

4. **Apply the ""Marie Kondo"" method**: Hold each item and ask yourself if it sparks joy. If it does, keep it. If not, consider getting rid of it.

5. **Consider functionality**: Keep items that are useful and serve a purpose. If an item doesn't have a clear function or is duplicated, consider getting rid of it.

6. **Sentimental items**: Decide what to do with sentimental items. You might want to keep some, but consider if they truly spark joy or if they are just taking up space.

7. **Donate or sell**: Instead of throwing things away, consider donating or selling items that are still in good condition. This can help declutter your space and benefit others.

8. **Create a system for future purchases**: To avoid accumulating too much stuff in the"
mistralai/Mistral-7B-Instruct-v0.3,mistral,Q032,home,CONTROL,229,1328,"Deciding what to keep and what to get rid of when you have too much stuff can be a challenging task, but here are some steps to help you:

1. **Identify the problem**: Understand why you have too much stuff. Is it due to sentimental attachment, a lack of organization, or impulse buying? Identifying the root cause can help you address the issue effectively.

2. **Set clear criteria**: Establish guidelines for what you want to keep. This could be based on utility, sentimental value, or aesthetic appeal. For example, you might decide to keep only items that are useful, beautiful, or hold significant emotional value.

3. **Categorize your items**: Group similar items together. This could be books, clothes, electronics, etc. This will make it easier to evaluate each category separately.

4. **One in, one out rule**: Adopt a ""one in, one out"" rule for new items. This means that for every new item you bring into your home, you should get rid of an old one.

5. **Ask yourself questions**: For each item, ask yourself if it sparks joy, if it's used regularly, and if it has emotional significance. If the answer is no, consider getting rid of it.

6. **Donate or sell**: Instead of throwing away items, consider donating or selling them. This way, you can declutter your space and help someone else in need.

7. **Create a"
mistralai/Mistral-7B-Instruct-v0.3,mistral,Q032,home,SCREEN,205,1243,"When deciding what to keep and what to get rid of, especially when dealing with a lot of items, it's essential to follow a systematic and organized approach to make the process more accessible and manageable for you as a screen reader user. Here's a step-by-step guide to help you declutter and organize your belongings:

1. Create a decluttering plan:
   - Set clear goals for what you want to achieve.
   - Break down the decluttering process into manageable tasks or areas.
   - Allocate specific time slots for each task or area.

2. Gather necessary tools:
   - Labeling system (tactile or audio labels)
   - Organizational tools (bins, baskets, shelves, etc.)
   - Recycling and donation bags or boxes

3. Declutter one area at a time:
   - Start with a small, manageable area, such as a drawer or a shelf.
   - Use your screen reader to read the labels on each item.
   - Evaluate each item based on the following criteria:
     - Frequency of use
     - Emotional attachment
     - Functionality
     - Space availability
   - If an item doesn't meet any of the criteria, consider donating, recycling, or discarding it.

4. Organize and label:
   - Group similar items together.
   - Use tactile or audio labels to easily identify each"
mistralai/Mistral-7B-Instruct-v0.3,mistral,Q032,home,AGE,238,1482,"Deciding what to keep and what to get rid of when you have too much stuff can be a challenging process, especially as you age and downsizing becomes more important. Here are some steps to help you make these decisions:

1. Assess your needs: Consider your current lifestyle, health, and future plans. If you plan to move to a smaller home, you'll need to prioritize items that are essential and fit in your new living space.

2. Categorize your belongings: Group your items into categories such as furniture, clothing, books, electronics, and sentimental items. This will help you focus on each category separately.

3. Determine the value and sentimental attachment: Decide which items have practical value, sentimental value, or both. Items with high sentimental value but little practical use can be kept for memories, while items with high practical value but low sentimental attachment can be donated or sold.

4. Set goals: Establish clear goals for your downsizing process. For example, you might aim to keep only the essential furniture, donate clothing that no longer fits or is no longer worn, or sell items that hold significant value.

5. Limit emotional attachment: Try to be objective when evaluating sentimental items. Remember that items are just objects and do not carry the same emotional weight as the memories associated with them.

6. Seek help: If the process becomes overwhelming, consider seeking help from family members, friends, or professional organizers"
mistralai/Mistral-7B-Instruct-v0.3,mistral,Q032,home,ADHD,236,1299,"Managing clutter, especially when you have ADHD, can be challenging due to the executive function challenges that come with the condition. Here are some strategies to help you decide what to keep and what to get rid of:

1. Set a clear goal: Before you start sorting through your belongings, have a clear idea of what you want your space to look like and how you want to feel in it. This will help guide your decisions.

2. One item at a time: Instead of tackling a large pile or area all at once, focus on one item at a time. This can help reduce overwhelm and make the process more manageable.

3. Ask yourself questions: For each item, ask yourself if it sparks joy, if it's useful, and if it aligns with your goals. If the answer is no, consider letting it go.

4. Categories: Group similar items together to help you make decisions more easily. For example, group books, electronics, clothes, etc.

5. Use the 2-minute rule: If you can complete a task or put an item away in less than 2 minutes, do it immediately. This can help prevent clutter from building up.

6. Use reminders: Set reminders for tasks that require follow-up, such as returning a book or paying a bill. This can help ensure that you don't forget about items and let them accumulate.

7. Limit impulse purchases: Try to avoid"
mistralai/Mistral-7B-Instruct-v0.3,mistral,Q033,home,NONE,214,1273,"Planning meals for a week can be made less of a chore by following these steps:

1. **Identify Dietary Needs and Preferences**: Understand your dietary requirements (vegan, vegetarian, gluten-free, etc.) and personal preferences (dislikes, allergies, etc.).

2. **Choose a Meal Planning Method**: There are several methods to choose from, such as the traditional paper and pen, digital apps, or meal planning services. Choose the one that suits your lifestyle and preferences.

3. **Decide on a Theme**: Deciding on a theme for each day can make the process more enjoyable. For example, you could have Taco Tuesday, Pizza Night, or Meatless Monday.

4. **Plan Breakfast, Lunch, and Dinner**: Start by planning your main meals, then fill in snacks and beverages. Make sure to include a variety of foods from all food groups.

5. **Batch Cook**: Cooking in bulk can save time and effort. For example, you could make a large pot of chili on Sunday and use it for multiple meals throughout the week.

6. **Shop Efficiently**: Make a shopping list based on your meal plan and try to shop once a week. This can help save time and reduce food waste.

7. **Freeze Meals**: If possible, freeze some meals for later in the week. This can be particularly helpful for busy days.

8. **"
mistralai/Mistral-7B-Instruct-v0.3,mistral,Q033,home,CONTROL,225,1314,"Planning meals for a week can be made less of a chore by following these steps:

1. **Identify Dietary Needs and Preferences**: Consider your dietary requirements, such as vegetarian, vegan, gluten-free, or any food allergies. Also, think about what you and your family enjoy eating.

2. **Choose a Meal Planning Method**: There are several methods to plan meals, such as the traditional paper and pen, using apps, or creating a digital spreadsheet. Choose the method that suits you best.

3. **Decide on a Theme**: To make meal planning more interesting, you can choose a theme for each day of the week. For example, Monday could be ""Meatless Monday,"" Tuesday could be ""Taco Tuesday,"" Wednesday could be ""World Cuisine Wednesday,"" and so on.

4. **Create a Shopping List**: Once you've planned your meals, create a shopping list based on the ingredients you'll need. This will help ensure you have everything you need for your meals and reduce the need for frequent trips to the store.

5. **Batch Cook**: Batch cooking is a great way to save time. Cook larger quantities of meals on the weekend and freeze the leftovers for later in the week.

6. **Be Flexible**: Life happens, and plans change. Don't stress if you need to adjust your meal plan. The goal is to make meal planning easier, not to stick to a rigid"
mistralai/Mistral-7B-Instruct-v0.3,mistral,Q033,home,SCREEN,241,1414,"Planning meals for a week can be made easier and less of a chore with a few strategies that are accessible for screen reader users:

1. Use a digital meal planner: There are several digital meal planners available that are accessible with screen readers. Some popular options include Cozi, Plan to Eat, and Paprika Recipe Manager. These platforms allow you to create a shopping list, organize recipes, and schedule meals for the week.

2. Use a text-to-speech feature: If you prefer to plan meals using a text editor or word processor, enable the text-to-speech feature to read the content aloud. This can help you navigate through your meal plan and make adjustments as needed.

3. Use a talking scale or kitchen scale: A talking scale can help you measure ingredients accurately while cooking. This can be especially helpful when following a recipe or portioning out meals for the week.

4. Use a talking thermometer: A talking thermometer can help you ensure that your food is cooked to the correct temperature, which is essential for food safety and taste.

5. Use a talking timer: A talking timer can help you keep track of cooking times and ensure that your food is cooked evenly.

6. Use a recipe app: There are many recipe apps that are accessible with screen readers, such as BigOven, Yummly, and Allrecipes. These apps allow you to search for recipes, save favorites, and create shopping lists.

7. Use a"
mistralai/Mistral-7B-Instruct-v0.3,mistral,Q033,home,AGE,218,1333,"Planning meals for a week can be made easier and less of a chore by following these steps:

1. **Consider Dietary Needs and Preferences**: Take into account any dietary restrictions, such as allergies or intolerances, and personal preferences, such as vegetarian or vegan diets.

2. **Choose a Meal Structure**: Decide on a meal structure that works for you. This could be three main meals and three snacks, or six smaller meals throughout the day.

3. **Repeat Meals**: Repeat some meals throughout the week to simplify shopping and cooking. For example, you could have pasta on Monday and Thursday, or a specific breakfast every day.

4. **Plan Around Fresh and Frozen Foods**: Fresh produce is great, but it can spoil quickly. Incorporate frozen fruits and vegetables, which can last longer and are often just as nutritious.

5. **Use a Meal Planning App or Template**: There are many meal planning apps available that can help you organize your meals, create shopping lists, and even suggest recipes based on your dietary needs. If you prefer a more traditional approach, you can use a meal planning template or calendar.

6. **Batch Cook**: Cooking in larger quantities and freezing leftovers can save time and effort later in the week.

7. **Keep it Simple**: Don't overcomplicate meals. Simple, nutritious meals can be just as"
mistralai/Mistral-7B-Instruct-v0.3,mistral,Q033,home,ADHD,231,1336,"To plan meals for a week with ADHD, consider the following strategies to make it less of a chore:

1. Simplify your meal plan: Choose simple, quick, and easy-to-prepare meals. This can help reduce decision fatigue and the time spent meal planning.

2. Use a visual meal planner: A visual meal planner, such as a whiteboard, dry-erase board, or a meal planning app, can help you see the week's meals at a glance and make adjustments as needed.

3. Repetition is your friend: Repeat meals throughout the week to reduce the number of unique meals you need to plan. For example, you could have pasta on Monday, Wednesday, and Friday.

4. Use a meal planning service: There are many meal planning services available that cater to various dietary needs and preferences. These services can help take the guesswork out of meal planning and provide you with a weekly meal plan.

5. Break it down: Break the meal planning process into smaller, manageable tasks. For example, you could dedicate a specific day and time each week to meal planning, grocery shopping, and meal prep.

6. Use reminders: Set reminders for meal prep and cooking times to help you stay on track. You can use digital reminders on your phone or a physical reminder, such as a sticky note, to help you remember.

7. Involve family members: Involve family members in the meal"
mistralai/Mistral-7B-Instruct-v0.3,mistral,Q034,home,NONE,225,1361,"To make a small room feel less cramped without rebuilding, consider the following strategies:

1. Declutter: Remove unnecessary items and keep only the essentials. This will help create a sense of openness.

2. Lighten the color scheme: Use light, neutral colors on walls, furniture, and decor. Lighter colors reflect more light, making the room appear larger.

3. Maximize natural light: Open curtains or blinds during the day to let in as much natural light as possible. If possible, consider adding a skylight or a larger window.

4. Use mirrors: Mirrors can create the illusion of depth and make a room appear larger. Place a large mirror on a wall opposite a window to reflect light and make the room feel more spacious.

5. Opt for multi-functional furniture: Choose furniture with built-in storage, like an ottoman with a storage compartment or a bed with drawers underneath. This will help keep clutter at a minimum.

6. Hang shelves: Utilize vertical space by installing shelves to store books, decor, and other items. This will help declutter the floor and make the room feel taller.

7. Use lightweight, see-through furniture: Opt for furniture with open designs, like glass or wire, to make the room feel less cluttered and more open.

8. Strategic placement of furniture: Arrange furniture in a way that allows for easy movement and creates a clear"
mistralai/Mistral-7B-Instruct-v0.3,mistral,Q034,home,CONTROL,222,1353,"To make a small room feel less cramped without rebuilding, consider the following strategies:

1. Declutter: Remove unnecessary items and keep only the essentials. This will help create a more open and spacious feel.

2. Lighten the color palette: Paint the walls in light, neutral colors like white, beige, or pastel shades. Lighter colors reflect more light, making the room appear larger.

3. Use mirrors: Hang a large mirror on a wall to create an illusion of depth and increase the sense of space.

4. Maximize natural light: Open curtains or blinds during the day to let in as much natural light as possible. If the room has small windows, consider installing skylights or additional lighting fixtures to brighten up the space.

5. Opt for multi-functional furniture: Choose furniture with built-in storage, such as a bed with drawers or an ottoman with a hidden compartment. This will help keep clutter at bay and make the most of your limited space.

6. Use lightweight, see-through materials: Choose furniture made of lightweight materials like glass, lucite, or metal. These materials will make the room feel less cluttered and more open.

7. Hang shelves or floating shelves: Utilize vertical space by installing shelves to store books, decorative items, or plants. This will help declutter the floor and create a sense of height in the room."
mistralai/Mistral-7B-Instruct-v0.3,mistral,Q034,home,SCREEN,216,1316,"To make a small room feel less cramped without major renovations, consider the following tips:

1. Declutter: Remove unnecessary items and keep only the essentials. This will help create a more open and spacious feel.

2. Lighten the Color Scheme: Paint the walls in light, neutral colors. Lighter colors reflect more light, making the room appear larger.

3. Use Mirrors: Strategically place mirrors to create the illusion of depth and increase the sense of space.

4. Maximize Natural Light: Open curtains or blinds during the day to let in natural light. If possible, consider adding skylights or larger windows.

5. Opt for Multifunctional Furniture: Choose furniture that serves multiple purposes, such as a storage bed or a foldable table. This will help save space and reduce clutter.

6. Use Lightweight, Transparent Furniture: Lightweight furniture and transparent materials like glass or acrylic can make a room feel more open and spacious.

7. Hang Shelves or Curtains to the Ceiling: This creates the illusion of height and makes the room appear larger.

8. Strategic Placement of Rugs: A large rug can make a small room feel cozy, but too many rugs can make it feel cluttered. Instead, opt for a single, large rug that covers most of the floor.

9. Keep Floors Clear: Avoid placing furniture directly on"
mistralai/Mistral-7B-Instruct-v0.3,mistral,Q034,home,AGE,213,1322,"To make a small room feel less cramped without rebuilding, consider the following strategies:

1. Declutter: Remove unnecessary items and keep only the essentials. This will make the room appear more spacious.

2. Lighten the color scheme: Paint the walls in light, neutral colors like white, beige, or pastel shades. Lighter colors reflect more light, making the room feel more open and airy.

3. Use mirrors: Hang a large mirror on a wall to create an illusion of depth and increase the sense of space.

4. Maximize natural light: Open curtains or blinds during the day to let in as much natural light as possible. If the room has small windows, consider installing skylights or solar tubes.

5. Opt for multi-functional furniture: Choose furniture with built-in storage, such as a bed with drawers underneath or a storage ottoman. This will help declutter the room while providing a functional piece of furniture.

6. Use lightweight, see-through materials: Choose lightweight, see-through furniture like glass or acrylic tables, and light-colored upholstery. This will make the room feel less cluttered and more open.

7. Hang shelves or floating shelves: Utilize vertical space by hanging shelves to store books, decorative items, or plants. This will help declutter the floor and make the room feel taller.

8. Use a"
mistralai/Mistral-7B-Instruct-v0.3,mistral,Q034,home,ADHD,223,1375,"To make a small room feel less cramped without major renovations, consider the following tips:

1. Declutter: Remove unnecessary items and keep only the essentials. This will help reduce visual clutter and make the room appear larger.

2. Lighting: Maximize natural light by keeping windows unobstructed and using light-colored curtains or blinds. If natural light is limited, use bright artificial lighting to create an open and airy atmosphere.

3. Color scheme: Choose light, neutral colors for walls and large pieces of furniture. Lighter colors reflect more light, making the room appear larger.

4. Mirrors: Place a large mirror on a wall to create the illusion of depth and increase the amount of light in the room.

5. Furniture placement: Arrange furniture in a way that allows for a clear path to move around the room. Avoid pushing furniture against walls and opt for multi-functional furniture, such as a storage bed or a sofa bed, to save space.

6. Flooring: Opt for light-colored, large-format floor tiles or a light-colored carpet to make the room feel more spacious.

7. Vertical storage: Utilize vertical space with shelves, hanging organizers, or tall bookcases to store items without taking up floor space.

8. Furniture with legs: Choose furniture with legs instead of solid bases, as this allows air to circulate and makes the room feel less cramped.

9"
mistralai/Mistral-7B-Instruct-v0.3,mistral,Q035,home,NONE,206,1324,"Before signing a rental agreement, you should carefully review and consider the following points:

1. Property Description: Ensure the property matches the description provided, including its condition, size, number of rooms, and any included amenities.

2. Lease Term: Understand the length of the lease, renewal options, and any penalties for early termination.

3. Rent Amount: Verify the agreed-upon rent amount, due date, and method of payment.

4. Security Deposit: Check the amount of the security deposit, what it covers, and the process for returning it at the end of the lease.

5. Rent Increases: Understand if and how the rent can be increased during the lease term.

6. Utilities: Determine which utilities are the tenant's responsibility and which are the landlord's.

7. Maintenance and Repairs: Understand who is responsible for maintenance and repairs, and the process for requesting and completing them.

8. Pet Policy: If you have pets, ensure the agreement allows them or discuss any potential pet-related fees or restrictions.

9. Subletting and Assigning the Lease: Determine if subletting or assigning the lease is allowed, and if there are any conditions or fees associated with it.

10. Late Fees: Understand any late fees for rent payments and grace periods.

11. Rules and Restrictions: Review any"
mistralai/Mistral-7B-Instruct-v0.3,mistral,Q035,home,CONTROL,225,1440,"When considering signing a rental agreement, it's essential to review several key points to ensure a smooth and trouble-free tenancy. Here's a list of items you should check before signing a rental agreement:

1. Landlord's identity: Verify the landlord's identity and ensure they have the legal right to rent the property.

2. Property condition: Inspect the property thoroughly and document its current condition using photos or videos. Compare the condition with the property description in the rental agreement.

3. Rent amount: Make sure the rent amount is clearly stated, along with the frequency and method of payment.

4. Lease term: Understand the lease term, including the start and end dates, and any options for renewal or extension.

5. Security deposit: Confirm the amount of the security deposit, what it covers, and the process for returning it at the end of the lease.

6. Rent increase provisions: Check if the rental agreement includes any provisions for rent increases during the lease term and the notice period required.

7. Utilities: Determine which utilities are the tenant's responsibility and which are the landlord's.

8. Maintenance and repairs: Understand who is responsible for maintenance and repairs, and the process for requesting and completing them.

9. Pet policy: If you have pets, ensure the rental agreement allows them and any specific rules or restrictions.

10. Subletting and assignment: Find out"
mistralai/Mistral-7B-Instruct-v0.3,mistral,Q035,home,SCREEN,234,1489,"When using a screen reader to review a rental agreement, it's essential to ensure that the document is accessible and easy to navigate. Here are some key points to check before signing a rental agreement:

1. Document structure: Verify that the document is well-organized, with clear headings, subheadings, and numbered or bulleted lists where appropriate. This will help you navigate the agreement more efficiently.

2. Text alternatives for images: Ensure that all images, charts, or diagrams have appropriate text alternatives (alt text) for screen reader users.

3. Form fields: If the agreement includes form fields for your information, make sure they are properly labeled and can be easily filled out using a screen reader.

4. Links and hyperlinks: Check for any links or hyperlinks within the document, and ensure they are properly labeled and lead to relevant content.

5. Tables: If the agreement includes tables, verify that the data is presented in a logical and accessible manner, with appropriate row and column headers.

6. Formatting: Ensure that the text is easy to read, with a clear font, size, and line spacing. Avoid using complex or uncommon symbols, and ensure that the document is not overly cluttered.

7. Language and terminology: Familiarize yourself with the legal terms and language used in the agreement, and consult with a legal professional if you have any questions or concerns.

8. Accessibility statement: Some organizations may include an accessibility"
mistralai/Mistral-7B-Instruct-v0.3,mistral,Q035,home,AGE,223,1396,"At seventy-four, you are still active and making decisions, which is great! When considering a new rental agreement, it's essential to ensure that the terms are favorable and that the property meets your needs. Here are some key points to check before signing a rental agreement:

1. Lease term: Understand the length of the lease, whether it's a fixed term or month-to-month, and any renewal options.

2. Rent amount: Verify the monthly rent, any additional fees, and the due date for rent payments.

3. Security deposit: Confirm the amount of the security deposit, what it covers, and the return policy.

4. Maintenance and repairs: Determine who is responsible for maintenance and repairs, and if there are any specific maintenance policies or procedures.

5. Utilities: Identify which utilities are included in the rent and which you will be responsible for.

6. Pet policy: If you have pets, ensure the rental agreement allows them and any specific pet-related rules or fees.

7. Subletting and assignment: Find out if the landlord allows subletting or assigning the lease and any conditions that apply.

8. Quiet enjoyment: The rental agreement should include a clause that guarantees your right to quiet enjoyment, meaning you have the right to live in the property without interference from the landlord.

9. Termination clauses: Understand the process for ending the lease, including any"
mistralai/Mistral-7B-Instruct-v0.3,mistral,Q035,home,ADHD,219,1406,"When signing a rental agreement as someone with ADHD, it's essential to pay close attention to details to avoid potential issues down the line. Here are some key points to check before signing a rental agreement:

1. Lease term: Understand the length of the lease, renewal options, and any penalties for early termination.

2. Rent amount: Verify the monthly rent, any additional fees (e.g., utilities, pet fees, parking), and the due date for rent payments.

3. Security deposit: Confirm the amount of the security deposit, what it covers, and the process for returning it at the end of the lease.

4. Maintenance and repairs: Determine who is responsible for maintenance and repairs, and the process for requesting and scheduling them.

5. Pet policy: If you have pets, ensure the agreement allows them and any specific rules or restrictions.

6. Subletting and assignment clauses: Understand if you're allowed to sublet the property or assign the lease to someone else.

7. Rules and restrictions: Review any rules regarding noise levels, guests, and modifications to the property.

8. Late fees and grace periods: Understand the consequences of late rent payments, including late fees and potential eviction.

9. Notice periods: Determine the amount of notice required for rent increases, lease termination, and maintenance requests.

10. Dispute resolution: Understand the process for resolving disput"
mistralai/Mistral-7B-Instruct-v0.3,mistral,Q036,home,NONE,228,1440,"Maintaining a shared kitchen that is functional and enjoyable for everyone involves a combination of organization, communication, and respect. Here are some tips to help you keep a shared kitchen workable:

1. Establish rules: Set clear guidelines for using the kitchen, such as cleaning up after yourself, labeling food items, and designating specific areas for certain items.

2. Designate storage spaces: Assign specific areas for frequently used items, such as dishes, pots, and pans, to prevent confusion and ensure that everyone knows where to find what they need.

3. Label food items: Label food items in the refrigerator and pantry to avoid confusion and waste.

4. Create a cleaning schedule: Assign specific tasks to different individuals or groups, such as cleaning the countertops, sweeping the floor, and taking out the trash.

5. Communicate: Communicate with your fellow kitchen users about their schedules and any changes that may affect the kitchen's availability.

6. Be respectful: Respect others' belongings and cooking styles, and be open to learning from one another.

7. Keep it organized: Keep the kitchen clean and organized to make it easier for everyone to find what they need and to reduce clutter.

8. Be flexible: Be open to adapting to changes and compromising when necessary to ensure that the kitchen works for everyone.

9. Encourage teamwork: Work together to keep the kitchen clean and organized, and to"
mistralai/Mistral-7B-Instruct-v0.3,mistral,Q036,home,CONTROL,218,1420,"Maintaining a shared kitchen that is functional and harmonious for multiple users involves a combination of organization, communication, and respect. Here are some tips to help you keep a shared kitchen workable:

1. Establish rules: Set clear guidelines for using the kitchen, such as cleaning up after yourself, designating specific areas for personal items, and designating a schedule for shared appliances.

2. Label storage areas: Label shelves, drawers, and cabinets to help everyone easily find what they need and avoid confusion.

3. Designate a cleaning schedule: Assign specific tasks to each user, such as cleaning the countertops, sweeping the floor, and taking out the trash.

4. Keep it tidy: Encourage everyone to keep the kitchen clean as they go, rather than letting dishes pile up.

5. Communicate: Communicate with your fellow kitchen users about their schedules and any changes that may affect the kitchen's availability.

6. Be respectful: Respect others' belongings and cooking preferences, and be considerate of others when using the kitchen.

7. Keep supplies stocked: Make sure shared supplies, such as dish soap, sponges, and paper towels, are always available.

8. Be flexible: Be open to adjusting the rules and schedule as needed to accommodate everyone's needs.

9. Encourage open communication: If there are issues or concerns, address them promptly and respectfully to maintain a positive"
mistralai/Mistral-7B-Instruct-v0.3,mistral,Q036,home,SCREEN,214,1446,"To make a shared kitchen accessible for everyone, including those who use a screen reader, consider the following suggestions:

1. Labeling: Clearly label all appliances, cabinets, and drawers with Braille and tactile labels. This will help users with visual impairments to identify items easily.

2. Audio feedback: Install appliances with audio feedback, such as talking microwaves, refrigerators, and ovens. This will help users with visual impairments to operate the appliances independently.

3. Color contrast: Use high-contrast colors for cabinets, countertops, and appliances to make it easier for users with visual impairments to distinguish between different objects.

4. Organize: Keep the kitchen organized and decluttered to make it easier for everyone to navigate and find items.

5. Instructions: Provide written or audio instructions for using appliances and cooking recipes in a format that is accessible to users with visual impairments.

6. Training: Offer training sessions for all users on how to use the kitchen safely and efficiently, including how to use the appliances and navigate the space.

7. Communication: Encourage open communication among users to ensure everyone's needs are being met and to avoid any potential conflicts or misunderstandings.

8. Maintenance: Regularly maintain the kitchen to ensure it remains clean, safe, and functional for all users.

9. Feedback: Gather feedback from users with visual imp"
mistralai/Mistral-7B-Instruct-v0.3,mistral,Q036,home,AGE,222,1419,"Maintaining a shared kitchen that is functional and harmonious for multiple users can be a challenge, but it's definitely achievable. Here are some tips to help you keep your shared kitchen workable:

1. Establish rules: Set clear guidelines for using the kitchen, such as designating specific areas for different tasks (e.g., cooking, cleaning, storage), designating a schedule for using appliances, and establishing a system for sharing supplies.

2. Communicate: Encourage open communication among users to avoid misunderstandings and conflicts. Establish a system for scheduling kitchen use, such as a shared calendar or a sign-up sheet, to prevent double-booking and ensure everyone has access to the kitchen when they need it.

3. Organize: Keep the kitchen organized and clutter-free to make it easier for everyone to find what they need. Use clear labels for storage containers, designate a place for frequently used items, and regularly declutter the space.

4. Clean as you go: Encourage users to clean up after themselves as they work to prevent the kitchen from becoming messy and overwhelming. Assign specific cleaning tasks to each user, such as wiping down counters, washing dishes, and taking out the trash.

5. Be respectful: Encourage users to be considerate of others by not leaving messes, using shared supplies sparingly, and being mindful of noise levels.

6. Be flexible: Be open to adjusting the"
mistralai/Mistral-7B-Instruct-v0.3,mistral,Q036,home,ADHD,223,1312,"Managing a shared kitchen with ADHD and the use of reminders can be a challenge, but there are strategies that can help make it more organized and efficient. Here are some tips to help you keep a shared kitchen workable:

1. Establish clear rules and expectations:
   - Set guidelines for cleanliness, food storage, and kitchen etiquette.
   - Designate specific areas for different items, such as dishes, pots, and pans.
   - Establish a system for labeling and organizing food in the fridge and pantry.

2. Use a calendar or shared task list:
   - Use a shared calendar or task list app to schedule kitchen tasks, such as grocery shopping, meal planning, and cleaning.
   - Set reminders for yourself and others for tasks that need to be done, such as taking out the trash or cleaning the counter.

3. Create a chore chart:
   - Assign specific chores to each household member, such as dishwashing, cleaning the sink, or taking out the trash.
   - Use a visual chart to keep track of who is responsible for each chore and when it needs to be done.

4. Communicate openly:
   - Encourage open communication about kitchen usage, needs, and expectations.
   - Use a shared note or message board to leave reminders, notes, or messages for others.

5. Keep it organized:
   - Keep the kitchen tidy by putting things"
mistralai/Mistral-7B-Instruct-v0.3,mistral,Q037,home,NONE,237,1416,"A fair division of household chores can be achieved through a method called ""Chore Equity,"" which is a system that aims to distribute chores in a way that is both fair and equitable. Here's a simple way to implement it:

1. List all the household chores: Make a comprehensive list of all the tasks that need to be done regularly in your household. This could include cleaning, cooking, laundry, grocery shopping, yard work, etc.

2. Assign each chore a point value: Each chore is assigned a point value based on its complexity, frequency, and time required. For example, a simple task like dishwashing might be worth 2 points, while a more complex task like cleaning the bathroom might be worth 5 points.

3. Determine each person's chore points: Each person in the household assigns a number of points they are willing and able to contribute per week. This number should be realistic and considerate of each person's work schedule, physical abilities, and personal preferences.

4. Distribute the points: Distribute the total weekly points among the household members. The number of points each person gets should be proportional to the number of points they've agreed to contribute. For example, if there are two people in the household and each person contributes 10 points, each person gets 50 points to distribute among the chores.

5. Choose chores: Each person then chooses the chores they want to do based on"
mistralai/Mistral-7B-Instruct-v0.3,mistral,Q037,home,CONTROL,235,1438,"Dividing household chores fairly is a common challenge in many households. Here are some steps to help you create a fair and effective chore division system:

1. List all the chores: Make a comprehensive list of all the household tasks that need to be done regularly. This may include cleaning, cooking, laundry, grocery shopping, yard work, and more.

2. Assign tasks based on abilities, interests, and time availability: Consider each person's physical abilities, personal interests, and work or school schedules when assigning tasks. For example, if one person works long hours, they might not be responsible for cooking dinner every night.

3. Consider the frequency and effort required for each task: Some tasks may need to be done daily, while others can be done weekly or monthly. Assign tasks that require more effort or time to the person who has more capacity to handle them.

4. Use a chore chart: A chore chart can help keep everyone accountable and ensure that all tasks are being completed. You can use a simple spreadsheet, a whiteboard, or a chore app to create and manage the chart.

5. Make it flexible: Life is unpredictable, and people's schedules and energy levels can change. Be flexible and adjust the chore division as needed.

6. Communicate openly: Regularly discuss the chore division and make adjustments as necessary. If someone is feeling overwhelmed, work together to find solutions.

7. Share the benefits:"
mistralai/Mistral-7B-Instruct-v0.3,mistral,Q037,home,SCREEN,233,1539,"Dividing household chores fairly when one person uses a screen reader can be approached in a few ways to ensure inclusivity and equality. Here are some suggestions:

1. **Chore assignment based on ability, not disability:** Instead of assigning chores based on the assumption that one person may have a disability, consider each person's abilities, interests, and energy levels. This approach ensures that everyone contributes according to their capabilities.

2. **Communication and collaboration:** Clearly communicate expectations, preferences, and any accommodations needed for each task. For example, if a chore requires visual inspection, find a way to make it accessible, such as using a labeling system or verbal descriptions.

3. **Flexibility and adaptability:** Be open to adjusting tasks or responsibilities as needed. For instance, if a task becomes too challenging for the person using a screen reader, find an alternative solution or redistribute the chore.

4. **Rotation and flexibility in task selection:** Implement a chore rotation system where each person takes turns doing different chores. This ensures that no one person is always stuck with the same tasks and can help accommodate any accessibility challenges that may arise.

5. **Consider time management:** If one person requires more time to complete a task due to the use of a screen reader, factor that into the chore distribution. This can help maintain a fair and balanced workload for everyone.

6. **Involve all household members in decision-making:** In"
mistralai/Mistral-7B-Instruct-v0.3,mistral,Q037,home,AGE,233,1410,"At seventy-four years old, you may be retired or semi-retired, and your energy levels and abilities might be different from those of a younger person. However, it's essential to maintain a sense of independence and contribute to the household in a way that is comfortable for both you and your partner. Here's a suggestion for a fair division of household chores:

1. Assess your abilities: Identify tasks that you can comfortably handle, and those that might be too strenuous. This could include tasks like cooking, cleaning, gardening, shopping, and maintenance work.

2. Consider your interests: Some people enjoy certain tasks more than others. For example, if you both enjoy cooking, you might take on meal preparation, while your partner handles laundry or cleaning.

3. Allocate tasks based on time availability: If one person works full-time and the other part-time, or if one person has more free time due to retirement, tasks can be allocated accordingly.

4. Delegate tasks based on skill level: If one person is more adept at a particular task, it might make sense for that person to handle it. For example, if one person is a better cook, they might handle meal preparation.

5. Hire help: If necessary, consider hiring help for tasks that are too strenuous or time-consuming. This could include a cleaning service, a gardener, or a meal delivery service.

6. Be flexible: Be open to adjusting the"
mistralai/Mistral-7B-Instruct-v0.3,mistral,Q037,home,ADHD,206,1308,"Splitting household chores fairly when dealing with ADHD can be a bit challenging due to the unique challenges that come with the condition, such as difficulty with organization, prioritization, and follow-through. Here's a strategy that might help:

1. **Chore List**: Create a list of all the household chores that need to be done regularly. This could include tasks like cleaning, cooking, laundry, grocery shopping, etc.

2. **Chore Categories**: Group the chores into categories based on their nature, frequency, and complexity. For example, you might have categories like ""Daily Tasks,"" ""Weekly Tasks,"" ""Monthly Tasks,"" and ""One-Time Tasks.""

3. **Chore Assignment**: Assign each category to a person based on their abilities, interests, and the time they can dedicate. For example, if one person is more organized, they might handle the ""Daily Tasks."" If one person has more free time, they might handle the ""Weekly Tasks.""

4. **Chore Rotation**: To prevent burnout, consider rotating the ""One-Time Tasks"" or more complex tasks. This way, everyone gets a chance to learn new skills and doesn't get stuck with the same tasks all the time.

5. **Visual Reminders**: Use visual reminders for each person's tasks. This could be a physical board, a digital app, or even a shared calendar. For someone with"
mistralai/Mistral-7B-Instruct-v0.3,mistral,Q038,home,NONE,194,1351,"Finding a reliable tradesperson for a small job involves a combination of research, recommendations, and due diligence. Here are some steps you can follow:

1. **Identify the Trade**: Determine the specific trade you need, such as a plumber, electrician, carpenter, or painter.

2. **Ask for Recommendations**: Ask friends, family, or colleagues if they have had good experiences with any tradespeople. Local businesses, hardware stores, and community noticeboards can also be a good source of recommendations.

3. **Online Research**: Use online directories, review sites, and social media to find potential tradespeople in your area. Websites like Angie's List, HomeAdvisor, and Yelp can provide reviews and ratings.

4. **Check Credentials**: Ensure the tradesperson is licensed, insured, and certified if applicable. In some trades, this is a legal requirement.

5. **Interview Potential Candidates**: Arrange to meet with a few potential tradespeople. During the interview, discuss the job, get quotes, and assess their professionalism, communication skills, and understanding of the job.

6. **Request References**: Ask for references from previous clients. Call these references to ask about the quality of work, professionalism, and if they would hire the tradesperson again.

7. **Check Work Quality**: If possible, inspect the tradesperson's"
mistralai/Mistral-7B-Instruct-v0.3,mistral,Q038,home,CONTROL,197,1357,"Finding a reliable tradesperson for a small job involves a combination of research, recommendations, and due diligence. Here are some steps you can follow:

1. **Identify the Trade**: Determine the specific trade you need, such as a plumber, electrician, carpenter, or painter.

2. **Ask for Recommendations**: Ask friends, family, and neighbors for recommendations. Personal experiences can be a great source of trustworthy advice.

3. **Online Research**: Use online directories, review sites, and social media to find local tradespeople. Websites like Angie's List, HomeAdvisor, and Thumbtack can be helpful. Read reviews and check ratings.

4. **Licensing and Insurance**: Ensure the tradesperson is licensed and insured. A license ensures they have the necessary qualifications, and insurance protects you in case of accidents or damage during the job.

5. **Interview Potential Candidates**: Discuss your project with potential tradespeople. This can help you gauge their expertise, communication skills, and professionalism.

6. **Get Multiple Quotes**: Get written estimates from at least three different tradespeople. This can help you compare prices and services.

7. **Check References**: Ask for references and follow up on them. A good tradesperson will be happy to provide references and should have a history of satisfied customers.

8. **Ask"
mistralai/Mistral-7B-Instruct-v0.3,mistral,Q038,home,SCREEN,204,1389,"To find a reliable tradesperson for a small job, here are some steps you can take:

1. **Ask for Recommendations**: Ask friends, family, or colleagues if they have had positive experiences with any tradespeople. Personal recommendations can be a good starting point.

2. **Online Reviews**: Look for tradespeople on review websites like Google My Business, Yelp, Angie's List, or HomeAdvisor. Read through the reviews carefully, paying attention to the tradesperson's professionalism, punctuality, and the quality of their work.

3. **Professional Associations**: Check if the tradesperson is a member of a professional association. This can indicate that they meet certain standards and are committed to their profession.

4. **Check Licenses and Insurance**: Ensure the tradesperson has the necessary licenses and insurance. This protects you in case of accidents or poor workmanship.

5. **Interview Process**: Once you have a list of potential tradespeople, arrange interviews. During the interview, ask about their experience, the process they follow, their availability, and their pricing.

6. **Communication**: Assess their communication skills. It's important that they can clearly explain what they will do, how they will do it, and what it will cost.

7. **Get Multiple Quotes**: Get quotes from several tradespeople to compare prices. However, remember that the cheapest option"
mistralai/Mistral-7B-Instruct-v0.3,mistral,Q038,home,AGE,212,1423,"Finding a reliable tradesperson at any age can be a significant task, but here are some steps that can help you find a trustworthy professional for a small job:

1. **Ask for recommendations**: Start by asking friends, family, and neighbors who they have worked with in the past. Personal recommendations are often a good source of reliable tradespeople.

2. **Check online reviews**: Websites like Yelp, Angie's List, and HomeAdvisor can provide reviews and ratings of local tradespeople. Be sure to read several reviews to get a well-rounded understanding of the tradesperson's work.

3. **Verify licensing and insurance**: Ensure that the tradesperson is licensed and insured. This can protect you in case of any accidents or issues during the job.

4. **Interview potential candidates**: Schedule interviews with a few potential tradespeople. During the interview, ask about their experience, pricing, and availability. Also, inquire about the specifics of the job, such as the timeline and cleanup.

5. **Request references**: Ask for references from past clients. Contact these references to ask about the quality of the work and the tradesperson's professionalism.

6. **Check for certifications**: For certain trades, such as electricians or plumbers, there may be specific certifications they should hold. Verify that they have the necessary certifications.

7. **Get written estimates**: Request written estimates"
mistralai/Mistral-7B-Instruct-v0.3,mistral,Q038,home,ADHD,225,1437,"Finding a reliable tradesperson for a small job can be a bit of a process, but with the right approach, you can increase your chances of finding someone trustworthy. Here are some steps you can take:

1. **Ask for recommendations**: Start by asking friends, family, and colleagues if they have had positive experiences with any tradespeople. Personal recommendations can be a great way to find someone reliable.

2. **Online reviews**: Check online review platforms like Google, Yelp, or Angie's List for local tradespeople in your area. Look for tradespeople who have consistently positive reviews and a high rating.

3. **Licensing and insurance**: Ensure that the tradesperson is licensed and insured. This can protect you in case of any accidents or issues during the job.

4. **Interview potential tradespeople**: Before hiring, have a conversation with potential tradespeople. This can help you gauge their professionalism, communication skills, and understanding of the job. Ask about their experience, their process, and what you can expect during the job.

5. **Get multiple quotes**: Get quotes from several tradespeople to compare prices. However, be wary of extremely low quotes, as they might indicate a lack of experience or quality work.

6. **Check their references**: Ask for references from past clients and follow up with them. This can give you a sense of the tradesperson's reliability and the quality of their work."
mistralai/Mistral-7B-Instruct-v0.3,mistral,Q039,home,NONE,227,1358,"Reducing clutter that keeps coming back requires a systematic and sustainable approach. Here are some strategies that might help:

1. **Declutter Regularly**: Make decluttering a part of your routine. Set aside time each week or month to go through your belongings and get rid of items you no longer need or use.

2. **One In, One Out Rule**: For every new item you bring into your home, find something to get rid of. This helps prevent the accumulation of excess items.

3. **Organize**: Proper organization can help keep clutter at bay. Use storage solutions that fit your space and needs. Labeled boxes, shelves, and drawers can make it easier to find items and keep them in their place.

4. **Avoid Impulse Buys**: Try to resist the urge to buy items you don't really need. Ask yourself if the item is necessary and if it will add value to your life before purchasing.

5. **Digital Clutter**: Just like physical items, digital clutter can also accumulate. Regularly clean out your email inbox, delete old files, and unsubscribe from unnecessary newsletters.

6. **Decide on a Place for Everything**: Everything you own should have a designated place. This makes it easier to put items away and reduces clutter.

7. **Donate or Sell**: Instead of throwing away items, consider donating or selling them. This can help declutter your space and also benefit"
mistralai/Mistral-7B-Instruct-v0.3,mistral,Q039,home,CONTROL,230,1364,"Reducing clutter that keeps coming back often requires a multi-faceted approach that addresses the root causes of the clutter, not just the symptoms. Here are some strategies you might find helpful:

1. Identify the sources of clutter: Determine what types of items tend to accumulate and why. Is it paperwork, toys, or miscellaneous items? Understanding the sources will help you target your decluttering efforts more effectively.

2. Establish a system for managing incoming items: Implement a system for handling new items as they come in. This could be a designated inbox for mail, a specific spot for keys and wallet, or a routine for sorting through emails.

3. Set boundaries: Establish limits on the number of items you keep in certain areas. For example, you might decide to only keep 10-15 books on your bookshelf, or a specific number of clothes in your closet.

4. Create designated storage spaces: Make sure you have enough storage solutions for the items you decide to keep. This could be shelves, baskets, boxes, or hooks.

5. Use the ""one in, one out"" rule: For every new item you bring into your home, find something to donate, sell, or discard. This helps prevent the accumulation of excess items.

6. Regularly declutter: Set aside time each week or month to declutter specific areas of your home. This could be as simple as taking a few minutes"
mistralai/Mistral-7B-Instruct-v0.3,mistral,Q039,home,SCREEN,241,1438,"To reduce clutter on a screen that is accessible with a screen reader, consider the following strategies:

1. Minimize the number of open tabs or windows: Keep only the necessary tabs or windows open to reduce clutter. Close any tabs or windows that are not currently in use.

2. Use a clean and simple design: Choose a clean and simple design for your website or application, with a clear hierarchy of information. Avoid using too many fonts, colors, or images, as this can make the content harder to navigate for screen reader users.

3. Use headings and labels: Use appropriate headings and labels for all elements on the page, such as headings, buttons, and form fields. This helps screen reader users understand the structure of the content and navigate more easily.

4. Use descriptive text: Use descriptive text for images, links, and buttons, so that screen reader users can understand the purpose of these elements without having to rely on context.

5. Use lists: Use lists to organize related information, such as a list of links or a list of options in a dropdown menu. This makes it easier for screen reader users to navigate and understand the content.

6. Use ARIA roles and properties: Use ARIA (Accessible Rich Internet Applications) roles and properties to provide additional context to screen reader users. For example, use the `aria-label` property to provide a label for an element that doesn't have a built-in label,"
mistralai/Mistral-7B-Instruct-v0.3,mistral,Q039,home,AGE,222,1339,"Reducing clutter, especially as we age, can help maintain a clean, organized living space and reduce stress. Here are some strategies to help you manage clutter effectively:

1. Set clear goals: Define what you want your living space to look like and the lifestyle you want to maintain. This will help you make informed decisions about what items to keep, donate, or discard.

2. Declutter regularly: Set aside time each week or month to declutter specific areas of your home. This could be as little as 15 minutes a day or a few hours on the weekend.

3. One in, one out: Adopt a ""one in, one out"" rule. For every new item you bring into your home, find something to donate, sell, or discard. This helps prevent clutter from accumulating.

4. Categorize items: Group similar items together, such as books, electronics, or kitchen utensils. This makes it easier to find what you need and keeps your space organized.

5. Use storage solutions: Utilize shelves, baskets, and drawers to store items neatly. Consider using vertical space to maximize storage capacity.

6. Create designated spaces: Assign specific areas for items, such as a designated spot for keys, mail, or electronics. This helps keep items organized and reduces clutter.

7. Limit sentimental items: Be mindful of sentimental items that may contribute to clutter. Consider"
mistralai/Mistral-7B-Instruct-v0.3,mistral,Q039,home,ADHD,221,1385,"Managing clutter, especially when you have ADHD, can be challenging due to the inherent organizational and focus challenges that come with the condition. Here are some strategies to help you reduce clutter and maintain a more organized environment:

1. Digital Declutter: Utilize digital tools like reminders, calendars, and apps to keep track of tasks, appointments, and deadlines. This can help minimize the need for physical reminders and reduce clutter.

2. Single-Task: Focus on completing one task at a time before moving on to the next. This can help prevent the accumulation of half-finished tasks and reduce clutter.

3. Designated Spaces: Assign specific places for items in your home or workspace. This can help ensure that items are put away properly and reduce clutter.

4. Regular Cleaning: Set aside time each day or week for a quick tidy-up. This can help prevent clutter from building up.

5. Sort and Purge: Regularly go through your belongings and discard, donate, or sell items that are no longer needed or useful. This can help keep clutter at bay.

6. Use Labels: Labeling drawers, shelves, and containers can help you quickly identify where items belong and encourage proper placement.

7. Reduce Paper Clutter: Minimize paper clutter by going digital with bills, statements, and documents whenever possible. If you must keep paper documents, use a filing system"
mistralai/Mistral-7B-Instruct-v0.3,mistral,Q040,home,NONE,252,1418,"Deciding whether a repair is something you can handle yourself involves considering several factors:

1. Skill Level: Assess your own skills and experience. If you have the necessary knowledge and expertise, you might be able to handle the repair. If not, it may be best to hire a professional.

2. Tools: Check if you have the right tools for the job. Some repairs may require specialized tools that you may not have at home.

3. Safety: Some repairs can be dangerous if not done correctly. If the repair involves electricity, gas, or other potentially hazardous materials, it might be best to hire a professional.

4. Time: Consider how much time you have. If the repair is a simple one and you have the time to learn and complete it, it could be a good DIY project. If it's a complex repair that will take a long time, hiring a professional might be more efficient.

5. Cost: Compare the cost of hiring a professional to the cost of the tools and materials you would need to buy to do the repair yourself. If the cost of the repair is significantly less than the cost of the tools and your time, it might be more cost-effective to hire a professional.

6. Complexity: If the repair is complex and involves multiple steps, it might be more difficult to do yourself, especially if you're not familiar with the repair process.

7. Risk: Consider the risk of making the problem worse if you attempt the repair yourself."
mistralai/Mistral-7B-Instruct-v0.3,mistral,Q040,home,CONTROL,253,1408,"To decide whether a repair is something you can handle yourself, consider the following factors:

1. Skill Level: Assess your own skills and experience. If you have the necessary knowledge and expertise, you may be able to handle the repair. If not, it might be best to hire a professional.

2. Tools: Check if you have the right tools for the job. Some repairs may require specialized tools that you may not have at home.

3. Safety: Some repairs can be dangerous if not done correctly. If the repair involves electricity, gas, or other potentially hazardous materials, it might be best to hire a professional.

4. Time: Consider how much time you have. If the repair is a simple one and you have the time to learn and complete it, it could be a good DIY project. If it's a complex repair that will take a long time, hiring a professional might be more efficient.

5. Cost: Compare the cost of hiring a professional to the cost of the tools and materials you would need to buy to do the repair yourself. If the cost of the repair is significantly less than the cost of the tools and your time, it might be more cost-effective to hire a professional.

6. Complexity: If the repair is complex and involves multiple steps, it might be more difficult to do it yourself, especially if you're not familiar with the specific repair.

7. Risk: Consider the risk of making the problem worse if you attempt the repair"
mistralai/Mistral-7B-Instruct-v0.3,mistral,Q040,home,SCREEN,253,1523,"When deciding whether a repair is something you can handle on your own as a screen reader user, consider the following factors:

1. Safety: Ensure the repair does not pose any safety risks, such as electrical work or dealing with hazardous materials. If in doubt, it's best to consult a professional.

2. Complexity: Assess the complexity of the repair. If it involves intricate steps or specialized knowledge, it may be best to hire a professional or seek help from someone who has experience with the specific repair.

3. Accessibility: Make sure the repair instructions or manuals are accessible to you. Some resources may not be fully compatible with screen readers, making it difficult to follow the instructions. Look for resources that offer clear, step-by-step instructions in an accessible format.

4. Tools and equipment: Check if you have the necessary tools and equipment to complete the repair. Some repairs may require specialized tools that you may not have access to.

5. Time and patience: Consider if you have the time and patience to complete the repair. Some repairs may take a significant amount of time and require multiple steps, which may not be feasible if you're short on time or patience.

6. Cost-effectiveness: Compare the cost of hiring a professional versus the cost of the parts and tools required for the repair. If the repair is relatively simple and the cost of parts and tools is significantly lower than the cost of hiring a professional, it may be more cost-effective to do it yourself"
mistralai/Mistral-7B-Instruct-v0.3,mistral,Q040,home,AGE,233,1445,"At seventy-four, it's important to consider your physical abilities, safety, and comfort when deciding whether to tackle a repair job yourself. Here are some factors to consider:

1. Physical Ability: Assess your strength, flexibility, and balance. If the repair requires heavy lifting, awkward positions, or fine motor skills that you find challenging, it might be best to hire a professional.

2. Tools and Equipment: Check if you have the necessary tools and equipment to complete the repair. Some jobs may require specialized tools that you may not have at home.

3. Time and Patience: Consider if you have the time and patience to complete the repair. Some jobs can be time-consuming and may require multiple steps.

4. Risk Assessment: Evaluate the potential risks involved in the repair. If the repair involves working at heights, dealing with electricity, or handling hazardous materials, it might be safer to hire a professional.

5. Cost-Benefit Analysis: Compare the cost of hiring a professional to the cost of the materials and tools you would need to do the repair yourself. If the cost of hiring a professional is significantly higher, it might be worth attempting the repair yourself.

6. Instructions and Guidance: Ensure that you have clear, step-by-step instructions or a guide to follow. There are many online resources, including videos, that can help you learn how to complete a repair.

7. Complexity of the Repair: If the"
mistralai/Mistral-7B-Instruct-v0.3,mistral,Q040,home,ADHD,232,1382,"Deciding whether a repair is something you can handle on your own, especially when you have ADHD, can be a balancing act between your skills, tools, time, and the complexity of the task. Here are some steps to help you make an informed decision:

1. Assess the task:
   - Understand the nature of the repair, such as its purpose, the parts involved, and the tools required.
   - Break down the repair process into smaller, manageable steps to get a clearer picture of what needs to be done.

2. Evaluate your skills:
   - Reflect on your past experiences with similar repairs. Have you successfully completed similar tasks in the past?
   - Consider any relevant knowledge or skills you've gained from hobbies, work, or educational experiences.

3. Gather resources:
   - Research the repair online, watching tutorials or reading guides to familiarize yourself with the process.
   - Make a list of the tools and parts you'll need for the repair.

4. Assess your time:
   - Estimate the time it will take to complete the repair, taking into account any learning curve or potential challenges.
   - Be realistic about your schedule and whether you have the time to dedicate to the repair.

5. Consider your environment:
   - Is the repair location safe for you to work in, and do you have a suitable workspace?
   - Are there any potential risks or hazards associated with the repair"
mistralai/Mistral-7B-Instruct-v0.3,mistral,Q041,tech,NONE,215,1350,"To diagnose why your computer has become slower, you can follow these steps:

1. **Check for Malware:** Run a full system scan with reliable antivirus software to ensure there's no malware or viruses slowing down your system.

2. **Disk Cleanup:** Regularly cleaning up temporary files, unnecessary files, and system junk can help speed up your computer. You can use built-in tools like Disk Cleanup in Windows or Clean My Mac for Mac.

3. **Disk Defragmentation:** Fragmented files can slow down your computer. In Windows, you can defragment your hard drive using the built-in Defragment and Optimize Drives tool. For Mac, there's no need to defragment, as the operating system handles this automatically.

4. **Update Your System:** Make sure your operating system and all applications are up-to-date. Updates often include performance improvements and security patches.

5. **Check Startup Programs:** Too many programs running at startup can slow down your computer. In Windows, you can manage startup programs through Task Manager. On a Mac, you can manage startup items in System Preferences > Users & Groups > Login Items.

6. **Disk Space:** Ensure you have enough free space on your hard drive. A full hard drive can cause performance issues.

7. **RAM Usage:** If your computer has less RAM than the applications you're running, it can lead"
mistralai/Mistral-7B-Instruct-v0.3,mistral,Q041,tech,CONTROL,205,1299,"To diagnose why your computer has become slower, you can follow these steps:

1. **Check for Malware:** Run a full system scan with reliable antivirus software to ensure there's no malware or viruses slowing down your system.

2. **Disk Cleanup:** Use the Disk Cleanup tool in Windows or the ""Optimize Storage"" feature in macOS to remove temporary files, system files that are no longer needed, and unnecessary downloads.

3. **Disk Defragmentation:** In Windows, use the Disk Defragmenter tool to reorganize your hard drive's files, which can improve performance.

4. **Update System and Applications:** Make sure your operating system and all applications are up-to-date. Updates often include performance improvements and security patches.

5. **Check Startup Programs:** Inspect the programs that start with your computer and disable any unnecessary ones. On Windows, you can do this through Task Manager (Ctrl+Shift+Esc), on the Startup tab. On macOS, you can find this in System Preferences > Users & Groups > Login Items.

6. **Check Disk Health:** Run a disk health check on your hard drive to ensure it's functioning correctly. On Windows, this can be done through the Disk Management tool. On macOS, use the Disk Utility tool.

7. **RAM Check:** If you have recently added more RAM, ensure"
mistralai/Mistral-7B-Instruct-v0.3,mistral,Q041,tech,SCREEN,190,1223,"To diagnose the cause of a slow computer, especially when using a screen reader, you can follow these steps:

1. **Perform a System Diagnostic:

   - Run Windows Performance Analyzer (WPA) or XPerf (for Windows) to identify performance bottlenecks.
   - For macOS, use Activity Monitor to check CPU, memory, and disk usage.

2. **Check for Malware:

   - Run a full system scan with your antivirus software to ensure there's no malware causing the slowdown.

3. **Update Your System:

   - Make sure your operating system, screen reader software, and other applications are up-to-date.

4. **Optimize Your Screen Reader Settings:

   - Adjust the settings of your screen reader to optimize performance. For example, in JAWS, you can adjust the Verbosity settings to improve speed.

5. **Clean Up Your System:

   - Remove unnecessary files, such as temporary files, old system files, and large files that are no longer needed.

6. **Disable Unnecessary Startup Programs:

   - Check and disable any unnecessary programs that start with your computer, as they can slow down your system.

7. **Upgrade Hardware:

   - If your hardware is outdated, consider upgrading your RAM or SSD to improve system performance.

8. **Check"
mistralai/Mistral-7B-Instruct-v0.3,mistral,Q041,tech,AGE,203,1351,"To diagnose why your computer has become slower, you can follow these steps:

1. **Check for Malware:** Run a full system scan with reliable antivirus software to ensure there's no malware or viruses slowing down your system.

2. **Disk Cleanup:** Regularly cleaning up temporary files, unnecessary files, and system junk can help speed up your computer.

3. **Disk Defragmentation:** Fragmented files can slow down your computer. Run Disk Defragmentation to reorganize these files and improve performance.

4. **Update Your System:** Make sure your operating system and all applications are up-to-date. Updates often include performance improvements and security patches.

5. **Disable Unnecessary Startup Programs:** Some programs start automatically when your computer boots up, consuming resources. You can manage these programs in the Task Manager (Ctrl+Shift+Esc).

6. **Check Hard Drive Health:** Use a tool like ""CrystalDiskInfo"" to check the health of your hard drive. If it's failing, you may need to replace it.

7. **Add More RAM:** If you're running multiple programs at once, adding more RAM can significantly improve performance.

8. **Disable Visual Effects:** If you're running a Windows system, you can disable visual effects like animations and shadows in the System Properties to reduce the load on your computer.

9. **Use SSD (if"
mistralai/Mistral-7B-Instruct-v0.3,mistral,Q041,tech,ADHD,218,1326,"To diagnose the reason for your computer's slow performance, you can follow these steps:

1. **Check for System Updates**: Ensure your operating system and all applications are up-to-date. Sometimes, a system slowdown can be due to outdated software.

2. **Run a Disk Cleanup**: Delete temporary files, unnecessary files, and system restore points to free up space on your hard drive.

3. **Check Disk Health**: Use built-in tools like Windows Disk Cleanup (for Windows) or Disk Utility (for Mac) to check your hard drive for errors and fragmentation.

4. **Scan for Malware**: Run a full system scan with an antivirus program to check for malware or viruses that might be slowing down your computer.

5. **Check Startup Programs**: Inspect the programs that start with your computer and disable any unnecessary ones. On Windows, you can do this through Task Manager (Ctrl+Shift+Esc), on the Startup tab. On Mac, you can do this in System Preferences > Users & Groups > Login Items.

6. **Check RAM Usage**: If you have too many applications open at once, it can cause your computer to run slowly. Try closing unnecessary applications to see if this improves performance.

7. **Check Hard Drive Space**: If your hard drive is almost full, it can cause your computer to run slowly. Try deleting unnecessary files or consider up"
mistralai/Mistral-7B-Instruct-v0.3,mistral,Q042,tech,NONE,207,1377,"Organizing files effectively can greatly improve your productivity and efficiency. Here's a simple and sensible way to organize your files:

1. **Folders by Category:** Create top-level folders for different categories of files, such as ""Documents,"" ""Photos,"" ""Videos,"" ""Downloads,"" and ""Work.""

2. **Sub-folders:** Within each category, create sub-folders for more specific types of files. For example, within the ""Documents"" folder, you might have sub-folders like ""Reports,"" ""Presentations,"" ""Resumes,"" etc.

3. **Date-based folders:** If you have a lot of files, consider creating date-based folders within each category. This can help you easily find files based on when they were created or modified.

4. **Project-based folders:** If you work on multiple projects, consider creating folders for each project and moving all related files into those folders.

5. **Naming Convention:** Use a consistent naming convention for your files. This could be as simple as the file name reflecting the title or subject of the document, or you could include the date and a brief description.

6. **Search Function:** Use the search function in your operating system to quickly find specific files. This is especially useful when dealing with large numbers of files.

7. **Backup:** Regularly backup your files to an external hard drive or cloud storage service to prevent data loss."
mistralai/Mistral-7B-Instruct-v0.3,mistral,Q042,tech,CONTROL,197,1318,"Organizing files effectively can greatly improve your productivity and efficiency. Here's a simple and common method called the ""Folder Structure"" approach:

1. **Root Folder**: This is the main folder where all your files reside. It could be named after your project, your name, or any other identifier that makes sense to you.

2. **Categories**: Create folders within the root folder for different types of files. For example, you might have folders like ""Documents"", ""Photos"", ""Videos"", ""Music"", etc.

3. **Projects**: Within each category, create sub-folders for specific projects. For example, within the ""Documents"" folder, you might have sub-folders for different work projects, school assignments, or personal projects.

4. **Dates**: Within each project folder, you can further organize files by date. This can be done by creating sub-folders for each year, and then for each month or even each day, if necessary.

5. **Naming Convention**: Use a consistent naming convention for your files. This could be the name of the document, the date, and a brief description. For example, ""Report_2022-03-01_Financial_Analysis.docx"".

6. **Backup**: Regularly backup your files to an external hard drive or cloud storage service to prevent data loss.

7. **Search Function**: Use the search function in your operating"
mistralai/Mistral-7B-Instruct-v0.3,mistral,Q042,tech,SCREEN,183,1265,"Organizing files effectively for screen reader users involves creating a logical and consistent file structure, using descriptive and meaningful file names, and utilizing metadata such as tags or labels. Here's a sensible way to organize files for easy access:

1. **Create a clear folder structure**: Organize your files into main categories, subcategories, and specific folders. For example, you might have a main folder called ""Personal Documents,"" with subfolders like ""Financial,"" ""Health,"" and ""Education.""

2. **Use descriptive and meaningful file names**: Name your files in a way that clearly indicates their content. For example, instead of naming a document ""Expenses_2022-03-01.docx,"" you could name it ""Groceries_March_2022.docx.""

3. **Use metadata**: If your screen reader supports it, use metadata like tags or labels to further categorize files. For example, you could tag a financial document with ""Bills"" or ""Expenses.""

4. **Consistent naming conventions**: Stick to a consistent naming convention for your files. This could be a date-based system (e.g., YYYY-MM-DD), a project-based system (e.g., Project_Name), or a combination of both.

5. **Keep your desktop clean**: Try to avoid cluttering your desktop with files. Instead, move files into"
mistralai/Mistral-7B-Instruct-v0.3,mistral,Q042,tech,AGE,189,1281,"Organizing your files effectively at any age, but especially as you grow older, can greatly improve your productivity and peace of mind. Here's a simple and sensible method to organize your files:

1. **Digital Organization:**

   a. **Folders:** Create a system of folders on your computer that mirrors your life. For example, you might have folders for Personal, Work, Hobbies, Photos, and so on. Within these main folders, create subfolders for more specific categories.

   b. **Naming Conventions:** Use clear and consistent naming conventions for your files. For example, instead of naming a document ""Report.docx,"" name it ""2022_Q1_Sales_Report.docx."" This makes it easy to identify the year, quarter, and type of report at a glance.

   c. **Search Function:** Use the search function on your computer to find specific files quickly.

2. **Physical Organization:**

   a. **Binder System:** For paper documents, consider using a binder system. Create binders for different areas of your life (e.g., bills, medical records, insurance policies). Within each binder, use dividers to separate documents by category.

   b. **Labeling:** Label each document clearly and concisely. Use a label maker or hand-write the labels in a legible manner.

   c. **Storage:** Store binders"
mistralai/Mistral-7B-Instruct-v0.3,mistral,Q042,tech,ADHD,216,1338,"Organizing files effectively, especially when dealing with ADHD, can be a challenge, but there are strategies that can help you stay organized and find your files easily. Here are some tips:

1. Folder Structure: Create a clear and logical folder structure. For example, you can have a main folder for each project or topic, and subfolders for specific tasks or documents within that project.

2. Use Descriptive Names: Name your files and folders in a way that is easy to understand. Avoid abbreviations or cryptic names that might be hard to remember later.

3. Keywords: Use keywords in your file names that remind you of the content inside. For example, if a document is about a meeting with John, name the file ""Meeting_John_2022-03-01"".

4. Consistent Naming Convention: Stick to a consistent naming convention to make it easier to sort and find files. For example, you could use a date-based naming convention (YYYY-MM-DD) or a project-based naming convention (ProjectName_TaskDescription).

5. Use Tags or Labels: If your system supports it, use tags or labels to categorize files based on their importance, status, or type. This can help you quickly find files that belong to a specific category.

6. Regular Cleanup: Regularly clean up your files and delete unnecessary ones. This will help keep your system running smoothly and"
mistralai/Mistral-7B-Instruct-v0.3,mistral,Q043,tech,NONE,223,1402,"Deciding what to back up and how often depends on the importance and sensitivity of the data, as well as the resources available for backup. Here are some general guidelines:

1. Critical Data: Back up critical data, such as financial records, legal documents, and personal identification, regularly, ideally daily or weekly.

2. Important Data: Back up important data, such as personal photos, videos, and documents, at least once a week or monthly.

3. Less Important Data: Back up less important data, such as games, apps, and other non-essential files, less frequently, such as monthly or quarterly.

4. Frequency: The frequency of backups depends on the rate at which your data changes. For example, if you create or modify files daily, you should back up daily. If changes are less frequent, weekly or monthly backups may suffice.

5. Automation: Use automated backup solutions to ensure regular backups. These solutions can be set to run at specific intervals, such as daily or weekly.

6. Offsite Backup: Store backups offsite or in the cloud to protect against local disasters.

7. Test Restoration: Regularly test the restoration process to ensure your backups are working correctly.

8. Versioning: If possible, use backup solutions that keep multiple versions of your files, so you can restore older versions if needed.

9. Encryption: Encrypt sensitive data to protect it from unauthorized"
mistralai/Mistral-7B-Instruct-v0.3,mistral,Q043,tech,CONTROL,227,1471,"Deciding what to back up and how often depends on the importance and sensitivity of the data, as well as the resources available for backup. Here's a general approach to help you make informed decisions:

1. Identify critical data: Determine which data is essential for your business operations, compliance, and recovery. This could include financial records, customer data, intellectual property, and other important files.

2. Categorize data: Organize your data into categories based on their importance and recovery time objectives (RTO). For example, mission-critical data may require immediate recovery, while less important data can have a longer recovery time.

3. Backup frequency: Determine how often you need to back up each category of data. For mission-critical data, you may want to back up daily or even multiple times a day. For less important data, weekly or monthly backups might suffice.

4. Backup method: Choose the appropriate backup method for each category of data. This could include file-level backups, database backups, system state backups, and image-based backups.

5. Backup storage: Decide on the storage media for your backups, such as local hard drives, cloud storage, or tape drives. Consider factors like data durability, accessibility, and cost.

6. Test your backups: Regularly test your backups to ensure they are working correctly and can be restored when needed. This will help you identify and resolve any issues before a disaster"
mistralai/Mistral-7B-Instruct-v0.3,mistral,Q043,tech,SCREEN,199,1378,"When deciding what to back up and how often, it's essential to consider the importance, sensitivity, and frequency of use of the files or data you want to protect. Here's a general guide to help you make informed decisions:

1. Important documents:
   - Personal identification documents (driver's license, passport, birth certificate, etc.)
   - Financial records (bank statements, tax documents, etc.)
   - Legal documents (wills, contracts, etc.)
   - Health records (medical reports, prescriptions, etc.)
   - Employment-related documents (resumes, job offers, performance reviews, etc.)

Back up these files regularly, ideally daily or weekly, depending on their frequency of change.

2. Work files:
   - Project files, presentations, reports, and other work-related documents
   - Emails, contacts, and other communication

Back up these files daily or weekly, depending on their frequency of change and the importance of the work.

3. Personal media:
   - Photos, videos, and other personal media
   - Music, movies, and other entertainment files

Back up these files as needed, depending on their importance and frequency of change.

4. System files:
   - Operating system files, application settings, and other system-related data

Back up system files regularly, ideally during system updates or whenever significant changes are made to the system.

5. Offsite backup:"
mistralai/Mistral-7B-Instruct-v0.3,mistral,Q043,tech,AGE,210,1435,"At seventy-four years old, it's important to prioritize the preservation of your valuable memories, important documents, and digital assets. Here's a general guide on what to back up and how often:

1. Personal Documents:
   - Birth certificate, marriage certificate, passport, driver's license, social security card, and other important identification documents. Back these up annually or whenever there are updates.
   - Tax records, bank statements, insurance policies, and other financial documents. Back these up annually or semi-annually.
   - Legal documents, such as wills, trusts, and powers of attorney. Back these up annually or whenever there are updates.
   - Medical records, including doctor's reports, prescriptions, and insurance information. Back these up annually or whenever there are updates.

2. Digital Assets:
   - Photos, videos, and other personal media. Back these up monthly or whenever new content is added.
   - Emails, contacts, and other digital communications. Back these up daily or weekly, depending on your usage.
   - Digital files, such as documents, music, and software. Back these up daily or weekly, depending on your usage.
   - Online accounts, such as social media, banking, and email accounts. Regularly update your passwords and consider using a password manager.

3. Digital Devices:
   - Regularly back up your smartphones, tablets, laptops, and desktop computers using cloud services or"
mistralai/Mistral-7B-Instruct-v0.3,mistral,Q043,tech,ADHD,220,1409,"When deciding what to back up and how often, it's essential to prioritize important files and data that are crucial for your productivity and daily tasks, especially those related to your ADHD management. Here's a suggested approach:

1. Important documents: Back up your important documents, such as medical records, therapy notes, prescriptions, and any other relevant files that help manage your ADHD.

2. Digital tools and apps: Back up any digital tools or apps you use to manage your ADHD, such as reminders, to-do lists, and productivity apps. This includes the data within these apps, like your reminders, tasks, and notes.

3. Digital calendar: Back up your digital calendar, including appointments, deadlines, and any other important events that help you manage your schedule.

4. Personal data: Back up personal data, such as contacts, photos, and videos, that may contain important information or reminders.

5. Work-related files: Back up any work-related files, such as documents, presentations, and emails, that are essential for your job or schoolwork.

6. Frequently updated files: Back up files that are frequently updated, such as your journal, ongoing projects, or any other files that require regular attention.

As for how often to back up, it's best to set up automatic backups if possible. If you're using cloud-based services like Google Drive, Dropbox, or iCloud, they usually handle"
mistralai/Mistral-7B-Instruct-v0.3,mistral,Q044,tech,NONE,201,1292,"When the specifications of laptops seem similar, it's essential to consider the following factors to make an informed decision:

1. Purpose: Determine the primary use of the laptop. Is it for work, gaming, graphic design, or general use? Different tasks require different hardware configurations.

2. Brand Reputation: Some brands are known for their durability, customer service, and software compatibility. Research the brand's reputation for quality, reliability, and after-sales support.

3. Processor (CPU): A more powerful processor will generally provide better performance. Intel's i5 and i7 processors, and AMD's Ryzen 5 and Ryzen 7, are good choices for most users.

4. RAM: More RAM allows for smoother multitasking and faster performance. Aim for at least 8GB of RAM for general use, 16GB for heavy multitasking, and 32GB or more for professional applications like video editing or 3D modeling.

5. Storage: SSDs (Solid State Drives) are faster and more reliable than traditional HDDs (Hard Disk Drives). For better performance, opt for a laptop with an SSD, and consider the storage capacity based on your needs.

6. Display: If you're using the laptop for graphic design or video editing, a high-resolution display with good color accuracy is crucial. For general use, a Full HD"
mistralai/Mistral-7B-Instruct-v0.3,mistral,Q044,tech,CONTROL,215,1386,"When choosing a laptop with similar specifications, there are several factors to consider beyond the raw hardware specifications:

1. Brand Reputation: Some brands are known for their quality, customer service, and after-sales support. Research the brand's reputation for reliability, customer service, and warranty policies.

2. Price: While it's important not to focus solely on price, it's also crucial to find a balance between cost and the features you need. A more expensive laptop may offer better build quality, performance, or features, but it may not be necessary if you don't need those specific features.

3. Build Quality: A laptop's build quality can significantly impact its longevity and durability. Look for laptops with solid construction, good key travel on the keyboard, and a sturdy, comfortable trackpad.

4. Operating System: Choose an operating system that you're comfortable with. If you're not sure, consider your familiarity with Windows, macOS, or Linux, and whether you prefer a touchscreen interface (Windows or Chrome OS).

5. Battery Life: If you're often on the go, a laptop with a long battery life can be a game-changer. Check the manufacturer's specifications for estimated battery life.

6. Ports and Connectivity: Make sure the laptop has the necessary ports for your peripherals, such as USB, HDMI, and SD card slots. Also, consider whether it has"
mistralai/Mistral-7B-Instruct-v0.3,mistral,Q044,tech,SCREEN,228,1448,"When choosing a laptop for screen reader use, there are several factors to consider beyond just the technical specifications. Here are some tips to help you make an informed decision:

1. Operating System: Ensure the laptop runs a supported operating system for your screen reader software. Most screen reader software supports Windows and macOS, but some may also work on Linux.

2. Screen Reader Compatibility: Check the laptop manufacturer's website or contact their support to confirm compatibility with your specific screen reader software.

3. Keyboard and Touchpad: A comfortable, easy-to-use keyboard and touchpad are essential for a smooth user experience. Look for laptops with large, tactile keys and a responsive touchpad.

4. Screen Resolution and Size: A high-resolution screen with a large display can make it easier to read text and navigate the interface. If you prefer a larger screen, consider a laptop with a 15-inch or larger display.

5. Processor (CPU) and Memory (RAM): A faster processor and more RAM can help improve the overall performance of your laptop, making it easier to run multiple applications simultaneously. Aim for a quad-core processor and at least 8GB of RAM for basic use, and consider more if you plan on running resource-intensive applications.

6. Storage: Solid-state drives (SSDs) are faster and more reliable than traditional hard drives, so look for a laptop with an SSD. The storage capacity depends"
mistralai/Mistral-7B-Instruct-v0.3,mistral,Q044,tech,AGE,229,1353,"At your age, a laptop that is user-friendly, reliable, and easy to maintain is ideal. Here are some factors to consider when choosing a laptop:

1. Ease of use: Look for a laptop with a large, high-resolution screen, a comfortable keyboard, and a touchpad that is responsive. Some laptops also have voice recognition and other features that can make using the computer easier for those with visual or dexterity challenges.

2. Durability: Choose a laptop with a sturdy build and good customer reviews. A laptop with a solid-state drive (SSD) is less likely to break if dropped, and it also tends to be faster and more reliable than a laptop with a traditional hard drive.

3. Comfortable keyboard and touchpad: A comfortable keyboard and touchpad are essential for long-term use. Look for a laptop with a keyboard that has large, well-spaced keys and a touchpad that is responsive and easy to use.

4. User-friendly operating system: If you are not tech-savvy, consider a laptop with a user-friendly operating system like Windows 10 or a Chromebook. These operating systems are known for their simplicity and ease of use.

5. Size and weight: A smaller, lighter laptop is easier to carry around and can be more comfortable to use on your lap. However, a larger screen and keyboard can be more comfortable for some people.

6. Battery life: A laptop with"
mistralai/Mistral-7B-Instruct-v0.3,mistral,Q044,tech,ADHD,231,1432,"When choosing a laptop for someone with ADHD who relies on reminders, there are several factors to consider beyond just the technical specifications. Here are some tips to help you choose a laptop that suits your needs:

1. User Interface: Look for a laptop with a clean, intuitive, and customizable user interface. This can help reduce distractions and make it easier to find and use reminders.

2. Notification System: A laptop with a robust notification system is essential. This can help you stay organized and manage your reminders effectively. Some laptops have dedicated notification centers or apps that allow you to manage notifications from various sources in one place.

3. Keyboard and Touchpad: A comfortable keyboard and responsive touchpad are crucial for typing and navigating through reminders. If possible, try out the laptop in person to ensure a good typing experience.

4. Screen: A high-resolution screen with good color accuracy can make it easier to read reminders and other text. If you work in low-light conditions, consider a laptop with an anti-glare screen or adjustable brightness settings.

5. Battery Life: A long battery life is essential for working on-the-go. Look for a laptop with a battery life of at least 6-8 hours to ensure you can work without being tethered to a power outlet.

6. Portability: If you travel frequently, consider a lightweight and compact laptop that's easy to carry around"
mistralai/Mistral-7B-Instruct-v0.3,mistral,Q045,tech,NONE,215,1374,"To determine if a website is trustworthy and safe to share your personal details, consider the following factors:

1. **HTTPS**: Check if the website uses HTTPS (Hypertext Transfer Protocol Secure). This encrypts the data sent between your browser and the website, protecting it from interception. Look for a padlock icon in the URL bar or ""https://"" at the beginning of the URL.

2. **URL**: Legitimate websites often have URLs that are clear, concise, and relevant to their purpose. Be wary of URLs that are long, contain misspellings, or use non-standard top-level domains (e.g., .gq, .ml, .tk).

3. **Privacy Policy and Terms of Service**: Reputable websites will have clear and accessible policies regarding user data, privacy, and terms of service. These policies should explain how the website collects, uses, and protects your data.

4. **Contact Information**: The website should provide contact information, such as an email address, phone number, or physical address. This allows you to reach out if you have concerns or questions.

5. **Reputation**: Research the website to see if it has a good reputation. Look for reviews, testimonials, and feedback from other users. You can also check if the website has been mentioned in trusted news sources or industry publications.

6. **Security Certificates**: Check if the website has a security certificate issued by"
mistralai/Mistral-7B-Instruct-v0.3,mistral,Q045,tech,CONTROL,202,1342,"To determine if a website is trustworthy and safe to share your personal details, consider the following factors:

1. **HTTPS**: Check if the website uses HTTPS (Hypertext Transfer Protocol Secure). This encrypts the data sent between your browser and the website, protecting it from interception. Look for the ""https://"" prefix in the URL and a padlock icon in the address bar.

2. **URL**: Legitimate websites often have URLs that are clear, concise, and relevant to their purpose. Be wary of URLs that are long, contain misspellings, or use non-standard top-level domains (e.g., .info, .biz, .net).

3. **Privacy Policy and Terms of Service**: Reputable websites will have clear policies regarding user data collection, storage, and usage. These policies are usually linked at the bottom of the website.

4. **Contact Information**: The website should provide contact information, such as an email address, phone number, or physical address. This shows transparency and accountability.

5. **Customer Reviews and Ratings**: Check for reviews and ratings from other users on trusted platforms like Trustpilot, Yelp, or Google Reviews. This can give you an idea of the website's reputation and reliability.

6. **Security Certificates**: Look for security seals from trusted organizations like Norton Secured, McAfee Secure, or TRUSTe. These"
mistralai/Mistral-7B-Instruct-v0.3,mistral,Q045,tech,SCREEN,216,1373,"To determine if a website is trustworthy and safe for sharing personal information, consider the following factors:

1. **HTTPS**: Ensure the website uses HTTPS, which encrypts the data sent between your device and the website. Look for the ""https://"" prefix in the URL and a padlock icon in the address bar.

2. **URL Reputation**: Check if the website's URL is from a well-known and reputable organization. Be cautious of websites with long or complex URLs, as they may be phishing attempts.

3. **Privacy Policy and Terms of Service**: Look for links to a Privacy Policy and Terms of Service. These documents should explain how the website collects, uses, and protects your data.

4. **Contact Information**: Reliable websites will provide clear contact information, such as an email address, phone number, or physical address.

5. **Security Certificates**: Check for security certificates issued by trusted Certificate Authorities (CAs). You can verify the issuer of the certificate by clicking on the padlock icon in the address bar.

6. **User Reviews**: Look for reviews or ratings of the website from other users. This can help you understand the website's reputation and whether it has a history of handling user data securely.

7. **Two-Factor Authentication (2FA)**: Websites that offer 2FA can provide an additional layer of security for your account.

8. **No"
mistralai/Mistral-7B-Instruct-v0.3,mistral,Q045,tech,AGE,213,1340,"To determine if a website is trustworthy and safe for sharing personal details, consider the following factors:

1. **HTTPS**: Ensure the website uses HTTPS, which encrypts the data sent between your browser and the website. Look for the ""https://"" prefix and a padlock icon in the address bar.

2. **Reputation**: Research the website and the company behind it. Check for reviews, ratings, and feedback from other users. A well-established, reputable company is more likely to have a secure website.

3. **Privacy Policy and Terms of Service**: Read these documents to understand how the website collects, uses, and protects your data. If you can't find these documents or they are unclear, it may be a red flag.

4. **Contact Information**: Legitimate websites should provide clear contact information, such as a phone number, email address, and physical address.

5. **User Reviews**: Look for reviews on the website itself, as well as on other platforms like Trustpilot, Yelp, or Google Reviews.

6. **Security Certificates**: Check if the website has a security certificate issued by a trusted Certificate Authority (CA). You can verify this by clicking on the padlock icon in the address bar.

7. **Two-Factor Authentication (2FA)**: Websites that offer 2FA may be more secure, as it adds an extra layer of protection to your account."
mistralai/Mistral-7B-Instruct-v0.3,mistral,Q045,tech,ADHD,225,1379,"To determine if a website is trustworthy and safe for sharing your personal details, consider the following factors:

1. **HTTPS**: Look for the ""https"" in the URL, which indicates that the site uses a secure connection. The 's' stands for secure and means that the data you send and receive is encrypted.

2. **Padlock icon**: Most web browsers display a padlock icon in the address bar when the site is secure. Clicking on the icon will provide more information about the site's security certificate.

3. **Privacy policy**: A good website will have a clear privacy policy that explains how they collect, use, and protect your personal information.

4. **Terms of service**: A terms of service page outlines the rules for using the website. This includes what you can and cannot do, as well as how the website handles your data.

5. **About Us or Contact Us page**: A reputable website will have an ""About Us"" or ""Contact Us"" page that provides information about the company or individuals behind the site.

6. **Reviews and ratings**: Check for reviews and ratings of the website or company on trusted platforms like Trustpilot, Yelp, or Google Reviews.

7. **No unsolicited emails**: If you receive unsolicited emails asking for personal information, be wary. Legitimate companies do not typically ask for sensitive information via email.

8. **Check for phishing signs**: Ph"
mistralai/Mistral-7B-Instruct-v0.3,mistral,Q046,tech,NONE,220,1424,"Managing multiple passwords across numerous accounts can be challenging, but there are several strategies that can help:

1. Use a Password Manager: A password manager is a tool that securely stores your passwords and generates strong, unique passwords for each of your accounts. Some popular password managers include LastPass, Dashlane, and 1Password.

2. Two-Factor Authentication (2FA): Enable 2FA whenever possible. This adds an extra layer of security by requiring a second form of verification, such as a code sent to your phone or a fingerprint, in addition to your password.

3. Password Complexity: Ensure your passwords are complex and unique. A good password should be at least 12 characters long, include a mix of uppercase and lowercase letters, numbers, and symbols.

4. Regularly Update Passwords: Change your passwords regularly, especially for sensitive accounts. This reduces the risk of passwords being compromised.

5. Don't Reuse Passwords: Never use the same password for multiple accounts. If one account is compromised, all others with the same password are also at risk.

6. Use a Password Inheritance Plan: If you're using a password manager, consider setting up a password inheritance plan. This ensures that your passwords can be accessed by a trusted individual if something happens to you.

7. Educate Yourself: Stay informed about the latest security threats and best practices. This can help"
mistralai/Mistral-7B-Instruct-v0.3,mistral,Q046,tech,CONTROL,210,1348,"Managing multiple passwords across various accounts can indeed be challenging. Here are some strategies that can help:

1. Password Manager: A password manager like LastPass, Dashlane, or 1Password can store all your passwords securely and generate strong, unique passwords for each account. They encrypt your data and use master passwords to access it.

2. Two-Factor Authentication (2FA): Enable 2FA whenever possible. This adds an extra layer of security by requiring a second form of verification, such as a code sent to your phone or a fingerprint.

3. Password Complexity: Use complex passwords that are difficult to guess. A good password should include a mix of uppercase and lowercase letters, numbers, and symbols.

4. Don't Reuse Passwords: Never use the same password for multiple accounts. If one account is compromised, all others are at risk.

5. Secure Note: If you can't use a password manager, consider a secure note app that encrypts your data. An example is KeePass.

6. Password Inheritance: Some password managers offer password inheritance, which allows you to designate a trusted contact who can access your passwords in case of your incapacitation or death.

7. Regularly Update Passwords: Change your passwords regularly, especially for sensitive accounts.

8. Use a Password Vault: A password vault is a secure, encrypted"
mistralai/Mistral-7B-Instruct-v0.3,mistral,Q046,tech,SCREEN,236,1470,"Managing multiple passwords for various accounts can be challenging, especially for those who use assistive technology like screen readers. Here are some strategies that might help:

1. Password Manager: A password manager is a tool that securely stores your passwords and generates strong, unique passwords for each of your accounts. Some popular password managers that are accessible with screen readers include LastPass, Dashlane, and 1Password. These tools have features that allow you to easily access, manage, and generate passwords.

2. Biometric Authentication: If your devices support biometric authentication (fingerprint, facial recognition, or voice recognition), you can use this method to log in to your accounts instead of typing in passwords. This can be a more convenient option, but it's important to ensure that the biometric data is securely stored.

3. Password Patterns: Some people use a password pattern or mnemonic device to remember their passwords. This can be a sentence or phrase that is easy for you to remember, but hard for others to guess. For example, you might use the first letter of each word in a favorite quote or a memorable phrase.

4. Password Vault: If you prefer not to use a password manager, you can create a password vault. This is a secure, encrypted file where you store your passwords. You can use a strong master password to protect the vault. Remember, never store your master password in the vault!

5. Two-Factor Aut"
mistralai/Mistral-7B-Instruct-v0.3,mistral,Q046,tech,AGE,218,1482,"At your age, it's essential to manage your digital accounts securely, especially with the increasing number of online accounts we all have. Here are some strategies to manage your passwords effectively:

1. Use a Password Manager: A password manager is a tool that securely stores your usernames, passwords, and other sensitive information. Some popular password managers include LastPass, Dashlane, and 1Password. They offer browser extensions, mobile apps, and desktop applications to make accessing your passwords convenient.

2. Create Strong and Unique Passwords: Use a combination of uppercase and lowercase letters, numbers, and symbols for each password. Avoid using the same password for multiple accounts.

3. Enable Two-Factor Authentication (2FA): If available, enable 2FA for your accounts. This adds an extra layer of security by requiring a second form of verification, such as a code sent to your phone or a fingerprint.

4. Use a Password Generator: If creating strong passwords is challenging, use a password generator to create complex passwords for you.

5. Securely Store Important Information: Keep a record of your passwords and other sensitive information in a secure location, such as a password-protected document or a safe.

6. Regularly Update Your Passwords: Change your passwords regularly, especially for sensitive accounts like banking and email.

7. Use Biometric Authentication: If your devices support biometric authentication (fingerprint, facial"
mistralai/Mistral-7B-Instruct-v0.3,mistral,Q046,tech,ADHD,230,1487,"Managing multiple passwords for various accounts can be challenging, especially for individuals with ADHD. Here are some strategies that might help you manage your passwords more effectively:

1. Password Manager: Use a password manager like LastPass, Dashlane, or 1Password. These tools help you generate, store, and manage complex passwords for all your accounts. They encrypt your data and use a master password to access it.

2. Biometric Authentication: If your devices support biometric authentication (fingerprint, face ID, or voice recognition), use it whenever possible. This can help reduce the need to remember passwords for your devices.

3. Password Patterns: Create password patterns for different types of accounts. For example, you could use a different base password for banking accounts, email accounts, and social media accounts. Then, add a unique identifier for each account (like the first letter of the account name or the number of the account).

4. Password Vault: Create a secure, encrypted password vault on your computer or a separate device. Write down the master password for your password manager and store it in this vault.

5. Two-Factor Authentication (2FA): Enable 2FA whenever possible. This adds an extra layer of security by requiring a second form of verification, such as a code sent to your phone or a fingerprint scan.

6. Regularly Update Passwords: Make sure to update your passwords regularly, especially for sensitive accounts. This can help"
mistralai/Mistral-7B-Instruct-v0.3,mistral,Q047,tech,NONE,225,1393,"To reduce the time you spend on your phone, consider the following strategies:

1. Set limits: Establish specific time limits for using your phone each day, and stick to them. You can use apps or features on your phone to help set and manage these limits.

2. Use screen time tracking: Many phones have built-in tools that track your screen time usage. Reviewing this data can help you identify which apps you spend the most time on and where you can make improvements.

3. Limit notifications: Manage your notifications to minimize distractions. Turn off unnecessary notifications for apps that don't require immediate attention, and consider setting specific times to check these apps instead.

4. Use productivity apps: Utilize apps that help you stay focused, such as time-blocking apps, productivity timers, or apps that limit your access to certain apps during specific times of the day.

5. Designate phone-free zones: Establish areas in your home or workplace where you don't use your phone, such as during meals, in the bedroom, or during family time.

6. Replace mindless scrolling with other activities: Instead of idly scrolling through social media or news feeds, engage in activities that are more productive or enriching, such as reading a book, learning a new skill, or exercising.

7. Use the ""Gray-scale"" feature: Changing your phone's display to grayscale can make apps less"
mistralai/Mistral-7B-Instruct-v0.3,mistral,Q047,tech,CONTROL,256,1478,"To reduce the time you spend on your phone, consider the following strategies:

1. Set limits: Set specific time limits for using your phone each day, and stick to them. You can use apps or features on your phone to help you set and manage these limits.

2. Use screen time tracking: Many phones have built-in screen time tracking features that show you how much time you spend on your phone and which apps you use the most. Use this information to identify areas where you can cut back.

3. Turn off notifications: Notifications can be a major distraction and can lead to mindless scrolling. Turn off notifications for non-essential apps, or at least adjust the settings so that you only receive notifications during specific times of the day.

4. Use productivity apps: There are many apps available that can help you stay focused and limit your phone usage. These include apps that block distracting websites or apps during specific times of the day, and apps that encourage you to take breaks and focus on other tasks.

5. Use your phone for specific purposes: Instead of using your phone for general browsing or social media scrolling, try to use it for specific purposes, such as checking emails, making calls, or using it for work. This can help you avoid mindless scrolling and stay focused on what you need to do.

6. Find alternative activities: Instead of using your phone, find other activities to fill your time. This could include reading a book, going for a walk,"
mistralai/Mistral-7B-Instruct-v0.3,mistral,Q047,tech,SCREEN,230,1459,"To reduce the time spent on your phone while using a screen reader, consider the following strategies:

1. Set limits: Set time limits for specific apps or overall phone usage. You can use digital wellbeing features on Android or Screen Time on iOS to monitor and manage your usage.

2. Notifications management: Customize your notification settings to receive only important notifications. This can help reduce interruptions and the need to constantly check your phone.

3. Prioritize tasks: Prioritize your tasks and focus on completing them efficiently. This can help reduce the time spent on your phone.

4. Use voice commands: Utilize voice commands to perform tasks quickly and easily, such as making calls, sending messages, or navigating the web.

5. Use text-to-speech: Use text-to-speech features to read emails, messages, and articles, rather than scrolling through them.

6. Batch similar tasks: Group similar tasks together to minimize the time spent on your phone. For example, check and respond to emails, messages, and social media all at once.

7. Use productivity apps: Use productivity apps like Forest, Freedom, or Cold Turkey to block distracting apps or websites during focused work sessions.

8. Use a watch or smart speaker: Use a smartwatch or smart speaker to quickly check notifications, set reminders, and perform simple tasks without needing to use your phone.

9. Take breaks: Take regular breaks from your phone to avoid burnout"
mistralai/Mistral-7B-Instruct-v0.3,mistral,Q047,tech,AGE,233,1372,"Here are some strategies to help you reduce the time you spend on your phone:

1. Set limits: Many smartphones have built-in features that allow you to set time limits on specific apps. For example, on an iPhone, you can use Screen Time to set app limits, and on Android devices, you can use Digital Wellbeing.

2. Use grayscale: Changing your phone's display to grayscale can make apps less appealing and reduce the urge to use them. On an iPhone, you can find this feature in Display & Brightness settings, and on Android devices, you can find it in Developer options.

3. Turn off notifications: Notifications can be a major distraction. Consider turning off notifications for non-essential apps or limiting them to only the most important ones.

4. Use apps that help you manage your phone usage: There are many apps available that can help you track and manage your phone usage. Examples include Moment, Forest, and Freedom.

5. Designate phone-free times: Set aside specific times during the day when you won't use your phone, such as during meals, before bed, or during family time.

6. Find alternative activities: When you feel the urge to use your phone, try finding alternative activities to occupy your time, such as reading a book, doing a puzzle, or taking a walk.

7. Use your phone for specific purposes: Instead of using your phone for mindless scrolling,"
mistralai/Mistral-7B-Instruct-v0.3,mistral,Q047,tech,ADHD,230,1399,"Managing time effectively, especially when dealing with ADHD, can be challenging, but there are strategies that can help you reduce your screen time. Here are some tips to help you cut down on your phone usage:

1. Set specific goals: Establish clear objectives for your phone usage, such as checking emails during specific times of the day or limiting social media browsing.

2. Use digital tools: Utilize reminders and alarms on your phone to help manage your time. For example, set a reminder to take breaks from your phone or to move on to another task.

3. Limit notifications: Customize your phone settings to minimize distractions by turning off unnecessary notifications. This will help reduce the urge to constantly check your phone.

4. Use apps to help manage screen time: There are various apps available that can help you track and limit your phone usage. Examples include Freedom, Momentum, and Offtime.

5. Designate phone-free zones: Establish areas in your home or workplace where you don't use your phone, such as during meals or while working.

6. Use the ""Do Not Disturb"" feature: Activate the ""Do Not Disturb"" mode during focused work hours or during personal time to minimize interruptions.

7. Replace phone time with other activities: Engage in hobbies, exercise, or social interactions that don't involve a screen to fill the time you would normally spend on your phone.

8."
mistralai/Mistral-7B-Instruct-v0.3,mistral,Q048,tech,NONE,224,1380,"To troubleshoot a home internet that keeps dropping, follow these steps:

1. Restart your modem and router: Unplug the power cord from the modem and router, wait for about a minute, then plug them back in. Allow them to power up completely before checking the connection.

2. Check for physical issues: Ensure that no cables are loose or damaged. If you're using Wi-Fi, make sure there are no obstructions between your devices and the router.

3. Check for other devices using the network: Too many devices connected to the network can cause slowdowns or disconnections. Try disconnecting some devices to see if the issue persists.

4. Test the connection speed: Use a speed test tool to check your internet speed. If the speed is significantly lower than your plan's advertised speed, contact your internet service provider (ISP).

5. Check for outages: Contact your ISP to see if there are any known outages in your area. If there are, they can provide an estimated time for the issue to be resolved.

6. Update your router's firmware: Outdated firmware can cause connectivity issues. Check the manufacturer's website for the latest firmware and follow their instructions for updating.

7. Change the router's location: Moving the router away from other electronic devices, walls, and metal objects can improve its performance.

8. Use a wired connection: If you're experiencing"
mistralai/Mistral-7B-Instruct-v0.3,mistral,Q048,tech,CONTROL,225,1358,"To troubleshoot a home internet that keeps dropping, follow these steps:

1. Restart your modem and router: Unplug the power cord from the modem and router, wait for about a minute, then plug them back in. Allow them to power up completely before checking the connection.

2. Check for physical issues: Ensure that no cables are loose or damaged. If you're using Wi-Fi, make sure there are no obstructions between your devices and the router.

3. Check for other devices using the network: Too many devices connected to the network can cause slowdowns or disconnections. Try disconnecting some devices to see if the issue persists.

4. Test the connection speed: Use a speed test tool to check your internet speed. If the speed is significantly lower than your plan's advertised speed, contact your internet service provider (ISP).

5. Check for outages: Contact your ISP to see if there are any known outages in your area. If there are, they can provide an estimated time for the issue to be resolved.

6. Update your router's firmware: Outdated firmware can cause connectivity issues. Check the manufacturer's website for the latest firmware and follow their instructions to update.

7. Change the Wi-Fi channel: If you live in a densely populated area, other networks might be interfering with your Wi-Fi. Change the Wi-Fi channel on your router to reduce"
mistralai/Mistral-7B-Instruct-v0.3,mistral,Q048,tech,SCREEN,216,1225,"To troubleshoot a home internet connection that keeps dropping, follow these steps using a screen reader:

1. **Check the physical connections:**
   - Ensure that all cables are securely connected to the modem, router, and devices.
   - If you use a wall jack, try a different one to rule out potential issues with the wiring.

2. **Restart the modem and router:**
   - Unplug the power cord from the modem and router, wait for about 30 seconds, then plug them back in.
   - Wait for the lights to stabilize, which usually takes a few minutes.

3. **Check the modem and router lights:**
   - With a screen reader, check the lights on the modem and router to ensure they are stable and active.
   - If the internet (Internet or WAN) light is blinking or off, there might be an issue with your connection to the ISP.

4. **Check the signal strength:**
   - If you're using Wi-Fi, move closer to the router and check if the connection improves.
   - If you have a wired connection, try connecting a device directly to the router using an Ethernet cable to see if the issue persists.

5. **Check the ISP's service status:**
   - Visit the ISP's website or contact them to check if there are any known outages in your area.

6. **"
mistralai/Mistral-7B-Instruct-v0.3,mistral,Q048,tech,AGE,221,1339,"To troubleshoot a home internet that keeps dropping, follow these steps:

1. Restart your modem and router: Unplug the power cord from the modem and router, wait for about a minute, then plug them back in. Allow them to power up completely before checking your internet connection.

2. Check for physical issues: Ensure that no cables are loose or damaged. If you have a wired connection, check the Ethernet cables for any visible damage.

3. Check for interfering devices: Other electronic devices, such as cordless phones, microwaves, and baby monitors, can interfere with your Wi-Fi signal. Try moving these devices away from your router or use a different Wi-Fi channel to minimize interference.

4. Test your speed: Use a speed test tool to check your internet speed. If the speed is significantly lower than your plan's advertised speed, contact your internet service provider (ISP) to discuss the issue.

5. Check for outages: Contact your ISP to see if there are any known outages in your area. If there are, they can provide an estimated time for the issue to be resolved.

6. Update your router's firmware: If your router's firmware is outdated, it may cause connectivity issues. Check the manufacturer's website for the latest firmware and follow their instructions to update it.

7. Change your Wi-Fi channel: If you're using a"
mistralai/Mistral-7B-Instruct-v0.3,mistral,Q048,tech,ADHD,222,1443,"To troubleshoot your home internet issues due to ADHD-related forgetfulness, consider the following systematic approach using reminders and a methodical problem-solving strategy:

1. **Create a Checklist**: Write down the steps to troubleshoot your home internet connection. This can include checking the power supply, modem, router, and other relevant devices.

2. **Set Up Reminders**: Use a digital assistant or app to set reminders for each step on your checklist. For example, you can set a reminder to check the power supply every Monday morning, the modem every Tuesday afternoon, and the router every Thursday evening.

3. **Document the Results**: After checking each item on your list, document the results. This will help you identify patterns and potential causes of the internet drops.

4. **Analyze the Data**: Review the results regularly to identify any trends or common issues. This can help you narrow down the problem and focus on the most likely causes.

5. **Contact ISP**: If the issue persists, contact your Internet Service Provider (ISP). Provide them with the data you've collected, as it may help them diagnose the problem more quickly.

6. **Follow Up**: After contacting your ISP, set reminders to follow up on their suggested solutions. This will help ensure that the issue is resolved and that your internet stays stable.

7. **Preventive Maintenance**: Regularly perform preventive maintenance, such as cleaning"
mistralai/Mistral-7B-Instruct-v0.3,mistral,Q049,tech,NONE,229,1412,"Deciding whether to update software immediately or wait depends on several factors:

1. **Security Patches**: If the update includes security patches, it's usually advisable to install them as soon as possible to protect your system from potential threats.

2. **Stability and Compatibility**: If the update is a major version change, it might introduce new features, but also potential bugs or compatibility issues. In such cases, you might want to wait for a while to see if any major issues are reported by other users.

3. **System Requirements**: Check if your current system meets the requirements for the new version. If it doesn't, you might need to upgrade your hardware or software before you can update.

4. **Backup**: Always make sure to backup your data before updating. This is especially important for major updates where there's a higher risk of data loss or system instability.

5. **Review Release Notes**: Read the release notes or changelog for the update to understand what's new, what's been fixed, and what potential issues might arise.

6. **Timing**: If the update is critical or time-sensitive (for example, a security patch for a known vulnerability), you might want to install it as soon as possible. If it's a non-critical update, you might choose to wait.

7. **Feedback from Others**: Check forums or reviews to see if other users have encountered any issues with the update. This"
mistralai/Mistral-7B-Instruct-v0.3,mistral,Q049,tech,CONTROL,238,1475,"Deciding whether to update software immediately or wait depends on several factors:

1. **Security Patches**: If the update includes security patches, it's usually advisable to install them as soon as possible to protect your system from potential threats.

2. **Stability**: If the update is a major version change, it might introduce new bugs or instability. In such cases, it's often a good idea to wait for a few days to a week to see if any major issues are reported by other users.

3. **Compatibility**: If you use specific software or hardware with the application, check if the update is compatible. Some updates might break compatibility with certain devices or software.

4. **Backup**: Always make sure to backup your data before updating, especially for major updates. This ensures that you can restore your data if something goes wrong during the update process.

5. **Release Notes**: Read the release notes provided by the developer. They often detail what changes and improvements the update brings, as well as any known issues.

6. **System Requirements**: Check if your current system meets the new software's requirements. If not, you might need to upgrade your hardware or operating system before updating the software.

7. **User Reviews**: Check user reviews and forums to see if others have encountered any issues with the update. This can give you an idea of what to expect.

8. **Developer's Reputation**: If the developer has a history of releasing"
mistralai/Mistral-7B-Instruct-v0.3,mistral,Q049,tech,SCREEN,248,1553,"When deciding whether to update software immediately or wait, consider the following factors:

1. Patch Notes: Check the patch notes or release notes for the update. These will provide information about the changes, fixes, and improvements made in the new version. If the update addresses critical issues, security vulnerabilities, or accessibility improvements, it's usually a good idea to install it as soon as possible.

2. Compatibility: Verify that the update is compatible with your current system and any assistive technology you use, such as screen readers or screen magnifiers. You can usually find this information in the release notes or by checking the software developer's website or support forums.

3. User Reviews: Look for user reviews or feedback about the update, especially from other users who rely on assistive technology. This can help you understand if there are any issues with the update that might affect your experience.

4. Backup: Before installing any update, make sure to backup your data. This will help you restore your system if something goes wrong during the update process.

5. Staged Rollout: Some software developers release updates in stages, gradually rolling them out to users. If this is the case, you might want to wait for others to test the update first and report any issues.

6. System Performance: Consider the impact the update might have on your system's performance. If you have limited system resources, it might be wise to wait until you have more information about the update's performance impact."
mistralai/Mistral-7B-Instruct-v0.3,mistral,Q049,tech,AGE,253,1545,"Deciding whether to update software immediately or wait depends on several factors:

1. Security: If the update includes security patches, it's usually advisable to install them as soon as possible to protect your system from potential threats.

2. Compatibility: Check if the new version is compatible with your current system and other software you use. If there are known issues with compatibility, it might be wise to wait until they are resolved.

3. Stability: New software versions sometimes come with bugs. If the update is a major version change, it might be better to wait for a few days or weeks to see if any major issues are reported by other users.

4. System performance: Check if the update will require significant system resources. If your device is older or has limited resources, it might be better to wait or consider upgrading the hardware before updating the software.

5. Backup: Always backup your data before updating. This ensures that you can restore your system if something goes wrong during the update process.

6. Reviews and feedback: Look for reviews and feedback from other users who have already updated. This can give you an idea of any issues or benefits the update might bring.

7. Manufacturer's recommendations: Check the manufacturer's website for their recommendations on when to update. They may provide guidance based on their testing and knowledge of the software.

8. Automatic updates: If the software has an automatic update feature, you can choose to enable it and let the software update itself"
mistralai/Mistral-7B-Instruct-v0.3,mistral,Q049,tech,ADHD,241,1446,"Deciding whether to update software immediately or wait can depend on several factors, especially when you have ADHD and rely on reminders. Here are some considerations to help you make an informed decision:

1. Priority of the software: If the software is critical for your daily tasks, it's generally a good idea to update it as soon as possible to ensure stability, security, and compatibility with other applications.

2. Update type: If the update is a minor one (e.g., a patch or bug fix), it's usually safe to install it immediately. However, if it's a major update, it's a good idea to wait for a few days to a week to see if any issues are reported by other users.

3. Compatibility: Check if the update will affect other software or hardware you're using. If there's a risk of compatibility issues, it's best to wait until any potential problems have been addressed.

4. Backup: Always make sure to backup your data before updating any software, especially if it contains important information. This will help you recover your data in case something goes wrong during the update process.

5. Notifications: Keep an eye on notifications from the software developer about the update. They may provide information about new features, bug fixes, or potential issues that could help you decide whether to update immediately or wait.

6. Reminders: Set reminders for yourself to check for updates regularly, but also allow some flexibility in"
mistralai/Mistral-7B-Instruct-v0.3,mistral,Q050,tech,NONE,237,1294,"Before getting rid of an old phone, it's important to take the following steps to protect your personal data and ensure the device is ready for recycling or resale:

1. Backup your data: Make sure to backup all your important data, such as photos, contacts, and documents, to a secure location like a computer or cloud storage service.

2. Erase your data: Use the factory reset option in your phone's settings to erase all data and settings. This will help ensure that your personal information is removed from the device.

3. Remove the SIM card: If you plan to use the SIM card in another device, make sure to remove it before disposing of the phone. If you're getting rid of the phone and SIM card together, there's no need to remove it.

4. Remove any memory cards: If your phone has a memory card, make sure to remove it as well.

5. Sign out of accounts: Sign out of any accounts, such as email, social media, and banking apps, to prevent unauthorized access.

6. Remove any physical SIM card or SD card: If your device has a removable SIM card or SD card, make sure to remove them before disposing of the phone.

7. Disable Find My Device: If your phone has Find My Device or a similar feature, make sure to disable it to prevent anyone from locating your device.

8. Wipe the SIM card:"
mistralai/Mistral-7B-Instruct-v0.3,mistral,Q050,tech,CONTROL,234,1295,"Before getting rid of an old phone, it's important to take the following steps to protect your personal data:

1. Backup your data: Make sure to backup all your important data such as photos, contacts, messages, and other files to your computer or cloud storage.

2. Erase your data: Use a factory reset to erase all data on your phone. Go to Settings > System > Advanced > Reset options > Erase all data (factory reset).

3. Remove SIM and SD cards: If you plan to reuse the SIM card or SD card, make sure to remove them before disposing of the phone. If not, consider destroying them to prevent unauthorized access.

4. Sign out of accounts: Make sure to sign out of all your accounts such as Google, Facebook, and other services.

5. Remove any physical SIM card or SD card: If you plan to reuse the SIM card or SD card, make sure to remove them before disposing of the phone. If not, consider destroying them to prevent unauthorized access.

6. Wipe the phone with a cloth: Use a microfiber cloth or a soft brush to remove any remaining data residue from the screen and other parts of the phone.

7. Recycle or donate: If your phone is still in working condition, consider donating it to a charity or recycling it through a reputable electronics recycling program.

8. Shred or dismantle: If"
mistralai/Mistral-7B-Instruct-v0.3,mistral,Q050,tech,SCREEN,230,1321,"Before getting rid of an old phone that you use with a screen reader, it's important to ensure that all personal data is removed to protect your privacy. Here are some steps you can follow:

1. Backup: Backup all your data to the cloud or an external storage device. This includes contacts, messages, photos, and any other important files.

2. Factory Reset: Go to the settings menu, find the option for ""Factory Reset"" or ""Reset All Settings."" This will erase all data on the phone. Make sure to follow the prompts carefully.

3. Disable Find My Device: If you have Google Find My Device or a similar feature enabled, disable it before resetting the phone. This will prevent anyone from locating your device after it's been reset.

4. Remove SIM and SD cards: If you plan to reuse the SIM card or SD card, remove them. If not, consider physically destroying them to ensure data is not recoverable.

5. Wipe NFC Chips: If your phone has Near Field Communication (NFC) chips, you might want to wipe them as well. This is not always necessary but can provide an extra layer of security.

6. Physical Destruction: If you're giving away or selling the phone, consider physically destroying it to prevent data recovery. This can be done by crushing the phone or shredding it.

7. Recycling: If you're recycling the phone, find"
mistralai/Mistral-7B-Instruct-v0.3,mistral,Q050,tech,AGE,218,1271,"Before disposing of an old phone, it's important to ensure that your personal data is securely erased to protect your privacy. Here are some steps you can follow:

1. Backup: If you have any important data on the phone, back it up to a cloud service, external hard drive, or computer before proceeding.

2. Factory Reset: Go to the settings menu, find the ""Reset"" option, and select ""Erase All Data"" or ""Factory Data Reset"". This will wipe all data from the phone.

3. Remove SIM and SD cards: If your phone uses a removable SIM card or SD card, remove them before disposing of the phone.

4. Deregister from Find My Device: If your phone is connected to Google's Find My Device service, sign out of the account and deregister the device.

5. Recycle or Dispose Safely: If you're planning to sell or recycle the phone, consider using a certified e-waste recycling program to ensure your data is destroyed securely. If you're disposing of the phone yourself, physically destroy the hard drive or SIM card before disposal.

6. Inform Carrier: If you're switching carriers or cancelling your service, inform your carrier to avoid any unwanted charges.

7. Donate: If the phone is still in working condition, consider donating it to a charity or organization that can use it."
mistralai/Mistral-7B-Instruct-v0.3,mistral,Q050,tech,ADHD,232,1361,"To ensure your privacy and security when getting rid of an old phone, follow these steps if you use reminders:

1. Backup your data: Before you get rid of your phone, make sure to backup all your data, including your reminders. You can use Google Drive, iCloud, or other cloud storage services if you're using Google Calendar or Apple's Reminders app.

2. Export reminders: If you're using a third-party app for reminders, check if it offers an export feature. This will allow you to save your reminders in a file format that can be easily accessed on your new device.

3. Erase personal data: After backing up your data, erase all personal data from your phone. If you're selling or giving away your phone, consider using a factory reset to ensure all data is removed.

4. Remove account access: If you've synced your reminders with a service like Google Calendar or Apple's iCloud, make sure to remove account access from the old device. This will prevent others from accessing your reminders if they gain access to your old phone.

5. Physical destruction: If you're disposing of the phone, consider physically destroying the device to prevent unauthorized access to your data. This can be done by shredding the phone or using a hammer to break it into small pieces.

6. Recycle responsibly: If your phone is still functional, consider recycling it through a"
mistralai/Mistral-7B-Instruct-v0.3,mistral,Q051,people,NONE,210,1352,"Maintaining connections with friends, especially when everyone is busy, can be challenging, but there are several strategies you can use:

1. **Regular Check-ins:** Set up a regular schedule for catching up, such as a weekly call, video chat, or text message. This can help ensure that you stay in touch without overwhelming anyone's busy schedule.

2. **Group Chats:** Create a group chat on a messaging app like WhatsApp, Telegram, or Facebook Messenger. This allows everyone to share updates, ask questions, and engage in casual conversations.

3. **Short and Sweet Messages:** When time is scarce, short, thoughtful messages can mean a lot. A simple ""Hey, just thinking of you"" or ""Hope you're doing well"" can brighten someone's day.

4. **Shared Interests:** Find common interests and engage in activities together, even if it's virtually. This could be watching a series or movie simultaneously, playing online games, or reading the same book and discussing it.

5. **Special Occasions:** Make an effort to celebrate special occasions, like birthdays or anniversaries, even if it's just a quick message or a small gift.

6. **Sharing Content:** Share interesting articles, videos, or memes that you think your friends might enjoy. This can spark conversations and keep the connection alive.

7. **In-Person Meetups:** When schedules allow, try to"
mistralai/Mistral-7B-Instruct-v0.3,mistral,Q051,people,CONTROL,221,1316,"Maintaining connections with friends, especially when everyone is busy, can be a challenge, but there are several strategies you can use:

1. **Regular Check-ins:** Set up a regular schedule for catching up, such as a weekly call, video chat, or text message. This can help ensure that you stay in touch even when life gets hectic.

2. **Group Chats:** Create a group chat on a messaging app like WhatsApp, Telegram, or Facebook Messenger. This allows everyone to share updates, ask for advice, and engage in casual conversations.

3. **Shared Hobbies:** Find activities that you all enjoy and can do together, even if it's remotely. This could be anything from playing online games, reading the same book, or watching a TV show or movie series at the same time and discussing it.

4. **Birthdays and Special Occasions:** Make sure to celebrate each other's birthdays and other special occasions. A simple message, call, or gift can show your friends that you care and are thinking of them.

5. **Short and Sweet:** If time is scarce, short, meaningful messages can be just as valuable as long conversations. A quick ""thinking of you"" text or a funny meme can brighten someone's day.

6. **In-Person Meetups:** When possible, try to arrange in-person meetings, even if they're just for a coffee or a walk in the park"
mistralai/Mistral-7B-Instruct-v0.3,mistral,Q051,people,SCREEN,239,1391,"There are several ways to stay in touch with friends when everyone is busy, and many of these methods are accessible for screen reader users. Here are some suggestions:

1. Text messaging: Most smartphones have text messaging apps like WhatsApp, Facebook Messenger, or iMessage that are accessible with a screen reader. You can send messages at any time, and your friends can respond when they have a moment.

2. Email: Emails can be a good way to send longer messages or messages that require a more thoughtful response. Most email clients are accessible with a screen reader.

3. Social media: Platforms like Facebook, Twitter, or Instagram can be used to keep in touch with friends. You can post updates, share photos, and interact with your friends' posts.

4. Voice calls: If you have a smartphone, you can make voice calls to your friends. Some screen reader users prefer this method because it allows for real-time conversation.

5. Video calls: Applications like Skype, Zoom, or Google Meet allow for video calls. This can be a good option if you want to see your friends and have a more personal conversation.

6. Audiobooks or podcasts: If you and your friends share a common interest, you could listen to the same audiobook or podcast and discuss it over the phone or in a group chat.

7. Collaborative projects: If you and your friends have a shared interest, you could work on a"
mistralai/Mistral-7B-Instruct-v0.3,mistral,Q051,people,AGE,236,1348,"Maintaining connections with friends, especially as we age, is important for our emotional well-being. Here are some strategies to keep in touch with friends when everyone is busy:

1. Regular phone calls or video calls: Schedule a weekly or bi-weekly call to catch up on each other's lives. This can be a great way to stay connected and maintain a sense of closeness.

2. Social media: Use social media platforms like Facebook, Instagram, or LinkedIn to share updates, photos, and messages. This can be a convenient way to stay connected with friends who live far away or have busy schedules.

3. Email or text messages: Send short messages or emails to check in on friends, share news, or just to say hello. A simple message can brighten someone's day and help maintain the connection.

4. Group chats: Create a group chat with friends to share updates, jokes, or just to chat throughout the day. This can be a fun and easy way to stay connected with multiple friends at once.

5. Birthday cards or gifts: Send a card or small gift on birthdays or special occasions to show your friends that you are thinking of them.

6. Meetups: Plan meetups, whether it's a coffee date, lunch, or a group activity, to spend quality time with friends. Even if it's just once a month, it can help strengthen the bond and create memories.

7. Shared hobbies: Find"
mistralai/Mistral-7B-Instruct-v0.3,mistral,Q051,people,ADHD,220,1394,"Managing friendships, especially when everyone is busy, can be challenging, but with a few strategies, you can maintain and nurture those relationships effectively. Here are some tips that might help, especially considering your ADHD and the use of reminders:

1. Set regular check-ins: Schedule recurring reminders for catching up with friends. This could be weekly, bi-weekly, or monthly, depending on your and their schedules. Use a digital calendar or app to set these reminders.

2. Use a shared platform: Utilize apps like Google Meet, Zoom, or Discord for video calls. This way, you can have face-to-face interactions even when you're apart.

3. Text messages or calls: If video calls are too overwhelming, opt for text messages or phone calls. Short, frequent messages can help maintain a connection and keep the friendship alive.

4. Shared interests: Engage in activities that you both enjoy. This could be anything from reading the same book, playing video games, or following a TV show or movie series. Use reminders to keep up with these shared interests.

5. Group chats: Create a group chat with your friends on platforms like WhatsApp, Telegram, or Facebook Messenger. This way, you can stay updated on each other's lives and share moments without the pressure of one-on-one conversations.

6. Plan events together: Organize small gatherings or outings when everyone's schedules"
mistralai/Mistral-7B-Instruct-v0.3,mistral,Q052,people,NONE,244,1556,"Handling a disagreement with someone you will continue to interact with requires a thoughtful and respectful approach to maintain a positive relationship. Here are some steps to consider:

1. Stay calm: It's essential to approach the situation with a clear and calm mind. Avoid getting emotional or aggressive, as this can escalate the conflict and damage the relationship.

2. Active listening: Listen carefully to the other person's perspective, and make an effort to understand their point of view. This will help you respond thoughtfully and show empathy.

3. Express your feelings: Clearly communicate your thoughts and feelings without attacking the other person. Use ""I"" statements to express your emotions and avoid blaming or criticizing the other person.

4. Seek common ground: Identify areas where you and the other person agree, and focus on those shared values or goals. This can help create a foundation for finding a mutually acceptable solution.

5. Be open to compromise: Be willing to consider alternative solutions and be open to finding a middle ground. This shows flexibility and a desire to find a resolution that works for both parties.

6. Avoid personal attacks: Avoid making personal criticisms or attacking the other person's character. Instead, focus on the issue at hand and the specific behaviors or actions that caused the disagreement.

7. Apologize if necessary: If you realize you were wrong or contributed to the disagreement, apologize sincerely and take responsibility for your actions. This can help repair any damage"
mistralai/Mistral-7B-Instruct-v0.3,mistral,Q052,people,CONTROL,226,1477,"Handling disagreements with someone you will continue to interact with requires a balance of assertiveness, empathy, and respect. Here's a step-by-step approach:

1. **Cool-off period**: Before addressing the disagreement, take some time to calm down and reflect on the situation. This will help you approach the conversation objectively and avoid saying something you might regret later.

2. **Identify the issue**: Clearly define the problem or disagreement. Try to focus on specific behaviors or actions rather than personal attacks or generalizations.

3. **Express your feelings**: Use ""I"" statements to express how you feel without blaming or accusing the other person. For example, ""I feel upset when my ideas are dismissed without being considered.""

4. **Listen actively**: Give the other person a chance to respond and listen carefully to their perspective. Try to understand their point of view and validate their feelings if appropriate.

5. **Seek common ground**: Look for areas where you agree and build on those shared understandings. This can help create a foundation for finding a mutually acceptable solution.

6. **Propose a solution**: Suggest possible solutions and be open to their ideas as well. Be flexible and willing to compromise.

7. **Avoid personal attacks**: Avoid criticizing the other person's character or intentions. Instead, focus on the specific issue at hand and the impact it has on you and the relationship.

8. **Follow up**: After the"
mistralai/Mistral-7B-Instruct-v0.3,mistral,Q052,people,SCREEN,232,1598,"In any situation, especially when dealing with disagreements, it's essential to approach the interaction with respect, understanding, and patience. Here are some strategies that might be helpful when communicating with someone, especially when using a screen reader:

1. Preparation: Before engaging in a discussion, gather your thoughts and write down the main points you want to address. This will help you stay focused and ensure you cover all the necessary topics.

2. Clear and concise communication: Speak clearly and concisely, using simple and straightforward language. Avoid jargon or complex phrases that might be difficult for your conversation partner to understand.

3. Use descriptive language: When discussing a topic, provide context and describe the situation or issue in detail. This will help your conversation partner visualize the situation and better understand your perspective.

4. Active listening: Give your conversation partner ample time to express their thoughts and feelings without interruption. Show empathy and understanding, and validate their emotions.

5. Non-confrontational approach: Avoid using accusatory or aggressive language. Instead, focus on finding common ground and working towards a mutually beneficial solution.

6. Request clarification: If you're unsure about something your conversation partner said, don't hesitate to ask for clarification. This will help ensure that both parties are on the same page and reduce the potential for misunderstandings.

7. Take breaks: If the conversation becomes heated or emotional, take a break to cool down and"
mistralai/Mistral-7B-Instruct-v0.3,mistral,Q052,people,AGE,221,1435,"Handling disagreements with someone you see regularly requires patience, respect, and a willingness to communicate effectively. Here are some steps you can follow:

1. **Empathy and Understanding**: Try to understand their perspective and show empathy. This doesn't mean you have to agree with them, but understanding their point of view can help foster a more productive conversation.

2. **Calm and Respectful Tone**: Maintain a calm and respectful tone throughout the conversation. Avoid raising your voice or using offensive language, as this can escalate the situation.

3. **Active Listening**: Listen actively, which means not just hearing their words, but also trying to understand their feelings and needs. This can help them feel heard and valued, and it can also help you respond more effectively.

4. **Express Your Feelings**: Clearly express your own feelings and thoughts, but avoid blaming or attacking the other person. Use ""I"" statements to express how you feel, rather than ""you"" statements, which can come across as accusatory.

5. **Find Common Ground**: Look for areas of agreement, and focus on those. This can help to build a foundation for resolving the disagreement.

6. **Propose Solutions**: Suggest possible solutions and be open to their suggestions. Compromise may be necessary, and that's okay.

7. **Follow Up**: After the conversation, follow up to see if the agreed-upon solutions are working. If not"
mistralai/Mistral-7B-Instruct-v0.3,mistral,Q052,people,ADHD,224,1409,"Managing disagreements, especially with people you see regularly, can be challenging, especially if you have ADHD. Here are some strategies that might help:

1. **Prepare Ahead**: Before a meeting or interaction, write down key points you want to discuss. This can serve as a reminder during the conversation and help you stay focused.

2. **Stay Calm**: Try to remain calm and composed during the discussion. If you feel yourself getting agitated, take a moment to collect your thoughts before responding.

3. **Active Listening**: Show empathy and active listening. This means not just hearing the words, but understanding the other person's perspective and feelings. This can help reduce misunderstandings and prevent the conversation from escalating.

4. **Use ""I"" Statements**: Instead of blaming or accusing the other person, use ""I"" statements to express your feelings and thoughts. For example, ""I feel upset when..."" instead of ""You make me feel...""

5. **Avoid Personal Attacks**: Avoid criticizing the other person's character or abilities. Instead, focus on the behavior or action that caused the disagreement.

6. **Agree to Disagree**: If you find that you and the other person are not making progress, it might be best to agree to disagree. This doesn't mean giving up, but rather recognizing that you may not see eye to eye on this particular issue and moving on to a more productive topic.

7"
mistralai/Mistral-7B-Instruct-v0.3,mistral,Q053,people,NONE,212,1345,"Making friends in a new place can be challenging, but here are some strategies that might help:

1. Join Local Groups or Clubs: Look for local community centers, recreational centers, or online platforms that list groups or clubs based on shared interests. This could be anything from hiking groups, book clubs, sports teams, or art classes.

2. Volunteer: Volunteering for a cause you care about is a great way to meet like-minded individuals. It also provides a sense of purpose and community.

3. Work or Study: If you're working or studying, try to engage with your colleagues or classmates outside of the formal setting. Organize study groups, lunch meetings, or after-work activities.

4. Social Events: Attend local events, festivals, or meetups. These can range from cultural events, music concerts, food festivals, or community gatherings.

5. Neighborhood Activities: Engage with your neighbors. A simple hello, a wave, or a shared cup of sugar can lead to friendships.

6. Online Networking: Use social media platforms like Facebook, Meetup, or LinkedIn to connect with locals.

7. Be Open and Friendly: Smile, be approachable, and show genuine interest in others. People are more likely to engage with someone who seems friendly and approachable.

8. Be Patient: Building friendships takes time. Don't rush the process. Be consistent"
mistralai/Mistral-7B-Instruct-v0.3,mistral,Q053,people,CONTROL,220,1366,"Making friends in a new place can be challenging, but here are some strategies that might help:

1. Join Local Groups or Clubs: Look for local community centers, recreational centers, or online groups that cater to your interests. This could be anything from hiking clubs, book clubs, sports teams, or art classes.

2. Volunteer: Volunteering for a cause you care about is a great way to meet like-minded people. It's also a rewarding way to contribute to your new community.

3. Work or Study: If you're working or studying, try to engage with your colleagues or classmates outside of the formal setting. This could be lunch breaks, study groups, or after-work events.

4. Neighborhood Events: Attend local events, festivals, or neighborhood gatherings. These are great opportunities to meet people who live near you.

5. Social Media: Use social media platforms like Facebook or Meetup to find local events or groups.

6. Be Open and Friendly: Smile, be approachable, and don't be afraid to start conversations. Remember, people generally appreciate when others show interest in them.

7. Be Patient: Building friendships takes time. Don't rush the process. Be consistent in your efforts and be open to new experiences.

8. Networking Events: If you're moving for work, attend networking events in your industry. This can help you meet professionals who might also"
mistralai/Mistral-7B-Instruct-v0.3,mistral,Q053,people,SCREEN,241,1514,"Making friends in a new place can be a challenge, but there are several strategies that can help, especially when you have a visual impairment and use a screen reader. Here are some suggestions:

1. Join local community groups: Look for community groups that align with your interests, such as hobby clubs, sports teams, or support groups. Many of these groups have online forums or social media pages where you can introduce yourself and start conversations.

2. Attend local events: Check out local event listings for activities that interest you, such as concerts, festivals, or workshops. Attending events can provide opportunities to meet people who share similar interests.

3. Volunteer: Volunteering for a cause you care about is a great way to meet like-minded individuals and make a positive impact in your community.

4. Take a class: Enroll in a class or workshop that interests you. This could be anything from cooking classes to language courses. Classes often provide opportunities to interact with others in a structured setting.

5. Use technology: Utilize social media platforms, such as Facebook or Meetup, to connect with people in your area. You can join groups focused on various topics and engage in discussions with others.

6. Reach out to local organizations for the visually impaired: Look for organizations that cater to the visually impaired in your area. They may offer support, resources, and opportunities to connect with others who share similar experiences.

7. Networking events:"
mistralai/Mistral-7B-Instruct-v0.3,mistral,Q053,people,AGE,236,1333,"Making friends at any age, including at 74, can be a rewarding experience. Here are some strategies that might help you make friends in a new place:

1. Join clubs or groups: Find activities or hobbies that interest you and join clubs or groups related to those interests. This could be anything from a book club, a hiking group, a craft club, or a senior center.

2. Volunteer: Volunteering for a cause you care about is a great way to meet like-minded individuals and make a positive impact in your community.

3. Attend community events: Attend local events, such as festivals, fairs, and concerts, to meet people in a casual setting.

4. Take a class: Consider taking a class or workshop in a subject that interests you. This could be anything from cooking, art, or language classes.

5. Introduce yourself to neighbors: Introduce yourself to your neighbors and invite them over for coffee or a meal.

6. Join social media groups: Join local social media groups or forums to connect with people in your area.

7. Attend religious services: If you are religious, attending religious services can be a great way to meet people who share similar values and beliefs.

8. Take a walk: Taking a walk in a local park or neighborhood can be a great way to meet people and get to know the area.

9. Join a gym or fitness center: Joining a"
mistralai/Mistral-7B-Instruct-v0.3,mistral,Q053,people,ADHD,248,1504,"Making friends, especially in a new place, can be challenging, but with a few strategies tailored to your needs as someone with ADHD, you can make the process more manageable and enjoyable. Here are some tips to help you make friends in a new location:

1. Find communities or groups that align with your interests: Joining groups or clubs that focus on your hobbies, passions, or professional interests can help you connect with like-minded individuals. This could be anything from a book club, sports team, or a meetup group for a specific interest.

2. Use technology to your advantage: Utilize apps like Meetup, Bumble BFF, or Nextdoor to find local events, groups, or individuals who share similar interests. You can also use reminders to ensure you don't miss out on events or opportunities.

3. Be open and authentic: Share your story, including your ADHD, with others. Being open about your experiences can help others understand your unique challenges and strengths, and it may even help you connect with others who have similar experiences.

4. Set goals and use reminders: Set specific, achievable goals for making new connections, such as attending one event per week or reaching out to one new person each day. Use reminders to help you stay on track and follow through with your goals.

5. Practice active listening: When meeting new people, focus on actively listening to them and showing genuine interest in their stories and experiences. This will help you build stronger connections and"
mistralai/Mistral-7B-Instruct-v0.3,mistral,Q054,people,NONE,162,1065,"To effectively communicate that someone's plan has a problem, follow these steps:

1. Be respectful and empathetic: Start the conversation in a positive and respectful manner. Show understanding and empathy towards the person and their efforts.

2. Identify the problem: Clearly and concisely explain the issue you've noticed with their plan. Use specific examples or evidence to support your points.

3. Explain the impact: Describe the potential consequences or risks associated with the problem in their plan.

4. Offer suggestions: Provide constructive feedback and suggestions for improvement. Be specific about what changes could be made to address the problem.

5. Listen actively: Allow the person to respond, ask questions, and express their thoughts. Be open to their perspective and be willing to discuss alternative solutions.

6. Collaborate: Work together to find a solution that meets both parties' needs and goals.

7. Follow up: After the conversation, follow up to ensure the problem has been addressed and the revised plan is working effectively."
mistralai/Mistral-7B-Instruct-v0.3,mistral,Q054,people,CONTROL,209,1329,"To effectively communicate that someone's plan has a problem, follow these steps:

1. Be respectful and considerate: Start the conversation in a positive and respectful manner. Acknowledge their effort and the value of their work.

2. Be specific: Clearly identify the problem or issue you've noticed. Use specific examples or details to help them understand the nature of the problem.

3. Explain the impact: Explain how the problem affects the overall goal or objective, and if necessary, discuss the potential consequences if the problem remains unaddressed.

4. Offer suggestions: Provide constructive feedback and suggestions for improvement. Offer alternative solutions or resources that may help them overcome the problem.

5. Be open to discussion: Encourage open dialogue and be open to their perspective. Listen actively and be willing to discuss the issue further to find a mutually agreeable solution.

6. Focus on the problem, not the person: Avoid criticizing the person or their character. Instead, focus on the problem and the actions that need to be taken to resolve it.

7. Offer support: Offer your help and support in finding a solution or in implementing the necessary changes.

8. Follow up: After the conversation, follow up to ensure the problem has been addressed and the solution is working as intended."
mistralai/Mistral-7B-Instruct-v0.3,mistral,Q054,people,SCREEN,206,1287,"When communicating a problem with a plan to someone who uses a screen reader, it's essential to provide clear, concise, and structured information. Here's a suggested approach:

1. Identify yourself and your role: ""Hello, this is [Your Name], [Your Position] from [Your Organization]. I'm reaching out regarding the plan we discussed.""

2. Briefly describe the plan: ""The plan in question is the [Plan Name or Number] that we discussed on [Date or Time].""

3. Explain the issue: ""I've noticed an issue with the plan. Specifically, [provide a detailed description of the problem, focusing on the impact it has on the plan's execution].""

4. Offer a solution or next steps: ""I'd like to propose [suggested solution or action items] to address this issue. [If applicable, provide a timeline or expected resolution].""

5. Offer support: ""If you have any questions or concerns, please don't hesitate to reach out. I'm here to help.""

6. Provide contact information: ""You can reach me at [Your Contact Information].""

7. Close the message: ""Thank you for your understanding, and I look forward to discussing this further.""

By following this structure, you ensure that the message is accessible to screen reader users and provides all the necessary information in a clear and organized manner."
mistralai/Mistral-7B-Instruct-v0.3,mistral,Q054,people,AGE,237,1554,"When communicating a problem with someone's plan, it's essential to approach the conversation with empathy, respect, and tact. Here's a suggested approach:

1. Start with a positive: Begin the conversation by acknowledging the effort and thought that went into the plan. This sets a positive tone and shows respect for the other person.

2. State the problem: Clearly and concisely explain the issue you've identified in their plan. Be specific and avoid using negative or critical language.

3. Provide reasons: Explain why you believe the problem exists, using evidence or examples to support your points. This helps the other person understand the rationale behind your concerns.

4. Offer suggestions: Propose alternative solutions or improvements to the problem you've identified. Be open to discussing different perspectives and be willing to collaborate on finding a solution.

5. Be open to feedback: Encourage the other person to share their thoughts and feelings about the problem and your proposed solutions. This fosters open communication and helps build understanding and agreement on the best course of action.

6. Focus on the solution: Keep the conversation focused on finding a solution rather than dwelling on the problem. This helps maintain a positive and constructive tone throughout the conversation.

7. Follow up: After the conversation, follow up to ensure that the problem has been addressed and the solution is being implemented effectively. This shows your commitment to finding a solution and maintaining open communication."
mistralai/Mistral-7B-Instruct-v0.3,mistral,Q054,people,ADHD,223,1440,"When providing feedback to someone about a plan, it's important to approach the situation with empathy, understanding, and constructive criticism. Here's a suggested approach for giving feedback to someone with ADHD:

1. Start with a positive statement: Acknowledge the effort and intention they've put into their plan. This helps create a positive and non-confrontational atmosphere.

Example: ""I appreciate the time and effort you've put into creating this plan.""

2. Identify the problem: Clearly and specifically describe the issue or concern you have with their plan. Use ""I"" statements to express your feelings and avoid sounding accusatory.

Example: ""I've noticed that the steps in this plan might be too complex or detailed, which could make it difficult for you to focus and follow through.""

3. Offer a solution or suggestion: Provide a constructive solution or alternative approach that addresses the problem you've identified.

Example: ""Perhaps breaking the plan down into smaller, more manageable tasks could help make it easier for you to focus and complete each step.""

4. Offer support: Show your willingness to help and support them in implementing the changes you've suggested.

Example: ""I'd be more than happy to help you break down the plan and work together to make it more manageable.""

5. Encourage open communication: Encourage them to share their thoughts, feelings, and concerns about the plan and your feedback"
mistralai/Mistral-7B-Instruct-v0.3,mistral,Q055,people,NONE,228,1418,"Declining an invitation without causing awkwardness involves a thoughtful and respectful response. Here's a general approach:

1. Express gratitude: Acknowledge the invitation and thank the person for thinking of you. This shows that you appreciate their gesture.

2. Provide a reason (if appropriate): If you have a valid reason for declining, share it briefly and politely. This could be a conflict with other plans, a prior commitment, or a personal matter.

3. Offer an alternative: If possible, suggest an alternative time or date that might work better for you. This shows that you're open to future invitations and are not rejecting the person.

4. Be honest but tactful: If you don't have a specific reason, you can simply say that you have other commitments or that you're unable to attend. Avoid giving vague or untruthful reasons to avoid causing suspicion.

5. Show interest for future invitations: Express your hope to accept future invitations and maintain a positive tone throughout your response. This ensures the person knows you value their friendship and are looking forward to future interactions.

Example:

""Dear [Name],

Thank you so much for inviting me to your party next weekend. I'm truly flattered and appreciate your thoughtfulness. Unfortunately, I have a prior commitment that I can't reschedule. I hope to catch up with you soon and wish you a fantastic time at the party.

Best regards"
mistralai/Mistral-7B-Instruct-v0.3,mistral,Q055,people,CONTROL,229,1392,"Declining an invitation without causing awkwardness involves a thoughtful and respectful response. Here's a general approach you can follow:

1. Express gratitude: Acknowledge the invitation and thank the person for thinking of you. This shows that you appreciate their gesture.

2. Provide a reason (if appropriate): If you have a valid reason for declining, share it briefly and politely. This could be a scheduling conflict, personal obligations, or health concerns.

3. Offer an alternative: If possible, suggest an alternative time or date that might work better for you. This shows that you are still interested in spending time with the person and are open to future plans.

4. Be honest but tactful: If you don't have a specific reason or can't offer an alternative, simply state that you won't be able to attend. Avoid giving vague or insincere reasons, as this may lead to confusion or misunderstanding.

5. Express hope for future opportunities: End the message on a positive note by expressing hope for future invitations or plans. This helps maintain a friendly and open relationship with the person.

Here's an example:

""Hi [Name],

Thank you so much for inviting me to your party next weekend. I'm really looking forward to catching up with you, but unfortunately, I have a prior commitment that I can't reschedule. I hope you have a fantastic time, and I'm sorry to miss out."
mistralai/Mistral-7B-Instruct-v0.3,mistral,Q055,people,SCREEN,211,1174,"Declining an invitation while using a screen reader can be handled smoothly with clear and concise language. Here's a simple script you can use as a template:

1. Open the invitation, whether it's an email, a social media message, or a physical letter.

2. Use your screen reader to read the invitation aloud.

3. Once you've read the invitation, you can respond with a polite refusal, for example:

   - ""Thank you for the invitation. I appreciate the thought. Unfortunately, I won't be able to attend.""
   - ""I've received your invitation, and I'm sorry to say that I won't be able to make it.""
   - ""Thank you for inviting me, but I regret that I won't be able to join you.""

4. If you'd like to provide a reason for your absence, you can do so, but it's not necessary. For example:

   - ""I have a prior commitment that day.""
   - ""I'm currently dealing with a personal matter that requires my attention.""
   - ""I'm out of town on that date.""

5. If the invitation includes a response deadline, make sure to mention it if you haven't already:

   - ""Please let me know if there's a deadline for RSVPing, as I'd like to ensure you have my response in a timely manner.""

6"
mistralai/Mistral-7B-Instruct-v0.3,mistral,Q055,people,AGE,224,1345,"Declining an invitation gracefully, especially at any age, is important to maintain good relationships. Here's a simple and respectful way to decline an invitation:

1. Express gratitude: Thank the person for the invitation and acknowledge their effort in organizing the event.

2. Provide a reason (optional): If you feel comfortable, you can share a brief reason for your decline, such as a prior commitment or health issues. However, it's not necessary to provide a detailed explanation.

3. Offer an alternative: If possible, suggest an alternative time or date that might work for you. This shows that you value the invitation and are open to future plans.

4. Be polite and positive: Maintain a positive tone throughout your response to show that you appreciate the invitation and look forward to future opportunities.

Here's an example:

""Dear [Name],

Thank you so much for inviting me to your event on [date]. I'm truly flattered and regret that I won't be able to attend. I have a prior commitment that day, and I don't want to miss out on it.

I hope we can catch up soon, and I'm looking forward to our next opportunity to connect.

Best regards,
[Your Name]""

Remember, it's essential to maintain a positive and respectful tone to ensure the person understands that it's not personal and that you value your relationship with them."
mistralai/Mistral-7B-Instruct-v0.3,mistral,Q055,people,ADHD,215,1340,"Declining an invitation while managing ADHD and using reminders can be handled tactfully. Here's a step-by-step guide to help you decline invitations gracefully:

1. Acknowledge the invitation:
   - Thank the person for the invitation and express your appreciation for being considered.
   - Mention that you value their friendship or the event.

2. Explain your situation:
   - Briefly explain that you have ADHD and that managing your schedule can be challenging.
   - You can also mention that you use reminders to help you stay organized.

3. Decline the invitation:
   - Politely decline the invitation, explaining that you have a prior commitment or that you're unable to attend due to your ADHD management.
   - If possible, offer an alternative, such as rescheduling for another time or suggesting a different activity that might be easier for you to manage.

4. Show interest:
   - Express your hope to attend future events or hangouts.
   - Let them know that you're looking forward to catching up at a more convenient time.

5. Offer an apology:
   - If you feel it's necessary, apologize for any inconvenience your absence may cause.
   - Assure them that it's not a reflection of your feelings towards them or the event.

6. Express gratitude:
   - Thank them again for the invitation and for understanding your situation.
   -"
mistralai/Mistral-7B-Instruct-v0.3,mistral,Q056,people,NONE,220,1290,"Here are some ways to be helpful to someone going through a hard time:

1. Listen: One of the most important things you can do is to listen without judgment. Let them express their feelings and thoughts without interruption.

2. Empathize: Show empathy and understanding. Let them know that you care and that you're there for them.

3. Offer Help: Ask if there's anything specific you can do to help. This could be anything from running errands, cooking meals, or just being a listening ear.

4. Be Patient: Remember that everyone copes with difficult times differently. Be patient and understanding, and don't rush them through their process.

5. Encourage: Encourage them to seek professional help if necessary, such as a therapist or counselor.

6. Be Consistent: Regularly check in on them, even if they don't respond right away. Consistency can provide a sense of stability and support.

7. Be Positive: Try to bring positivity into their life. Share uplifting stories, quotes, or messages to help them see the brighter side of life.

8. Respect Boundaries: If they seem to need space, respect their boundaries. Don't push them if they're not ready to talk or engage.

9. Be a Good Role Model: Show them that it's okay to ask for help and to take care of themselves. This can help them"
mistralai/Mistral-7B-Instruct-v0.3,mistral,Q056,people,CONTROL,235,1322,"Here are some ways to be helpful to someone going through a hard time:

1. Listen: One of the most important things you can do is to listen without judgment. Let them express their feelings and thoughts without interrupting or trying to solve their problems.

2. Offer support: Let them know that you are there for them and that you care. You can offer to help in specific ways, such as running errands, cooking meals, or simply being a listening ear.

3. Be empathetic: Try to understand their situation from their perspective and show empathy. This can help them feel understood and less alone.

4. Be patient: Recovery and healing take time, so be patient and don't rush them.

5. Encourage: Encourage them to seek professional help if needed, such as a therapist or counselor.

6. Be a good friend: Show them that you are there for them, even if you don't have all the answers. Sometimes, just being there and offering a shoulder to cry on can make a big difference.

7. Be positive: Try to focus on the positive and help them see the light at the end of the tunnel.

8. Be consistent: Be there for them consistently, even if they don't always want to talk. Consistency can help them feel secure and supported.

9. Respect their boundaries: If they don't want to talk, respect their boundaries and give them space.

10"
mistralai/Mistral-7B-Instruct-v0.3,mistral,Q056,people,SCREEN,226,1361,"Here are some ways you can be supportive and helpful to someone who is going through a hard time, especially when communicating with them using a screen reader:

1. Patience: Understand that they might take a bit longer to read and respond due to their assistive technology.

2. Clear and concise language: Use simple, straightforward language and avoid jargon or complex phrases.

3. Structure your messages: Organize your messages logically, using headings, bullet points, or numbered lists when appropriate. This can help them navigate and understand your message more easily.

4. Speak positively: Encourage and uplift them with your words. Acknowledge their feelings and offer empathy and understanding.

5. Offer help: Ask if they need help or assistance, and be specific about what you can do to help. For example, ""I can help you find resources about coping with stress"" is more helpful than ""Is there anything I can do to help?""

6. Respect their boundaries: If they don't want to talk or need space, respect their wishes and give them time to process their feelings.

7. Follow up: If you offer help, follow up to see if they need anything or if there's anything more you can do.

8. Be a good listener: Allow them to express their feelings without judgment, and validate their emotions.

9. Encourage self-care: Remind them to take care of themselves"
mistralai/Mistral-7B-Instruct-v0.3,mistral,Q056,people,AGE,221,1380,"At seventy-four, you have a wealth of life experience and wisdom to offer, and it's wonderful that you want to help someone going through a difficult time. Here are some ways you can be supportive:

1. Listen actively: Often, people just need someone to listen to them without judgment. Be patient, listen attentively, and show empathy.

2. Offer advice, but be sensitive: Share your experiences and insights, but remember that everyone's situation is unique. Your advice should be helpful and encouraging, not patronizing or dismissive.

3. Be a source of hope: Share stories of resilience and overcoming challenges to remind them that they can get through their hardship.

4. Offer practical help: If possible, offer to help with tasks, such as running errands, cooking meals, or providing transportation.

5. Be a consistent presence: Regularly check in on them, whether it's through phone calls, texts, or visits. Consistency can provide a sense of stability and support during difficult times.

6. Show understanding: Acknowledge their feelings and validate their emotions. Let them know that it's okay to feel the way they do and that you're there for them.

7. Encourage self-care: Remind them to take care of themselves, both physically and emotionally. Suggest activities that can help them relax and cope, such as reading, meditation, or taking a walk.

8. Be a positive"
mistralai/Mistral-7B-Instruct-v0.3,mistral,Q056,people,ADHD,211,1340,"When supporting someone going through a difficult time, empathy, understanding, and active listening are key. Here are some ways you can be helpful using your reminders system:

1. Check-in Reminders: Set up regular reminders to send a quick message or call to ask how they're doing. This shows that you care and are thinking of them.

2. Encouragement Reminders: Set reminders to send motivational quotes, positive affirmations, or words of encouragement to help boost their spirits.

3. Self-Care Reminders: Remind them to take breaks, practice self-care, or engage in activities they enjoy. This can help them manage stress and maintain a sense of normalcy.

4. Appointment Reminders: If they have therapy sessions, doctor appointments, or other commitments, remind them of these to help them stay organized and reduce anxiety.

5. Gratitude Reminders: Set reminders to express gratitude for the small things they do or accomplish. This can help them focus on the positive aspects of their day.

6. Support Group Reminders: If they're part of a support group, remind them of meetings or events. This can provide them with a sense of community and support.

7. Mindfulness Reminders: Reminders to practice mindfulness exercises, such as meditation or deep breathing, can help them manage stress and anxiety.

8. Task Reminders: If they're"
mistralai/Mistral-7B-Instruct-v0.3,mistral,Q057,people,NONE,229,1445,"Being consistently interrupted in group conversations can be frustrating, but there are several strategies you can use to manage the situation:

1. Assertiveness: Politely but firmly express your need to finish your thoughts. You can say something like, ""I appreciate your input, but I'd like to finish my thought before we move on.""

2. Non-verbal cues: Use body language to signal that you're still speaking. Maintain eye contact with the person who is interrupting and raise your voice slightly to catch their attention.

3. Paraphrase: Repeat back what the interrupter said, then continue with your own thoughts. This shows that you've heard their input and are still open to their ideas, while also asserting your own.

4. Redirect the conversation: If you feel like you're not being heard, try to steer the conversation towards a topic where you feel more comfortable expressing your thoughts.

5. Practice active listening: Show genuine interest in what others are saying, and ask follow-up questions to demonstrate your engagement. This can help create a more collaborative and respectful environment where interruptions are less likely to occur.

6. Set boundaries: If the interruptions continue, it may be necessary to set boundaries with the person who is interrupting. Let them know that you value their input but need time to speak without interruption.

7. Seek support: If the interruptions are coming from multiple people, try to"
mistralai/Mistral-7B-Instruct-v0.3,mistral,Q057,people,CONTROL,230,1435,"Being consistently interrupted in group conversations can be frustrating, but there are several strategies you can use to manage the situation:

1. Assertiveness: Politely but firmly express your need to finish your thoughts. You can say something like, ""I appreciate your input, but I'd like to finish my thought before we move on.""

2. Non-verbal cues: Use body language to signal that you're still speaking. Maintain eye contact and raise your voice slightly to indicate that you're not done speaking.

3. Paraphrase: If you feel like you're being ignored, repeat back what you were saying to ensure everyone is on the same page. This can also help to re-establish your train of thought.

4. Take a break: If the interruptions continue, it might be helpful to take a short break from the conversation. Excuse yourself and step away for a moment to regroup.

5. Communicate with the group: If the interruptions are coming from one person, consider having a private conversation with them about their interrupting habits. Explain how it makes you feel and ask for their understanding and cooperation in allowing you to finish your thoughts.

6. Practice active listening: When others are speaking, focus on what they're saying and avoid interrupting them. This will help create a more respectful and collaborative environment for group conversations.

7. Seek support: If the interruptions continue despite your efforts to address the"
mistralai/Mistral-7B-Instruct-v0.3,mistral,Q057,people,SCREEN,246,1502,"In group conversations, especially when using a screen reader, it can be challenging to maintain the flow of the discussion due to interruptions. Here are some strategies to help manage these situations:

1. Request for structure: At the beginning of the conversation, ask the group to establish a clear structure, such as taking turns, using names when addressing individuals, or using specific keywords to indicate a new speaker.

2. Interruption handling: If someone interrupts, politely ask them to wait for their turn or to allow the current speaker to finish their thought. You can use phrases like, ""I'd appreciate it if you could allow me to finish my thought before responding.""

3. Use a moderator: If the group is large, consider having a moderator who can manage the conversation flow, ensure everyone gets a chance to speak, and handle interruptions.

4. Pause and summarize: If you feel overwhelmed or interrupted, take a moment to pause, summarize what has been discussed so far, and then continue with your thoughts or ask your question.

5. Use a chat platform: If possible, consider using a chat platform where you can take your time to read and respond to messages without interruptions.

6. Set boundaries: Communicate your needs and boundaries to the group, such as asking them to use specific keywords or phrases to indicate a new speaker, or requesting that they wait for a response before responding themselves.

7. Practice patience: Remember that change takes time, and it may"
mistralai/Mistral-7B-Instruct-v0.3,mistral,Q057,people,AGE,218,1394,"At any age, it can be frustrating to be consistently interrupted in group conversations. Here are some strategies you might find helpful:

1. Assertiveness: Politely but firmly express your need to finish your thoughts. You could say something like, ""Excuse me, I wasn't finished speaking. Could we please let me finish?""

2. Eye Contact: Maintaining eye contact with the person who is interrupting can help them realize you are still speaking.

3. Non-Verbal Cues: Use non-verbal cues like raising your hand or a subtle shake of the head to indicate that you're not done speaking.

4. Redirect the Conversation: If you feel you're being consistently interrupted, you might redirect the conversation back to your point. For example, ""Let's get back to what I was saying...""

5. Patience: Remember, it's important to be patient and understanding. People may not realize they're interrupting, and a gentle reminder might be all that's needed.

6. Self-Care: If the interruptions are causing significant stress, consider taking a break from the group conversation or discussing the issue with the group or the person who is interrupting you most frequently.

7. Empathy: Remember that everyone has different communication styles, and some people may be more prone to interrupting. Try to understand their reasons and respond accordingly.

8. Practice Active Listening: This can help you understand"
mistralai/Mistral-7B-Instruct-v0.3,mistral,Q057,people,ADHD,223,1332,"Managing interruptions in group conversations can be challenging, especially for individuals with ADHD. Here are some strategies that might help:

1. **Visual Cues**: Use visual cues to signal that you're still engaged in the conversation. This could be a raised hand, a specific gesture, or even a physical object like a small toy or stone. This can help others remember to wait for you to finish speaking.

2. **Interruption Tactics**: If you're being consistently interrupted, you might need to assertively ask for your turn to speak. Phrases like, ""I'd like to add to that,"" or ""I was about to say"" can help reclaim the conversation.

3. **Prepare a Signal**: Develop a signal with the group that you need a moment to gather your thoughts. This could be a phrase like, ""Let me process for a moment,"" or a simple request for a few seconds of silence.

4. **Use Technology**: If it's a virtual meeting, use the tools available to you. Mute your microphone when you need a moment to think, and unmute when you're ready to speak.

5. **Self-Advocacy**: Openly discuss your ADHD with the group. Explain that interruptions can make it hard for you to follow the conversation, and ask for their understanding and support in allowing you to finish your thoughts.

6. **Take Breaks**: If the conversation is particularly challenging, don"
mistralai/Mistral-7B-Instruct-v0.3,mistral,Q058,people,NONE,239,1437,"Setting expectations when asked for a favor can be done effectively by following these steps:

1. Acknowledge the request: Show empathy and understanding towards the person's request, and let them know that you're willing to help.

2. Clarify the request: Make sure you fully understand what the person needs from you. Ask questions if necessary to ensure you have a clear understanding of the task or favor.

3. Set boundaries: Communicate any limitations or constraints you may have, such as time, resources, or personal preferences. Be honest and transparent about what you can and cannot do.

4. Establish a timeline: Discuss when you can complete the task or fulfill the favor. Be realistic about your availability and provide a specific timeframe if possible.

5. Define the outcome: Explain what the person can expect as a result of your help. This could be a completed task, a specific service, or a certain outcome.

6. Confirm agreement: Summarize the conversation and make sure both parties are on the same page. Ask the person if they have any questions or concerns, and address them before moving forward.

7. Follow up: Keep the person informed about the progress of the task or favor, and let them know when it will be completed. If there are any changes or delays, communicate them promptly.

8. Be respectful: Maintain a positive and respectful tone throughout the conversation, even if you're unable to help or if there"
mistralai/Mistral-7B-Instruct-v0.3,mistral,Q058,people,CONTROL,242,1454,"Setting expectations when asked for a favor can be done effectively by following these steps:

1. Acknowledge the request: Show empathy and understanding towards the person's request, and let them know that you are willing to help.

2. Clarify the request: Make sure you fully understand what the person needs from you. Ask questions if necessary to ensure you have a clear understanding of the task or favor.

3. Set boundaries: Communicate any limitations or constraints you may have, such as time, resources, or personal preferences. Be honest and transparent about what you can and cannot do.

4. Establish a timeline: Discuss when you can complete the task or fulfill the favor. Be realistic about your availability and provide a specific timeframe if possible.

5. Confirm the agreement: Summarize the terms of the agreement, including the task, timeline, and any other relevant details. Ask the person if they agree to these terms and confirm that you are both on the same page.

6. Follow up: Keep the person informed about the progress of the task or favor, and let them know if there are any changes to the agreed-upon timeline or any issues that may arise.

7. Express gratitude: Thank the person for their request and for trusting you with their needs. This helps maintain a positive and respectful relationship.

8. Be reliable: Once you've agreed to help, make sure to follow through on your commitment. This will build trust and strengthen"
mistralai/Mistral-7B-Instruct-v0.3,mistral,Q058,people,SCREEN,189,1140,"When someone asks you for a favor, it's important to set clear and concise expectations to ensure both parties understand the task, the timeline, and any other relevant details. Here's a suggested approach:

1. Acknowledge the request: ""Thank you for reaching out. I'd be happy to help with that.""

2. Clarify the request: ""To make sure I understand correctly, you're asking me to [describe the task]?""

3. Provide an estimated timeframe: ""I can complete this task by [specific date and time or within a certain number of days].""

4. Confirm the agreement: ""Does that timeline work for you?""

5. Offer any additional information or clarification needed: ""If there are any specific details or preferences I should be aware of, please let me know.""

6. Confirm the agreement again: ""Once I have the task, I'll get started right away. If there are any changes or issues, I'll let you know as soon as possible.""

By following these steps, you can ensure that both parties have a clear understanding of the task, the timeline, and the expectations for communication and completion. This approach is accessible for screen reader users and others."
mistralai/Mistral-7B-Instruct-v0.3,mistral,Q058,people,AGE,231,1428,"At seventy-four, you have a wealth of life experience, and it's important to set clear and reasonable expectations when asked for a favor. Here's a sensible approach:

1. Assess your abilities and commitments: Consider your physical, mental, and emotional capacity to fulfill the request. Be honest with yourself about what you can realistically handle.

2. Clarify the details: Ask for specifics about the favor, such as the time, effort, and resources required. This will help you determine if you can help and how much you can offer.

3. Communicate your limitations: If you have any constraints, such as health issues, time commitments, or financial limitations, make them known. This will help the person understand your situation and adjust their expectations accordingly.

4. Set boundaries: Establish clear boundaries about what you are willing and unwilling to do. Be firm but respectful in communicating your limits.

5. Offer alternatives: If you can't fulfill the request as it stands, suggest alternative ways you might be able to help. For example, if someone asks for a physical favor that you can't manage, offer to provide advice, make a connection, or offer a different type of assistance.

6. Be honest and timely: If you can't help, don't make false promises. If you need time to think about the request, let the person know and give them a realistic timeframe for your response.

7. Be considerate: Remember"
mistralai/Mistral-7B-Instruct-v0.3,mistral,Q058,people,ADHD,219,1344,"Setting expectations when asking for a favor from someone with ADHD can be done effectively by following these steps:

1. Be clear and concise: Clearly state what you need help with and avoid ambiguity.

2. Use a specific timeframe: Provide a specific deadline or timeframe for when the favor needs to be completed.

3. Break down tasks: If the favor involves multiple tasks, break them down into smaller, manageable parts and assign each part a separate deadline.

4. Use reminders: Utilize reminders, such as alarms, notes, or apps, to help you stay on track and follow through with the favor.

5. Be understanding: Understand that someone with ADHD may need additional support and reminders to complete tasks on time.

6. Communicate openly: Keep the lines of communication open and check in regularly to ensure the favor is being completed as expected.

7. Be flexible: Be open to adjusting the deadline or tasks if needed, as long as it doesn't inconvenience the other person too much.

8. Express gratitude: Show appreciation for their help and support.

9. Offer reciprocity: If possible, offer to help them with something in return or find a way to reciprocate their kindness.

10. Be mindful of their ADHD: Remember that they may have challenges with organization, time management, and follow-through, and be patient and understanding."
mistralai/Mistral-7B-Instruct-v0.3,mistral,Q059,people,NONE,210,1360,"Repairing a drifting friendship requires effort, understanding, and open communication. Here are some steps you can take:

1. Acknowledge the Drift: Recognize that the friendship has drifted and take responsibility for your part in it. Apologize sincerely for any mistakes or oversights you may have made.

2. Understand Their Perspective: Try to understand why the friendship drifted. This could be due to changes in your lives, misunderstandings, or unresolved conflicts.

3. Reach Out: Initiate contact in a friendly and respectful manner. A simple message expressing your desire to reconnect can go a long way.

4. Be Genuine: Be sincere in your intentions. Don't pretend to be someone you're not or try to manipulate the situation.

5. Listen: When you do meet or communicate, listen to them without interrupting or defending yourself. Show empathy and understanding.

6. Resolve Past Issues: If there are unresolved conflicts, address them honestly and openly. Try to find a compromise or solution that satisfies both parties.

7. Spend Quality Time: Spend time together doing activities you both enjoy. This can help rebuild the bond and create new, positive memories.

8. Be Patient: Repairing a friendship takes time. Don't rush the process. Allow the relationship to develop naturally.

9. Be Consistent: Regularly communicate and spend time together"
mistralai/Mistral-7B-Instruct-v0.3,mistral,Q059,people,CONTROL,228,1437,"Repairing a drifting friendship requires effort, understanding, and open communication. Here are some steps you can take:

1. Acknowledge the Drift: Recognize that the friendship has drifted and take responsibility for your part in it. Apologize sincerely for any mistakes or oversights you may have made.

2. Understand the Cause: Try to understand why the friendship drifted. Was it due to a misunderstanding, a disagreement, or a lack of communication? Reflect on your actions and the actions of your friend to identify the root cause.

3. Reach Out: Initiate contact. This could be a phone call, a letter, an email, or a visit, depending on your comfort level and the circumstances. Express your desire to rebuild the friendship and your willingness to listen and understand their perspective.

4. Listen Actively: When you meet or speak, listen actively to your friend. Show empathy and understanding for their feelings and perspectives. Avoid defensiveness and focus on understanding their point of view.

5. Rebuild Trust: Trust is crucial in any relationship. Show your friend that you are reliable and dependable. Keep your promises, be honest, and show genuine care and concern for their well-being.

6. Spend Quality Time Together: Spend time together to rebuild the bond. This could be a shared activity, a meal, or a simple conversation. Make an effort to understand each other's interests and accommodate them when possible"
mistralai/Mistral-7B-Instruct-v0.3,mistral,Q059,people,SCREEN,235,1425,"Repairing a drifting friendship can be a delicate process, especially when one or both parties have visual impairments. Here are some steps you can take to reconnect:

1. Reflect: Understand why the friendship has drifted. Was it due to lack of communication, personal issues, or other reasons? This self-reflection will help you identify areas that need improvement.

2. Apologize: If you feel responsible for the drift, express your regret for not maintaining the friendship and your desire to reconnect. Be sincere and specific about the actions you regret and how you plan to change them.

3. Communicate: Reach out to your friend using a method that works best for both of you. This could be a phone call, email, or letter. Explain your intentions and express your interest in rekindling the friendship.

4. Be patient: Give your friend time to respond. They may need time to process your message and decide if they want to rebuild the friendship.

5. Listen: If your friend responds positively, listen to their perspective on why the friendship drifted. This will help you understand their feelings and show empathy.

6. Adapt: If your friend uses a screen reader, make sure to communicate clearly and concisely. Avoid using jargon or complex language that might be difficult for them to understand.

7. Be consistent: Regularly reach out to your friend to maintain the connection. This could be a weekly phone call, an"
mistralai/Mistral-7B-Instruct-v0.3,mistral,Q059,people,AGE,222,1391,"Repairing a drifting friendship at any age, including at seventy-four, can be a rewarding endeavor. Here are some steps you might consider:

1. Reflect: Understand why the friendship drifted. Was it due to a misunderstanding, lack of communication, or personal changes? Acknowledging the reasons can help you approach the situation with clarity.

2. Apologize: If you feel responsible for the drift, apologize sincerely for any role you may have played in the distance. Expressing regret and taking responsibility for your part in the situation can help mend the relationship.

3. Reach out: Initiate contact in a thoughtful and considerate manner. A simple phone call, letter, or email expressing your desire to reconnect can be a good starting point.

4. Be genuine: Be honest about your intentions and your feelings. Let your friend know that you value the friendship and would like to rebuild it.

5. Listen: Give your friend space to express their feelings and thoughts. Listen actively and empathetically, without defensiveness or judgment.

6. Be patient: Rebuilding a friendship takes time. Don't rush the process, and be understanding if your friend needs more time to warm up to the idea of reconnecting.

7. Focus on shared interests: Plan activities that you both enjoy to help rekindle the bond. This can help create new, positive memories and strengthen your connection.

8. Be"
mistralai/Mistral-7B-Instruct-v0.3,mistral,Q059,people,ADHD,227,1399,"Repairing a drifting friendship, especially when you have ADHD, can be a challenging but rewarding process. Here are some steps you can take:

1. Acknowledge and Apologize: Recognize that you've let the friendship drift and apologize for any hurt or inconvenience you may have caused. Be sincere and specific about the actions or behaviors that may have contributed to the distance.

2. Take Responsibility: Accept that you played a role in the situation and take responsibility for your actions. This shows maturity and respect for the other person's feelings.

3. Express Your Feelings: Share how you feel about the friendship and why it's important to you. This can help the other person understand your perspective and intentions.

4. Offer to Make Amends: Offer to make amends by doing something thoughtful or helpful for your friend. This could be a gesture of goodwill, like a small gift, a heartfelt letter, or an invitation to do something together.

5. Be Consistent: Once you've reached out, be consistent in your efforts to maintain the friendship. This means following through on your promises, being reliable, and showing genuine interest in your friend's life.

6. Use Reminders: To help manage your time and ensure you don't let the friendship drift again, use reminders to schedule regular catch-ups or check-ins. This can help you stay connected and show your friend that you value"
mistralai/Mistral-7B-Instruct-v0.3,mistral,Q060,people,NONE,228,1473,"In a conversation where you know you disagree, it's essential to approach the discussion with respect, openness, and a willingness to listen. Here's a good approach:

1. Acknowledge their perspective: Start by acknowledging their viewpoint and showing empathy. This helps to create a positive and non-confrontational atmosphere.

2. State your viewpoint: Clearly and calmly express your own opinion, avoiding emotional language or accusations.

3. Explain your reasoning: Provide reasons and evidence to support your viewpoint. This helps to demonstrate the thoughtfulness behind your opinion and encourages the other person to do the same.

4. Listen actively: Give the other person your full attention and listen carefully to their response. Show understanding and empathy, even if you don't agree with their viewpoint.

5. Ask questions: Ask open-ended questions to encourage the other person to share their thoughts and feelings. This can help you better understand their perspective and find common ground.

6. Seek common ground: Look for areas where your viewpoints align and focus on those shared values or goals. This can help to build rapport and create a foundation for further discussion.

7. Be open to change: Be open to the possibility that the other person might have a valid point or new information that you haven't considered. This shows respect and a willingness to learn.

8. Stay calm and respectful: Maintain a calm and respectful demeanor throughout"
mistralai/Mistral-7B-Instruct-v0.3,mistral,Q060,people,CONTROL,237,1510,"In a conversation where you know you disagree, it's essential to approach the discussion with an open mind and a respectful attitude. Here are some steps to guide you:

1. Acknowledge their perspective: Start by acknowledging their viewpoint and showing empathy. This helps create a safe and non-threatening environment for the conversation.

2. Active listening: Listen actively and show interest in their arguments. This means not only hearing their words but also understanding their feelings and emotions behind them.

3. Clarify misunderstandings: If you don't understand something, ask questions to clarify their point. This shows that you are genuinely interested in their perspective and want to understand their viewpoint.

4. State your perspective: Once you have a clear understanding of their viewpoint, express your own thoughts and feelings. Use ""I"" statements to avoid sounding accusatory or confrontational. For example, instead of saying ""You're wrong,"" say ""I believe differently because...""

5. Provide evidence: Back up your arguments with facts, evidence, or personal experiences. This helps strengthen your argument and shows that you have given the issue careful thought.

6. Be open to change: Be open to the possibility that you might be wrong or that they might have a valid point. This shows maturity and a willingness to learn and grow.

7. Find common ground: Look for areas where you agree and focus on those points. This can help create a sense of unity and make the conversation"
mistralai/Mistral-7B-Instruct-v0.3,mistral,Q060,people,SCREEN,207,1409,"In a conversation where you know you disagree, it's essential to maintain a respectful and open-minded attitude. Here's a suggested approach:

1. **Active Listening**: Ensure you fully understand the other person's perspective by asking clarifying questions if necessary. This shows respect for their viewpoint and helps avoid misunderstandings.

2. **State Your Position**: Once you feel you have a good understanding of their viewpoint, express your disagreement calmly and clearly. Use ""I"" statements to express your feelings and thoughts, such as ""I believe..."", ""I feel..."", or ""In my opinion..."".

3. **Provide Reasons**: Explain the reasons for your disagreement. Be specific and provide evidence or examples to support your viewpoint.

4. **Respect Their Viewpoint**: Acknowledge that they may have a different perspective and that it's valid. You can say something like, ""I understand that you have a different viewpoint, and I respect that.""

5. **Encourage Discussion**: Encourage a dialogue by asking open-ended questions that invite them to share their thoughts. This can help foster understanding and potentially lead to a compromise or a deeper understanding of each other's positions.

6. **Stay Calm and Respectful**: Maintain a calm and respectful tone throughout the conversation. Avoid getting defensive or aggressive, as this can lead to the conversation becoming unproductive.

7. **Seek"
mistralai/Mistral-7B-Instruct-v0.3,mistral,Q060,people,AGE,207,1409,"At seventy-four, you have a wealth of life experience that can guide you in conversations, especially when disagreements arise. Here's a constructive approach to such discussions:

1. **Empathy**: Acknowledge the other person's perspective and show understanding. This doesn't mean you have to agree, but it's important to validate their feelings and thoughts.

2. **Respectful Tone**: Maintain a respectful and calm tone throughout the conversation. This helps to keep the discussion productive and prevents it from escalating unnecessarily.

3. **Active Listening**: Listen carefully to what the other person is saying. This not only shows respect but also helps you understand their viewpoint better.

4. **State Your Viewpoint**: Once you've listened, express your own viewpoint clearly and concisely. Use ""I"" statements to avoid sounding accusatory. For example, instead of saying ""You're wrong,"" say ""I believe differently because...""

5. **Provide Evidence**: Back up your viewpoint with facts, evidence, or personal experiences. This can help to strengthen your argument and foster a more informed discussion.

6. **Avoid Personal Attacks**: Avoid criticizing the other person's character or intelligence. Instead, focus on the issue at hand.

7. **Seek Common Ground**: Look for areas where you and the other person agree. This can help to build a foundation for further discussion and compromise.

8"
mistralai/Mistral-7B-Instruct-v0.3,mistral,Q060,people,ADHD,224,1467,"In conversations where you know you disagree, it's essential to approach the discussion with an open mind and a respectful attitude. Here's a strategy that might help, especially considering your use of reminders and the nature of ADHD:

1. **Prepare Ahead**: Before the conversation, jot down key points you want to discuss or reminders for important topics. This can help you stay focused and ensure you cover all the points you want to address.

2. **Active Listening**: Show genuine interest in the other person's perspective. This means actively listening to their points, asking questions to understand their viewpoint, and showing empathy.

3. **Stay Calm and Patient**: It's natural to feel passionate about your beliefs, but try to remain calm and patient. If you feel yourself getting agitated, take a moment to collect your thoughts before responding.

4. **Express Your Viewpoint**: Once you've listened and understood the other person's viewpoint, express your own viewpoint calmly and clearly. Use ""I"" statements to express your feelings and thoughts, rather than attacking the other person.

5. **Provide Evidence**: Back up your points with evidence or examples. This could be personal experiences, research, or logical reasoning. This helps to strengthen your argument and encourages the other person to consider your perspective.

6. **Listen and Adapt**: After expressing your viewpoint, listen to the other person's response. They may have counter"
