model,model_key,condition,depth,route,signals,task_id,family,correct,answer_key,raw_output
Qwen/Qwen2.5-7B-Instruct,qwen,D0,0,-,,T001,percentage,0,3480,3360
Qwen/Qwen2.5-7B-Instruct,qwen,D0,0,-,,T002,percentage,1,312.5,312.5
Qwen/Qwen2.5-7B-Instruct,qwen,D0,0,-,,T003,percentage,1,288,288
Qwen/Qwen2.5-7B-Instruct,qwen,D0,0,-,,T004,percentage,0,1044,1038
Qwen/Qwen2.5-7B-Instruct,qwen,D0,0,-,,T005,percentage,1,500,500
Qwen/Qwen2.5-7B-Instruct,qwen,D0,0,-,,T006,percentage,1,26.4,26.4
Qwen/Qwen2.5-7B-Instruct,qwen,D0,0,-,,T007,percentage,0,697,683
Qwen/Qwen2.5-7B-Instruct,qwen,D0,0,-,,T008,percentage,1,540,540
Qwen/Qwen2.5-7B-Instruct,qwen,D0,0,-,,T009,percentage,0,127.5,130
Qwen/Qwen2.5-7B-Instruct,qwen,D0,0,-,,T010,percentage,1,150,150
Qwen/Qwen2.5-7B-Instruct,qwen,D0,0,-,,T011,percentage,1,1408,1408
Qwen/Qwen2.5-7B-Instruct,qwen,D0,0,-,,T012,percentage,1,119,119
Qwen/Qwen2.5-7B-Instruct,qwen,D0,0,-,,T013,percentage,1,528,528
Qwen/Qwen2.5-7B-Instruct,qwen,D0,0,-,,T014,percentage,1,30,30
Qwen/Qwen2.5-7B-Instruct,qwen,D0,0,-,,T015,percentage,0,552.5,557.5
Qwen/Qwen2.5-7B-Instruct,qwen,D0,0,-,,T016,percentage,1,672,672
Qwen/Qwen2.5-7B-Instruct,qwen,D0,0,-,,T017,percentage,1,2560,2560
Qwen/Qwen2.5-7B-Instruct,qwen,D0,0,-,,T018,percentage,1,422.4,422.4
Qwen/Qwen2.5-7B-Instruct,qwen,D0,0,-,,T019,percentage,1,192,192
Qwen/Qwen2.5-7B-Instruct,qwen,D0,0,-,,T020,percentage,1,30,30
Qwen/Qwen2.5-7B-Instruct,qwen,D0,0,-,,T021,percentage,1,108,108
Qwen/Qwen2.5-7B-Instruct,qwen,D0,0,-,,T022,percentage,0,196.8,192
Qwen/Qwen2.5-7B-Instruct,qwen,D0,0,-,,T023,percentage,1,225,225
Qwen/Qwen2.5-7B-Instruct,qwen,D0,0,-,,T024,percentage,1,90,90
Qwen/Qwen2.5-7B-Instruct,qwen,D0,0,-,,T025,percentage,1,500,500
Qwen/Qwen2.5-7B-Instruct,qwen,D0,0,-,,T026,percentage,1,352,352
Qwen/Qwen2.5-7B-Instruct,qwen,D0,0,-,,T027,percentage,1,960,960
Qwen/Qwen2.5-7B-Instruct,qwen,D0,0,-,,T028,percentage,1,324,324
Qwen/Qwen2.5-7B-Instruct,qwen,D0,0,-,,T029,percentage,1,420,420
Qwen/Qwen2.5-7B-Instruct,qwen,D0,0,-,,T030,percentage,0,849.6,846
Qwen/Qwen2.5-7B-Instruct,qwen,D0,0,-,,T031,percentage,0,476,472
Qwen/Qwen2.5-7B-Instruct,qwen,D0,0,-,,T032,percentage,1,1100,1100
Qwen/Qwen2.5-7B-Instruct,qwen,D0,0,-,,T033,percentage,1,1560,1560
Qwen/Qwen2.5-7B-Instruct,qwen,D0,0,-,,T034,percentage,1,196,196
Qwen/Qwen2.5-7B-Instruct,qwen,D0,0,-,,T035,percentage,1,156,156
Qwen/Qwen2.5-7B-Instruct,qwen,D0,0,-,,T036,word_problem,0,4374,486
Qwen/Qwen2.5-7B-Instruct,qwen,D0,0,-,,T037,word_problem,1,3500,3500
Qwen/Qwen2.5-7B-Instruct,qwen,D0,0,-,,T038,word_problem,0,3360,840
Qwen/Qwen2.5-7B-Instruct,qwen,D0,0,-,,T039,word_problem,0,4200,1470
Qwen/Qwen2.5-7B-Instruct,qwen,D0,0,-,,T040,word_problem,0,1728,576
Qwen/Qwen2.5-7B-Instruct,qwen,D0,0,-,,T041,word_problem,0,3600,900
Qwen/Qwen2.5-7B-Instruct,qwen,D0,0,-,,T042,word_problem,0,12600,4200
Qwen/Qwen2.5-7B-Instruct,qwen,D0,0,-,,T043,word_problem,0,3630,385
Qwen/Qwen2.5-7B-Instruct,qwen,D0,0,-,,T044,word_problem,0,8064,3360
Qwen/Qwen2.5-7B-Instruct,qwen,D0,0,-,,T045,word_problem,0,12600,10500
Qwen/Qwen2.5-7B-Instruct,qwen,D0,0,-,,T046,word_problem,0,7840,11960
Qwen/Qwen2.5-7B-Instruct,qwen,D0,0,-,,T047,word_problem,0,6720,1680
Qwen/Qwen2.5-7B-Instruct,qwen,D0,0,-,,T048,word_problem,1,6000,6000
Qwen/Qwen2.5-7B-Instruct,qwen,D0,0,-,,T049,word_problem,0,6480,720
Qwen/Qwen2.5-7B-Instruct,qwen,D0,0,-,,T050,word_problem,0,4375,875
Qwen/Qwen2.5-7B-Instruct,qwen,D0,0,-,,T051,word_problem,0,2700,900
Qwen/Qwen2.5-7B-Instruct,qwen,D0,0,-,,T052,word_problem,0,1680,840
Qwen/Qwen2.5-7B-Instruct,qwen,D0,0,-,,T053,word_problem,0,6930,2310
Qwen/Qwen2.5-7B-Instruct,qwen,D0,0,-,,T054,word_problem,0,4752,4356
Qwen/Qwen2.5-7B-Instruct,qwen,D0,0,-,,T055,word_problem,0,6480,5400
Qwen/Qwen2.5-7B-Instruct,qwen,D0,0,-,,T056,word_problem,0,2916,3240
Qwen/Qwen2.5-7B-Instruct,qwen,D0,0,-,,T057,word_problem,0,3456,936
Qwen/Qwen2.5-7B-Instruct,qwen,D0,0,-,,T058,word_problem,0,4800,1200
Qwen/Qwen2.5-7B-Instruct,qwen,D0,0,-,,T059,word_problem,1,4200,4200
Qwen/Qwen2.5-7B-Instruct,qwen,D0,0,-,,T060,word_problem,0,5250,4250
Qwen/Qwen2.5-7B-Instruct,qwen,D0,0,-,,T061,word_problem,0,4410,1155
Qwen/Qwen2.5-7B-Instruct,qwen,D0,0,-,,T062,word_problem,0,4752,4956
Qwen/Qwen2.5-7B-Instruct,qwen,D0,0,-,,T063,word_problem,0,6000,600
Qwen/Qwen2.5-7B-Instruct,qwen,D0,0,-,,T064,word_problem,0,5000,500
Qwen/Qwen2.5-7B-Instruct,qwen,D0,0,-,,T065,word_problem,0,10080,840
Qwen/Qwen2.5-7B-Instruct,qwen,D0,0,-,,T066,conversion,1,2160,2160
Qwen/Qwen2.5-7B-Instruct,qwen,D0,0,-,,T067,conversion,0,1152,3552
Qwen/Qwen2.5-7B-Instruct,qwen,D0,0,-,,T068,conversion,1,630,630
Qwen/Qwen2.5-7B-Instruct,qwen,D0,0,-,,T069,conversion,1,48000,48000
Qwen/Qwen2.5-7B-Instruct,qwen,D0,0,-,,T070,conversion,1,900,900
Qwen/Qwen2.5-7B-Instruct,qwen,D0,0,-,,T071,conversion,1,720,720
Qwen/Qwen2.5-7B-Instruct,qwen,D0,0,-,,T072,conversion,1,125000,125000
Qwen/Qwen2.5-7B-Instruct,qwen,D0,0,-,,T073,conversion,1,1440,1440
Qwen/Qwen2.5-7B-Instruct,qwen,D0,0,-,,T074,conversion,0,864,288
Qwen/Qwen2.5-7B-Instruct,qwen,D0,0,-,,T075,conversion,1,12000,12000
Qwen/Qwen2.5-7B-Instruct,qwen,D0,0,-,,T076,conversion,1,24000,24000
Qwen/Qwen2.5-7B-Instruct,qwen,D0,0,-,,T077,conversion,1,125000,125000
Qwen/Qwen2.5-7B-Instruct,qwen,D0,0,-,,T078,conversion,1,3000,3000
Qwen/Qwen2.5-7B-Instruct,qwen,D0,0,-,,T079,conversion,1,720,720
Qwen/Qwen2.5-7B-Instruct,qwen,D0,0,-,,T080,conversion,1,3000,3000
Qwen/Qwen2.5-7B-Instruct,qwen,D0,0,-,,T081,conversion,0,60000,6000
Qwen/Qwen2.5-7B-Instruct,qwen,D0,0,-,,T082,conversion,1,36000,36000
Qwen/Qwen2.5-7B-Instruct,qwen,D0,0,-,,T083,conversion,1,15000,15000
Qwen/Qwen2.5-7B-Instruct,qwen,D0,0,-,,T084,conversion,1,12000,12000
Qwen/Qwen2.5-7B-Instruct,qwen,D0,0,-,,T085,conversion,1,105,105
Qwen/Qwen2.5-7B-Instruct,qwen,D0,0,-,,T086,conversion,1,360,360
Qwen/Qwen2.5-7B-Instruct,qwen,D0,0,-,,T087,conversion,1,7000,7000
Qwen/Qwen2.5-7B-Instruct,qwen,D0,0,-,,T088,conversion,1,72,72
Qwen/Qwen2.5-7B-Instruct,qwen,D0,0,-,,T089,conversion,0,48000,4800
Qwen/Qwen2.5-7B-Instruct,qwen,D0,0,-,,T090,conversion,1,720,720
Qwen/Qwen2.5-7B-Instruct,qwen,D0,0,-,,T091,date,1,25 April 2026,25 April 2026
Qwen/Qwen2.5-7B-Instruct,qwen,D0,0,-,,T092,date,0,10 June 2026,30 June 2026
Qwen/Qwen2.5-7B-Instruct,qwen,D0,0,-,,T093,date,1,27 April 2026,27 April 2026
Qwen/Qwen2.5-7B-Instruct,qwen,D0,0,-,,T094,date,1,26 November 2026,26 November 2026
Qwen/Qwen2.5-7B-Instruct,qwen,D0,0,-,,T095,date,0,08 October 2026,30 October 2026
Qwen/Qwen2.5-7B-Instruct,qwen,D0,0,-,,T096,date,0,11 November 2026,10 November 2026
Qwen/Qwen2.5-7B-Instruct,qwen,D0,0,-,,T097,date,0,16 March 2026,15 April 2026
Qwen/Qwen2.5-7B-Instruct,qwen,D0,0,-,,T098,date,0,01 June 2026,30 June 2026
Qwen/Qwen2.5-7B-Instruct,qwen,D0,0,-,,T099,date,0,16 October 2026,30 October 2026
Qwen/Qwen2.5-7B-Instruct,qwen,D0,0,-,,T100,date,0,12 June 2026,13 June 2026
Qwen/Qwen2.5-7B-Instruct,qwen,D0,0,-,,T101,date,1,24 June 2026,24 June 2026
Qwen/Qwen2.5-7B-Instruct,qwen,D0,0,-,,T102,date,1,25 July 2026,25 July 2026
Qwen/Qwen2.5-7B-Instruct,qwen,D0,0,-,,T103,date,1,14 November 2026,14 November 2026
Qwen/Qwen2.5-7B-Instruct,qwen,D0,0,-,,T104,date,0,06 February 2027,18 February 2027
Qwen/Qwen2.5-7B-Instruct,qwen,D0,0,-,,T105,date,0,08 May 2026,30 April 2026
Qwen/Qwen2.5-7B-Instruct,qwen,D0,0,-,,T106,date,1,30 October 2026,30 October 2026
Qwen/Qwen2.5-7B-Instruct,qwen,D0,0,-,,T107,date,0,05 June 2026,30 June 2026
Qwen/Qwen2.5-7B-Instruct,qwen,D0,0,-,,T108,date,0,08 October 2026,17 October 2026
Qwen/Qwen2.5-7B-Instruct,qwen,D0,0,-,,T109,date,0,10 August 2026,14 September 2026
Qwen/Qwen2.5-7B-Instruct,qwen,D0,0,-,,T110,date,0,17 December 2026,24 December 2026
Qwen/Qwen2.5-7B-Instruct,qwen,D0,0,-,,T111,date,0,13 January 2027,30 January 2027
Qwen/Qwen2.5-7B-Instruct,qwen,D0,0,-,,T112,date,0,07 October 2026,30 October 2026
Qwen/Qwen2.5-7B-Instruct,qwen,D0,0,-,,T113,date,0,26 August 2026,30 August 2026
Qwen/Qwen2.5-7B-Instruct,qwen,D0,0,-,,T114,date,0,26 January 2026,25 January 2026
Qwen/Qwen2.5-7B-Instruct,qwen,D0,0,-,,T115,date,0,18 September 2026,17 September 2026
Qwen/Qwen2.5-7B-Instruct,qwen,D0,0,-,,T116,table,1,North,North
Qwen/Qwen2.5-7B-Instruct,qwen,D0,0,-,,T117,table,0,1669,1679
Qwen/Qwen2.5-7B-Instruct,qwen,D0,0,-,,T118,table,1,West,West
Qwen/Qwen2.5-7B-Instruct,qwen,D0,0,-,,T119,table,1,North,North
Qwen/Qwen2.5-7B-Instruct,qwen,D0,0,-,,T120,table,1,West,West
Qwen/Qwen2.5-7B-Instruct,qwen,D0,0,-,,T121,table,0,503,502
Qwen/Qwen2.5-7B-Instruct,qwen,D0,0,-,,T122,table,1,Central,Central
Qwen/Qwen2.5-7B-Instruct,qwen,D0,0,-,,T123,table,0,South,340
Qwen/Qwen2.5-7B-Instruct,qwen,D0,0,-,,T124,table,1,1914,1914
Qwen/Qwen2.5-7B-Instruct,qwen,D0,0,-,,T125,table,0,499,316
Qwen/Qwen2.5-7B-Instruct,qwen,D0,0,-,,T126,table,1,1865,1865
Qwen/Qwen2.5-7B-Instruct,qwen,D0,0,-,,T127,table,1,Central,Central
Qwen/Qwen2.5-7B-Instruct,qwen,D0,0,-,,T128,table,1,2623,2623
Qwen/Qwen2.5-7B-Instruct,qwen,D0,0,-,,T129,table,1,617,617
Qwen/Qwen2.5-7B-Instruct,qwen,D0,0,-,,T130,table,1,West,West
Qwen/Qwen2.5-7B-Instruct,qwen,D0,0,-,,T131,table,1,529,529
Qwen/Qwen2.5-7B-Instruct,qwen,D0,0,-,,T132,table,0,2156,2056
Qwen/Qwen2.5-7B-Instruct,qwen,D0,0,-,,T133,table,1,East,East
Qwen/Qwen2.5-7B-Instruct,qwen,D0,0,-,,T134,table,0,504,404
Qwen/Qwen2.5-7B-Instruct,qwen,D0,0,-,,T135,table,0,South,East
Qwen/Qwen2.5-7B-Instruct,qwen,D0,0,-,,T136,table,0,637,717
Qwen/Qwen2.5-7B-Instruct,qwen,D0,0,-,,T137,table,0,479,183
Qwen/Qwen2.5-7B-Instruct,qwen,D0,0,-,,T138,table,0,1792,1790
Qwen/Qwen2.5-7B-Instruct,qwen,D0,0,-,,T139,table,1,492,492
Qwen/Qwen2.5-7B-Instruct,qwen,D0,0,-,,T140,table,0,760,459
Qwen/Qwen2.5-7B-Instruct,qwen,D0,0,-,,T141,table,1,473,473
Qwen/Qwen2.5-7B-Instruct,qwen,D0,0,-,,T142,table,1,Central,Central
Qwen/Qwen2.5-7B-Instruct,qwen,D0,0,-,,T143,table,1,South,South
Qwen/Qwen2.5-7B-Instruct,qwen,D0,0,-,,T144,table,0,294,314
Qwen/Qwen2.5-7B-Instruct,qwen,D0,0,-,,T145,table,1,160,160
Qwen/Qwen2.5-7B-Instruct,qwen,D0,0,-,,T146,logic,0,Devon,2
Qwen/Qwen2.5-7B-Instruct,qwen,D0,0,-,,T147,logic,0,Alex,Gray
Qwen/Qwen2.5-7B-Instruct,qwen,D0,0,-,,T148,logic,1,Gray,Gray
Qwen/Qwen2.5-7B-Instruct,qwen,D0,0,-,,T149,logic,1,Frankie,Frankie
Qwen/Qwen2.5-7B-Instruct,qwen,D0,0,-,,T150,logic,1,Casey,Casey
Qwen/Qwen2.5-7B-Instruct,qwen,D0,0,-,,T151,logic,0,Devon,2
Qwen/Qwen2.5-7B-Instruct,qwen,D0,0,-,,T152,logic,0,Gray,Ellis
Qwen/Qwen2.5-7B-Instruct,qwen,D0,0,-,,T153,logic,0,Casey,3
Qwen/Qwen2.5-7B-Instruct,qwen,D0,0,-,,T154,logic,1,Gray,Gray
Qwen/Qwen2.5-7B-Instruct,qwen,D0,0,-,,T155,logic,1,Alex,Alex
Qwen/Qwen2.5-7B-Instruct,qwen,D0,0,-,,T156,logic,1,Bailey,Bailey
Qwen/Qwen2.5-7B-Instruct,qwen,D0,0,-,,T157,logic,1,Bailey,Bailey
Qwen/Qwen2.5-7B-Instruct,qwen,D0,0,-,,T158,logic,0,Devon,Frankie
Qwen/Qwen2.5-7B-Instruct,qwen,D0,0,-,,T159,logic,1,Alex,Alex
Qwen/Qwen2.5-7B-Instruct,qwen,D0,0,-,,T160,logic,0,Bailey,2
Qwen/Qwen2.5-7B-Instruct,qwen,D0,0,-,,T161,logic,0,Devon,3
Qwen/Qwen2.5-7B-Instruct,qwen,D0,0,-,,T162,logic,1,Alex,Alex
Qwen/Qwen2.5-7B-Instruct,qwen,D0,0,-,,T163,logic,0,Frankie,Alex
Qwen/Qwen2.5-7B-Instruct,qwen,D0,0,-,,T164,logic,1,Bailey,Bailey
Qwen/Qwen2.5-7B-Instruct,qwen,D0,0,-,,T165,logic,0,Bailey,Frankie
Qwen/Qwen2.5-7B-Instruct,qwen,D0,0,-,,T166,logic,1,Gray,Gray
Qwen/Qwen2.5-7B-Instruct,qwen,D0,0,-,,T167,logic,1,Alex,Alex
Qwen/Qwen2.5-7B-Instruct,qwen,D0,0,-,,T168,logic,1,Casey,Casey
Qwen/Qwen2.5-7B-Instruct,qwen,D0,0,-,,T169,logic,1,Bailey,Bailey
Qwen/Qwen2.5-7B-Instruct,qwen,D0,0,-,,T170,logic,1,Bailey,Bailey
Qwen/Qwen2.5-7B-Instruct,qwen,D0,0,-,,T171,rate,1,2,2
Qwen/Qwen2.5-7B-Instruct,qwen,D0,0,-,,T172,rate,1,10,10
Qwen/Qwen2.5-7B-Instruct,qwen,D0,0,-,,T173,rate,1,4,4
Qwen/Qwen2.5-7B-Instruct,qwen,D0,0,-,,T174,rate,0,3.33333,3.33
Qwen/Qwen2.5-7B-Instruct,qwen,D0,0,-,,T175,rate,1,180,180
Qwen/Qwen2.5-7B-Instruct,qwen,D0,0,-,,T176,rate,1,1.2,1.2
Qwen/Qwen2.5-7B-Instruct,qwen,D0,0,-,,T177,rate,1,30,30
Qwen/Qwen2.5-7B-Instruct,qwen,D0,0,-,,T178,rate,1,90,90
Qwen/Qwen2.5-7B-Instruct,qwen,D0,0,-,,T179,rate,1,3,3
Qwen/Qwen2.5-7B-Instruct,qwen,D0,0,-,,T180,rate,1,4,4
Qwen/Qwen2.5-7B-Instruct,qwen,D0,0,-,,T181,rate,1,3.2,3.2
Qwen/Qwen2.5-7B-Instruct,qwen,D0,0,-,,T182,rate,1,40,40
Qwen/Qwen2.5-7B-Instruct,qwen,D0,0,-,,T183,rate,0,3.33333,3.33
Qwen/Qwen2.5-7B-Instruct,qwen,D0,0,-,,T184,rate,1,150,150
Qwen/Qwen2.5-7B-Instruct,qwen,D0,0,-,,T185,rate,1,90,90
Qwen/Qwen2.5-7B-Instruct,qwen,D0,0,-,,T186,rate,1,45,45
Qwen/Qwen2.5-7B-Instruct,qwen,D0,0,-,,T187,rate,1,5,5
Qwen/Qwen2.5-7B-Instruct,qwen,D0,0,-,,T188,rate,1,60,60
Qwen/Qwen2.5-7B-Instruct,qwen,D0,0,-,,T189,rate,0,3.33333,3.33
Qwen/Qwen2.5-7B-Instruct,qwen,D0,0,-,,T190,rate,1,270,270
Qwen/Qwen2.5-7B-Instruct,qwen,D0,0,-,,T191,rate,0,5.33333,5.33
Qwen/Qwen2.5-7B-Instruct,qwen,D0,0,-,,T192,rate,1,45,45
Qwen/Qwen2.5-7B-Instruct,qwen,D0,0,-,,T193,rate,0,2.66667,2.67
Qwen/Qwen2.5-7B-Instruct,qwen,D0,0,-,,T194,rate,0,5.33333,5.33
Qwen/Qwen2.5-7B-Instruct,qwen,D0,0,-,,T195,rate,1,30,30
Qwen/Qwen2.5-7B-Instruct,qwen,D0,0,-,,T196,rate,1,4.5,4.5
Qwen/Qwen2.5-7B-Instruct,qwen,D0,0,-,,T197,rate,1,30,30
Qwen/Qwen2.5-7B-Instruct,qwen,D0,0,-,,T198,rate,1,60,60
Qwen/Qwen2.5-7B-Instruct,qwen,D0,0,-,,T199,rate,1,270,270
Qwen/Qwen2.5-7B-Instruct,qwen,D0,0,-,,T200,rate,1,40,40
Qwen/Qwen2.5-7B-Instruct,qwen,CTRL,0,-,,T001,percentage,0,3480,3360
Qwen/Qwen2.5-7B-Instruct,qwen,CTRL,0,-,,T002,percentage,1,312.5,312.5
Qwen/Qwen2.5-7B-Instruct,qwen,CTRL,0,-,,T003,percentage,1,288,288
Qwen/Qwen2.5-7B-Instruct,qwen,CTRL,0,-,,T004,percentage,0,1044,1038
Qwen/Qwen2.5-7B-Instruct,qwen,CTRL,0,-,,T005,percentage,1,500,500
Qwen/Qwen2.5-7B-Instruct,qwen,CTRL,0,-,,T006,percentage,1,26.4,26.4
Qwen/Qwen2.5-7B-Instruct,qwen,CTRL,0,-,,T007,percentage,0,697,687
Qwen/Qwen2.5-7B-Instruct,qwen,CTRL,0,-,,T008,percentage,1,540,540
Qwen/Qwen2.5-7B-Instruct,qwen,CTRL,0,-,,T009,percentage,0,127.5,130
Qwen/Qwen2.5-7B-Instruct,qwen,CTRL,0,-,,T010,percentage,1,150,150
Qwen/Qwen2.5-7B-Instruct,qwen,CTRL,0,-,,T011,percentage,1,1408,1408
Qwen/Qwen2.5-7B-Instruct,qwen,CTRL,0,-,,T012,percentage,1,119,119
Qwen/Qwen2.5-7B-Instruct,qwen,CTRL,0,-,,T013,percentage,1,528,528
Qwen/Qwen2.5-7B-Instruct,qwen,CTRL,0,-,,T014,percentage,1,30,30
Qwen/Qwen2.5-7B-Instruct,qwen,CTRL,0,-,,T015,percentage,0,552.5,557.5
Qwen/Qwen2.5-7B-Instruct,qwen,CTRL,0,-,,T016,percentage,1,672,672
Qwen/Qwen2.5-7B-Instruct,qwen,CTRL,0,-,,T017,percentage,1,2560,2560
Qwen/Qwen2.5-7B-Instruct,qwen,CTRL,0,-,,T018,percentage,1,422.4,422.4
Qwen/Qwen2.5-7B-Instruct,qwen,CTRL,0,-,,T019,percentage,1,192,192
Qwen/Qwen2.5-7B-Instruct,qwen,CTRL,0,-,,T020,percentage,1,30,30
Qwen/Qwen2.5-7B-Instruct,qwen,CTRL,0,-,,T021,percentage,1,108,108
Qwen/Qwen2.5-7B-Instruct,qwen,CTRL,0,-,,T022,percentage,0,196.8,192
Qwen/Qwen2.5-7B-Instruct,qwen,CTRL,0,-,,T023,percentage,1,225,225
Qwen/Qwen2.5-7B-Instruct,qwen,CTRL,0,-,,T024,percentage,1,90,90
Qwen/Qwen2.5-7B-Instruct,qwen,CTRL,0,-,,T025,percentage,1,500,500
Qwen/Qwen2.5-7B-Instruct,qwen,CTRL,0,-,,T026,percentage,1,352,352
Qwen/Qwen2.5-7B-Instruct,qwen,CTRL,0,-,,T027,percentage,1,960,960
Qwen/Qwen2.5-7B-Instruct,qwen,CTRL,0,-,,T028,percentage,1,324,324
Qwen/Qwen2.5-7B-Instruct,qwen,CTRL,0,-,,T029,percentage,1,420,420
Qwen/Qwen2.5-7B-Instruct,qwen,CTRL,0,-,,T030,percentage,0,849.6,856
Qwen/Qwen2.5-7B-Instruct,qwen,CTRL,0,-,,T031,percentage,1,476,476
Qwen/Qwen2.5-7B-Instruct,qwen,CTRL,0,-,,T032,percentage,1,1100,1100
Qwen/Qwen2.5-7B-Instruct,qwen,CTRL,0,-,,T033,percentage,1,1560,1560
Qwen/Qwen2.5-7B-Instruct,qwen,CTRL,0,-,,T034,percentage,1,196,196
Qwen/Qwen2.5-7B-Instruct,qwen,CTRL,0,-,,T035,percentage,1,156,156
Qwen/Qwen2.5-7B-Instruct,qwen,CTRL,0,-,,T036,word_problem,0,4374,486
Qwen/Qwen2.5-7B-Instruct,qwen,CTRL,0,-,,T037,word_problem,1,3500,3500
Qwen/Qwen2.5-7B-Instruct,qwen,CTRL,0,-,,T038,word_problem,0,3360,840
Qwen/Qwen2.5-7B-Instruct,qwen,CTRL,0,-,,T039,word_problem,0,4200,770
Qwen/Qwen2.5-7B-Instruct,qwen,CTRL,0,-,,T040,word_problem,0,1728,576
Qwen/Qwen2.5-7B-Instruct,qwen,CTRL,0,-,,T041,word_problem,1,3600,3600
Qwen/Qwen2.5-7B-Instruct,qwen,CTRL,0,-,,T042,word_problem,0,12600,4200
Qwen/Qwen2.5-7B-Instruct,qwen,CTRL,0,-,,T043,word_problem,0,3630,385
Qwen/Qwen2.5-7B-Instruct,qwen,CTRL,0,-,,T044,word_problem,0,8064,3360
Qwen/Qwen2.5-7B-Instruct,qwen,CTRL,0,-,,T045,word_problem,0,12600,10500
Qwen/Qwen2.5-7B-Instruct,qwen,CTRL,0,-,,T046,word_problem,0,7840,1120
Qwen/Qwen2.5-7B-Instruct,qwen,CTRL,0,-,,T047,word_problem,0,6720,1680
Qwen/Qwen2.5-7B-Instruct,qwen,CTRL,0,-,,T048,word_problem,1,6000,6000
Qwen/Qwen2.5-7B-Instruct,qwen,CTRL,0,-,,T049,word_problem,0,6480,720
Qwen/Qwen2.5-7B-Instruct,qwen,CTRL,0,-,,T050,word_problem,0,4375,875
Qwen/Qwen2.5-7B-Instruct,qwen,CTRL,0,-,,T051,word_problem,0,2700,900
Qwen/Qwen2.5-7B-Instruct,qwen,CTRL,0,-,,T052,word_problem,0,1680,840
Qwen/Qwen2.5-7B-Instruct,qwen,CTRL,0,-,,T053,word_problem,0,6930,2310
Qwen/Qwen2.5-7B-Instruct,qwen,CTRL,0,-,,T054,word_problem,0,4752,4356
Qwen/Qwen2.5-7B-Instruct,qwen,CTRL,0,-,,T055,word_problem,0,6480,540
Qwen/Qwen2.5-7B-Instruct,qwen,CTRL,0,-,,T056,word_problem,0,2916,3240
Qwen/Qwen2.5-7B-Instruct,qwen,CTRL,0,-,,T057,word_problem,0,3456,576
Qwen/Qwen2.5-7B-Instruct,qwen,CTRL,0,-,,T058,word_problem,0,4800,1200
Qwen/Qwen2.5-7B-Instruct,qwen,CTRL,0,-,,T059,word_problem,1,4200,4200
Qwen/Qwen2.5-7B-Instruct,qwen,CTRL,0,-,,T060,word_problem,0,5250,4250
Qwen/Qwen2.5-7B-Instruct,qwen,CTRL,0,-,,T061,word_problem,1,4410,4410
Qwen/Qwen2.5-7B-Instruct,qwen,CTRL,0,-,,T062,word_problem,0,4752,4356
Qwen/Qwen2.5-7B-Instruct,qwen,CTRL,0,-,,T063,word_problem,0,6000,600
Qwen/Qwen2.5-7B-Instruct,qwen,CTRL,0,-,,T064,word_problem,0,5000,500
Qwen/Qwen2.5-7B-Instruct,qwen,CTRL,0,-,,T065,word_problem,0,10080,840
Qwen/Qwen2.5-7B-Instruct,qwen,CTRL,0,-,,T066,conversion,1,2160,2160
Qwen/Qwen2.5-7B-Instruct,qwen,CTRL,0,-,,T067,conversion,0,1152,3552
Qwen/Qwen2.5-7B-Instruct,qwen,CTRL,0,-,,T068,conversion,1,630,630
Qwen/Qwen2.5-7B-Instruct,qwen,CTRL,0,-,,T069,conversion,1,48000,48000
Qwen/Qwen2.5-7B-Instruct,qwen,CTRL,0,-,,T070,conversion,1,900,900
Qwen/Qwen2.5-7B-Instruct,qwen,CTRL,0,-,,T071,conversion,1,720,720
Qwen/Qwen2.5-7B-Instruct,qwen,CTRL,0,-,,T072,conversion,1,125000,125000
Qwen/Qwen2.5-7B-Instruct,qwen,CTRL,0,-,,T073,conversion,1,1440,1440
Qwen/Qwen2.5-7B-Instruct,qwen,CTRL,0,-,,T074,conversion,0,864,288
Qwen/Qwen2.5-7B-Instruct,qwen,CTRL,0,-,,T075,conversion,1,12000,12000
Qwen/Qwen2.5-7B-Instruct,qwen,CTRL,0,-,,T076,conversion,1,24000,24000
Qwen/Qwen2.5-7B-Instruct,qwen,CTRL,0,-,,T077,conversion,1,125000,125000
Qwen/Qwen2.5-7B-Instruct,qwen,CTRL,0,-,,T078,conversion,0,3000,300
Qwen/Qwen2.5-7B-Instruct,qwen,CTRL,0,-,,T079,conversion,1,720,720
Qwen/Qwen2.5-7B-Instruct,qwen,CTRL,0,-,,T080,conversion,1,3000,3000
Qwen/Qwen2.5-7B-Instruct,qwen,CTRL,0,-,,T081,conversion,0,60000,6000
Qwen/Qwen2.5-7B-Instruct,qwen,CTRL,0,-,,T082,conversion,1,36000,36000
Qwen/Qwen2.5-7B-Instruct,qwen,CTRL,0,-,,T083,conversion,1,15000,15000
Qwen/Qwen2.5-7B-Instruct,qwen,CTRL,0,-,,T084,conversion,1,12000,12000
Qwen/Qwen2.5-7B-Instruct,qwen,CTRL,0,-,,T085,conversion,1,105,105
Qwen/Qwen2.5-7B-Instruct,qwen,CTRL,0,-,,T086,conversion,1,360,360
Qwen/Qwen2.5-7B-Instruct,qwen,CTRL,0,-,,T087,conversion,1,7000,7000
Qwen/Qwen2.5-7B-Instruct,qwen,CTRL,0,-,,T088,conversion,0,72,24
Qwen/Qwen2.5-7B-Instruct,qwen,CTRL,0,-,,T089,conversion,0,48000,4800
Qwen/Qwen2.5-7B-Instruct,qwen,CTRL,0,-,,T090,conversion,1,720,720
Qwen/Qwen2.5-7B-Instruct,qwen,CTRL,0,-,,T091,date,1,25 April 2026,25 April 2026
Qwen/Qwen2.5-7B-Instruct,qwen,CTRL,0,-,,T092,date,0,10 June 2026,30 June 2026
Qwen/Qwen2.5-7B-Instruct,qwen,CTRL,0,-,,T093,date,1,27 April 2026,27 April 2026
Qwen/Qwen2.5-7B-Instruct,qwen,CTRL,0,-,,T094,date,0,26 November 2026,25 November 2026
Qwen/Qwen2.5-7B-Instruct,qwen,CTRL,0,-,,T095,date,0,08 October 2026,30 October 2026
Qwen/Qwen2.5-7B-Instruct,qwen,CTRL,0,-,,T096,date,0,11 November 2026,10 November 2026
Qwen/Qwen2.5-7B-Instruct,qwen,CTRL,0,-,,T097,date,0,16 March 2026,15 April 2026
Qwen/Qwen2.5-7B-Instruct,qwen,CTRL,0,-,,T098,date,0,01 June 2026,30 June 2026
Qwen/Qwen2.5-7B-Instruct,qwen,CTRL,0,-,,T099,date,0,16 October 2026,30 October 2026
Qwen/Qwen2.5-7B-Instruct,qwen,CTRL,0,-,,T100,date,0,12 June 2026,13 June 2026
Qwen/Qwen2.5-7B-Instruct,qwen,CTRL,0,-,,T101,date,0,24 June 2026,23 June 2026
Qwen/Qwen2.5-7B-Instruct,qwen,CTRL,0,-,,T102,date,0,25 July 2026,28 July 2026
Qwen/Qwen2.5-7B-Instruct,qwen,CTRL,0,-,,T103,date,1,14 November 2026,14 November 2026
Qwen/Qwen2.5-7B-Instruct,qwen,CTRL,0,-,,T104,date,0,06 February 2027,18 February 2027
Qwen/Qwen2.5-7B-Instruct,qwen,CTRL,0,-,,T105,date,0,08 May 2026,30 April 2026
Qwen/Qwen2.5-7B-Instruct,qwen,CTRL,0,-,,T106,date,1,30 October 2026,30 October 2026
Qwen/Qwen2.5-7B-Instruct,qwen,CTRL,0,-,,T107,date,0,05 June 2026,30 June 2026
Qwen/Qwen2.5-7B-Instruct,qwen,CTRL,0,-,,T108,date,0,08 October 2026,14 October 2026
Qwen/Qwen2.5-7B-Instruct,qwen,CTRL,0,-,,T109,date,0,10 August 2026,14 September 2026
Qwen/Qwen2.5-7B-Instruct,qwen,CTRL,0,-,,T110,date,0,17 December 2026,18 December 2026
Qwen/Qwen2.5-7B-Instruct,qwen,CTRL,0,-,,T111,date,0,13 January 2027,30 January 2027
Qwen/Qwen2.5-7B-Instruct,qwen,CTRL,0,-,,T112,date,0,07 October 2026,30 October 2026
Qwen/Qwen2.5-7B-Instruct,qwen,CTRL,0,-,,T113,date,0,26 August 2026,30 August 2026
Qwen/Qwen2.5-7B-Instruct,qwen,CTRL,0,-,,T114,date,0,26 January 2026,25 January 2026
Qwen/Qwen2.5-7B-Instruct,qwen,CTRL,0,-,,T115,date,0,18 September 2026,17 September 2026
Qwen/Qwen2.5-7B-Instruct,qwen,CTRL,0,-,,T116,table,1,North,North
Qwen/Qwen2.5-7B-Instruct,qwen,CTRL,0,-,,T117,table,0,1669,1679
Qwen/Qwen2.5-7B-Instruct,qwen,CTRL,0,-,,T118,table,1,West,West
Qwen/Qwen2.5-7B-Instruct,qwen,CTRL,0,-,,T119,table,1,North,North
Qwen/Qwen2.5-7B-Instruct,qwen,CTRL,0,-,,T120,table,1,West,West
Qwen/Qwen2.5-7B-Instruct,qwen,CTRL,0,-,,T121,table,0,503,502
Qwen/Qwen2.5-7B-Instruct,qwen,CTRL,0,-,,T122,table,1,Central,Central
Qwen/Qwen2.5-7B-Instruct,qwen,CTRL,0,-,,T123,table,0,South,340
Qwen/Qwen2.5-7B-Instruct,qwen,CTRL,0,-,,T124,table,1,1914,1914
Qwen/Qwen2.5-7B-Instruct,qwen,CTRL,0,-,,T125,table,0,499,316
Qwen/Qwen2.5-7B-Instruct,qwen,CTRL,0,-,,T126,table,1,1865,1865
Qwen/Qwen2.5-7B-Instruct,qwen,CTRL,0,-,,T127,table,1,Central,Central
Qwen/Qwen2.5-7B-Instruct,qwen,CTRL,0,-,,T128,table,1,2623,2623
Qwen/Qwen2.5-7B-Instruct,qwen,CTRL,0,-,,T129,table,1,617,617
Qwen/Qwen2.5-7B-Instruct,qwen,CTRL,0,-,,T130,table,1,West,West
Qwen/Qwen2.5-7B-Instruct,qwen,CTRL,0,-,,T131,table,0,529,229
Qwen/Qwen2.5-7B-Instruct,qwen,CTRL,0,-,,T132,table,0,2156,2056
Qwen/Qwen2.5-7B-Instruct,qwen,CTRL,0,-,,T133,table,1,East,East
Qwen/Qwen2.5-7B-Instruct,qwen,CTRL,0,-,,T134,table,0,504,404
Qwen/Qwen2.5-7B-Instruct,qwen,CTRL,0,-,,T135,table,0,South,East
Qwen/Qwen2.5-7B-Instruct,qwen,CTRL,0,-,,T136,table,0,637,237
Qwen/Qwen2.5-7B-Instruct,qwen,CTRL,0,-,,T137,table,0,479,183
Qwen/Qwen2.5-7B-Instruct,qwen,CTRL,0,-,,T138,table,1,1792,1792
Qwen/Qwen2.5-7B-Instruct,qwen,CTRL,0,-,,T139,table,1,492,492
Qwen/Qwen2.5-7B-Instruct,qwen,CTRL,0,-,,T140,table,0,760,459
Qwen/Qwen2.5-7B-Instruct,qwen,CTRL,0,-,,T141,table,1,473,473
Qwen/Qwen2.5-7B-Instruct,qwen,CTRL,0,-,,T142,table,0,Central,North
Qwen/Qwen2.5-7B-Instruct,qwen,CTRL,0,-,,T143,table,1,South,South: 265
Qwen/Qwen2.5-7B-Instruct,qwen,CTRL,0,-,,T144,table,1,294,294
Qwen/Qwen2.5-7B-Instruct,qwen,CTRL,0,-,,T145,table,1,160,160
Qwen/Qwen2.5-7B-Instruct,qwen,CTRL,0,-,,T146,logic,0,Devon,2
Qwen/Qwen2.5-7B-Instruct,qwen,CTRL,0,-,,T147,logic,0,Alex,Gray
Qwen/Qwen2.5-7B-Instruct,qwen,CTRL,0,-,,T148,logic,1,Gray,Gray
Qwen/Qwen2.5-7B-Instruct,qwen,CTRL,0,-,,T149,logic,1,Frankie,Frankie
Qwen/Qwen2.5-7B-Instruct,qwen,CTRL,0,-,,T150,logic,1,Casey,Casey
Qwen/Qwen2.5-7B-Instruct,qwen,CTRL,0,-,,T151,logic,0,Devon,2
Qwen/Qwen2.5-7B-Instruct,qwen,CTRL,0,-,,T152,logic,0,Gray,Ellis
Qwen/Qwen2.5-7B-Instruct,qwen,CTRL,0,-,,T153,logic,0,Casey,Ellis
Qwen/Qwen2.5-7B-Instruct,qwen,CTRL,0,-,,T154,logic,1,Gray,Gray
Qwen/Qwen2.5-7B-Instruct,qwen,CTRL,0,-,,T155,logic,1,Alex,Alex
Qwen/Qwen2.5-7B-Instruct,qwen,CTRL,0,-,,T156,logic,1,Bailey,Bailey
Qwen/Qwen2.5-7B-Instruct,qwen,CTRL,0,-,,T157,logic,1,Bailey,Bailey
Qwen/Qwen2.5-7B-Instruct,qwen,CTRL,0,-,,T158,logic,0,Devon,Frankie
Qwen/Qwen2.5-7B-Instruct,qwen,CTRL,0,-,,T159,logic,1,Alex,Alex
Qwen/Qwen2.5-7B-Instruct,qwen,CTRL,0,-,,T160,logic,0,Bailey,2
Qwen/Qwen2.5-7B-Instruct,qwen,CTRL,0,-,,T161,logic,0,Devon,3
Qwen/Qwen2.5-7B-Instruct,qwen,CTRL,0,-,,T162,logic,1,Alex,Alex
Qwen/Qwen2.5-7B-Instruct,qwen,CTRL,0,-,,T163,logic,0,Frankie,Alex
Qwen/Qwen2.5-7B-Instruct,qwen,CTRL,0,-,,T164,logic,1,Bailey,Bailey
Qwen/Qwen2.5-7B-Instruct,qwen,CTRL,0,-,,T165,logic,0,Bailey,Frankie
Qwen/Qwen2.5-7B-Instruct,qwen,CTRL,0,-,,T166,logic,1,Gray,Gray
Qwen/Qwen2.5-7B-Instruct,qwen,CTRL,0,-,,T167,logic,1,Alex,Alex
Qwen/Qwen2.5-7B-Instruct,qwen,CTRL,0,-,,T168,logic,1,Casey,Casey
Qwen/Qwen2.5-7B-Instruct,qwen,CTRL,0,-,,T169,logic,1,Bailey,Bailey
Qwen/Qwen2.5-7B-Instruct,qwen,CTRL,0,-,,T170,logic,1,Bailey,Bailey
Qwen/Qwen2.5-7B-Instruct,qwen,CTRL,0,-,,T171,rate,1,2,2
Qwen/Qwen2.5-7B-Instruct,qwen,CTRL,0,-,,T172,rate,1,10,10
Qwen/Qwen2.5-7B-Instruct,qwen,CTRL,0,-,,T173,rate,1,4,4
Qwen/Qwen2.5-7B-Instruct,qwen,CTRL,0,-,,T174,rate,0,3.33333,3.33
Qwen/Qwen2.5-7B-Instruct,qwen,CTRL,0,-,,T175,rate,1,180,180
Qwen/Qwen2.5-7B-Instruct,qwen,CTRL,0,-,,T176,rate,1,1.2,1.2
Qwen/Qwen2.5-7B-Instruct,qwen,CTRL,0,-,,T177,rate,1,30,30
Qwen/Qwen2.5-7B-Instruct,qwen,CTRL,0,-,,T178,rate,1,90,90
Qwen/Qwen2.5-7B-Instruct,qwen,CTRL,0,-,,T179,rate,1,3,3
Qwen/Qwen2.5-7B-Instruct,qwen,CTRL,0,-,,T180,rate,1,4,4
Qwen/Qwen2.5-7B-Instruct,qwen,CTRL,0,-,,T181,rate,1,3.2,3.2
Qwen/Qwen2.5-7B-Instruct,qwen,CTRL,0,-,,T182,rate,1,40,40
Qwen/Qwen2.5-7B-Instruct,qwen,CTRL,0,-,,T183,rate,0,3.33333,3.33
Qwen/Qwen2.5-7B-Instruct,qwen,CTRL,0,-,,T184,rate,1,150,150
Qwen/Qwen2.5-7B-Instruct,qwen,CTRL,0,-,,T185,rate,1,90,90
Qwen/Qwen2.5-7B-Instruct,qwen,CTRL,0,-,,T186,rate,1,45,45
Qwen/Qwen2.5-7B-Instruct,qwen,CTRL,0,-,,T187,rate,1,5,5
Qwen/Qwen2.5-7B-Instruct,qwen,CTRL,0,-,,T188,rate,1,60,60
Qwen/Qwen2.5-7B-Instruct,qwen,CTRL,0,-,,T189,rate,0,3.33333,3.33
Qwen/Qwen2.5-7B-Instruct,qwen,CTRL,0,-,,T190,rate,1,270,270
Qwen/Qwen2.5-7B-Instruct,qwen,CTRL,0,-,,T191,rate,0,5.33333,5.33
Qwen/Qwen2.5-7B-Instruct,qwen,CTRL,0,-,,T192,rate,1,45,45
Qwen/Qwen2.5-7B-Instruct,qwen,CTRL,0,-,,T193,rate,0,2.66667,2.67
Qwen/Qwen2.5-7B-Instruct,qwen,CTRL,0,-,,T194,rate,0,5.33333,5.33
Qwen/Qwen2.5-7B-Instruct,qwen,CTRL,0,-,,T195,rate,1,30,30
Qwen/Qwen2.5-7B-Instruct,qwen,CTRL,0,-,,T196,rate,1,4.5,4.5
Qwen/Qwen2.5-7B-Instruct,qwen,CTRL,0,-,,T197,rate,1,30,30
Qwen/Qwen2.5-7B-Instruct,qwen,CTRL,0,-,,T198,rate,1,60,60
Qwen/Qwen2.5-7B-Instruct,qwen,CTRL,0,-,,T199,rate,1,270,270
Qwen/Qwen2.5-7B-Instruct,qwen,CTRL,0,-,,T200,rate,1,40,40
Qwen/Qwen2.5-7B-Instruct,qwen,R1D1,1,R1,S01,T001,percentage,0,3480,3360
Qwen/Qwen2.5-7B-Instruct,qwen,R1D1,1,R1,S01,T002,percentage,1,312.5,312.5
Qwen/Qwen2.5-7B-Instruct,qwen,R1D1,1,R1,S01,T003,percentage,1,288,288
Qwen/Qwen2.5-7B-Instruct,qwen,R1D1,1,R1,S01,T004,percentage,0,1044,1038
Qwen/Qwen2.5-7B-Instruct,qwen,R1D1,1,R1,S01,T005,percentage,1,500,500
Qwen/Qwen2.5-7B-Instruct,qwen,R1D1,1,R1,S01,T006,percentage,1,26.4,26.4
Qwen/Qwen2.5-7B-Instruct,qwen,R1D1,1,R1,S01,T007,percentage,0,697,687
Qwen/Qwen2.5-7B-Instruct,qwen,R1D1,1,R1,S01,T008,percentage,1,540,540
Qwen/Qwen2.5-7B-Instruct,qwen,R1D1,1,R1,S01,T009,percentage,1,127.5,127.5
Qwen/Qwen2.5-7B-Instruct,qwen,R1D1,1,R1,S01,T010,percentage,1,150,150
Qwen/Qwen2.5-7B-Instruct,qwen,R1D1,1,R1,S01,T011,percentage,1,1408,1408
Qwen/Qwen2.5-7B-Instruct,qwen,R1D1,1,R1,S01,T012,percentage,1,119,119
Qwen/Qwen2.5-7B-Instruct,qwen,R1D1,1,R1,S01,T013,percentage,1,528,528
Qwen/Qwen2.5-7B-Instruct,qwen,R1D1,1,R1,S01,T014,percentage,1,30,30
Qwen/Qwen2.5-7B-Instruct,qwen,R1D1,1,R1,S01,T015,percentage,0,552.5,557.5
Qwen/Qwen2.5-7B-Instruct,qwen,R1D1,1,R1,S01,T016,percentage,1,672,672
Qwen/Qwen2.5-7B-Instruct,qwen,R1D1,1,R1,S01,T017,percentage,1,2560,2560
Qwen/Qwen2.5-7B-Instruct,qwen,R1D1,1,R1,S01,T018,percentage,1,422.4,422.4
Qwen/Qwen2.5-7B-Instruct,qwen,R1D1,1,R1,S01,T019,percentage,1,192,192
Qwen/Qwen2.5-7B-Instruct,qwen,R1D1,1,R1,S01,T020,percentage,1,30,30
Qwen/Qwen2.5-7B-Instruct,qwen,R1D1,1,R1,S01,T021,percentage,1,108,108
Qwen/Qwen2.5-7B-Instruct,qwen,R1D1,1,R1,S01,T022,percentage,0,196.8,194.4
Qwen/Qwen2.5-7B-Instruct,qwen,R1D1,1,R1,S01,T023,percentage,1,225,225
Qwen/Qwen2.5-7B-Instruct,qwen,R1D1,1,R1,S01,T024,percentage,1,90,90
Qwen/Qwen2.5-7B-Instruct,qwen,R1D1,1,R1,S01,T025,percentage,1,500,500
Qwen/Qwen2.5-7B-Instruct,qwen,R1D1,1,R1,S01,T026,percentage,1,352,352
Qwen/Qwen2.5-7B-Instruct,qwen,R1D1,1,R1,S01,T027,percentage,1,960,960
Qwen/Qwen2.5-7B-Instruct,qwen,R1D1,1,R1,S01,T028,percentage,1,324,324
Qwen/Qwen2.5-7B-Instruct,qwen,R1D1,1,R1,S01,T029,percentage,1,420,420
Qwen/Qwen2.5-7B-Instruct,qwen,R1D1,1,R1,S01,T030,percentage,0,849.6,856
Qwen/Qwen2.5-7B-Instruct,qwen,R1D1,1,R1,S01,T031,percentage,0,476,472
Qwen/Qwen2.5-7B-Instruct,qwen,R1D1,1,R1,S01,T032,percentage,0,1100,1105
Qwen/Qwen2.5-7B-Instruct,qwen,R1D1,1,R1,S01,T033,percentage,1,1560,1560
Qwen/Qwen2.5-7B-Instruct,qwen,R1D1,1,R1,S01,T034,percentage,1,196,196
Qwen/Qwen2.5-7B-Instruct,qwen,R1D1,1,R1,S01,T035,percentage,1,156,156
Qwen/Qwen2.5-7B-Instruct,qwen,R1D1,1,R1,S01,T036,word_problem,0,4374,486
Qwen/Qwen2.5-7B-Instruct,qwen,R1D1,1,R1,S01,T037,word_problem,0,3500,875
Qwen/Qwen2.5-7B-Instruct,qwen,R1D1,1,R1,S01,T038,word_problem,0,3360,840
Qwen/Qwen2.5-7B-Instruct,qwen,R1D1,1,R1,S01,T039,word_problem,0,4200,1470
Qwen/Qwen2.5-7B-Instruct,qwen,R1D1,1,R1,S01,T040,word_problem,0,1728,576
Qwen/Qwen2.5-7B-Instruct,qwen,R1D1,1,R1,S01,T041,word_problem,0,3600,1800
Qwen/Qwen2.5-7B-Instruct,qwen,R1D1,1,R1,S01,T042,word_problem,0,12600,4200
Qwen/Qwen2.5-7B-Instruct,qwen,R1D1,1,R1,S01,T043,word_problem,0,3630,3850
Qwen/Qwen2.5-7B-Instruct,qwen,R1D1,1,R1,S01,T044,word_problem,0,8064,3360
Qwen/Qwen2.5-7B-Instruct,qwen,R1D1,1,R1,S01,T045,word_problem,0,12600,10500
Qwen/Qwen2.5-7B-Instruct,qwen,R1D1,1,R1,S01,T046,word_problem,0,7840,11960
Qwen/Qwen2.5-7B-Instruct,qwen,R1D1,1,R1,S01,T047,word_problem,0,6720,1680
Qwen/Qwen2.5-7B-Instruct,qwen,R1D1,1,R1,S01,T048,word_problem,1,6000,6000
Qwen/Qwen2.5-7B-Instruct,qwen,R1D1,1,R1,S01,T049,word_problem,0,6480,7200
Qwen/Qwen2.5-7B-Instruct,qwen,R1D1,1,R1,S01,T050,word_problem,0,4375,1750
Qwen/Qwen2.5-7B-Instruct,qwen,R1D1,1,R1,S01,T051,word_problem,0,2700,900
Qwen/Qwen2.5-7B-Instruct,qwen,R1D1,1,R1,S01,T052,word_problem,0,1680,840
Qwen/Qwen2.5-7B-Instruct,qwen,R1D1,1,R1,S01,T053,word_problem,0,6930,2310
Qwen/Qwen2.5-7B-Instruct,qwen,R1D1,1,R1,S01,T054,word_problem,0,4752,4356
Qwen/Qwen2.5-7B-Instruct,qwen,R1D1,1,R1,S01,T055,word_problem,0,6480,5400
Qwen/Qwen2.5-7B-Instruct,qwen,R1D1,1,R1,S01,T056,word_problem,0,2916,3240
Qwen/Qwen2.5-7B-Instruct,qwen,R1D1,1,R1,S01,T057,word_problem,0,3456,2880
Qwen/Qwen2.5-7B-Instruct,qwen,R1D1,1,R1,S01,T058,word_problem,0,4800,1200
Qwen/Qwen2.5-7B-Instruct,qwen,R1D1,1,R1,S01,T059,word_problem,1,4200,4200
Qwen/Qwen2.5-7B-Instruct,qwen,R1D1,1,R1,S01,T060,word_problem,0,5250,1050
Qwen/Qwen2.5-7B-Instruct,qwen,R1D1,1,R1,S01,T061,word_problem,0,4410,1190
Qwen/Qwen2.5-7B-Instruct,qwen,R1D1,1,R1,S01,T062,word_problem,0,4752,4356
Qwen/Qwen2.5-7B-Instruct,qwen,R1D1,1,R1,S01,T063,word_problem,1,6000,6000
Qwen/Qwen2.5-7B-Instruct,qwen,R1D1,1,R1,S01,T064,word_problem,0,5000,6500
Qwen/Qwen2.5-7B-Instruct,qwen,R1D1,1,R1,S01,T065,word_problem,0,10080,840
Qwen/Qwen2.5-7B-Instruct,qwen,R1D1,1,R1,S01,T066,conversion,1,2160,2160
Qwen/Qwen2.5-7B-Instruct,qwen,R1D1,1,R1,S01,T067,conversion,0,1152,3552
Qwen/Qwen2.5-7B-Instruct,qwen,R1D1,1,R1,S01,T068,conversion,1,630,630
Qwen/Qwen2.5-7B-Instruct,qwen,R1D1,1,R1,S01,T069,conversion,1,48000,48000
Qwen/Qwen2.5-7B-Instruct,qwen,R1D1,1,R1,S01,T070,conversion,1,900,900
Qwen/Qwen2.5-7B-Instruct,qwen,R1D1,1,R1,S01,T071,conversion,1,720,720
Qwen/Qwen2.5-7B-Instruct,qwen,R1D1,1,R1,S01,T072,conversion,1,125000,125000
Qwen/Qwen2.5-7B-Instruct,qwen,R1D1,1,R1,S01,T073,conversion,1,1440,1440
Qwen/Qwen2.5-7B-Instruct,qwen,R1D1,1,R1,S01,T074,conversion,0,864,288
Qwen/Qwen2.5-7B-Instruct,qwen,R1D1,1,R1,S01,T075,conversion,1,12000,12000
Qwen/Qwen2.5-7B-Instruct,qwen,R1D1,1,R1,S01,T076,conversion,1,24000,24000
Qwen/Qwen2.5-7B-Instruct,qwen,R1D1,1,R1,S01,T077,conversion,1,125000,125000
Qwen/Qwen2.5-7B-Instruct,qwen,R1D1,1,R1,S01,T078,conversion,1,3000,3000
Qwen/Qwen2.5-7B-Instruct,qwen,R1D1,1,R1,S01,T079,conversion,1,720,720
Qwen/Qwen2.5-7B-Instruct,qwen,R1D1,1,R1,S01,T080,conversion,1,3000,3000
Qwen/Qwen2.5-7B-Instruct,qwen,R1D1,1,R1,S01,T081,conversion,0,60000,6000
Qwen/Qwen2.5-7B-Instruct,qwen,R1D1,1,R1,S01,T082,conversion,1,36000,36000
Qwen/Qwen2.5-7B-Instruct,qwen,R1D1,1,R1,S01,T083,conversion,1,15000,15000
Qwen/Qwen2.5-7B-Instruct,qwen,R1D1,1,R1,S01,T084,conversion,1,12000,12000
Qwen/Qwen2.5-7B-Instruct,qwen,R1D1,1,R1,S01,T085,conversion,1,105,105
Qwen/Qwen2.5-7B-Instruct,qwen,R1D1,1,R1,S01,T086,conversion,1,360,360
Qwen/Qwen2.5-7B-Instruct,qwen,R1D1,1,R1,S01,T087,conversion,1,7000,7000
Qwen/Qwen2.5-7B-Instruct,qwen,R1D1,1,R1,S01,T088,conversion,0,72,24
Qwen/Qwen2.5-7B-Instruct,qwen,R1D1,1,R1,S01,T089,conversion,1,48000,48000
Qwen/Qwen2.5-7B-Instruct,qwen,R1D1,1,R1,S01,T090,conversion,1,720,720
Qwen/Qwen2.5-7B-Instruct,qwen,R1D1,1,R1,S01,T091,date,1,25 April 2026,25 April 2026
Qwen/Qwen2.5-7B-Instruct,qwen,R1D1,1,R1,S01,T092,date,0,10 June 2026,30 June 2026
Qwen/Qwen2.5-7B-Instruct,qwen,R1D1,1,R1,S01,T093,date,1,27 April 2026,27 April 2026
Qwen/Qwen2.5-7B-Instruct,qwen,R1D1,1,R1,S01,T094,date,0,26 November 2026,25 November 2026
Qwen/Qwen2.5-7B-Instruct,qwen,R1D1,1,R1,S01,T095,date,0,08 October 2026,30 October 2026
Qwen/Qwen2.5-7B-Instruct,qwen,R1D1,1,R1,S01,T096,date,0,11 November 2026,10 November 2026
Qwen/Qwen2.5-7B-Instruct,qwen,R1D1,1,R1,S01,T097,date,0,16 March 2026,15 April 2026
Qwen/Qwen2.5-7B-Instruct,qwen,R1D1,1,R1,S01,T098,date,0,01 June 2026,30 June 2026
Qwen/Qwen2.5-7B-Instruct,qwen,R1D1,1,R1,S01,T099,date,0,16 October 2026,30 October 2026
Qwen/Qwen2.5-7B-Instruct,qwen,R1D1,1,R1,S01,T100,date,0,12 June 2026,01 June 2026
Qwen/Qwen2.5-7B-Instruct,qwen,R1D1,1,R1,S01,T101,date,1,24 June 2026,24 June 2026
Qwen/Qwen2.5-7B-Instruct,qwen,R1D1,1,R1,S01,T102,date,1,25 July 2026,25 July 2026
Qwen/Qwen2.5-7B-Instruct,qwen,R1D1,1,R1,S01,T103,date,1,14 November 2026,14 November 2026
Qwen/Qwen2.5-7B-Instruct,qwen,R1D1,1,R1,S01,T104,date,0,06 February 2027,18 February 2027
Qwen/Qwen2.5-7B-Instruct,qwen,R1D1,1,R1,S01,T105,date,0,08 May 2026,30 May 2026
Qwen/Qwen2.5-7B-Instruct,qwen,R1D1,1,R1,S01,T106,date,1,30 October 2026,30 October 2026
Qwen/Qwen2.5-7B-Instruct,qwen,R1D1,1,R1,S01,T107,date,0,05 June 2026,30 June 2026
Qwen/Qwen2.5-7B-Instruct,qwen,R1D1,1,R1,S01,T108,date,0,08 October 2026,17 October 2026
Qwen/Qwen2.5-7B-Instruct,qwen,R1D1,1,R1,S01,T109,date,0,10 August 2026,14 September 2026
Qwen/Qwen2.5-7B-Instruct,qwen,R1D1,1,R1,S01,T110,date,0,17 December 2026,18 December 2026
Qwen/Qwen2.5-7B-Instruct,qwen,R1D1,1,R1,S01,T111,date,1,13 January 2027,13 January 2027
Qwen/Qwen2.5-7B-Instruct,qwen,R1D1,1,R1,S01,T112,date,0,07 October 2026,30 October 2026
Qwen/Qwen2.5-7B-Instruct,qwen,R1D1,1,R1,S01,T113,date,0,26 August 2026,30 August 2026
Qwen/Qwen2.5-7B-Instruct,qwen,R1D1,1,R1,S01,T114,date,0,26 January 2026,25 February 2026
Qwen/Qwen2.5-7B-Instruct,qwen,R1D1,1,R1,S01,T115,date,0,18 September 2026,17 September 2026
Qwen/Qwen2.5-7B-Instruct,qwen,R1D1,1,R1,S01,T116,table,1,North,North
Qwen/Qwen2.5-7B-Instruct,qwen,R1D1,1,R1,S01,T117,table,0,1669,1679
Qwen/Qwen2.5-7B-Instruct,qwen,R1D1,1,R1,S01,T118,table,1,West,West
Qwen/Qwen2.5-7B-Instruct,qwen,R1D1,1,R1,S01,T119,table,1,North,North
Qwen/Qwen2.5-7B-Instruct,qwen,R1D1,1,R1,S01,T120,table,1,West,West
Qwen/Qwen2.5-7B-Instruct,qwen,R1D1,1,R1,S01,T121,table,0,503,502
Qwen/Qwen2.5-7B-Instruct,qwen,R1D1,1,R1,S01,T122,table,1,Central,Central
Qwen/Qwen2.5-7B-Instruct,qwen,R1D1,1,R1,S01,T123,table,1,South,South
Qwen/Qwen2.5-7B-Instruct,qwen,R1D1,1,R1,S01,T124,table,0,1914,2014
Qwen/Qwen2.5-7B-Instruct,qwen,R1D1,1,R1,S01,T125,table,0,499,316
Qwen/Qwen2.5-7B-Instruct,qwen,R1D1,1,R1,S01,T126,table,1,1865,1865
Qwen/Qwen2.5-7B-Instruct,qwen,R1D1,1,R1,S01,T127,table,1,Central,Central
Qwen/Qwen2.5-7B-Instruct,qwen,R1D1,1,R1,S01,T128,table,1,2623,2623
Qwen/Qwen2.5-7B-Instruct,qwen,R1D1,1,R1,S01,T129,table,1,617,617
Qwen/Qwen2.5-7B-Instruct,qwen,R1D1,1,R1,S01,T130,table,1,West,West
Qwen/Qwen2.5-7B-Instruct,qwen,R1D1,1,R1,S01,T131,table,0,529,229
Qwen/Qwen2.5-7B-Instruct,qwen,R1D1,1,R1,S01,T132,table,0,2156,2056
Qwen/Qwen2.5-7B-Instruct,qwen,R1D1,1,R1,S01,T133,table,1,East,East
Qwen/Qwen2.5-7B-Instruct,qwen,R1D1,1,R1,S01,T134,table,0,504,404
Qwen/Qwen2.5-7B-Instruct,qwen,R1D1,1,R1,S01,T135,table,0,South,East
Qwen/Qwen2.5-7B-Instruct,qwen,R1D1,1,R1,S01,T136,table,0,637,717
Qwen/Qwen2.5-7B-Instruct,qwen,R1D1,1,R1,S01,T137,table,0,479,125
Qwen/Qwen2.5-7B-Instruct,qwen,R1D1,1,R1,S01,T138,table,1,1792,1792
Qwen/Qwen2.5-7B-Instruct,qwen,R1D1,1,R1,S01,T139,table,1,492,492
Qwen/Qwen2.5-7B-Instruct,qwen,R1D1,1,R1,S01,T140,table,0,760,459
Qwen/Qwen2.5-7B-Instruct,qwen,R1D1,1,R1,S01,T141,table,1,473,473
Qwen/Qwen2.5-7B-Instruct,qwen,R1D1,1,R1,S01,T142,table,1,Central,Central
Qwen/Qwen2.5-7B-Instruct,qwen,R1D1,1,R1,S01,T143,table,1,South,South
Qwen/Qwen2.5-7B-Instruct,qwen,R1D1,1,R1,S01,T144,table,0,294,314
Qwen/Qwen2.5-7B-Instruct,qwen,R1D1,1,R1,S01,T145,table,1,160,160
Qwen/Qwen2.5-7B-Instruct,qwen,R1D1,1,R1,S01,T146,logic,0,Devon,2
Qwen/Qwen2.5-7B-Instruct,qwen,R1D1,1,R1,S01,T147,logic,0,Alex,Gray
Qwen/Qwen2.5-7B-Instruct,qwen,R1D1,1,R1,S01,T148,logic,1,Gray,Gray
Qwen/Qwen2.5-7B-Instruct,qwen,R1D1,1,R1,S01,T149,logic,1,Frankie,Frankie
Qwen/Qwen2.5-7B-Instruct,qwen,R1D1,1,R1,S01,T150,logic,1,Casey,Casey
Qwen/Qwen2.5-7B-Instruct,qwen,R1D1,1,R1,S01,T151,logic,0,Devon,2
Qwen/Qwen2.5-7B-Instruct,qwen,R1D1,1,R1,S01,T152,logic,1,Gray,Gray
Qwen/Qwen2.5-7B-Instruct,qwen,R1D1,1,R1,S01,T153,logic,0,Casey,Ellis
Qwen/Qwen2.5-7B-Instruct,qwen,R1D1,1,R1,S01,T154,logic,1,Gray,Gray
Qwen/Qwen2.5-7B-Instruct,qwen,R1D1,1,R1,S01,T155,logic,0,Alex,Gray
Qwen/Qwen2.5-7B-Instruct,qwen,R1D1,1,R1,S01,T156,logic,1,Bailey,Bailey
Qwen/Qwen2.5-7B-Instruct,qwen,R1D1,1,R1,S01,T157,logic,1,Bailey,Bailey
Qwen/Qwen2.5-7B-Instruct,qwen,R1D1,1,R1,S01,T158,logic,0,Devon,Frankie
Qwen/Qwen2.5-7B-Instruct,qwen,R1D1,1,R1,S01,T159,logic,1,Alex,Alex
Qwen/Qwen2.5-7B-Instruct,qwen,R1D1,1,R1,S01,T160,logic,0,Bailey,2
Qwen/Qwen2.5-7B-Instruct,qwen,R1D1,1,R1,S01,T161,logic,0,Devon,Gray
Qwen/Qwen2.5-7B-Instruct,qwen,R1D1,1,R1,S01,T162,logic,1,Alex,Alex
Qwen/Qwen2.5-7B-Instruct,qwen,R1D1,1,R1,S01,T163,logic,0,Frankie,Alex
Qwen/Qwen2.5-7B-Instruct,qwen,R1D1,1,R1,S01,T164,logic,1,Bailey,Bailey
Qwen/Qwen2.5-7B-Instruct,qwen,R1D1,1,R1,S01,T165,logic,0,Bailey,Frankie
Qwen/Qwen2.5-7B-Instruct,qwen,R1D1,1,R1,S01,T166,logic,1,Gray,Gray
Qwen/Qwen2.5-7B-Instruct,qwen,R1D1,1,R1,S01,T167,logic,0,Alex,Gray
Qwen/Qwen2.5-7B-Instruct,qwen,R1D1,1,R1,S01,T168,logic,1,Casey,Casey
Qwen/Qwen2.5-7B-Instruct,qwen,R1D1,1,R1,S01,T169,logic,1,Bailey,Bailey
Qwen/Qwen2.5-7B-Instruct,qwen,R1D1,1,R1,S01,T170,logic,1,Bailey,Bailey
Qwen/Qwen2.5-7B-Instruct,qwen,R1D1,1,R1,S01,T171,rate,1,2,2
Qwen/Qwen2.5-7B-Instruct,qwen,R1D1,1,R1,S01,T172,rate,1,10,10
Qwen/Qwen2.5-7B-Instruct,qwen,R1D1,1,R1,S01,T173,rate,1,4,4
Qwen/Qwen2.5-7B-Instruct,qwen,R1D1,1,R1,S01,T174,rate,0,3.33333,3.33
Qwen/Qwen2.5-7B-Instruct,qwen,R1D1,1,R1,S01,T175,rate,1,180,180
Qwen/Qwen2.5-7B-Instruct,qwen,R1D1,1,R1,S01,T176,rate,1,1.2,1.2
Qwen/Qwen2.5-7B-Instruct,qwen,R1D1,1,R1,S01,T177,rate,1,30,30
Qwen/Qwen2.5-7B-Instruct,qwen,R1D1,1,R1,S01,T178,rate,1,90,90
Qwen/Qwen2.5-7B-Instruct,qwen,R1D1,1,R1,S01,T179,rate,1,3,3
Qwen/Qwen2.5-7B-Instruct,qwen,R1D1,1,R1,S01,T180,rate,1,4,4
Qwen/Qwen2.5-7B-Instruct,qwen,R1D1,1,R1,S01,T181,rate,1,3.2,3.2
Qwen/Qwen2.5-7B-Instruct,qwen,R1D1,1,R1,S01,T182,rate,1,40,40
Qwen/Qwen2.5-7B-Instruct,qwen,R1D1,1,R1,S01,T183,rate,0,3.33333,3.33
Qwen/Qwen2.5-7B-Instruct,qwen,R1D1,1,R1,S01,T184,rate,1,150,150
Qwen/Qwen2.5-7B-Instruct,qwen,R1D1,1,R1,S01,T185,rate,1,90,90
Qwen/Qwen2.5-7B-Instruct,qwen,R1D1,1,R1,S01,T186,rate,1,45,45
Qwen/Qwen2.5-7B-Instruct,qwen,R1D1,1,R1,S01,T187,rate,1,5,5
Qwen/Qwen2.5-7B-Instruct,qwen,R1D1,1,R1,S01,T188,rate,1,60,60
Qwen/Qwen2.5-7B-Instruct,qwen,R1D1,1,R1,S01,T189,rate,0,3.33333,3.33
Qwen/Qwen2.5-7B-Instruct,qwen,R1D1,1,R1,S01,T190,rate,1,270,270
Qwen/Qwen2.5-7B-Instruct,qwen,R1D1,1,R1,S01,T191,rate,0,5.33333,5.33
Qwen/Qwen2.5-7B-Instruct,qwen,R1D1,1,R1,S01,T192,rate,1,45,45
Qwen/Qwen2.5-7B-Instruct,qwen,R1D1,1,R1,S01,T193,rate,0,2.66667,2.67
Qwen/Qwen2.5-7B-Instruct,qwen,R1D1,1,R1,S01,T194,rate,0,5.33333,5.33
Qwen/Qwen2.5-7B-Instruct,qwen,R1D1,1,R1,S01,T195,rate,1,30,30
Qwen/Qwen2.5-7B-Instruct,qwen,R1D1,1,R1,S01,T196,rate,1,4.5,4.5
Qwen/Qwen2.5-7B-Instruct,qwen,R1D1,1,R1,S01,T197,rate,1,30,30
Qwen/Qwen2.5-7B-Instruct,qwen,R1D1,1,R1,S01,T198,rate,1,60,60
Qwen/Qwen2.5-7B-Instruct,qwen,R1D1,1,R1,S01,T199,rate,1,270,270
Qwen/Qwen2.5-7B-Instruct,qwen,R1D1,1,R1,S01,T200,rate,1,40,40
Qwen/Qwen2.5-7B-Instruct,qwen,R1D2,2,R1,S01+S04,T001,percentage,0,3480,3360
Qwen/Qwen2.5-7B-Instruct,qwen,R1D2,2,R1,S01+S04,T002,percentage,1,312.5,312.5
Qwen/Qwen2.5-7B-Instruct,qwen,R1D2,2,R1,S01+S04,T003,percentage,1,288,288
Qwen/Qwen2.5-7B-Instruct,qwen,R1D2,2,R1,S01+S04,T004,percentage,0,1044,1038
Qwen/Qwen2.5-7B-Instruct,qwen,R1D2,2,R1,S01+S04,T005,percentage,1,500,500
Qwen/Qwen2.5-7B-Instruct,qwen,R1D2,2,R1,S01+S04,T006,percentage,1,26.4,26.4
Qwen/Qwen2.5-7B-Instruct,qwen,R1D2,2,R1,S01+S04,T007,percentage,0,697,687
Qwen/Qwen2.5-7B-Instruct,qwen,R1D2,2,R1,S01+S04,T008,percentage,1,540,540
Qwen/Qwen2.5-7B-Instruct,qwen,R1D2,2,R1,S01+S04,T009,percentage,0,127.5,130.5
Qwen/Qwen2.5-7B-Instruct,qwen,R1D2,2,R1,S01+S04,T010,percentage,1,150,150
Qwen/Qwen2.5-7B-Instruct,qwen,R1D2,2,R1,S01+S04,T011,percentage,1,1408,1408
Qwen/Qwen2.5-7B-Instruct,qwen,R1D2,2,R1,S01+S04,T012,percentage,1,119,119
Qwen/Qwen2.5-7B-Instruct,qwen,R1D2,2,R1,S01+S04,T013,percentage,1,528,528
Qwen/Qwen2.5-7B-Instruct,qwen,R1D2,2,R1,S01+S04,T014,percentage,1,30,30
Qwen/Qwen2.5-7B-Instruct,qwen,R1D2,2,R1,S01+S04,T015,percentage,0,552.5,555
Qwen/Qwen2.5-7B-Instruct,qwen,R1D2,2,R1,S01+S04,T016,percentage,1,672,672
Qwen/Qwen2.5-7B-Instruct,qwen,R1D2,2,R1,S01+S04,T017,percentage,1,2560,2560
Qwen/Qwen2.5-7B-Instruct,qwen,R1D2,2,R1,S01+S04,T018,percentage,1,422.4,422.4
Qwen/Qwen2.5-7B-Instruct,qwen,R1D2,2,R1,S01+S04,T019,percentage,1,192,192
Qwen/Qwen2.5-7B-Instruct,qwen,R1D2,2,R1,S01+S04,T020,percentage,1,30,30
Qwen/Qwen2.5-7B-Instruct,qwen,R1D2,2,R1,S01+S04,T021,percentage,1,108,108
Qwen/Qwen2.5-7B-Instruct,qwen,R1D2,2,R1,S01+S04,T022,percentage,0,196.8,200
Qwen/Qwen2.5-7B-Instruct,qwen,R1D2,2,R1,S01+S04,T023,percentage,1,225,225
Qwen/Qwen2.5-7B-Instruct,qwen,R1D2,2,R1,S01+S04,T024,percentage,1,90,90
Qwen/Qwen2.5-7B-Instruct,qwen,R1D2,2,R1,S01+S04,T025,percentage,1,500,500
Qwen/Qwen2.5-7B-Instruct,qwen,R1D2,2,R1,S01+S04,T026,percentage,1,352,352
Qwen/Qwen2.5-7B-Instruct,qwen,R1D2,2,R1,S01+S04,T027,percentage,1,960,960
Qwen/Qwen2.5-7B-Instruct,qwen,R1D2,2,R1,S01+S04,T028,percentage,1,324,324
Qwen/Qwen2.5-7B-Instruct,qwen,R1D2,2,R1,S01+S04,T029,percentage,1,420,420
Qwen/Qwen2.5-7B-Instruct,qwen,R1D2,2,R1,S01+S04,T030,percentage,0,849.6,846
Qwen/Qwen2.5-7B-Instruct,qwen,R1D2,2,R1,S01+S04,T031,percentage,0,476,472
Qwen/Qwen2.5-7B-Instruct,qwen,R1D2,2,R1,S01+S04,T032,percentage,0,1100,1110
Qwen/Qwen2.5-7B-Instruct,qwen,R1D2,2,R1,S01+S04,T033,percentage,1,1560,1560
Qwen/Qwen2.5-7B-Instruct,qwen,R1D2,2,R1,S01+S04,T034,percentage,1,196,196
Qwen/Qwen2.5-7B-Instruct,qwen,R1D2,2,R1,S01+S04,T035,percentage,1,156,156
Qwen/Qwen2.5-7B-Instruct,qwen,R1D2,2,R1,S01+S04,T036,word_problem,0,4374,486
Qwen/Qwen2.5-7B-Instruct,qwen,R1D2,2,R1,S01+S04,T037,word_problem,0,3500,875
Qwen/Qwen2.5-7B-Instruct,qwen,R1D2,2,R1,S01+S04,T038,word_problem,0,3360,840
Qwen/Qwen2.5-7B-Instruct,qwen,R1D2,2,R1,S01+S04,T039,word_problem,0,4200,7700
Qwen/Qwen2.5-7B-Instruct,qwen,R1D2,2,R1,S01+S04,T040,word_problem,0,1728,576
Qwen/Qwen2.5-7B-Instruct,qwen,R1D2,2,R1,S01+S04,T041,word_problem,0,3600,1800
Qwen/Qwen2.5-7B-Instruct,qwen,R1D2,2,R1,S01+S04,T042,word_problem,0,12600,4200
Qwen/Qwen2.5-7B-Instruct,qwen,R1D2,2,R1,S01+S04,T043,word_problem,0,3630,3850
Qwen/Qwen2.5-7B-Instruct,qwen,R1D2,2,R1,S01+S04,T044,word_problem,0,8064,3360
Qwen/Qwen2.5-7B-Instruct,qwen,R1D2,2,R1,S01+S04,T045,word_problem,0,12600,9250
Qwen/Qwen2.5-7B-Instruct,qwen,R1D2,2,R1,S01+S04,T046,word_problem,0,7840,1120
Qwen/Qwen2.5-7B-Instruct,qwen,R1D2,2,R1,S01+S04,T047,word_problem,0,6720,1680
Qwen/Qwen2.5-7B-Instruct,qwen,R1D2,2,R1,S01+S04,T048,word_problem,0,6000,3000
Qwen/Qwen2.5-7B-Instruct,qwen,R1D2,2,R1,S01+S04,T049,word_problem,0,6480,7200
Qwen/Qwen2.5-7B-Instruct,qwen,R1D2,2,R1,S01+S04,T050,word_problem,0,4375,1750
Qwen/Qwen2.5-7B-Instruct,qwen,R1D2,2,R1,S01+S04,T051,word_problem,0,2700,450
Qwen/Qwen2.5-7B-Instruct,qwen,R1D2,2,R1,S01+S04,T052,word_problem,0,1680,840
Qwen/Qwen2.5-7B-Instruct,qwen,R1D2,2,R1,S01+S04,T053,word_problem,0,6930,4620
Qwen/Qwen2.5-7B-Instruct,qwen,R1D2,2,R1,S01+S04,T054,word_problem,0,4752,4356
Qwen/Qwen2.5-7B-Instruct,qwen,R1D2,2,R1,S01+S04,T055,word_problem,0,6480,5400
Qwen/Qwen2.5-7B-Instruct,qwen,R1D2,2,R1,S01+S04,T056,word_problem,0,2916,3240
Qwen/Qwen2.5-7B-Instruct,qwen,R1D2,2,R1,S01+S04,T057,word_problem,0,3456,2880
Qwen/Qwen2.5-7B-Instruct,qwen,R1D2,2,R1,S01+S04,T058,word_problem,0,4800,1200
Qwen/Qwen2.5-7B-Instruct,qwen,R1D2,2,R1,S01+S04,T059,word_problem,1,4200,4200
Qwen/Qwen2.5-7B-Instruct,qwen,R1D2,2,R1,S01+S04,T060,word_problem,0,5250,1050
Qwen/Qwen2.5-7B-Instruct,qwen,R1D2,2,R1,S01+S04,T061,word_problem,0,4410,1190
Qwen/Qwen2.5-7B-Instruct,qwen,R1D2,2,R1,S01+S04,T062,word_problem,0,4752,4356
Qwen/Qwen2.5-7B-Instruct,qwen,R1D2,2,R1,S01+S04,T063,word_problem,1,6000,6000
Qwen/Qwen2.5-7B-Instruct,qwen,R1D2,2,R1,S01+S04,T064,word_problem,1,5000,5000
Qwen/Qwen2.5-7B-Instruct,qwen,R1D2,2,R1,S01+S04,T065,word_problem,0,10080,840
Qwen/Qwen2.5-7B-Instruct,qwen,R1D2,2,R1,S01+S04,T066,conversion,1,2160,2160
Qwen/Qwen2.5-7B-Instruct,qwen,R1D2,2,R1,S01+S04,T067,conversion,0,1152,3552
Qwen/Qwen2.5-7B-Instruct,qwen,R1D2,2,R1,S01+S04,T068,conversion,1,630,630
Qwen/Qwen2.5-7B-Instruct,qwen,R1D2,2,R1,S01+S04,T069,conversion,1,48000,48000
Qwen/Qwen2.5-7B-Instruct,qwen,R1D2,2,R1,S01+S04,T070,conversion,1,900,900
Qwen/Qwen2.5-7B-Instruct,qwen,R1D2,2,R1,S01+S04,T071,conversion,1,720,720
Qwen/Qwen2.5-7B-Instruct,qwen,R1D2,2,R1,S01+S04,T072,conversion,1,125000,125000
Qwen/Qwen2.5-7B-Instruct,qwen,R1D2,2,R1,S01+S04,T073,conversion,1,1440,1440
Qwen/Qwen2.5-7B-Instruct,qwen,R1D2,2,R1,S01+S04,T074,conversion,0,864,288
Qwen/Qwen2.5-7B-Instruct,qwen,R1D2,2,R1,S01+S04,T075,conversion,1,12000,12000
Qwen/Qwen2.5-7B-Instruct,qwen,R1D2,2,R1,S01+S04,T076,conversion,1,24000,24000
Qwen/Qwen2.5-7B-Instruct,qwen,R1D2,2,R1,S01+S04,T077,conversion,1,125000,125000
Qwen/Qwen2.5-7B-Instruct,qwen,R1D2,2,R1,S01+S04,T078,conversion,1,3000,3000
Qwen/Qwen2.5-7B-Instruct,qwen,R1D2,2,R1,S01+S04,T079,conversion,1,720,720
Qwen/Qwen2.5-7B-Instruct,qwen,R1D2,2,R1,S01+S04,T080,conversion,1,3000,3000
Qwen/Qwen2.5-7B-Instruct,qwen,R1D2,2,R1,S01+S04,T081,conversion,0,60000,6000
Qwen/Qwen2.5-7B-Instruct,qwen,R1D2,2,R1,S01+S04,T082,conversion,1,36000,36000
Qwen/Qwen2.5-7B-Instruct,qwen,R1D2,2,R1,S01+S04,T083,conversion,1,15000,15000
Qwen/Qwen2.5-7B-Instruct,qwen,R1D2,2,R1,S01+S04,T084,conversion,1,12000,12000
Qwen/Qwen2.5-7B-Instruct,qwen,R1D2,2,R1,S01+S04,T085,conversion,1,105,105
Qwen/Qwen2.5-7B-Instruct,qwen,R1D2,2,R1,S01+S04,T086,conversion,0,360,240
Qwen/Qwen2.5-7B-Instruct,qwen,R1D2,2,R1,S01+S04,T087,conversion,1,7000,7000
Qwen/Qwen2.5-7B-Instruct,qwen,R1D2,2,R1,S01+S04,T088,conversion,0,72,24
Qwen/Qwen2.5-7B-Instruct,qwen,R1D2,2,R1,S01+S04,T089,conversion,1,48000,48000
Qwen/Qwen2.5-7B-Instruct,qwen,R1D2,2,R1,S01+S04,T090,conversion,1,720,720
Qwen/Qwen2.5-7B-Instruct,qwen,R1D2,2,R1,S01+S04,T091,date,0,25 April 2026,24 April 2026
Qwen/Qwen2.5-7B-Instruct,qwen,R1D2,2,R1,S01+S04,T092,date,0,10 June 2026,30 June 2026
Qwen/Qwen2.5-7B-Instruct,qwen,R1D2,2,R1,S01+S04,T093,date,1,27 April 2026,27 April 2026
Qwen/Qwen2.5-7B-Instruct,qwen,R1D2,2,R1,S01+S04,T094,date,0,26 November 2026,25 November 2026
Qwen/Qwen2.5-7B-Instruct,qwen,R1D2,2,R1,S01+S04,T095,date,0,08 October 2026,30 October 2026
Qwen/Qwen2.5-7B-Instruct,qwen,R1D2,2,R1,S01+S04,T096,date,0,11 November 2026,10 November 2026
Qwen/Qwen2.5-7B-Instruct,qwen,R1D2,2,R1,S01+S04,T097,date,0,16 March 2026,15 April 2026
Qwen/Qwen2.5-7B-Instruct,qwen,R1D2,2,R1,S01+S04,T098,date,0,01 June 2026,30 June 2026
Qwen/Qwen2.5-7B-Instruct,qwen,R1D2,2,R1,S01+S04,T099,date,0,16 October 2026,30 October 2026
Qwen/Qwen2.5-7B-Instruct,qwen,R1D2,2,R1,S01+S04,T100,date,1,12 June 2026,12 June 2026
Qwen/Qwen2.5-7B-Instruct,qwen,R1D2,2,R1,S01+S04,T101,date,1,24 June 2026,24 June 2026
Qwen/Qwen2.5-7B-Instruct,qwen,R1D2,2,R1,S01+S04,T102,date,1,25 July 2026,25 July 2026
Qwen/Qwen2.5-7B-Instruct,qwen,R1D2,2,R1,S01+S04,T103,date,1,14 November 2026,14 November 2026
Qwen/Qwen2.5-7B-Instruct,qwen,R1D2,2,R1,S01+S04,T104,date,0,06 February 2027,17 February 2027
Qwen/Qwen2.5-7B-Instruct,qwen,R1D2,2,R1,S01+S04,T105,date,0,08 May 2026,30 May 2026
Qwen/Qwen2.5-7B-Instruct,qwen,R1D2,2,R1,S01+S04,T106,date,1,30 October 2026,30 October 2026
Qwen/Qwen2.5-7B-Instruct,qwen,R1D2,2,R1,S01+S04,T107,date,0,05 June 2026,30 June 2026
Qwen/Qwen2.5-7B-Instruct,qwen,R1D2,2,R1,S01+S04,T108,date,0,08 October 2026,17 October 2026
Qwen/Qwen2.5-7B-Instruct,qwen,R1D2,2,R1,S01+S04,T109,date,0,10 August 2026,14 September 2026
Qwen/Qwen2.5-7B-Instruct,qwen,R1D2,2,R1,S01+S04,T110,date,0,17 December 2026,18 December 2026
Qwen/Qwen2.5-7B-Instruct,qwen,R1D2,2,R1,S01+S04,T111,date,1,13 January 2027,13 January 2027
Qwen/Qwen2.5-7B-Instruct,qwen,R1D2,2,R1,S01+S04,T112,date,0,07 October 2026,30 September 2026
Qwen/Qwen2.5-7B-Instruct,qwen,R1D2,2,R1,S01+S04,T113,date,0,26 August 2026,30 August 2026
Qwen/Qwen2.5-7B-Instruct,qwen,R1D2,2,R1,S01+S04,T114,date,0,26 January 2026,25 February 2026
Qwen/Qwen2.5-7B-Instruct,qwen,R1D2,2,R1,S01+S04,T115,date,0,18 September 2026,17 September 2026
Qwen/Qwen2.5-7B-Instruct,qwen,R1D2,2,R1,S01+S04,T116,table,1,North,North
Qwen/Qwen2.5-7B-Instruct,qwen,R1D2,2,R1,S01+S04,T117,table,0,1669,1679
Qwen/Qwen2.5-7B-Instruct,qwen,R1D2,2,R1,S01+S04,T118,table,1,West,West
Qwen/Qwen2.5-7B-Instruct,qwen,R1D2,2,R1,S01+S04,T119,table,1,North,North
Qwen/Qwen2.5-7B-Instruct,qwen,R1D2,2,R1,S01+S04,T120,table,1,West,West
Qwen/Qwen2.5-7B-Instruct,qwen,R1D2,2,R1,S01+S04,T121,table,0,503,202
Qwen/Qwen2.5-7B-Instruct,qwen,R1D2,2,R1,S01+S04,T122,table,1,Central,Central
Qwen/Qwen2.5-7B-Instruct,qwen,R1D2,2,R1,S01+S04,T123,table,1,South,South
Qwen/Qwen2.5-7B-Instruct,qwen,R1D2,2,R1,S01+S04,T124,table,1,1914,1914
Qwen/Qwen2.5-7B-Instruct,qwen,R1D2,2,R1,S01+S04,T125,table,0,499,316
Qwen/Qwen2.5-7B-Instruct,qwen,R1D2,2,R1,S01+S04,T126,table,1,1865,1865
Qwen/Qwen2.5-7B-Instruct,qwen,R1D2,2,R1,S01+S04,T127,table,1,Central,Central
Qwen/Qwen2.5-7B-Instruct,qwen,R1D2,2,R1,S01+S04,T128,table,1,2623,2623
Qwen/Qwen2.5-7B-Instruct,qwen,R1D2,2,R1,S01+S04,T129,table,1,617,617
Qwen/Qwen2.5-7B-Instruct,qwen,R1D2,2,R1,S01+S04,T130,table,1,West,West
Qwen/Qwen2.5-7B-Instruct,qwen,R1D2,2,R1,S01+S04,T131,table,0,529,289
Qwen/Qwen2.5-7B-Instruct,qwen,R1D2,2,R1,S01+S04,T132,table,0,2156,2056
Qwen/Qwen2.5-7B-Instruct,qwen,R1D2,2,R1,S01+S04,T133,table,1,East,East
Qwen/Qwen2.5-7B-Instruct,qwen,R1D2,2,R1,S01+S04,T134,table,0,504,804
Qwen/Qwen2.5-7B-Instruct,qwen,R1D2,2,R1,S01+S04,T135,table,0,South,East
Qwen/Qwen2.5-7B-Instruct,qwen,R1D2,2,R1,S01+S04,T136,table,0,637,717
Qwen/Qwen2.5-7B-Instruct,qwen,R1D2,2,R1,S01+S04,T137,table,0,479,125
Qwen/Qwen2.5-7B-Instruct,qwen,R1D2,2,R1,S01+S04,T138,table,1,1792,1792
Qwen/Qwen2.5-7B-Instruct,qwen,R1D2,2,R1,S01+S04,T139,table,1,492,492
Qwen/Qwen2.5-7B-Instruct,qwen,R1D2,2,R1,S01+S04,T140,table,0,760,459
Qwen/Qwen2.5-7B-Instruct,qwen,R1D2,2,R1,S01+S04,T141,table,1,473,473
Qwen/Qwen2.5-7B-Instruct,qwen,R1D2,2,R1,S01+S04,T142,table,1,Central,Central
Qwen/Qwen2.5-7B-Instruct,qwen,R1D2,2,R1,S01+S04,T143,table,1,South,South
Qwen/Qwen2.5-7B-Instruct,qwen,R1D2,2,R1,S01+S04,T144,table,0,294,314
Qwen/Qwen2.5-7B-Instruct,qwen,R1D2,2,R1,S01+S04,T145,table,1,160,160
Qwen/Qwen2.5-7B-Instruct,qwen,R1D2,2,R1,S01+S04,T146,logic,0,Devon,2
Qwen/Qwen2.5-7B-Instruct,qwen,R1D2,2,R1,S01+S04,T147,logic,0,Alex,Gray
Qwen/Qwen2.5-7B-Instruct,qwen,R1D2,2,R1,S01+S04,T148,logic,1,Gray,Gray
Qwen/Qwen2.5-7B-Instruct,qwen,R1D2,2,R1,S01+S04,T149,logic,1,Frankie,Frankie
Qwen/Qwen2.5-7B-Instruct,qwen,R1D2,2,R1,S01+S04,T150,logic,1,Casey,Casey
Qwen/Qwen2.5-7B-Instruct,qwen,R1D2,2,R1,S01+S04,T151,logic,0,Devon,2
Qwen/Qwen2.5-7B-Instruct,qwen,R1D2,2,R1,S01+S04,T152,logic,1,Gray,Gray
Qwen/Qwen2.5-7B-Instruct,qwen,R1D2,2,R1,S01+S04,T153,logic,0,Casey,3
Qwen/Qwen2.5-7B-Instruct,qwen,R1D2,2,R1,S01+S04,T154,logic,1,Gray,Gray
Qwen/Qwen2.5-7B-Instruct,qwen,R1D2,2,R1,S01+S04,T155,logic,1,Alex,Alex
Qwen/Qwen2.5-7B-Instruct,qwen,R1D2,2,R1,S01+S04,T156,logic,1,Bailey,Bailey
Qwen/Qwen2.5-7B-Instruct,qwen,R1D2,2,R1,S01+S04,T157,logic,1,Bailey,Bailey
Qwen/Qwen2.5-7B-Instruct,qwen,R1D2,2,R1,S01+S04,T158,logic,0,Devon,Frankie
Qwen/Qwen2.5-7B-Instruct,qwen,R1D2,2,R1,S01+S04,T159,logic,1,Alex,Alex
Qwen/Qwen2.5-7B-Instruct,qwen,R1D2,2,R1,S01+S04,T160,logic,0,Bailey,2
Qwen/Qwen2.5-7B-Instruct,qwen,R1D2,2,R1,S01+S04,T161,logic,0,Devon,3
Qwen/Qwen2.5-7B-Instruct,qwen,R1D2,2,R1,S01+S04,T162,logic,1,Alex,Alex
Qwen/Qwen2.5-7B-Instruct,qwen,R1D2,2,R1,S01+S04,T163,logic,0,Frankie,3
Qwen/Qwen2.5-7B-Instruct,qwen,R1D2,2,R1,S01+S04,T164,logic,1,Bailey,Bailey
Qwen/Qwen2.5-7B-Instruct,qwen,R1D2,2,R1,S01+S04,T165,logic,0,Bailey,Frankie
Qwen/Qwen2.5-7B-Instruct,qwen,R1D2,2,R1,S01+S04,T166,logic,1,Gray,Gray
Qwen/Qwen2.5-7B-Instruct,qwen,R1D2,2,R1,S01+S04,T167,logic,1,Alex,Alex
Qwen/Qwen2.5-7B-Instruct,qwen,R1D2,2,R1,S01+S04,T168,logic,1,Casey,Casey
Qwen/Qwen2.5-7B-Instruct,qwen,R1D2,2,R1,S01+S04,T169,logic,1,Bailey,Bailey
Qwen/Qwen2.5-7B-Instruct,qwen,R1D2,2,R1,S01+S04,T170,logic,1,Bailey,Bailey
Qwen/Qwen2.5-7B-Instruct,qwen,R1D2,2,R1,S01+S04,T171,rate,1,2,2
Qwen/Qwen2.5-7B-Instruct,qwen,R1D2,2,R1,S01+S04,T172,rate,1,10,10
Qwen/Qwen2.5-7B-Instruct,qwen,R1D2,2,R1,S01+S04,T173,rate,1,4,4
Qwen/Qwen2.5-7B-Instruct,qwen,R1D2,2,R1,S01+S04,T174,rate,0,3.33333,3.33
Qwen/Qwen2.5-7B-Instruct,qwen,R1D2,2,R1,S01+S04,T175,rate,1,180,180
Qwen/Qwen2.5-7B-Instruct,qwen,R1D2,2,R1,S01+S04,T176,rate,1,1.2,1.2
Qwen/Qwen2.5-7B-Instruct,qwen,R1D2,2,R1,S01+S04,T177,rate,1,30,30
Qwen/Qwen2.5-7B-Instruct,qwen,R1D2,2,R1,S01+S04,T178,rate,1,90,90
Qwen/Qwen2.5-7B-Instruct,qwen,R1D2,2,R1,S01+S04,T179,rate,1,3,3
Qwen/Qwen2.5-7B-Instruct,qwen,R1D2,2,R1,S01+S04,T180,rate,1,4,4
Qwen/Qwen2.5-7B-Instruct,qwen,R1D2,2,R1,S01+S04,T181,rate,1,3.2,3.2
Qwen/Qwen2.5-7B-Instruct,qwen,R1D2,2,R1,S01+S04,T182,rate,1,40,40
Qwen/Qwen2.5-7B-Instruct,qwen,R1D2,2,R1,S01+S04,T183,rate,0,3.33333,3.33
Qwen/Qwen2.5-7B-Instruct,qwen,R1D2,2,R1,S01+S04,T184,rate,1,150,150
Qwen/Qwen2.5-7B-Instruct,qwen,R1D2,2,R1,S01+S04,T185,rate,1,90,90
Qwen/Qwen2.5-7B-Instruct,qwen,R1D2,2,R1,S01+S04,T186,rate,1,45,45
Qwen/Qwen2.5-7B-Instruct,qwen,R1D2,2,R1,S01+S04,T187,rate,1,5,5
Qwen/Qwen2.5-7B-Instruct,qwen,R1D2,2,R1,S01+S04,T188,rate,1,60,60
Qwen/Qwen2.5-7B-Instruct,qwen,R1D2,2,R1,S01+S04,T189,rate,0,3.33333,3.33
Qwen/Qwen2.5-7B-Instruct,qwen,R1D2,2,R1,S01+S04,T190,rate,1,270,270
Qwen/Qwen2.5-7B-Instruct,qwen,R1D2,2,R1,S01+S04,T191,rate,0,5.33333,5.33
Qwen/Qwen2.5-7B-Instruct,qwen,R1D2,2,R1,S01+S04,T192,rate,1,45,45
Qwen/Qwen2.5-7B-Instruct,qwen,R1D2,2,R1,S01+S04,T193,rate,0,2.66667,2.67
Qwen/Qwen2.5-7B-Instruct,qwen,R1D2,2,R1,S01+S04,T194,rate,0,5.33333,5.33
Qwen/Qwen2.5-7B-Instruct,qwen,R1D2,2,R1,S01+S04,T195,rate,1,30,30
Qwen/Qwen2.5-7B-Instruct,qwen,R1D2,2,R1,S01+S04,T196,rate,1,4.5,4.5
Qwen/Qwen2.5-7B-Instruct,qwen,R1D2,2,R1,S01+S04,T197,rate,1,30,30
Qwen/Qwen2.5-7B-Instruct,qwen,R1D2,2,R1,S01+S04,T198,rate,1,60,60
Qwen/Qwen2.5-7B-Instruct,qwen,R1D2,2,R1,S01+S04,T199,rate,1,270,270
Qwen/Qwen2.5-7B-Instruct,qwen,R1D2,2,R1,S01+S04,T200,rate,1,40,40
Qwen/Qwen2.5-7B-Instruct,qwen,R1D3,3,R1,S01+S04+S09,T001,percentage,0,3480,3360
Qwen/Qwen2.5-7B-Instruct,qwen,R1D3,3,R1,S01+S04+S09,T002,percentage,1,312.5,312.5
Qwen/Qwen2.5-7B-Instruct,qwen,R1D3,3,R1,S01+S04+S09,T003,percentage,1,288,288
Qwen/Qwen2.5-7B-Instruct,qwen,R1D3,3,R1,S01+S04+S09,T004,percentage,0,1044,1038
Qwen/Qwen2.5-7B-Instruct,qwen,R1D3,3,R1,S01+S04+S09,T005,percentage,1,500,500
Qwen/Qwen2.5-7B-Instruct,qwen,R1D3,3,R1,S01+S04+S09,T006,percentage,1,26.4,26.4
Qwen/Qwen2.5-7B-Instruct,qwen,R1D3,3,R1,S01+S04+S09,T007,percentage,0,697,687
Qwen/Qwen2.5-7B-Instruct,qwen,R1D3,3,R1,S01+S04+S09,T008,percentage,1,540,540
Qwen/Qwen2.5-7B-Instruct,qwen,R1D3,3,R1,S01+S04+S09,T009,percentage,0,127.5,130
Qwen/Qwen2.5-7B-Instruct,qwen,R1D3,3,R1,S01+S04+S09,T010,percentage,1,150,150
Qwen/Qwen2.5-7B-Instruct,qwen,R1D3,3,R1,S01+S04+S09,T011,percentage,1,1408,1408
Qwen/Qwen2.5-7B-Instruct,qwen,R1D3,3,R1,S01+S04+S09,T012,percentage,1,119,119
Qwen/Qwen2.5-7B-Instruct,qwen,R1D3,3,R1,S01+S04+S09,T013,percentage,1,528,528
Qwen/Qwen2.5-7B-Instruct,qwen,R1D3,3,R1,S01+S04+S09,T014,percentage,1,30,30
Qwen/Qwen2.5-7B-Instruct,qwen,R1D3,3,R1,S01+S04+S09,T015,percentage,0,552.5,555
Qwen/Qwen2.5-7B-Instruct,qwen,R1D3,3,R1,S01+S04+S09,T016,percentage,1,672,672
Qwen/Qwen2.5-7B-Instruct,qwen,R1D3,3,R1,S01+S04+S09,T017,percentage,1,2560,2560
Qwen/Qwen2.5-7B-Instruct,qwen,R1D3,3,R1,S01+S04+S09,T018,percentage,1,422.4,422.4
Qwen/Qwen2.5-7B-Instruct,qwen,R1D3,3,R1,S01+S04+S09,T019,percentage,1,192,192
Qwen/Qwen2.5-7B-Instruct,qwen,R1D3,3,R1,S01+S04+S09,T020,percentage,1,30,30
Qwen/Qwen2.5-7B-Instruct,qwen,R1D3,3,R1,S01+S04+S09,T021,percentage,1,108,108
Qwen/Qwen2.5-7B-Instruct,qwen,R1D3,3,R1,S01+S04+S09,T022,percentage,0,196.8,200
Qwen/Qwen2.5-7B-Instruct,qwen,R1D3,3,R1,S01+S04+S09,T023,percentage,1,225,225
Qwen/Qwen2.5-7B-Instruct,qwen,R1D3,3,R1,S01+S04+S09,T024,percentage,1,90,90
Qwen/Qwen2.5-7B-Instruct,qwen,R1D3,3,R1,S01+S04+S09,T025,percentage,1,500,500
Qwen/Qwen2.5-7B-Instruct,qwen,R1D3,3,R1,S01+S04+S09,T026,percentage,1,352,352
Qwen/Qwen2.5-7B-Instruct,qwen,R1D3,3,R1,S01+S04+S09,T027,percentage,1,960,960
Qwen/Qwen2.5-7B-Instruct,qwen,R1D3,3,R1,S01+S04+S09,T028,percentage,1,324,324
Qwen/Qwen2.5-7B-Instruct,qwen,R1D3,3,R1,S01+S04+S09,T029,percentage,1,420,420
Qwen/Qwen2.5-7B-Instruct,qwen,R1D3,3,R1,S01+S04+S09,T030,percentage,0,849.6,846
Qwen/Qwen2.5-7B-Instruct,qwen,R1D3,3,R1,S01+S04+S09,T031,percentage,0,476,472
Qwen/Qwen2.5-7B-Instruct,qwen,R1D3,3,R1,S01+S04+S09,T032,percentage,1,1100,1100
Qwen/Qwen2.5-7B-Instruct,qwen,R1D3,3,R1,S01+S04+S09,T033,percentage,1,1560,1560
Qwen/Qwen2.5-7B-Instruct,qwen,R1D3,3,R1,S01+S04+S09,T034,percentage,1,196,196
Qwen/Qwen2.5-7B-Instruct,qwen,R1D3,3,R1,S01+S04+S09,T035,percentage,1,156,156
Qwen/Qwen2.5-7B-Instruct,qwen,R1D3,3,R1,S01+S04+S09,T036,word_problem,0,4374,2430
Qwen/Qwen2.5-7B-Instruct,qwen,R1D3,3,R1,S01+S04+S09,T037,word_problem,0,3500,875
Qwen/Qwen2.5-7B-Instruct,qwen,R1D3,3,R1,S01+S04+S09,T038,word_problem,0,3360,840
Qwen/Qwen2.5-7B-Instruct,qwen,R1D3,3,R1,S01+S04+S09,T039,word_problem,0,4200,1470
Qwen/Qwen2.5-7B-Instruct,qwen,R1D3,3,R1,S01+S04+S09,T040,word_problem,0,1728,576
Qwen/Qwen2.5-7B-Instruct,qwen,R1D3,3,R1,S01+S04+S09,T041,word_problem,0,3600,1800
Qwen/Qwen2.5-7B-Instruct,qwen,R1D3,3,R1,S01+S04+S09,T042,word_problem,0,12600,4200
Qwen/Qwen2.5-7B-Instruct,qwen,R1D3,3,R1,S01+S04+S09,T043,word_problem,1,3630,3630
Qwen/Qwen2.5-7B-Instruct,qwen,R1D3,3,R1,S01+S04+S09,T044,word_problem,0,8064,3360
Qwen/Qwen2.5-7B-Instruct,qwen,R1D3,3,R1,S01+S04+S09,T045,word_problem,0,12600,9260
Qwen/Qwen2.5-7B-Instruct,qwen,R1D3,3,R1,S01+S04+S09,T046,word_problem,0,7840,11960
Qwen/Qwen2.5-7B-Instruct,qwen,R1D3,3,R1,S01+S04+S09,T047,word_problem,0,6720,1680
Qwen/Qwen2.5-7B-Instruct,qwen,R1D3,3,R1,S01+S04+S09,T048,word_problem,1,6000,6000
Qwen/Qwen2.5-7B-Instruct,qwen,R1D3,3,R1,S01+S04+S09,T049,word_problem,0,6480,7200
Qwen/Qwen2.5-7B-Instruct,qwen,R1D3,3,R1,S01+S04+S09,T050,word_problem,0,4375,1750
Qwen/Qwen2.5-7B-Instruct,qwen,R1D3,3,R1,S01+S04+S09,T051,word_problem,0,2700,450
Qwen/Qwen2.5-7B-Instruct,qwen,R1D3,3,R1,S01+S04+S09,T052,word_problem,0,1680,840
Qwen/Qwen2.5-7B-Instruct,qwen,R1D3,3,R1,S01+S04+S09,T053,word_problem,0,6930,2310
Qwen/Qwen2.5-7B-Instruct,qwen,R1D3,3,R1,S01+S04+S09,T054,word_problem,0,4752,4356
Qwen/Qwen2.5-7B-Instruct,qwen,R1D3,3,R1,S01+S04+S09,T055,word_problem,0,6480,5400
Qwen/Qwen2.5-7B-Instruct,qwen,R1D3,3,R1,S01+S04+S09,T056,word_problem,0,2916,3240
Qwen/Qwen2.5-7B-Instruct,qwen,R1D3,3,R1,S01+S04+S09,T057,word_problem,0,3456,2880
Qwen/Qwen2.5-7B-Instruct,qwen,R1D3,3,R1,S01+S04+S09,T058,word_problem,0,4800,1200
Qwen/Qwen2.5-7B-Instruct,qwen,R1D3,3,R1,S01+S04+S09,T059,word_problem,1,4200,4200
Qwen/Qwen2.5-7B-Instruct,qwen,R1D3,3,R1,S01+S04+S09,T060,word_problem,0,5250,1050
Qwen/Qwen2.5-7B-Instruct,qwen,R1D3,3,R1,S01+S04+S09,T061,word_problem,0,4410,1190
Qwen/Qwen2.5-7B-Instruct,qwen,R1D3,3,R1,S01+S04+S09,T062,word_problem,0,4752,$3960
Qwen/Qwen2.5-7B-Instruct,qwen,R1D3,3,R1,S01+S04+S09,T063,word_problem,1,6000,6000
Qwen/Qwen2.5-7B-Instruct,qwen,R1D3,3,R1,S01+S04+S09,T064,word_problem,0,5000,1000
Qwen/Qwen2.5-7B-Instruct,qwen,R1D3,3,R1,S01+S04+S09,T065,word_problem,0,10080,840
Qwen/Qwen2.5-7B-Instruct,qwen,R1D3,3,R1,S01+S04+S09,T066,conversion,1,2160,2160
Qwen/Qwen2.5-7B-Instruct,qwen,R1D3,3,R1,S01+S04+S09,T067,conversion,0,1152,336
Qwen/Qwen2.5-7B-Instruct,qwen,R1D3,3,R1,S01+S04+S09,T068,conversion,1,630,630
Qwen/Qwen2.5-7B-Instruct,qwen,R1D3,3,R1,S01+S04+S09,T069,conversion,1,48000,48000
Qwen/Qwen2.5-7B-Instruct,qwen,R1D3,3,R1,S01+S04+S09,T070,conversion,1,900,900
Qwen/Qwen2.5-7B-Instruct,qwen,R1D3,3,R1,S01+S04+S09,T071,conversion,1,720,720
Qwen/Qwen2.5-7B-Instruct,qwen,R1D3,3,R1,S01+S04+S09,T072,conversion,1,125000,125000
Qwen/Qwen2.5-7B-Instruct,qwen,R1D3,3,R1,S01+S04+S09,T073,conversion,1,1440,1440
Qwen/Qwen2.5-7B-Instruct,qwen,R1D3,3,R1,S01+S04+S09,T074,conversion,0,864,288
Qwen/Qwen2.5-7B-Instruct,qwen,R1D3,3,R1,S01+S04+S09,T075,conversion,1,12000,12000
Qwen/Qwen2.5-7B-Instruct,qwen,R1D3,3,R1,S01+S04+S09,T076,conversion,1,24000,24000
Qwen/Qwen2.5-7B-Instruct,qwen,R1D3,3,R1,S01+S04+S09,T077,conversion,1,125000,125000
Qwen/Qwen2.5-7B-Instruct,qwen,R1D3,3,R1,S01+S04+S09,T078,conversion,1,3000,3000
Qwen/Qwen2.5-7B-Instruct,qwen,R1D3,3,R1,S01+S04+S09,T079,conversion,1,720,720
Qwen/Qwen2.5-7B-Instruct,qwen,R1D3,3,R1,S01+S04+S09,T080,conversion,1,3000,3000
Qwen/Qwen2.5-7B-Instruct,qwen,R1D3,3,R1,S01+S04+S09,T081,conversion,0,60000,6000
Qwen/Qwen2.5-7B-Instruct,qwen,R1D3,3,R1,S01+S04+S09,T082,conversion,1,36000,36000
Qwen/Qwen2.5-7B-Instruct,qwen,R1D3,3,R1,S01+S04+S09,T083,conversion,1,15000,15000
Qwen/Qwen2.5-7B-Instruct,qwen,R1D3,3,R1,S01+S04+S09,T084,conversion,1,12000,12000
Qwen/Qwen2.5-7B-Instruct,qwen,R1D3,3,R1,S01+S04+S09,T085,conversion,1,105,105
Qwen/Qwen2.5-7B-Instruct,qwen,R1D3,3,R1,S01+S04+S09,T086,conversion,0,360,240
Qwen/Qwen2.5-7B-Instruct,qwen,R1D3,3,R1,S01+S04+S09,T087,conversion,1,7000,7000
Qwen/Qwen2.5-7B-Instruct,qwen,R1D3,3,R1,S01+S04+S09,T088,conversion,0,72,24
Qwen/Qwen2.5-7B-Instruct,qwen,R1D3,3,R1,S01+S04+S09,T089,conversion,1,48000,48000
Qwen/Qwen2.5-7B-Instruct,qwen,R1D3,3,R1,S01+S04+S09,T090,conversion,1,720,720
Qwen/Qwen2.5-7B-Instruct,qwen,R1D3,3,R1,S01+S04+S09,T091,date,1,25 April 2026,25 April 2026
Qwen/Qwen2.5-7B-Instruct,qwen,R1D3,3,R1,S01+S04+S09,T092,date,0,10 June 2026,30 June 2026
Qwen/Qwen2.5-7B-Instruct,qwen,R1D3,3,R1,S01+S04+S09,T093,date,1,27 April 2026,27 April 2026
Qwen/Qwen2.5-7B-Instruct,qwen,R1D3,3,R1,S01+S04+S09,T094,date,0,26 November 2026,25 November 2026
Qwen/Qwen2.5-7B-Instruct,qwen,R1D3,3,R1,S01+S04+S09,T095,date,0,08 October 2026,30 October 2026
Qwen/Qwen2.5-7B-Instruct,qwen,R1D3,3,R1,S01+S04+S09,T096,date,0,11 November 2026,10 November 2026
Qwen/Qwen2.5-7B-Instruct,qwen,R1D3,3,R1,S01+S04+S09,T097,date,0,16 March 2026,23 March 2026
Qwen/Qwen2.5-7B-Instruct,qwen,R1D3,3,R1,S01+S04+S09,T098,date,0,01 June 2026,30 June 2026
Qwen/Qwen2.5-7B-Instruct,qwen,R1D3,3,R1,S01+S04+S09,T099,date,0,16 October 2026,30 October 2026
Qwen/Qwen2.5-7B-Instruct,qwen,R1D3,3,R1,S01+S04+S09,T100,date,1,12 June 2026,12 June 2026
Qwen/Qwen2.5-7B-Instruct,qwen,R1D3,3,R1,S01+S04+S09,T101,date,1,24 June 2026,24 June 2026
Qwen/Qwen2.5-7B-Instruct,qwen,R1D3,3,R1,S01+S04+S09,T102,date,1,25 July 2026,25 July 2026
Qwen/Qwen2.5-7B-Instruct,qwen,R1D3,3,R1,S01+S04+S09,T103,date,0,14 November 2026,15 November 2026
Qwen/Qwen2.5-7B-Instruct,qwen,R1D3,3,R1,S01+S04+S09,T104,date,0,06 February 2027,17 February 2027
Qwen/Qwen2.5-7B-Instruct,qwen,R1D3,3,R1,S01+S04+S09,T105,date,0,08 May 2026,30 May 2026
Qwen/Qwen2.5-7B-Instruct,qwen,R1D3,3,R1,S01+S04+S09,T106,date,1,30 October 2026,30 October 2026
Qwen/Qwen2.5-7B-Instruct,qwen,R1D3,3,R1,S01+S04+S09,T107,date,0,05 June 2026,30 June 2026
Qwen/Qwen2.5-7B-Instruct,qwen,R1D3,3,R1,S01+S04+S09,T108,date,0,08 October 2026,17 October 2026
Qwen/Qwen2.5-7B-Instruct,qwen,R1D3,3,R1,S01+S04+S09,T109,date,0,10 August 2026,14 September 2026
Qwen/Qwen2.5-7B-Instruct,qwen,R1D3,3,R1,S01+S04+S09,T110,date,0,17 December 2026,18 December 2026
Qwen/Qwen2.5-7B-Instruct,qwen,R1D3,3,R1,S01+S04+S09,T111,date,1,13 January 2027,13 January 2027
Qwen/Qwen2.5-7B-Instruct,qwen,R1D3,3,R1,S01+S04+S09,T112,date,0,07 October 2026,30 October 2026
Qwen/Qwen2.5-7B-Instruct,qwen,R1D3,3,R1,S01+S04+S09,T113,date,0,26 August 2026,30 August 2026
Qwen/Qwen2.5-7B-Instruct,qwen,R1D3,3,R1,S01+S04+S09,T114,date,0,26 January 2026,24 February 2026
Qwen/Qwen2.5-7B-Instruct,qwen,R1D3,3,R1,S01+S04+S09,T115,date,0,18 September 2026,17 September 2026
Qwen/Qwen2.5-7B-Instruct,qwen,R1D3,3,R1,S01+S04+S09,T116,table,1,North,North
Qwen/Qwen2.5-7B-Instruct,qwen,R1D3,3,R1,S01+S04+S09,T117,table,1,1669,1669
Qwen/Qwen2.5-7B-Instruct,qwen,R1D3,3,R1,S01+S04+S09,T118,table,1,West,West
Qwen/Qwen2.5-7B-Instruct,qwen,R1D3,3,R1,S01+S04+S09,T119,table,1,North,North
Qwen/Qwen2.5-7B-Instruct,qwen,R1D3,3,R1,S01+S04+S09,T120,table,1,West,West
Qwen/Qwen2.5-7B-Instruct,qwen,R1D3,3,R1,S01+S04+S09,T121,table,0,503,282
Qwen/Qwen2.5-7B-Instruct,qwen,R1D3,3,R1,S01+S04+S09,T122,table,1,Central,Central
Qwen/Qwen2.5-7B-Instruct,qwen,R1D3,3,R1,S01+S04+S09,T123,table,1,South,South
Qwen/Qwen2.5-7B-Instruct,qwen,R1D3,3,R1,S01+S04+S09,T124,table,0,1914,2014
Qwen/Qwen2.5-7B-Instruct,qwen,R1D3,3,R1,S01+S04+S09,T125,table,0,499,316
Qwen/Qwen2.5-7B-Instruct,qwen,R1D3,3,R1,S01+S04+S09,T126,table,1,1865,1865
Qwen/Qwen2.5-7B-Instruct,qwen,R1D3,3,R1,S01+S04+S09,T127,table,0,Central,South
Qwen/Qwen2.5-7B-Instruct,qwen,R1D3,3,R1,S01+S04+S09,T128,table,1,2623,2623
Qwen/Qwen2.5-7B-Instruct,qwen,R1D3,3,R1,S01+S04+S09,T129,table,1,617,617
Qwen/Qwen2.5-7B-Instruct,qwen,R1D3,3,R1,S01+S04+S09,T130,table,1,West,West
Qwen/Qwen2.5-7B-Instruct,qwen,R1D3,3,R1,S01+S04+S09,T131,table,0,529,489
Qwen/Qwen2.5-7B-Instruct,qwen,R1D3,3,R1,S01+S04+S09,T132,table,0,2156,2056
Qwen/Qwen2.5-7B-Instruct,qwen,R1D3,3,R1,S01+S04+S09,T133,table,1,East,East
Qwen/Qwen2.5-7B-Instruct,qwen,R1D3,3,R1,S01+S04+S09,T134,table,0,504,804
Qwen/Qwen2.5-7B-Instruct,qwen,R1D3,3,R1,S01+S04+S09,T135,table,0,South,East
Qwen/Qwen2.5-7B-Instruct,qwen,R1D3,3,R1,S01+S04+S09,T136,table,0,637,717
Qwen/Qwen2.5-7B-Instruct,qwen,R1D3,3,R1,S01+S04+S09,T137,table,0,479,483
Qwen/Qwen2.5-7B-Instruct,qwen,R1D3,3,R1,S01+S04+S09,T138,table,0,1792,1790
Qwen/Qwen2.5-7B-Instruct,qwen,R1D3,3,R1,S01+S04+S09,T139,table,1,492,492
Qwen/Qwen2.5-7B-Instruct,qwen,R1D3,3,R1,S01+S04+S09,T140,table,0,760,459
Qwen/Qwen2.5-7B-Instruct,qwen,R1D3,3,R1,S01+S04+S09,T141,table,1,473,473
Qwen/Qwen2.5-7B-Instruct,qwen,R1D3,3,R1,S01+S04+S09,T142,table,1,Central,Central
Qwen/Qwen2.5-7B-Instruct,qwen,R1D3,3,R1,S01+S04+S09,T143,table,1,South,South: 265
Qwen/Qwen2.5-7B-Instruct,qwen,R1D3,3,R1,S01+S04+S09,T144,table,0,294,314
Qwen/Qwen2.5-7B-Instruct,qwen,R1D3,3,R1,S01+S04+S09,T145,table,1,160,160
Qwen/Qwen2.5-7B-Instruct,qwen,R1D3,3,R1,S01+S04+S09,T146,logic,0,Devon,2
Qwen/Qwen2.5-7B-Instruct,qwen,R1D3,3,R1,S01+S04+S09,T147,logic,0,Alex,Gray
Qwen/Qwen2.5-7B-Instruct,qwen,R1D3,3,R1,S01+S04+S09,T148,logic,1,Gray,Gray
Qwen/Qwen2.5-7B-Instruct,qwen,R1D3,3,R1,S01+S04+S09,T149,logic,1,Frankie,Frankie
Qwen/Qwen2.5-7B-Instruct,qwen,R1D3,3,R1,S01+S04+S09,T150,logic,1,Casey,Casey
Qwen/Qwen2.5-7B-Instruct,qwen,R1D3,3,R1,S01+S04+S09,T151,logic,0,Devon,2
Qwen/Qwen2.5-7B-Instruct,qwen,R1D3,3,R1,S01+S04+S09,T152,logic,1,Gray,Gray
Qwen/Qwen2.5-7B-Instruct,qwen,R1D3,3,R1,S01+S04+S09,T153,logic,0,Casey,3
Qwen/Qwen2.5-7B-Instruct,qwen,R1D3,3,R1,S01+S04+S09,T154,logic,1,Gray,Gray
Qwen/Qwen2.5-7B-Instruct,qwen,R1D3,3,R1,S01+S04+S09,T155,logic,0,Alex,Gray
Qwen/Qwen2.5-7B-Instruct,qwen,R1D3,3,R1,S01+S04+S09,T156,logic,1,Bailey,Bailey
Qwen/Qwen2.5-7B-Instruct,qwen,R1D3,3,R1,S01+S04+S09,T157,logic,1,Bailey,Bailey
Qwen/Qwen2.5-7B-Instruct,qwen,R1D3,3,R1,S01+S04+S09,T158,logic,0,Devon,Frankie
Qwen/Qwen2.5-7B-Instruct,qwen,R1D3,3,R1,S01+S04+S09,T159,logic,1,Alex,Alex
Qwen/Qwen2.5-7B-Instruct,qwen,R1D3,3,R1,S01+S04+S09,T160,logic,0,Bailey,2
Qwen/Qwen2.5-7B-Instruct,qwen,R1D3,3,R1,S01+S04+S09,T161,logic,0,Devon,Gray
Qwen/Qwen2.5-7B-Instruct,qwen,R1D3,3,R1,S01+S04+S09,T162,logic,1,Alex,Alex
Qwen/Qwen2.5-7B-Instruct,qwen,R1D3,3,R1,S01+S04+S09,T163,logic,0,Frankie,Alex
Qwen/Qwen2.5-7B-Instruct,qwen,R1D3,3,R1,S01+S04+S09,T164,logic,1,Bailey,Bailey
Qwen/Qwen2.5-7B-Instruct,qwen,R1D3,3,R1,S01+S04+S09,T165,logic,0,Bailey,Frankie
Qwen/Qwen2.5-7B-Instruct,qwen,R1D3,3,R1,S01+S04+S09,T166,logic,1,Gray,Gray
Qwen/Qwen2.5-7B-Instruct,qwen,R1D3,3,R1,S01+S04+S09,T167,logic,0,Alex,Gray
Qwen/Qwen2.5-7B-Instruct,qwen,R1D3,3,R1,S01+S04+S09,T168,logic,1,Casey,Casey
Qwen/Qwen2.5-7B-Instruct,qwen,R1D3,3,R1,S01+S04+S09,T169,logic,1,Bailey,Bailey
Qwen/Qwen2.5-7B-Instruct,qwen,R1D3,3,R1,S01+S04+S09,T170,logic,1,Bailey,Bailey
Qwen/Qwen2.5-7B-Instruct,qwen,R1D3,3,R1,S01+S04+S09,T171,rate,1,2,2
Qwen/Qwen2.5-7B-Instruct,qwen,R1D3,3,R1,S01+S04+S09,T172,rate,1,10,10
Qwen/Qwen2.5-7B-Instruct,qwen,R1D3,3,R1,S01+S04+S09,T173,rate,1,4,4
Qwen/Qwen2.5-7B-Instruct,qwen,R1D3,3,R1,S01+S04+S09,T174,rate,0,3.33333,3
Qwen/Qwen2.5-7B-Instruct,qwen,R1D3,3,R1,S01+S04+S09,T175,rate,1,180,180
Qwen/Qwen2.5-7B-Instruct,qwen,R1D3,3,R1,S01+S04+S09,T176,rate,1,1.2,1.2
Qwen/Qwen2.5-7B-Instruct,qwen,R1D3,3,R1,S01+S04+S09,T177,rate,1,30,30
Qwen/Qwen2.5-7B-Instruct,qwen,R1D3,3,R1,S01+S04+S09,T178,rate,1,90,90
Qwen/Qwen2.5-7B-Instruct,qwen,R1D3,3,R1,S01+S04+S09,T179,rate,1,3,3
Qwen/Qwen2.5-7B-Instruct,qwen,R1D3,3,R1,S01+S04+S09,T180,rate,1,4,4
Qwen/Qwen2.5-7B-Instruct,qwen,R1D3,3,R1,S01+S04+S09,T181,rate,1,3.2,3.2
Qwen/Qwen2.5-7B-Instruct,qwen,R1D3,3,R1,S01+S04+S09,T182,rate,1,40,40
Qwen/Qwen2.5-7B-Instruct,qwen,R1D3,3,R1,S01+S04+S09,T183,rate,0,3.33333,3
Qwen/Qwen2.5-7B-Instruct,qwen,R1D3,3,R1,S01+S04+S09,T184,rate,1,150,150
Qwen/Qwen2.5-7B-Instruct,qwen,R1D3,3,R1,S01+S04+S09,T185,rate,1,90,90
Qwen/Qwen2.5-7B-Instruct,qwen,R1D3,3,R1,S01+S04+S09,T186,rate,1,45,45
Qwen/Qwen2.5-7B-Instruct,qwen,R1D3,3,R1,S01+S04+S09,T187,rate,1,5,5
Qwen/Qwen2.5-7B-Instruct,qwen,R1D3,3,R1,S01+S04+S09,T188,rate,1,60,60
Qwen/Qwen2.5-7B-Instruct,qwen,R1D3,3,R1,S01+S04+S09,T189,rate,0,3.33333,3
Qwen/Qwen2.5-7B-Instruct,qwen,R1D3,3,R1,S01+S04+S09,T190,rate,1,270,270
Qwen/Qwen2.5-7B-Instruct,qwen,R1D3,3,R1,S01+S04+S09,T191,rate,0,5.33333,5.33
Qwen/Qwen2.5-7B-Instruct,qwen,R1D3,3,R1,S01+S04+S09,T192,rate,1,45,45
Qwen/Qwen2.5-7B-Instruct,qwen,R1D3,3,R1,S01+S04+S09,T193,rate,0,2.66667,2.67
Qwen/Qwen2.5-7B-Instruct,qwen,R1D3,3,R1,S01+S04+S09,T194,rate,0,5.33333,5.33
Qwen/Qwen2.5-7B-Instruct,qwen,R1D3,3,R1,S01+S04+S09,T195,rate,1,30,30
Qwen/Qwen2.5-7B-Instruct,qwen,R1D3,3,R1,S01+S04+S09,T196,rate,1,4.5,4.5
Qwen/Qwen2.5-7B-Instruct,qwen,R1D3,3,R1,S01+S04+S09,T197,rate,1,30,30
Qwen/Qwen2.5-7B-Instruct,qwen,R1D3,3,R1,S01+S04+S09,T198,rate,1,60,60
Qwen/Qwen2.5-7B-Instruct,qwen,R1D3,3,R1,S01+S04+S09,T199,rate,1,270,270
Qwen/Qwen2.5-7B-Instruct,qwen,R1D3,3,R1,S01+S04+S09,T200,rate,1,40,40
Qwen/Qwen2.5-7B-Instruct,qwen,R2D1,1,R2,S04,T001,percentage,0,3480,3360
Qwen/Qwen2.5-7B-Instruct,qwen,R2D1,1,R2,S04,T002,percentage,1,312.5,312.5
Qwen/Qwen2.5-7B-Instruct,qwen,R2D1,1,R2,S04,T003,percentage,1,288,288
Qwen/Qwen2.5-7B-Instruct,qwen,R2D1,1,R2,S04,T004,percentage,0,1044,1038
Qwen/Qwen2.5-7B-Instruct,qwen,R2D1,1,R2,S04,T005,percentage,1,500,500
Qwen/Qwen2.5-7B-Instruct,qwen,R2D1,1,R2,S04,T006,percentage,1,26.4,26.4
Qwen/Qwen2.5-7B-Instruct,qwen,R2D1,1,R2,S04,T007,percentage,0,697,683
Qwen/Qwen2.5-7B-Instruct,qwen,R2D1,1,R2,S04,T008,percentage,1,540,540
Qwen/Qwen2.5-7B-Instruct,qwen,R2D1,1,R2,S04,T009,percentage,0,127.5,130.5
Qwen/Qwen2.5-7B-Instruct,qwen,R2D1,1,R2,S04,T010,percentage,1,150,150
Qwen/Qwen2.5-7B-Instruct,qwen,R2D1,1,R2,S04,T011,percentage,1,1408,1408
Qwen/Qwen2.5-7B-Instruct,qwen,R2D1,1,R2,S04,T012,percentage,1,119,119
Qwen/Qwen2.5-7B-Instruct,qwen,R2D1,1,R2,S04,T013,percentage,1,528,528
Qwen/Qwen2.5-7B-Instruct,qwen,R2D1,1,R2,S04,T014,percentage,1,30,30
Qwen/Qwen2.5-7B-Instruct,qwen,R2D1,1,R2,S04,T015,percentage,0,552.5,555
Qwen/Qwen2.5-7B-Instruct,qwen,R2D1,1,R2,S04,T016,percentage,1,672,672
Qwen/Qwen2.5-7B-Instruct,qwen,R2D1,1,R2,S04,T017,percentage,1,2560,2560
Qwen/Qwen2.5-7B-Instruct,qwen,R2D1,1,R2,S04,T018,percentage,1,422.4,422.4
Qwen/Qwen2.5-7B-Instruct,qwen,R2D1,1,R2,S04,T019,percentage,1,192,192
Qwen/Qwen2.5-7B-Instruct,qwen,R2D1,1,R2,S04,T020,percentage,1,30,30
Qwen/Qwen2.5-7B-Instruct,qwen,R2D1,1,R2,S04,T021,percentage,1,108,108
Qwen/Qwen2.5-7B-Instruct,qwen,R2D1,1,R2,S04,T022,percentage,0,196.8,192
Qwen/Qwen2.5-7B-Instruct,qwen,R2D1,1,R2,S04,T023,percentage,1,225,225
Qwen/Qwen2.5-7B-Instruct,qwen,R2D1,1,R2,S04,T024,percentage,1,90,90
Qwen/Qwen2.5-7B-Instruct,qwen,R2D1,1,R2,S04,T025,percentage,1,500,500
Qwen/Qwen2.5-7B-Instruct,qwen,R2D1,1,R2,S04,T026,percentage,1,352,352
Qwen/Qwen2.5-7B-Instruct,qwen,R2D1,1,R2,S04,T027,percentage,1,960,960
Qwen/Qwen2.5-7B-Instruct,qwen,R2D1,1,R2,S04,T028,percentage,1,324,324
Qwen/Qwen2.5-7B-Instruct,qwen,R2D1,1,R2,S04,T029,percentage,1,420,420
Qwen/Qwen2.5-7B-Instruct,qwen,R2D1,1,R2,S04,T030,percentage,0,849.6,856
Qwen/Qwen2.5-7B-Instruct,qwen,R2D1,1,R2,S04,T031,percentage,0,476,472
Qwen/Qwen2.5-7B-Instruct,qwen,R2D1,1,R2,S04,T032,percentage,1,1100,1100
Qwen/Qwen2.5-7B-Instruct,qwen,R2D1,1,R2,S04,T033,percentage,1,1560,1560
Qwen/Qwen2.5-7B-Instruct,qwen,R2D1,1,R2,S04,T034,percentage,1,196,196
Qwen/Qwen2.5-7B-Instruct,qwen,R2D1,1,R2,S04,T035,percentage,1,156,156
Qwen/Qwen2.5-7B-Instruct,qwen,R2D1,1,R2,S04,T036,word_problem,0,4374,486
Qwen/Qwen2.5-7B-Instruct,qwen,R2D1,1,R2,S04,T037,word_problem,0,3500,875
Qwen/Qwen2.5-7B-Instruct,qwen,R2D1,1,R2,S04,T038,word_problem,0,3360,840
Qwen/Qwen2.5-7B-Instruct,qwen,R2D1,1,R2,S04,T039,word_problem,0,4200,7700
Qwen/Qwen2.5-7B-Instruct,qwen,R2D1,1,R2,S04,T040,word_problem,0,1728,576
Qwen/Qwen2.5-7B-Instruct,qwen,R2D1,1,R2,S04,T041,word_problem,0,3600,1800
Qwen/Qwen2.5-7B-Instruct,qwen,R2D1,1,R2,S04,T042,word_problem,0,12600,4200
Qwen/Qwen2.5-7B-Instruct,qwen,R2D1,1,R2,S04,T043,word_problem,0,3630,3850
Qwen/Qwen2.5-7B-Instruct,qwen,R2D1,1,R2,S04,T044,word_problem,0,8064,3360
Qwen/Qwen2.5-7B-Instruct,qwen,R2D1,1,R2,S04,T045,word_problem,0,12600,9180
Qwen/Qwen2.5-7B-Instruct,qwen,R2D1,1,R2,S04,T046,word_problem,0,7840,1960
Qwen/Qwen2.5-7B-Instruct,qwen,R2D1,1,R2,S04,T047,word_problem,0,6720,1680
Qwen/Qwen2.5-7B-Instruct,qwen,R2D1,1,R2,S04,T048,word_problem,1,6000,6000
Qwen/Qwen2.5-7B-Instruct,qwen,R2D1,1,R2,S04,T049,word_problem,0,6480,7200
Qwen/Qwen2.5-7B-Instruct,qwen,R2D1,1,R2,S04,T050,word_problem,0,4375,1750
Qwen/Qwen2.5-7B-Instruct,qwen,R2D1,1,R2,S04,T051,word_problem,0,2700,450
Qwen/Qwen2.5-7B-Instruct,qwen,R2D1,1,R2,S04,T052,word_problem,0,1680,840
Qwen/Qwen2.5-7B-Instruct,qwen,R2D1,1,R2,S04,T053,word_problem,0,6930,4620
Qwen/Qwen2.5-7B-Instruct,qwen,R2D1,1,R2,S04,T054,word_problem,0,4752,4356
Qwen/Qwen2.5-7B-Instruct,qwen,R2D1,1,R2,S04,T055,word_problem,0,6480,5400
Qwen/Qwen2.5-7B-Instruct,qwen,R2D1,1,R2,S04,T056,word_problem,0,2916,3240
Qwen/Qwen2.5-7B-Instruct,qwen,R2D1,1,R2,S04,T057,word_problem,0,3456,2880
Qwen/Qwen2.5-7B-Instruct,qwen,R2D1,1,R2,S04,T058,word_problem,0,4800,1200
Qwen/Qwen2.5-7B-Instruct,qwen,R2D1,1,R2,S04,T059,word_problem,1,4200,4200
Qwen/Qwen2.5-7B-Instruct,qwen,R2D1,1,R2,S04,T060,word_problem,0,5250,4250
Qwen/Qwen2.5-7B-Instruct,qwen,R2D1,1,R2,S04,T061,word_problem,0,4410,1190
Qwen/Qwen2.5-7B-Instruct,qwen,R2D1,1,R2,S04,T062,word_problem,0,4752,4356
Qwen/Qwen2.5-7B-Instruct,qwen,R2D1,1,R2,S04,T063,word_problem,1,6000,6000
Qwen/Qwen2.5-7B-Instruct,qwen,R2D1,1,R2,S04,T064,word_problem,0,5000,2000
Qwen/Qwen2.5-7B-Instruct,qwen,R2D1,1,R2,S04,T065,word_problem,0,10080,840
Qwen/Qwen2.5-7B-Instruct,qwen,R2D1,1,R2,S04,T066,conversion,1,2160,2160
Qwen/Qwen2.5-7B-Instruct,qwen,R2D1,1,R2,S04,T067,conversion,0,1152,3552
Qwen/Qwen2.5-7B-Instruct,qwen,R2D1,1,R2,S04,T068,conversion,1,630,630
Qwen/Qwen2.5-7B-Instruct,qwen,R2D1,1,R2,S04,T069,conversion,1,48000,48000
Qwen/Qwen2.5-7B-Instruct,qwen,R2D1,1,R2,S04,T070,conversion,1,900,900
Qwen/Qwen2.5-7B-Instruct,qwen,R2D1,1,R2,S04,T071,conversion,1,720,720
Qwen/Qwen2.5-7B-Instruct,qwen,R2D1,1,R2,S04,T072,conversion,1,125000,125000
Qwen/Qwen2.5-7B-Instruct,qwen,R2D1,1,R2,S04,T073,conversion,1,1440,1440
Qwen/Qwen2.5-7B-Instruct,qwen,R2D1,1,R2,S04,T074,conversion,0,864,288
Qwen/Qwen2.5-7B-Instruct,qwen,R2D1,1,R2,S04,T075,conversion,1,12000,12000
Qwen/Qwen2.5-7B-Instruct,qwen,R2D1,1,R2,S04,T076,conversion,1,24000,24000
Qwen/Qwen2.5-7B-Instruct,qwen,R2D1,1,R2,S04,T077,conversion,1,125000,125000
Qwen/Qwen2.5-7B-Instruct,qwen,R2D1,1,R2,S04,T078,conversion,1,3000,3000
Qwen/Qwen2.5-7B-Instruct,qwen,R2D1,1,R2,S04,T079,conversion,1,720,720
Qwen/Qwen2.5-7B-Instruct,qwen,R2D1,1,R2,S04,T080,conversion,1,3000,3000
Qwen/Qwen2.5-7B-Instruct,qwen,R2D1,1,R2,S04,T081,conversion,0,60000,6000
Qwen/Qwen2.5-7B-Instruct,qwen,R2D1,1,R2,S04,T082,conversion,1,36000,36000
Qwen/Qwen2.5-7B-Instruct,qwen,R2D1,1,R2,S04,T083,conversion,1,15000,15000
Qwen/Qwen2.5-7B-Instruct,qwen,R2D1,1,R2,S04,T084,conversion,1,12000,12000
Qwen/Qwen2.5-7B-Instruct,qwen,R2D1,1,R2,S04,T085,conversion,1,105,105
Qwen/Qwen2.5-7B-Instruct,qwen,R2D1,1,R2,S04,T086,conversion,1,360,360
Qwen/Qwen2.5-7B-Instruct,qwen,R2D1,1,R2,S04,T087,conversion,1,7000,7000
Qwen/Qwen2.5-7B-Instruct,qwen,R2D1,1,R2,S04,T088,conversion,0,72,24
Qwen/Qwen2.5-7B-Instruct,qwen,R2D1,1,R2,S04,T089,conversion,0,48000,4800
Qwen/Qwen2.5-7B-Instruct,qwen,R2D1,1,R2,S04,T090,conversion,1,720,720
Qwen/Qwen2.5-7B-Instruct,qwen,R2D1,1,R2,S04,T091,date,1,25 April 2026,25 April 2026
Qwen/Qwen2.5-7B-Instruct,qwen,R2D1,1,R2,S04,T092,date,0,10 June 2026,30 May 2026
Qwen/Qwen2.5-7B-Instruct,qwen,R2D1,1,R2,S04,T093,date,1,27 April 2026,27 April 2026
Qwen/Qwen2.5-7B-Instruct,qwen,R2D1,1,R2,S04,T094,date,0,26 November 2026,25 November 2026
Qwen/Qwen2.5-7B-Instruct,qwen,R2D1,1,R2,S04,T095,date,0,08 October 2026,30 September 2026
Qwen/Qwen2.5-7B-Instruct,qwen,R2D1,1,R2,S04,T096,date,0,11 November 2026,10 November 2026
Qwen/Qwen2.5-7B-Instruct,qwen,R2D1,1,R2,S04,T097,date,0,16 March 2026,15 April 2026
Qwen/Qwen2.5-7B-Instruct,qwen,R2D1,1,R2,S04,T098,date,0,01 June 2026,30 May 2026
Qwen/Qwen2.5-7B-Instruct,qwen,R2D1,1,R2,S04,T099,date,0,16 October 2026,30 October 2026
Qwen/Qwen2.5-7B-Instruct,qwen,R2D1,1,R2,S04,T100,date,0,12 June 2026,13 June 2026
Qwen/Qwen2.5-7B-Instruct,qwen,R2D1,1,R2,S04,T101,date,1,24 June 2026,24 June 2026
Qwen/Qwen2.5-7B-Instruct,qwen,R2D1,1,R2,S04,T102,date,1,25 July 2026,25 July 2026
Qwen/Qwen2.5-7B-Instruct,qwen,R2D1,1,R2,S04,T103,date,1,14 November 2026,14 November 2026
Qwen/Qwen2.5-7B-Instruct,qwen,R2D1,1,R2,S04,T104,date,0,06 February 2027,18 February 2027
Qwen/Qwen2.5-7B-Instruct,qwen,R2D1,1,R2,S04,T105,date,0,08 May 2026,30 April 2026
Qwen/Qwen2.5-7B-Instruct,qwen,R2D1,1,R2,S04,T106,date,1,30 October 2026,30 October 2026
Qwen/Qwen2.5-7B-Instruct,qwen,R2D1,1,R2,S04,T107,date,0,05 June 2026,30 May 2026
Qwen/Qwen2.5-7B-Instruct,qwen,R2D1,1,R2,S04,T108,date,0,08 October 2026,17 October 2026
Qwen/Qwen2.5-7B-Instruct,qwen,R2D1,1,R2,S04,T109,date,0,10 August 2026,14 September 2026
Qwen/Qwen2.5-7B-Instruct,qwen,R2D1,1,R2,S04,T110,date,0,17 December 2026,18 December 2026
Qwen/Qwen2.5-7B-Instruct,qwen,R2D1,1,R2,S04,T111,date,0,13 January 2027,14 May 2027
Qwen/Qwen2.5-7B-Instruct,qwen,R2D1,1,R2,S04,T112,date,0,07 October 2026,30 September 2026
Qwen/Qwen2.5-7B-Instruct,qwen,R2D1,1,R2,S04,T113,date,0,26 August 2026,30 August 2026
Qwen/Qwen2.5-7B-Instruct,qwen,R2D1,1,R2,S04,T114,date,0,26 January 2026,25 January 2026
Qwen/Qwen2.5-7B-Instruct,qwen,R2D1,1,R2,S04,T115,date,0,18 September 2026,17 September 2026
Qwen/Qwen2.5-7B-Instruct,qwen,R2D1,1,R2,S04,T116,table,1,North,North
Qwen/Qwen2.5-7B-Instruct,qwen,R2D1,1,R2,S04,T117,table,0,1669,1679
Qwen/Qwen2.5-7B-Instruct,qwen,R2D1,1,R2,S04,T118,table,1,West,West
Qwen/Qwen2.5-7B-Instruct,qwen,R2D1,1,R2,S04,T119,table,1,North,North
Qwen/Qwen2.5-7B-Instruct,qwen,R2D1,1,R2,S04,T120,table,1,West,West
Qwen/Qwen2.5-7B-Instruct,qwen,R2D1,1,R2,S04,T121,table,0,503,502
Qwen/Qwen2.5-7B-Instruct,qwen,R2D1,1,R2,S04,T122,table,1,Central,Central
Qwen/Qwen2.5-7B-Instruct,qwen,R2D1,1,R2,S04,T123,table,0,South,340
Qwen/Qwen2.5-7B-Instruct,qwen,R2D1,1,R2,S04,T124,table,1,1914,1914
Qwen/Qwen2.5-7B-Instruct,qwen,R2D1,1,R2,S04,T125,table,0,499,316
Qwen/Qwen2.5-7B-Instruct,qwen,R2D1,1,R2,S04,T126,table,1,1865,1865
Qwen/Qwen2.5-7B-Instruct,qwen,R2D1,1,R2,S04,T127,table,1,Central,Central
Qwen/Qwen2.5-7B-Instruct,qwen,R2D1,1,R2,S04,T128,table,1,2623,2623
Qwen/Qwen2.5-7B-Instruct,qwen,R2D1,1,R2,S04,T129,table,1,617,617
Qwen/Qwen2.5-7B-Instruct,qwen,R2D1,1,R2,S04,T130,table,1,West,West
Qwen/Qwen2.5-7B-Instruct,qwen,R2D1,1,R2,S04,T131,table,0,529,229
Qwen/Qwen2.5-7B-Instruct,qwen,R2D1,1,R2,S04,T132,table,0,2156,2056
Qwen/Qwen2.5-7B-Instruct,qwen,R2D1,1,R2,S04,T133,table,1,East,East
Qwen/Qwen2.5-7B-Instruct,qwen,R2D1,1,R2,S04,T134,table,0,504,404
Qwen/Qwen2.5-7B-Instruct,qwen,R2D1,1,R2,S04,T135,table,0,South,East
Qwen/Qwen2.5-7B-Instruct,qwen,R2D1,1,R2,S04,T136,table,0,637,717
Qwen/Qwen2.5-7B-Instruct,qwen,R2D1,1,R2,S04,T137,table,0,479,483
Qwen/Qwen2.5-7B-Instruct,qwen,R2D1,1,R2,S04,T138,table,1,1792,1792
Qwen/Qwen2.5-7B-Instruct,qwen,R2D1,1,R2,S04,T139,table,1,492,492
Qwen/Qwen2.5-7B-Instruct,qwen,R2D1,1,R2,S04,T140,table,0,760,459
Qwen/Qwen2.5-7B-Instruct,qwen,R2D1,1,R2,S04,T141,table,1,473,473
Qwen/Qwen2.5-7B-Instruct,qwen,R2D1,1,R2,S04,T142,table,1,Central,Central
Qwen/Qwen2.5-7B-Instruct,qwen,R2D1,1,R2,S04,T143,table,1,South,South: 265
Qwen/Qwen2.5-7B-Instruct,qwen,R2D1,1,R2,S04,T144,table,0,294,314
Qwen/Qwen2.5-7B-Instruct,qwen,R2D1,1,R2,S04,T145,table,1,160,160
Qwen/Qwen2.5-7B-Instruct,qwen,R2D1,1,R2,S04,T146,logic,0,Devon,2
Qwen/Qwen2.5-7B-Instruct,qwen,R2D1,1,R2,S04,T147,logic,0,Alex,Gray
Qwen/Qwen2.5-7B-Instruct,qwen,R2D1,1,R2,S04,T148,logic,1,Gray,Gray
Qwen/Qwen2.5-7B-Instruct,qwen,R2D1,1,R2,S04,T149,logic,1,Frankie,Frankie
Qwen/Qwen2.5-7B-Instruct,qwen,R2D1,1,R2,S04,T150,logic,1,Casey,Casey
Qwen/Qwen2.5-7B-Instruct,qwen,R2D1,1,R2,S04,T151,logic,0,Devon,2
Qwen/Qwen2.5-7B-Instruct,qwen,R2D1,1,R2,S04,T152,logic,0,Gray,Ellis
Qwen/Qwen2.5-7B-Instruct,qwen,R2D1,1,R2,S04,T153,logic,0,Casey,3
Qwen/Qwen2.5-7B-Instruct,qwen,R2D1,1,R2,S04,T154,logic,1,Gray,Gray
Qwen/Qwen2.5-7B-Instruct,qwen,R2D1,1,R2,S04,T155,logic,1,Alex,Alex
Qwen/Qwen2.5-7B-Instruct,qwen,R2D1,1,R2,S04,T156,logic,1,Bailey,Bailey
Qwen/Qwen2.5-7B-Instruct,qwen,R2D1,1,R2,S04,T157,logic,1,Bailey,Bailey
Qwen/Qwen2.5-7B-Instruct,qwen,R2D1,1,R2,S04,T158,logic,0,Devon,Frankie
Qwen/Qwen2.5-7B-Instruct,qwen,R2D1,1,R2,S04,T159,logic,1,Alex,Alex
Qwen/Qwen2.5-7B-Instruct,qwen,R2D1,1,R2,S04,T160,logic,0,Bailey,2
Qwen/Qwen2.5-7B-Instruct,qwen,R2D1,1,R2,S04,T161,logic,0,Devon,3
Qwen/Qwen2.5-7B-Instruct,qwen,R2D1,1,R2,S04,T162,logic,1,Alex,Alex
Qwen/Qwen2.5-7B-Instruct,qwen,R2D1,1,R2,S04,T163,logic,0,Frankie,3
Qwen/Qwen2.5-7B-Instruct,qwen,R2D1,1,R2,S04,T164,logic,1,Bailey,Bailey
Qwen/Qwen2.5-7B-Instruct,qwen,R2D1,1,R2,S04,T165,logic,0,Bailey,Frankie
Qwen/Qwen2.5-7B-Instruct,qwen,R2D1,1,R2,S04,T166,logic,1,Gray,Gray
Qwen/Qwen2.5-7B-Instruct,qwen,R2D1,1,R2,S04,T167,logic,1,Alex,Alex
Qwen/Qwen2.5-7B-Instruct,qwen,R2D1,1,R2,S04,T168,logic,1,Casey,Casey
Qwen/Qwen2.5-7B-Instruct,qwen,R2D1,1,R2,S04,T169,logic,1,Bailey,Bailey
Qwen/Qwen2.5-7B-Instruct,qwen,R2D1,1,R2,S04,T170,logic,1,Bailey,Bailey
Qwen/Qwen2.5-7B-Instruct,qwen,R2D1,1,R2,S04,T171,rate,1,2,2
Qwen/Qwen2.5-7B-Instruct,qwen,R2D1,1,R2,S04,T172,rate,1,10,10
Qwen/Qwen2.5-7B-Instruct,qwen,R2D1,1,R2,S04,T173,rate,1,4,4
Qwen/Qwen2.5-7B-Instruct,qwen,R2D1,1,R2,S04,T174,rate,0,3.33333,3.33
Qwen/Qwen2.5-7B-Instruct,qwen,R2D1,1,R2,S04,T175,rate,1,180,180
Qwen/Qwen2.5-7B-Instruct,qwen,R2D1,1,R2,S04,T176,rate,1,1.2,1.2
Qwen/Qwen2.5-7B-Instruct,qwen,R2D1,1,R2,S04,T177,rate,1,30,30
Qwen/Qwen2.5-7B-Instruct,qwen,R2D1,1,R2,S04,T178,rate,1,90,90
Qwen/Qwen2.5-7B-Instruct,qwen,R2D1,1,R2,S04,T179,rate,1,3,3
Qwen/Qwen2.5-7B-Instruct,qwen,R2D1,1,R2,S04,T180,rate,1,4,4
Qwen/Qwen2.5-7B-Instruct,qwen,R2D1,1,R2,S04,T181,rate,1,3.2,3.2
Qwen/Qwen2.5-7B-Instruct,qwen,R2D1,1,R2,S04,T182,rate,1,40,40
Qwen/Qwen2.5-7B-Instruct,qwen,R2D1,1,R2,S04,T183,rate,0,3.33333,3.33
Qwen/Qwen2.5-7B-Instruct,qwen,R2D1,1,R2,S04,T184,rate,1,150,150
Qwen/Qwen2.5-7B-Instruct,qwen,R2D1,1,R2,S04,T185,rate,1,90,90
Qwen/Qwen2.5-7B-Instruct,qwen,R2D1,1,R2,S04,T186,rate,1,45,45
Qwen/Qwen2.5-7B-Instruct,qwen,R2D1,1,R2,S04,T187,rate,1,5,5
Qwen/Qwen2.5-7B-Instruct,qwen,R2D1,1,R2,S04,T188,rate,1,60,60
Qwen/Qwen2.5-7B-Instruct,qwen,R2D1,1,R2,S04,T189,rate,0,3.33333,3.33
Qwen/Qwen2.5-7B-Instruct,qwen,R2D1,1,R2,S04,T190,rate,1,270,270
Qwen/Qwen2.5-7B-Instruct,qwen,R2D1,1,R2,S04,T191,rate,0,5.33333,5.33
Qwen/Qwen2.5-7B-Instruct,qwen,R2D1,1,R2,S04,T192,rate,1,45,45
Qwen/Qwen2.5-7B-Instruct,qwen,R2D1,1,R2,S04,T193,rate,0,2.66667,2.67
Qwen/Qwen2.5-7B-Instruct,qwen,R2D1,1,R2,S04,T194,rate,0,5.33333,5.33
Qwen/Qwen2.5-7B-Instruct,qwen,R2D1,1,R2,S04,T195,rate,1,30,30
Qwen/Qwen2.5-7B-Instruct,qwen,R2D1,1,R2,S04,T196,rate,1,4.5,4.5
Qwen/Qwen2.5-7B-Instruct,qwen,R2D1,1,R2,S04,T197,rate,1,30,30
Qwen/Qwen2.5-7B-Instruct,qwen,R2D1,1,R2,S04,T198,rate,1,60,60
Qwen/Qwen2.5-7B-Instruct,qwen,R2D1,1,R2,S04,T199,rate,1,270,270
Qwen/Qwen2.5-7B-Instruct,qwen,R2D1,1,R2,S04,T200,rate,1,40,40
Qwen/Qwen2.5-7B-Instruct,qwen,R2D2,2,R2,S04+S09,T001,percentage,0,3480,3360
Qwen/Qwen2.5-7B-Instruct,qwen,R2D2,2,R2,S04+S09,T002,percentage,1,312.5,312.5
Qwen/Qwen2.5-7B-Instruct,qwen,R2D2,2,R2,S04+S09,T003,percentage,1,288,288
Qwen/Qwen2.5-7B-Instruct,qwen,R2D2,2,R2,S04+S09,T004,percentage,0,1044,1038
Qwen/Qwen2.5-7B-Instruct,qwen,R2D2,2,R2,S04+S09,T005,percentage,1,500,500
Qwen/Qwen2.5-7B-Instruct,qwen,R2D2,2,R2,S04+S09,T006,percentage,1,26.4,26.4
Qwen/Qwen2.5-7B-Instruct,qwen,R2D2,2,R2,S04+S09,T007,percentage,0,697,682
Qwen/Qwen2.5-7B-Instruct,qwen,R2D2,2,R2,S04+S09,T008,percentage,1,540,540
Qwen/Qwen2.5-7B-Instruct,qwen,R2D2,2,R2,S04+S09,T009,percentage,0,127.5,130.5
Qwen/Qwen2.5-7B-Instruct,qwen,R2D2,2,R2,S04+S09,T010,percentage,1,150,150
Qwen/Qwen2.5-7B-Instruct,qwen,R2D2,2,R2,S04+S09,T011,percentage,1,1408,1408
Qwen/Qwen2.5-7B-Instruct,qwen,R2D2,2,R2,S04+S09,T012,percentage,1,119,119
Qwen/Qwen2.5-7B-Instruct,qwen,R2D2,2,R2,S04+S09,T013,percentage,1,528,528
Qwen/Qwen2.5-7B-Instruct,qwen,R2D2,2,R2,S04+S09,T014,percentage,1,30,30
Qwen/Qwen2.5-7B-Instruct,qwen,R2D2,2,R2,S04+S09,T015,percentage,0,552.5,555
Qwen/Qwen2.5-7B-Instruct,qwen,R2D2,2,R2,S04+S09,T016,percentage,1,672,672
Qwen/Qwen2.5-7B-Instruct,qwen,R2D2,2,R2,S04+S09,T017,percentage,1,2560,2560
Qwen/Qwen2.5-7B-Instruct,qwen,R2D2,2,R2,S04+S09,T018,percentage,1,422.4,422.4
Qwen/Qwen2.5-7B-Instruct,qwen,R2D2,2,R2,S04+S09,T019,percentage,1,192,192
Qwen/Qwen2.5-7B-Instruct,qwen,R2D2,2,R2,S04+S09,T020,percentage,1,30,30
Qwen/Qwen2.5-7B-Instruct,qwen,R2D2,2,R2,S04+S09,T021,percentage,1,108,108
Qwen/Qwen2.5-7B-Instruct,qwen,R2D2,2,R2,S04+S09,T022,percentage,0,196.8,200
Qwen/Qwen2.5-7B-Instruct,qwen,R2D2,2,R2,S04+S09,T023,percentage,1,225,225
Qwen/Qwen2.5-7B-Instruct,qwen,R2D2,2,R2,S04+S09,T024,percentage,1,90,90
Qwen/Qwen2.5-7B-Instruct,qwen,R2D2,2,R2,S04+S09,T025,percentage,1,500,500
Qwen/Qwen2.5-7B-Instruct,qwen,R2D2,2,R2,S04+S09,T026,percentage,1,352,352
Qwen/Qwen2.5-7B-Instruct,qwen,R2D2,2,R2,S04+S09,T027,percentage,1,960,960
Qwen/Qwen2.5-7B-Instruct,qwen,R2D2,2,R2,S04+S09,T028,percentage,1,324,324
Qwen/Qwen2.5-7B-Instruct,qwen,R2D2,2,R2,S04+S09,T029,percentage,1,420,420
Qwen/Qwen2.5-7B-Instruct,qwen,R2D2,2,R2,S04+S09,T030,percentage,0,849.6,850
Qwen/Qwen2.5-7B-Instruct,qwen,R2D2,2,R2,S04+S09,T031,percentage,0,476,472
Qwen/Qwen2.5-7B-Instruct,qwen,R2D2,2,R2,S04+S09,T032,percentage,0,1100,1105
Qwen/Qwen2.5-7B-Instruct,qwen,R2D2,2,R2,S04+S09,T033,percentage,1,1560,1560
Qwen/Qwen2.5-7B-Instruct,qwen,R2D2,2,R2,S04+S09,T034,percentage,1,196,196
Qwen/Qwen2.5-7B-Instruct,qwen,R2D2,2,R2,S04+S09,T035,percentage,1,156,156
Qwen/Qwen2.5-7B-Instruct,qwen,R2D2,2,R2,S04+S09,T036,word_problem,0,4374,486
Qwen/Qwen2.5-7B-Instruct,qwen,R2D2,2,R2,S04+S09,T037,word_problem,0,3500,875
Qwen/Qwen2.5-7B-Instruct,qwen,R2D2,2,R2,S04+S09,T038,word_problem,0,3360,840
Qwen/Qwen2.5-7B-Instruct,qwen,R2D2,2,R2,S04+S09,T039,word_problem,0,4200,1470
Qwen/Qwen2.5-7B-Instruct,qwen,R2D2,2,R2,S04+S09,T040,word_problem,0,1728,576
Qwen/Qwen2.5-7B-Instruct,qwen,R2D2,2,R2,S04+S09,T041,word_problem,0,3600,3000
Qwen/Qwen2.5-7B-Instruct,qwen,R2D2,2,R2,S04+S09,T042,word_problem,0,12600,4200
Qwen/Qwen2.5-7B-Instruct,qwen,R2D2,2,R2,S04+S09,T043,word_problem,0,3630,3850
Qwen/Qwen2.5-7B-Instruct,qwen,R2D2,2,R2,S04+S09,T044,word_problem,0,8064,3360
Qwen/Qwen2.5-7B-Instruct,qwen,R2D2,2,R2,S04+S09,T045,word_problem,0,12600,9180
Qwen/Qwen2.5-7B-Instruct,qwen,R2D2,2,R2,S04+S09,T046,word_problem,0,7840,11960
Qwen/Qwen2.5-7B-Instruct,qwen,R2D2,2,R2,S04+S09,T047,word_problem,0,6720,1680
Qwen/Qwen2.5-7B-Instruct,qwen,R2D2,2,R2,S04+S09,T048,word_problem,1,6000,6000
Qwen/Qwen2.5-7B-Instruct,qwen,R2D2,2,R2,S04+S09,T049,word_problem,0,6480,7200
Qwen/Qwen2.5-7B-Instruct,qwen,R2D2,2,R2,S04+S09,T050,word_problem,0,4375,1750
Qwen/Qwen2.5-7B-Instruct,qwen,R2D2,2,R2,S04+S09,T051,word_problem,0,2700,450
Qwen/Qwen2.5-7B-Instruct,qwen,R2D2,2,R2,S04+S09,T052,word_problem,0,1680,840
Qwen/Qwen2.5-7B-Instruct,qwen,R2D2,2,R2,S04+S09,T053,word_problem,0,6930,2310
Qwen/Qwen2.5-7B-Instruct,qwen,R2D2,2,R2,S04+S09,T054,word_problem,0,4752,4356
Qwen/Qwen2.5-7B-Instruct,qwen,R2D2,2,R2,S04+S09,T055,word_problem,0,6480,540
Qwen/Qwen2.5-7B-Instruct,qwen,R2D2,2,R2,S04+S09,T056,word_problem,0,2916,3240
Qwen/Qwen2.5-7B-Instruct,qwen,R2D2,2,R2,S04+S09,T057,word_problem,0,3456,2880
Qwen/Qwen2.5-7B-Instruct,qwen,R2D2,2,R2,S04+S09,T058,word_problem,0,4800,1200
Qwen/Qwen2.5-7B-Instruct,qwen,R2D2,2,R2,S04+S09,T059,word_problem,1,4200,4200
Qwen/Qwen2.5-7B-Instruct,qwen,R2D2,2,R2,S04+S09,T060,word_problem,0,5250,4250
Qwen/Qwen2.5-7B-Instruct,qwen,R2D2,2,R2,S04+S09,T061,word_problem,0,4410,1190
Qwen/Qwen2.5-7B-Instruct,qwen,R2D2,2,R2,S04+S09,T062,word_problem,0,4752,4356
Qwen/Qwen2.5-7B-Instruct,qwen,R2D2,2,R2,S04+S09,T063,word_problem,1,6000,6000
Qwen/Qwen2.5-7B-Instruct,qwen,R2D2,2,R2,S04+S09,T064,word_problem,0,5000,500
Qwen/Qwen2.5-7B-Instruct,qwen,R2D2,2,R2,S04+S09,T065,word_problem,0,10080,840
Qwen/Qwen2.5-7B-Instruct,qwen,R2D2,2,R2,S04+S09,T066,conversion,1,2160,2160
Qwen/Qwen2.5-7B-Instruct,qwen,R2D2,2,R2,S04+S09,T067,conversion,0,1152,336
Qwen/Qwen2.5-7B-Instruct,qwen,R2D2,2,R2,S04+S09,T068,conversion,1,630,630
Qwen/Qwen2.5-7B-Instruct,qwen,R2D2,2,R2,S04+S09,T069,conversion,1,48000,48000
Qwen/Qwen2.5-7B-Instruct,qwen,R2D2,2,R2,S04+S09,T070,conversion,1,900,900
Qwen/Qwen2.5-7B-Instruct,qwen,R2D2,2,R2,S04+S09,T071,conversion,1,720,720
Qwen/Qwen2.5-7B-Instruct,qwen,R2D2,2,R2,S04+S09,T072,conversion,1,125000,125000
Qwen/Qwen2.5-7B-Instruct,qwen,R2D2,2,R2,S04+S09,T073,conversion,1,1440,1440
Qwen/Qwen2.5-7B-Instruct,qwen,R2D2,2,R2,S04+S09,T074,conversion,0,864,288
Qwen/Qwen2.5-7B-Instruct,qwen,R2D2,2,R2,S04+S09,T075,conversion,1,12000,12000
Qwen/Qwen2.5-7B-Instruct,qwen,R2D2,2,R2,S04+S09,T076,conversion,1,24000,24000
Qwen/Qwen2.5-7B-Instruct,qwen,R2D2,2,R2,S04+S09,T077,conversion,1,125000,125000
Qwen/Qwen2.5-7B-Instruct,qwen,R2D2,2,R2,S04+S09,T078,conversion,1,3000,3000
Qwen/Qwen2.5-7B-Instruct,qwen,R2D2,2,R2,S04+S09,T079,conversion,1,720,720
Qwen/Qwen2.5-7B-Instruct,qwen,R2D2,2,R2,S04+S09,T080,conversion,1,3000,3000
Qwen/Qwen2.5-7B-Instruct,qwen,R2D2,2,R2,S04+S09,T081,conversion,0,60000,6000
Qwen/Qwen2.5-7B-Instruct,qwen,R2D2,2,R2,S04+S09,T082,conversion,1,36000,36000
Qwen/Qwen2.5-7B-Instruct,qwen,R2D2,2,R2,S04+S09,T083,conversion,1,15000,15000
Qwen/Qwen2.5-7B-Instruct,qwen,R2D2,2,R2,S04+S09,T084,conversion,1,12000,12000
Qwen/Qwen2.5-7B-Instruct,qwen,R2D2,2,R2,S04+S09,T085,conversion,1,105,105
Qwen/Qwen2.5-7B-Instruct,qwen,R2D2,2,R2,S04+S09,T086,conversion,1,360,360
Qwen/Qwen2.5-7B-Instruct,qwen,R2D2,2,R2,S04+S09,T087,conversion,1,7000,7000
Qwen/Qwen2.5-7B-Instruct,qwen,R2D2,2,R2,S04+S09,T088,conversion,1,72,72
Qwen/Qwen2.5-7B-Instruct,qwen,R2D2,2,R2,S04+S09,T089,conversion,1,48000,48000
Qwen/Qwen2.5-7B-Instruct,qwen,R2D2,2,R2,S04+S09,T090,conversion,1,720,720
Qwen/Qwen2.5-7B-Instruct,qwen,R2D2,2,R2,S04+S09,T091,date,1,25 April 2026,25 April 2026
Qwen/Qwen2.5-7B-Instruct,qwen,R2D2,2,R2,S04+S09,T092,date,0,10 June 2026,30 June 2026
Qwen/Qwen2.5-7B-Instruct,qwen,R2D2,2,R2,S04+S09,T093,date,0,27 April 2026,26 April 2026
Qwen/Qwen2.5-7B-Instruct,qwen,R2D2,2,R2,S04+S09,T094,date,0,26 November 2026,25 November 2026
Qwen/Qwen2.5-7B-Instruct,qwen,R2D2,2,R2,S04+S09,T095,date,0,08 October 2026,30 October 2026
Qwen/Qwen2.5-7B-Instruct,qwen,R2D2,2,R2,S04+S09,T096,date,0,11 November 2026,10 November 2026
Qwen/Qwen2.5-7B-Instruct,qwen,R2D2,2,R2,S04+S09,T097,date,0,16 March 2026,15 April 2026
Qwen/Qwen2.5-7B-Instruct,qwen,R2D2,2,R2,S04+S09,T098,date,0,01 June 2026,30 June 2026
Qwen/Qwen2.5-7B-Instruct,qwen,R2D2,2,R2,S04+S09,T099,date,0,16 October 2026,30 October 2026
Qwen/Qwen2.5-7B-Instruct,qwen,R2D2,2,R2,S04+S09,T100,date,0,12 June 2026,13 June 2026
Qwen/Qwen2.5-7B-Instruct,qwen,R2D2,2,R2,S04+S09,T101,date,1,24 June 2026,24 June 2026
Qwen/Qwen2.5-7B-Instruct,qwen,R2D2,2,R2,S04+S09,T102,date,1,25 July 2026,25 July 2026
Qwen/Qwen2.5-7B-Instruct,qwen,R2D2,2,R2,S04+S09,T103,date,1,14 November 2026,14 November 2026
Qwen/Qwen2.5-7B-Instruct,qwen,R2D2,2,R2,S04+S09,T104,date,0,06 February 2027,18 February 2027
Qwen/Qwen2.5-7B-Instruct,qwen,R2D2,2,R2,S04+S09,T105,date,0,08 May 2026,30 April 2026
Qwen/Qwen2.5-7B-Instruct,qwen,R2D2,2,R2,S04+S09,T106,date,1,30 October 2026,30 October 2026
Qwen/Qwen2.5-7B-Instruct,qwen,R2D2,2,R2,S04+S09,T107,date,0,05 June 2026,30 June 2026
Qwen/Qwen2.5-7B-Instruct,qwen,R2D2,2,R2,S04+S09,T108,date,0,08 October 2026,14 October 2026
Qwen/Qwen2.5-7B-Instruct,qwen,R2D2,2,R2,S04+S09,T109,date,0,10 August 2026,14 September 2026
Qwen/Qwen2.5-7B-Instruct,qwen,R2D2,2,R2,S04+S09,T110,date,0,17 December 2026,18 December 2026
Qwen/Qwen2.5-7B-Instruct,qwen,R2D2,2,R2,S04+S09,T111,date,1,13 January 2027,13 January 2027
Qwen/Qwen2.5-7B-Instruct,qwen,R2D2,2,R2,S04+S09,T112,date,0,07 October 2026,30 September 2026
Qwen/Qwen2.5-7B-Instruct,qwen,R2D2,2,R2,S04+S09,T113,date,0,26 August 2026,30 August 2026
Qwen/Qwen2.5-7B-Instruct,qwen,R2D2,2,R2,S04+S09,T114,date,0,26 January 2026,25 February 2026
Qwen/Qwen2.5-7B-Instruct,qwen,R2D2,2,R2,S04+S09,T115,date,0,18 September 2026,17 September 2026
Qwen/Qwen2.5-7B-Instruct,qwen,R2D2,2,R2,S04+S09,T116,table,1,North,North
Qwen/Qwen2.5-7B-Instruct,qwen,R2D2,2,R2,S04+S09,T117,table,0,1669,1679
Qwen/Qwen2.5-7B-Instruct,qwen,R2D2,2,R2,S04+S09,T118,table,1,West,West
Qwen/Qwen2.5-7B-Instruct,qwen,R2D2,2,R2,S04+S09,T119,table,1,North,North
Qwen/Qwen2.5-7B-Instruct,qwen,R2D2,2,R2,S04+S09,T120,table,1,West,West
Qwen/Qwen2.5-7B-Instruct,qwen,R2D2,2,R2,S04+S09,T121,table,0,503,502
Qwen/Qwen2.5-7B-Instruct,qwen,R2D2,2,R2,S04+S09,T122,table,1,Central,Central
Qwen/Qwen2.5-7B-Instruct,qwen,R2D2,2,R2,S04+S09,T123,table,1,South,South
Qwen/Qwen2.5-7B-Instruct,qwen,R2D2,2,R2,S04+S09,T124,table,1,1914,1914
Qwen/Qwen2.5-7B-Instruct,qwen,R2D2,2,R2,S04+S09,T125,table,0,499,316
Qwen/Qwen2.5-7B-Instruct,qwen,R2D2,2,R2,S04+S09,T126,table,1,1865,1865
Qwen/Qwen2.5-7B-Instruct,qwen,R2D2,2,R2,S04+S09,T127,table,1,Central,Central
Qwen/Qwen2.5-7B-Instruct,qwen,R2D2,2,R2,S04+S09,T128,table,1,2623,2623
Qwen/Qwen2.5-7B-Instruct,qwen,R2D2,2,R2,S04+S09,T129,table,1,617,617
Qwen/Qwen2.5-7B-Instruct,qwen,R2D2,2,R2,S04+S09,T130,table,1,West,West
Qwen/Qwen2.5-7B-Instruct,qwen,R2D2,2,R2,S04+S09,T131,table,0,529,429
Qwen/Qwen2.5-7B-Instruct,qwen,R2D2,2,R2,S04+S09,T132,table,0,2156,2056
Qwen/Qwen2.5-7B-Instruct,qwen,R2D2,2,R2,S04+S09,T133,table,1,East,East
Qwen/Qwen2.5-7B-Instruct,qwen,R2D2,2,R2,S04+S09,T134,table,0,504,184
Qwen/Qwen2.5-7B-Instruct,qwen,R2D2,2,R2,S04+S09,T135,table,0,South,East
Qwen/Qwen2.5-7B-Instruct,qwen,R2D2,2,R2,S04+S09,T136,table,0,637,717
Qwen/Qwen2.5-7B-Instruct,qwen,R2D2,2,R2,S04+S09,T137,table,0,479,483
Qwen/Qwen2.5-7B-Instruct,qwen,R2D2,2,R2,S04+S09,T138,table,0,1792,1790
Qwen/Qwen2.5-7B-Instruct,qwen,R2D2,2,R2,S04+S09,T139,table,1,492,492
Qwen/Qwen2.5-7B-Instruct,qwen,R2D2,2,R2,S04+S09,T140,table,0,760,459
Qwen/Qwen2.5-7B-Instruct,qwen,R2D2,2,R2,S04+S09,T141,table,1,473,473
Qwen/Qwen2.5-7B-Instruct,qwen,R2D2,2,R2,S04+S09,T142,table,1,Central,Central
Qwen/Qwen2.5-7B-Instruct,qwen,R2D2,2,R2,S04+S09,T143,table,1,South,South
Qwen/Qwen2.5-7B-Instruct,qwen,R2D2,2,R2,S04+S09,T144,table,0,294,314
Qwen/Qwen2.5-7B-Instruct,qwen,R2D2,2,R2,S04+S09,T145,table,1,160,160
Qwen/Qwen2.5-7B-Instruct,qwen,R2D2,2,R2,S04+S09,T146,logic,0,Devon,2
Qwen/Qwen2.5-7B-Instruct,qwen,R2D2,2,R2,S04+S09,T147,logic,0,Alex,Gray
Qwen/Qwen2.5-7B-Instruct,qwen,R2D2,2,R2,S04+S09,T148,logic,1,Gray,Gray
Qwen/Qwen2.5-7B-Instruct,qwen,R2D2,2,R2,S04+S09,T149,logic,1,Frankie,Frankie
Qwen/Qwen2.5-7B-Instruct,qwen,R2D2,2,R2,S04+S09,T150,logic,1,Casey,Casey
Qwen/Qwen2.5-7B-Instruct,qwen,R2D2,2,R2,S04+S09,T151,logic,0,Devon,2
Qwen/Qwen2.5-7B-Instruct,qwen,R2D2,2,R2,S04+S09,T152,logic,1,Gray,Gray
Qwen/Qwen2.5-7B-Instruct,qwen,R2D2,2,R2,S04+S09,T153,logic,0,Casey,3
Qwen/Qwen2.5-7B-Instruct,qwen,R2D2,2,R2,S04+S09,T154,logic,1,Gray,Gray
Qwen/Qwen2.5-7B-Instruct,qwen,R2D2,2,R2,S04+S09,T155,logic,0,Alex,Gray
Qwen/Qwen2.5-7B-Instruct,qwen,R2D2,2,R2,S04+S09,T156,logic,1,Bailey,Bailey
Qwen/Qwen2.5-7B-Instruct,qwen,R2D2,2,R2,S04+S09,T157,logic,1,Bailey,Bailey
Qwen/Qwen2.5-7B-Instruct,qwen,R2D2,2,R2,S04+S09,T158,logic,0,Devon,Frankie
Qwen/Qwen2.5-7B-Instruct,qwen,R2D2,2,R2,S04+S09,T159,logic,1,Alex,Alex
Qwen/Qwen2.5-7B-Instruct,qwen,R2D2,2,R2,S04+S09,T160,logic,0,Bailey,2
Qwen/Qwen2.5-7B-Instruct,qwen,R2D2,2,R2,S04+S09,T161,logic,0,Devon,Gray
Qwen/Qwen2.5-7B-Instruct,qwen,R2D2,2,R2,S04+S09,T162,logic,1,Alex,Alex
Qwen/Qwen2.5-7B-Instruct,qwen,R2D2,2,R2,S04+S09,T163,logic,0,Frankie,Alex
Qwen/Qwen2.5-7B-Instruct,qwen,R2D2,2,R2,S04+S09,T164,logic,1,Bailey,Bailey
Qwen/Qwen2.5-7B-Instruct,qwen,R2D2,2,R2,S04+S09,T165,logic,0,Bailey,Frankie
Qwen/Qwen2.5-7B-Instruct,qwen,R2D2,2,R2,S04+S09,T166,logic,1,Gray,Gray
Qwen/Qwen2.5-7B-Instruct,qwen,R2D2,2,R2,S04+S09,T167,logic,0,Alex,Gray
Qwen/Qwen2.5-7B-Instruct,qwen,R2D2,2,R2,S04+S09,T168,logic,1,Casey,Casey
Qwen/Qwen2.5-7B-Instruct,qwen,R2D2,2,R2,S04+S09,T169,logic,1,Bailey,Bailey
Qwen/Qwen2.5-7B-Instruct,qwen,R2D2,2,R2,S04+S09,T170,logic,1,Bailey,Bailey
Qwen/Qwen2.5-7B-Instruct,qwen,R2D2,2,R2,S04+S09,T171,rate,1,2,2
Qwen/Qwen2.5-7B-Instruct,qwen,R2D2,2,R2,S04+S09,T172,rate,1,10,10
Qwen/Qwen2.5-7B-Instruct,qwen,R2D2,2,R2,S04+S09,T173,rate,1,4,4
Qwen/Qwen2.5-7B-Instruct,qwen,R2D2,2,R2,S04+S09,T174,rate,0,3.33333,3.33
Qwen/Qwen2.5-7B-Instruct,qwen,R2D2,2,R2,S04+S09,T175,rate,1,180,180
Qwen/Qwen2.5-7B-Instruct,qwen,R2D2,2,R2,S04+S09,T176,rate,1,1.2,1.2
Qwen/Qwen2.5-7B-Instruct,qwen,R2D2,2,R2,S04+S09,T177,rate,1,30,30
Qwen/Qwen2.5-7B-Instruct,qwen,R2D2,2,R2,S04+S09,T178,rate,1,90,90
Qwen/Qwen2.5-7B-Instruct,qwen,R2D2,2,R2,S04+S09,T179,rate,1,3,3
Qwen/Qwen2.5-7B-Instruct,qwen,R2D2,2,R2,S04+S09,T180,rate,1,4,4
Qwen/Qwen2.5-7B-Instruct,qwen,R2D2,2,R2,S04+S09,T181,rate,1,3.2,3.2
Qwen/Qwen2.5-7B-Instruct,qwen,R2D2,2,R2,S04+S09,T182,rate,1,40,40
Qwen/Qwen2.5-7B-Instruct,qwen,R2D2,2,R2,S04+S09,T183,rate,0,3.33333,3.33
Qwen/Qwen2.5-7B-Instruct,qwen,R2D2,2,R2,S04+S09,T184,rate,1,150,150
Qwen/Qwen2.5-7B-Instruct,qwen,R2D2,2,R2,S04+S09,T185,rate,1,90,90
Qwen/Qwen2.5-7B-Instruct,qwen,R2D2,2,R2,S04+S09,T186,rate,1,45,45
Qwen/Qwen2.5-7B-Instruct,qwen,R2D2,2,R2,S04+S09,T187,rate,1,5,5
Qwen/Qwen2.5-7B-Instruct,qwen,R2D2,2,R2,S04+S09,T188,rate,1,60,60
Qwen/Qwen2.5-7B-Instruct,qwen,R2D2,2,R2,S04+S09,T189,rate,0,3.33333,3.33
Qwen/Qwen2.5-7B-Instruct,qwen,R2D2,2,R2,S04+S09,T190,rate,1,270,270
Qwen/Qwen2.5-7B-Instruct,qwen,R2D2,2,R2,S04+S09,T191,rate,0,5.33333,5.33
Qwen/Qwen2.5-7B-Instruct,qwen,R2D2,2,R2,S04+S09,T192,rate,1,45,45
Qwen/Qwen2.5-7B-Instruct,qwen,R2D2,2,R2,S04+S09,T193,rate,0,2.66667,2.67
Qwen/Qwen2.5-7B-Instruct,qwen,R2D2,2,R2,S04+S09,T194,rate,0,5.33333,5.33
Qwen/Qwen2.5-7B-Instruct,qwen,R2D2,2,R2,S04+S09,T195,rate,1,30,30
Qwen/Qwen2.5-7B-Instruct,qwen,R2D2,2,R2,S04+S09,T196,rate,1,4.5,4.5
Qwen/Qwen2.5-7B-Instruct,qwen,R2D2,2,R2,S04+S09,T197,rate,1,30,30
Qwen/Qwen2.5-7B-Instruct,qwen,R2D2,2,R2,S04+S09,T198,rate,1,60,60
Qwen/Qwen2.5-7B-Instruct,qwen,R2D2,2,R2,S04+S09,T199,rate,1,270,270
Qwen/Qwen2.5-7B-Instruct,qwen,R2D2,2,R2,S04+S09,T200,rate,1,40,40
Qwen/Qwen2.5-7B-Instruct,qwen,R2D3*,3,R2,S04+S09+S01,T001,percentage,0,3480,3360
Qwen/Qwen2.5-7B-Instruct,qwen,R2D3*,3,R2,S04+S09+S01,T002,percentage,1,312.5,312.5
Qwen/Qwen2.5-7B-Instruct,qwen,R2D3*,3,R2,S04+S09+S01,T003,percentage,1,288,288
Qwen/Qwen2.5-7B-Instruct,qwen,R2D3*,3,R2,S04+S09+S01,T004,percentage,0,1044,1038
Qwen/Qwen2.5-7B-Instruct,qwen,R2D3*,3,R2,S04+S09+S01,T005,percentage,1,500,500
Qwen/Qwen2.5-7B-Instruct,qwen,R2D3*,3,R2,S04+S09+S01,T006,percentage,1,26.4,26.4
Qwen/Qwen2.5-7B-Instruct,qwen,R2D3*,3,R2,S04+S09+S01,T007,percentage,0,697,687
Qwen/Qwen2.5-7B-Instruct,qwen,R2D3*,3,R2,S04+S09+S01,T008,percentage,1,540,540
Qwen/Qwen2.5-7B-Instruct,qwen,R2D3*,3,R2,S04+S09+S01,T009,percentage,1,127.5,127.5
Qwen/Qwen2.5-7B-Instruct,qwen,R2D3*,3,R2,S04+S09+S01,T010,percentage,1,150,150
Qwen/Qwen2.5-7B-Instruct,qwen,R2D3*,3,R2,S04+S09+S01,T011,percentage,1,1408,1408
Qwen/Qwen2.5-7B-Instruct,qwen,R2D3*,3,R2,S04+S09+S01,T012,percentage,1,119,119
Qwen/Qwen2.5-7B-Instruct,qwen,R2D3*,3,R2,S04+S09+S01,T013,percentage,1,528,528
Qwen/Qwen2.5-7B-Instruct,qwen,R2D3*,3,R2,S04+S09+S01,T014,percentage,1,30,30
Qwen/Qwen2.5-7B-Instruct,qwen,R2D3*,3,R2,S04+S09+S01,T015,percentage,0,552.5,555
Qwen/Qwen2.5-7B-Instruct,qwen,R2D3*,3,R2,S04+S09+S01,T016,percentage,1,672,672
Qwen/Qwen2.5-7B-Instruct,qwen,R2D3*,3,R2,S04+S09+S01,T017,percentage,1,2560,2560
Qwen/Qwen2.5-7B-Instruct,qwen,R2D3*,3,R2,S04+S09+S01,T018,percentage,1,422.4,422.4
Qwen/Qwen2.5-7B-Instruct,qwen,R2D3*,3,R2,S04+S09+S01,T019,percentage,1,192,192
Qwen/Qwen2.5-7B-Instruct,qwen,R2D3*,3,R2,S04+S09+S01,T020,percentage,1,30,30
Qwen/Qwen2.5-7B-Instruct,qwen,R2D3*,3,R2,S04+S09+S01,T021,percentage,1,108,108
Qwen/Qwen2.5-7B-Instruct,qwen,R2D3*,3,R2,S04+S09+S01,T022,percentage,0,196.8,194.4
Qwen/Qwen2.5-7B-Instruct,qwen,R2D3*,3,R2,S04+S09+S01,T023,percentage,1,225,225
Qwen/Qwen2.5-7B-Instruct,qwen,R2D3*,3,R2,S04+S09+S01,T024,percentage,1,90,90
Qwen/Qwen2.5-7B-Instruct,qwen,R2D3*,3,R2,S04+S09+S01,T025,percentage,1,500,500
Qwen/Qwen2.5-7B-Instruct,qwen,R2D3*,3,R2,S04+S09+S01,T026,percentage,1,352,352
Qwen/Qwen2.5-7B-Instruct,qwen,R2D3*,3,R2,S04+S09+S01,T027,percentage,1,960,960
Qwen/Qwen2.5-7B-Instruct,qwen,R2D3*,3,R2,S04+S09+S01,T028,percentage,1,324,324
Qwen/Qwen2.5-7B-Instruct,qwen,R2D3*,3,R2,S04+S09+S01,T029,percentage,1,420,420
Qwen/Qwen2.5-7B-Instruct,qwen,R2D3*,3,R2,S04+S09+S01,T030,percentage,0,849.6,850
Qwen/Qwen2.5-7B-Instruct,qwen,R2D3*,3,R2,S04+S09+S01,T031,percentage,0,476,472
Qwen/Qwen2.5-7B-Instruct,qwen,R2D3*,3,R2,S04+S09+S01,T032,percentage,1,1100,1100
Qwen/Qwen2.5-7B-Instruct,qwen,R2D3*,3,R2,S04+S09+S01,T033,percentage,1,1560,1560
Qwen/Qwen2.5-7B-Instruct,qwen,R2D3*,3,R2,S04+S09+S01,T034,percentage,1,196,196
Qwen/Qwen2.5-7B-Instruct,qwen,R2D3*,3,R2,S04+S09+S01,T035,percentage,1,156,156
Qwen/Qwen2.5-7B-Instruct,qwen,R2D3*,3,R2,S04+S09+S01,T036,word_problem,0,4374,486
Qwen/Qwen2.5-7B-Instruct,qwen,R2D3*,3,R2,S04+S09+S01,T037,word_problem,0,3500,875
Qwen/Qwen2.5-7B-Instruct,qwen,R2D3*,3,R2,S04+S09+S01,T038,word_problem,0,3360,840
Qwen/Qwen2.5-7B-Instruct,qwen,R2D3*,3,R2,S04+S09+S01,T039,word_problem,0,4200,1470
Qwen/Qwen2.5-7B-Instruct,qwen,R2D3*,3,R2,S04+S09+S01,T040,word_problem,0,1728,576
Qwen/Qwen2.5-7B-Instruct,qwen,R2D3*,3,R2,S04+S09+S01,T041,word_problem,0,3600,900
Qwen/Qwen2.5-7B-Instruct,qwen,R2D3*,3,R2,S04+S09+S01,T042,word_problem,0,12600,4200
Qwen/Qwen2.5-7B-Instruct,qwen,R2D3*,3,R2,S04+S09+S01,T043,word_problem,0,3630,3850
Qwen/Qwen2.5-7B-Instruct,qwen,R2D3*,3,R2,S04+S09+S01,T044,word_problem,0,8064,3360
Qwen/Qwen2.5-7B-Instruct,qwen,R2D3*,3,R2,S04+S09+S01,T045,word_problem,0,12600,9450
Qwen/Qwen2.5-7B-Instruct,qwen,R2D3*,3,R2,S04+S09+S01,T046,word_problem,0,7840,1190
Qwen/Qwen2.5-7B-Instruct,qwen,R2D3*,3,R2,S04+S09+S01,T047,word_problem,0,6720,1680
Qwen/Qwen2.5-7B-Instruct,qwen,R2D3*,3,R2,S04+S09+S01,T048,word_problem,1,6000,6000
Qwen/Qwen2.5-7B-Instruct,qwen,R2D3*,3,R2,S04+S09+S01,T049,word_problem,0,6480,720
Qwen/Qwen2.5-7B-Instruct,qwen,R2D3*,3,R2,S04+S09+S01,T050,word_problem,0,4375,1750
Qwen/Qwen2.5-7B-Instruct,qwen,R2D3*,3,R2,S04+S09+S01,T051,word_problem,0,2700,450
Qwen/Qwen2.5-7B-Instruct,qwen,R2D3*,3,R2,S04+S09+S01,T052,word_problem,0,1680,840
Qwen/Qwen2.5-7B-Instruct,qwen,R2D3*,3,R2,S04+S09+S01,T053,word_problem,0,6930,2310
Qwen/Qwen2.5-7B-Instruct,qwen,R2D3*,3,R2,S04+S09+S01,T054,word_problem,0,4752,4356
Qwen/Qwen2.5-7B-Instruct,qwen,R2D3*,3,R2,S04+S09+S01,T055,word_problem,0,6480,540
Qwen/Qwen2.5-7B-Instruct,qwen,R2D3*,3,R2,S04+S09+S01,T056,word_problem,0,2916,3240
Qwen/Qwen2.5-7B-Instruct,qwen,R2D3*,3,R2,S04+S09+S01,T057,word_problem,0,3456,2880
Qwen/Qwen2.5-7B-Instruct,qwen,R2D3*,3,R2,S04+S09+S01,T058,word_problem,0,4800,1200
Qwen/Qwen2.5-7B-Instruct,qwen,R2D3*,3,R2,S04+S09+S01,T059,word_problem,1,4200,4200
Qwen/Qwen2.5-7B-Instruct,qwen,R2D3*,3,R2,S04+S09+S01,T060,word_problem,0,5250,1050
Qwen/Qwen2.5-7B-Instruct,qwen,R2D3*,3,R2,S04+S09+S01,T061,word_problem,0,4410,1190
Qwen/Qwen2.5-7B-Instruct,qwen,R2D3*,3,R2,S04+S09+S01,T062,word_problem,0,4752,4356
Qwen/Qwen2.5-7B-Instruct,qwen,R2D3*,3,R2,S04+S09+S01,T063,word_problem,1,6000,6000
Qwen/Qwen2.5-7B-Instruct,qwen,R2D3*,3,R2,S04+S09+S01,T064,word_problem,0,5000,500
Qwen/Qwen2.5-7B-Instruct,qwen,R2D3*,3,R2,S04+S09+S01,T065,word_problem,0,10080,840
Qwen/Qwen2.5-7B-Instruct,qwen,R2D3*,3,R2,S04+S09+S01,T066,conversion,1,2160,2160
Qwen/Qwen2.5-7B-Instruct,qwen,R2D3*,3,R2,S04+S09+S01,T067,conversion,0,1152,336
Qwen/Qwen2.5-7B-Instruct,qwen,R2D3*,3,R2,S04+S09+S01,T068,conversion,1,630,630
Qwen/Qwen2.5-7B-Instruct,qwen,R2D3*,3,R2,S04+S09+S01,T069,conversion,1,48000,48000
Qwen/Qwen2.5-7B-Instruct,qwen,R2D3*,3,R2,S04+S09+S01,T070,conversion,1,900,900
Qwen/Qwen2.5-7B-Instruct,qwen,R2D3*,3,R2,S04+S09+S01,T071,conversion,1,720,720
Qwen/Qwen2.5-7B-Instruct,qwen,R2D3*,3,R2,S04+S09+S01,T072,conversion,1,125000,125000
Qwen/Qwen2.5-7B-Instruct,qwen,R2D3*,3,R2,S04+S09+S01,T073,conversion,1,1440,1440
Qwen/Qwen2.5-7B-Instruct,qwen,R2D3*,3,R2,S04+S09+S01,T074,conversion,0,864,288
Qwen/Qwen2.5-7B-Instruct,qwen,R2D3*,3,R2,S04+S09+S01,T075,conversion,1,12000,12000
Qwen/Qwen2.5-7B-Instruct,qwen,R2D3*,3,R2,S04+S09+S01,T076,conversion,1,24000,24000
Qwen/Qwen2.5-7B-Instruct,qwen,R2D3*,3,R2,S04+S09+S01,T077,conversion,1,125000,125000
Qwen/Qwen2.5-7B-Instruct,qwen,R2D3*,3,R2,S04+S09+S01,T078,conversion,1,3000,3000
Qwen/Qwen2.5-7B-Instruct,qwen,R2D3*,3,R2,S04+S09+S01,T079,conversion,1,720,720
Qwen/Qwen2.5-7B-Instruct,qwen,R2D3*,3,R2,S04+S09+S01,T080,conversion,1,3000,3000
Qwen/Qwen2.5-7B-Instruct,qwen,R2D3*,3,R2,S04+S09+S01,T081,conversion,0,60000,6000
Qwen/Qwen2.5-7B-Instruct,qwen,R2D3*,3,R2,S04+S09+S01,T082,conversion,1,36000,36000
Qwen/Qwen2.5-7B-Instruct,qwen,R2D3*,3,R2,S04+S09+S01,T083,conversion,1,15000,15000
Qwen/Qwen2.5-7B-Instruct,qwen,R2D3*,3,R2,S04+S09+S01,T084,conversion,1,12000,12000
Qwen/Qwen2.5-7B-Instruct,qwen,R2D3*,3,R2,S04+S09+S01,T085,conversion,1,105,105
Qwen/Qwen2.5-7B-Instruct,qwen,R2D3*,3,R2,S04+S09+S01,T086,conversion,0,360,240
Qwen/Qwen2.5-7B-Instruct,qwen,R2D3*,3,R2,S04+S09+S01,T087,conversion,1,7000,7000
Qwen/Qwen2.5-7B-Instruct,qwen,R2D3*,3,R2,S04+S09+S01,T088,conversion,0,72,24
Qwen/Qwen2.5-7B-Instruct,qwen,R2D3*,3,R2,S04+S09+S01,T089,conversion,1,48000,48000
Qwen/Qwen2.5-7B-Instruct,qwen,R2D3*,3,R2,S04+S09+S01,T090,conversion,1,720,720
Qwen/Qwen2.5-7B-Instruct,qwen,R2D3*,3,R2,S04+S09+S01,T091,date,0,25 April 2026,24 April 2026
Qwen/Qwen2.5-7B-Instruct,qwen,R2D3*,3,R2,S04+S09+S01,T092,date,0,10 June 2026,30 June 2026
Qwen/Qwen2.5-7B-Instruct,qwen,R2D3*,3,R2,S04+S09+S01,T093,date,0,27 April 2026,26 April 2026
Qwen/Qwen2.5-7B-Instruct,qwen,R2D3*,3,R2,S04+S09+S01,T094,date,0,26 November 2026,25 November 2026
Qwen/Qwen2.5-7B-Instruct,qwen,R2D3*,3,R2,S04+S09+S01,T095,date,0,08 October 2026,30 October 2026
Qwen/Qwen2.5-7B-Instruct,qwen,R2D3*,3,R2,S04+S09+S01,T096,date,0,11 November 2026,10 November 2026
Qwen/Qwen2.5-7B-Instruct,qwen,R2D3*,3,R2,S04+S09+S01,T097,date,0,16 March 2026,23 March 2026
Qwen/Qwen2.5-7B-Instruct,qwen,R2D3*,3,R2,S04+S09+S01,T098,date,0,01 June 2026,30 June 2026
Qwen/Qwen2.5-7B-Instruct,qwen,R2D3*,3,R2,S04+S09+S01,T099,date,0,16 October 2026,30 October 2026
Qwen/Qwen2.5-7B-Instruct,qwen,R2D3*,3,R2,S04+S09+S01,T100,date,1,12 June 2026,12 June 2026
Qwen/Qwen2.5-7B-Instruct,qwen,R2D3*,3,R2,S04+S09+S01,T101,date,1,24 June 2026,24 June 2026
Qwen/Qwen2.5-7B-Instruct,qwen,R2D3*,3,R2,S04+S09+S01,T102,date,1,25 July 2026,25 July 2026
Qwen/Qwen2.5-7B-Instruct,qwen,R2D3*,3,R2,S04+S09+S01,T103,date,0,14 November 2026,15 November 2026
Qwen/Qwen2.5-7B-Instruct,qwen,R2D3*,3,R2,S04+S09+S01,T104,date,0,06 February 2027,17 February 2027
Qwen/Qwen2.5-7B-Instruct,qwen,R2D3*,3,R2,S04+S09+S01,T105,date,0,08 May 2026,30 May 2026
Qwen/Qwen2.5-7B-Instruct,qwen,R2D3*,3,R2,S04+S09+S01,T106,date,1,30 October 2026,30 October 2026
Qwen/Qwen2.5-7B-Instruct,qwen,R2D3*,3,R2,S04+S09+S01,T107,date,0,05 June 2026,30 June 2026
Qwen/Qwen2.5-7B-Instruct,qwen,R2D3*,3,R2,S04+S09+S01,T108,date,0,08 October 2026,10 October 2026
Qwen/Qwen2.5-7B-Instruct,qwen,R2D3*,3,R2,S04+S09+S01,T109,date,0,10 August 2026,14 September 2026
Qwen/Qwen2.5-7B-Instruct,qwen,R2D3*,3,R2,S04+S09+S01,T110,date,0,17 December 2026,18 December 2026
Qwen/Qwen2.5-7B-Instruct,qwen,R2D3*,3,R2,S04+S09+S01,T111,date,1,13 January 2027,13 January 2027
Qwen/Qwen2.5-7B-Instruct,qwen,R2D3*,3,R2,S04+S09+S01,T112,date,0,07 October 2026,30 September 2026
Qwen/Qwen2.5-7B-Instruct,qwen,R2D3*,3,R2,S04+S09+S01,T113,date,0,26 August 2026,30 August 2026
Qwen/Qwen2.5-7B-Instruct,qwen,R2D3*,3,R2,S04+S09+S01,T114,date,0,26 January 2026,24 February 2026
Qwen/Qwen2.5-7B-Instruct,qwen,R2D3*,3,R2,S04+S09+S01,T115,date,0,18 September 2026,17 September 2026
Qwen/Qwen2.5-7B-Instruct,qwen,R2D3*,3,R2,S04+S09+S01,T116,table,1,North,North
Qwen/Qwen2.5-7B-Instruct,qwen,R2D3*,3,R2,S04+S09+S01,T117,table,0,1669,1679
Qwen/Qwen2.5-7B-Instruct,qwen,R2D3*,3,R2,S04+S09+S01,T118,table,1,West,West
Qwen/Qwen2.5-7B-Instruct,qwen,R2D3*,3,R2,S04+S09+S01,T119,table,1,North,North
Qwen/Qwen2.5-7B-Instruct,qwen,R2D3*,3,R2,S04+S09+S01,T120,table,1,West,West
Qwen/Qwen2.5-7B-Instruct,qwen,R2D3*,3,R2,S04+S09+S01,T121,table,0,503,262
Qwen/Qwen2.5-7B-Instruct,qwen,R2D3*,3,R2,S04+S09+S01,T122,table,1,Central,Central
Qwen/Qwen2.5-7B-Instruct,qwen,R2D3*,3,R2,S04+S09+S01,T123,table,1,South,South
Qwen/Qwen2.5-7B-Instruct,qwen,R2D3*,3,R2,S04+S09+S01,T124,table,0,1914,2014
Qwen/Qwen2.5-7B-Instruct,qwen,R2D3*,3,R2,S04+S09+S01,T125,table,0,499,316
Qwen/Qwen2.5-7B-Instruct,qwen,R2D3*,3,R2,S04+S09+S01,T126,table,1,1865,1865
Qwen/Qwen2.5-7B-Instruct,qwen,R2D3*,3,R2,S04+S09+S01,T127,table,0,Central,South
Qwen/Qwen2.5-7B-Instruct,qwen,R2D3*,3,R2,S04+S09+S01,T128,table,1,2623,2623
Qwen/Qwen2.5-7B-Instruct,qwen,R2D3*,3,R2,S04+S09+S01,T129,table,1,617,617
Qwen/Qwen2.5-7B-Instruct,qwen,R2D3*,3,R2,S04+S09+S01,T130,table,1,West,West
Qwen/Qwen2.5-7B-Instruct,qwen,R2D3*,3,R2,S04+S09+S01,T131,table,1,529,529
Qwen/Qwen2.5-7B-Instruct,qwen,R2D3*,3,R2,S04+S09+S01,T132,table,0,2156,2056
Qwen/Qwen2.5-7B-Instruct,qwen,R2D3*,3,R2,S04+S09+S01,T133,table,1,East,East
Qwen/Qwen2.5-7B-Instruct,qwen,R2D3*,3,R2,S04+S09+S01,T134,table,0,504,404
Qwen/Qwen2.5-7B-Instruct,qwen,R2D3*,3,R2,S04+S09+S01,T135,table,0,South,East
Qwen/Qwen2.5-7B-Instruct,qwen,R2D3*,3,R2,S04+S09+S01,T136,table,0,637,717
Qwen/Qwen2.5-7B-Instruct,qwen,R2D3*,3,R2,S04+S09+S01,T137,table,0,479,483
Qwen/Qwen2.5-7B-Instruct,qwen,R2D3*,3,R2,S04+S09+S01,T138,table,0,1792,1992
Qwen/Qwen2.5-7B-Instruct,qwen,R2D3*,3,R2,S04+S09+S01,T139,table,1,492,492
Qwen/Qwen2.5-7B-Instruct,qwen,R2D3*,3,R2,S04+S09+S01,T140,table,0,760,459
Qwen/Qwen2.5-7B-Instruct,qwen,R2D3*,3,R2,S04+S09+S01,T141,table,1,473,473
Qwen/Qwen2.5-7B-Instruct,qwen,R2D3*,3,R2,S04+S09+S01,T142,table,1,Central,Central
Qwen/Qwen2.5-7B-Instruct,qwen,R2D3*,3,R2,S04+S09+S01,T143,table,1,South,South
Qwen/Qwen2.5-7B-Instruct,qwen,R2D3*,3,R2,S04+S09+S01,T144,table,0,294,314
Qwen/Qwen2.5-7B-Instruct,qwen,R2D3*,3,R2,S04+S09+S01,T145,table,1,160,160
Qwen/Qwen2.5-7B-Instruct,qwen,R2D3*,3,R2,S04+S09+S01,T146,logic,0,Devon,2
Qwen/Qwen2.5-7B-Instruct,qwen,R2D3*,3,R2,S04+S09+S01,T147,logic,0,Alex,Gray
Qwen/Qwen2.5-7B-Instruct,qwen,R2D3*,3,R2,S04+S09+S01,T148,logic,1,Gray,Gray
Qwen/Qwen2.5-7B-Instruct,qwen,R2D3*,3,R2,S04+S09+S01,T149,logic,1,Frankie,Frankie
Qwen/Qwen2.5-7B-Instruct,qwen,R2D3*,3,R2,S04+S09+S01,T150,logic,1,Casey,Casey
Qwen/Qwen2.5-7B-Instruct,qwen,R2D3*,3,R2,S04+S09+S01,T151,logic,0,Devon,2
Qwen/Qwen2.5-7B-Instruct,qwen,R2D3*,3,R2,S04+S09+S01,T152,logic,1,Gray,Gray
Qwen/Qwen2.5-7B-Instruct,qwen,R2D3*,3,R2,S04+S09+S01,T153,logic,0,Casey,3
Qwen/Qwen2.5-7B-Instruct,qwen,R2D3*,3,R2,S04+S09+S01,T154,logic,1,Gray,Gray
Qwen/Qwen2.5-7B-Instruct,qwen,R2D3*,3,R2,S04+S09+S01,T155,logic,0,Alex,Gray
Qwen/Qwen2.5-7B-Instruct,qwen,R2D3*,3,R2,S04+S09+S01,T156,logic,1,Bailey,Bailey
Qwen/Qwen2.5-7B-Instruct,qwen,R2D3*,3,R2,S04+S09+S01,T157,logic,1,Bailey,Bailey
Qwen/Qwen2.5-7B-Instruct,qwen,R2D3*,3,R2,S04+S09+S01,T158,logic,0,Devon,Frankie
Qwen/Qwen2.5-7B-Instruct,qwen,R2D3*,3,R2,S04+S09+S01,T159,logic,1,Alex,Alex
Qwen/Qwen2.5-7B-Instruct,qwen,R2D3*,3,R2,S04+S09+S01,T160,logic,0,Bailey,2
Qwen/Qwen2.5-7B-Instruct,qwen,R2D3*,3,R2,S04+S09+S01,T161,logic,0,Devon,Gray
Qwen/Qwen2.5-7B-Instruct,qwen,R2D3*,3,R2,S04+S09+S01,T162,logic,1,Alex,Alex
Qwen/Qwen2.5-7B-Instruct,qwen,R2D3*,3,R2,S04+S09+S01,T163,logic,0,Frankie,Alex
Qwen/Qwen2.5-7B-Instruct,qwen,R2D3*,3,R2,S04+S09+S01,T164,logic,1,Bailey,Bailey
Qwen/Qwen2.5-7B-Instruct,qwen,R2D3*,3,R2,S04+S09+S01,T165,logic,0,Bailey,Frankie
Qwen/Qwen2.5-7B-Instruct,qwen,R2D3*,3,R2,S04+S09+S01,T166,logic,1,Gray,Gray
Qwen/Qwen2.5-7B-Instruct,qwen,R2D3*,3,R2,S04+S09+S01,T167,logic,0,Alex,Gray
Qwen/Qwen2.5-7B-Instruct,qwen,R2D3*,3,R2,S04+S09+S01,T168,logic,1,Casey,Casey
Qwen/Qwen2.5-7B-Instruct,qwen,R2D3*,3,R2,S04+S09+S01,T169,logic,1,Bailey,Bailey
Qwen/Qwen2.5-7B-Instruct,qwen,R2D3*,3,R2,S04+S09+S01,T170,logic,1,Bailey,Bailey
Qwen/Qwen2.5-7B-Instruct,qwen,R2D3*,3,R2,S04+S09+S01,T171,rate,1,2,2
Qwen/Qwen2.5-7B-Instruct,qwen,R2D3*,3,R2,S04+S09+S01,T172,rate,1,10,10
Qwen/Qwen2.5-7B-Instruct,qwen,R2D3*,3,R2,S04+S09+S01,T173,rate,1,4,4
Qwen/Qwen2.5-7B-Instruct,qwen,R2D3*,3,R2,S04+S09+S01,T174,rate,0,3.33333,3
Qwen/Qwen2.5-7B-Instruct,qwen,R2D3*,3,R2,S04+S09+S01,T175,rate,1,180,180
Qwen/Qwen2.5-7B-Instruct,qwen,R2D3*,3,R2,S04+S09+S01,T176,rate,1,1.2,1.2
Qwen/Qwen2.5-7B-Instruct,qwen,R2D3*,3,R2,S04+S09+S01,T177,rate,1,30,30
Qwen/Qwen2.5-7B-Instruct,qwen,R2D3*,3,R2,S04+S09+S01,T178,rate,1,90,90
Qwen/Qwen2.5-7B-Instruct,qwen,R2D3*,3,R2,S04+S09+S01,T179,rate,1,3,3
Qwen/Qwen2.5-7B-Instruct,qwen,R2D3*,3,R2,S04+S09+S01,T180,rate,1,4,4
Qwen/Qwen2.5-7B-Instruct,qwen,R2D3*,3,R2,S04+S09+S01,T181,rate,1,3.2,3.2
Qwen/Qwen2.5-7B-Instruct,qwen,R2D3*,3,R2,S04+S09+S01,T182,rate,1,40,40
Qwen/Qwen2.5-7B-Instruct,qwen,R2D3*,3,R2,S04+S09+S01,T183,rate,0,3.33333,3
Qwen/Qwen2.5-7B-Instruct,qwen,R2D3*,3,R2,S04+S09+S01,T184,rate,1,150,150
Qwen/Qwen2.5-7B-Instruct,qwen,R2D3*,3,R2,S04+S09+S01,T185,rate,1,90,90
Qwen/Qwen2.5-7B-Instruct,qwen,R2D3*,3,R2,S04+S09+S01,T186,rate,1,45,45
Qwen/Qwen2.5-7B-Instruct,qwen,R2D3*,3,R2,S04+S09+S01,T187,rate,1,5,5
Qwen/Qwen2.5-7B-Instruct,qwen,R2D3*,3,R2,S04+S09+S01,T188,rate,1,60,60
Qwen/Qwen2.5-7B-Instruct,qwen,R2D3*,3,R2,S04+S09+S01,T189,rate,0,3.33333,3
Qwen/Qwen2.5-7B-Instruct,qwen,R2D3*,3,R2,S04+S09+S01,T190,rate,1,270,270
Qwen/Qwen2.5-7B-Instruct,qwen,R2D3*,3,R2,S04+S09+S01,T191,rate,0,5.33333,5.33
Qwen/Qwen2.5-7B-Instruct,qwen,R2D3*,3,R2,S04+S09+S01,T192,rate,1,45,45
Qwen/Qwen2.5-7B-Instruct,qwen,R2D3*,3,R2,S04+S09+S01,T193,rate,0,2.66667,2.67
Qwen/Qwen2.5-7B-Instruct,qwen,R2D3*,3,R2,S04+S09+S01,T194,rate,0,5.33333,5.33
Qwen/Qwen2.5-7B-Instruct,qwen,R2D3*,3,R2,S04+S09+S01,T195,rate,1,30,30
Qwen/Qwen2.5-7B-Instruct,qwen,R2D3*,3,R2,S04+S09+S01,T196,rate,1,4.5,4.5
Qwen/Qwen2.5-7B-Instruct,qwen,R2D3*,3,R2,S04+S09+S01,T197,rate,1,30,30
Qwen/Qwen2.5-7B-Instruct,qwen,R2D3*,3,R2,S04+S09+S01,T198,rate,1,60,60
Qwen/Qwen2.5-7B-Instruct,qwen,R2D3*,3,R2,S04+S09+S01,T199,rate,1,270,270
Qwen/Qwen2.5-7B-Instruct,qwen,R2D3*,3,R2,S04+S09+S01,T200,rate,1,40,40
Qwen/Qwen2.5-7B-Instruct,qwen,R3D1,1,R3,S09,T001,percentage,0,3480,3360
Qwen/Qwen2.5-7B-Instruct,qwen,R3D1,1,R3,S09,T002,percentage,1,312.5,312.5
Qwen/Qwen2.5-7B-Instruct,qwen,R3D1,1,R3,S09,T003,percentage,1,288,288
Qwen/Qwen2.5-7B-Instruct,qwen,R3D1,1,R3,S09,T004,percentage,0,1044,1053
Qwen/Qwen2.5-7B-Instruct,qwen,R3D1,1,R3,S09,T005,percentage,1,500,500
Qwen/Qwen2.5-7B-Instruct,qwen,R3D1,1,R3,S09,T006,percentage,1,26.4,26.4
Qwen/Qwen2.5-7B-Instruct,qwen,R3D1,1,R3,S09,T007,percentage,0,697,686
Qwen/Qwen2.5-7B-Instruct,qwen,R3D1,1,R3,S09,T008,percentage,1,540,540
Qwen/Qwen2.5-7B-Instruct,qwen,R3D1,1,R3,S09,T009,percentage,1,127.5,127.5
Qwen/Qwen2.5-7B-Instruct,qwen,R3D1,1,R3,S09,T010,percentage,1,150,150
Qwen/Qwen2.5-7B-Instruct,qwen,R3D1,1,R3,S09,T011,percentage,1,1408,1408
Qwen/Qwen2.5-7B-Instruct,qwen,R3D1,1,R3,S09,T012,percentage,1,119,119
Qwen/Qwen2.5-7B-Instruct,qwen,R3D1,1,R3,S09,T013,percentage,1,528,528
Qwen/Qwen2.5-7B-Instruct,qwen,R3D1,1,R3,S09,T014,percentage,1,30,30
Qwen/Qwen2.5-7B-Instruct,qwen,R3D1,1,R3,S09,T015,percentage,0,552.5,557.5
Qwen/Qwen2.5-7B-Instruct,qwen,R3D1,1,R3,S09,T016,percentage,1,672,672
Qwen/Qwen2.5-7B-Instruct,qwen,R3D1,1,R3,S09,T017,percentage,1,2560,2560
Qwen/Qwen2.5-7B-Instruct,qwen,R3D1,1,R3,S09,T018,percentage,1,422.4,422.4
Qwen/Qwen2.5-7B-Instruct,qwen,R3D1,1,R3,S09,T019,percentage,1,192,192
Qwen/Qwen2.5-7B-Instruct,qwen,R3D1,1,R3,S09,T020,percentage,1,30,30
Qwen/Qwen2.5-7B-Instruct,qwen,R3D1,1,R3,S09,T021,percentage,1,108,108
Qwen/Qwen2.5-7B-Instruct,qwen,R3D1,1,R3,S09,T022,percentage,0,196.8,194.4
Qwen/Qwen2.5-7B-Instruct,qwen,R3D1,1,R3,S09,T023,percentage,1,225,225
Qwen/Qwen2.5-7B-Instruct,qwen,R3D1,1,R3,S09,T024,percentage,1,90,90
Qwen/Qwen2.5-7B-Instruct,qwen,R3D1,1,R3,S09,T025,percentage,1,500,500
Qwen/Qwen2.5-7B-Instruct,qwen,R3D1,1,R3,S09,T026,percentage,1,352,352
Qwen/Qwen2.5-7B-Instruct,qwen,R3D1,1,R3,S09,T027,percentage,1,960,960
Qwen/Qwen2.5-7B-Instruct,qwen,R3D1,1,R3,S09,T028,percentage,1,324,324
Qwen/Qwen2.5-7B-Instruct,qwen,R3D1,1,R3,S09,T029,percentage,1,420,420
Qwen/Qwen2.5-7B-Instruct,qwen,R3D1,1,R3,S09,T030,percentage,0,849.6,856
Qwen/Qwen2.5-7B-Instruct,qwen,R3D1,1,R3,S09,T031,percentage,0,476,472
Qwen/Qwen2.5-7B-Instruct,qwen,R3D1,1,R3,S09,T032,percentage,1,1100,1100
Qwen/Qwen2.5-7B-Instruct,qwen,R3D1,1,R3,S09,T033,percentage,1,1560,1560
Qwen/Qwen2.5-7B-Instruct,qwen,R3D1,1,R3,S09,T034,percentage,1,196,196
Qwen/Qwen2.5-7B-Instruct,qwen,R3D1,1,R3,S09,T035,percentage,1,156,156
Qwen/Qwen2.5-7B-Instruct,qwen,R3D1,1,R3,S09,T036,word_problem,0,4374,486
Qwen/Qwen2.5-7B-Instruct,qwen,R3D1,1,R3,S09,T037,word_problem,1,3500,3500
Qwen/Qwen2.5-7B-Instruct,qwen,R3D1,1,R3,S09,T038,word_problem,0,3360,840
Qwen/Qwen2.5-7B-Instruct,qwen,R3D1,1,R3,S09,T039,word_problem,0,4200,1470
Qwen/Qwen2.5-7B-Instruct,qwen,R3D1,1,R3,S09,T040,word_problem,0,1728,576
Qwen/Qwen2.5-7B-Instruct,qwen,R3D1,1,R3,S09,T041,word_problem,1,3600,3600
Qwen/Qwen2.5-7B-Instruct,qwen,R3D1,1,R3,S09,T042,word_problem,0,12600,4200
Qwen/Qwen2.5-7B-Instruct,qwen,R3D1,1,R3,S09,T043,word_problem,0,3630,3850
Qwen/Qwen2.5-7B-Instruct,qwen,R3D1,1,R3,S09,T044,word_problem,0,8064,3360
Qwen/Qwen2.5-7B-Instruct,qwen,R3D1,1,R3,S09,T045,word_problem,0,12600,10500
Qwen/Qwen2.5-7B-Instruct,qwen,R3D1,1,R3,S09,T046,word_problem,0,7840,11960
Qwen/Qwen2.5-7B-Instruct,qwen,R3D1,1,R3,S09,T047,word_problem,0,6720,1680
Qwen/Qwen2.5-7B-Instruct,qwen,R3D1,1,R3,S09,T048,word_problem,1,6000,6000
Qwen/Qwen2.5-7B-Instruct,qwen,R3D1,1,R3,S09,T049,word_problem,0,6480,720
Qwen/Qwen2.5-7B-Instruct,qwen,R3D1,1,R3,S09,T050,word_problem,0,4375,875
Qwen/Qwen2.5-7B-Instruct,qwen,R3D1,1,R3,S09,T051,word_problem,0,2700,900
Qwen/Qwen2.5-7B-Instruct,qwen,R3D1,1,R3,S09,T052,word_problem,0,1680,840
Qwen/Qwen2.5-7B-Instruct,qwen,R3D1,1,R3,S09,T053,word_problem,0,6930,7140
Qwen/Qwen2.5-7B-Instruct,qwen,R3D1,1,R3,S09,T054,word_problem,0,4752,4356
Qwen/Qwen2.5-7B-Instruct,qwen,R3D1,1,R3,S09,T055,word_problem,0,6480,540
Qwen/Qwen2.5-7B-Instruct,qwen,R3D1,1,R3,S09,T056,word_problem,0,2916,3240
Qwen/Qwen2.5-7B-Instruct,qwen,R3D1,1,R3,S09,T057,word_problem,0,3456,576
Qwen/Qwen2.5-7B-Instruct,qwen,R3D1,1,R3,S09,T058,word_problem,0,4800,1200
Qwen/Qwen2.5-7B-Instruct,qwen,R3D1,1,R3,S09,T059,word_problem,1,4200,4200
Qwen/Qwen2.5-7B-Instruct,qwen,R3D1,1,R3,S09,T060,word_problem,0,5250,4250
Qwen/Qwen2.5-7B-Instruct,qwen,R3D1,1,R3,S09,T061,word_problem,0,4410,1190
Qwen/Qwen2.5-7B-Instruct,qwen,R3D1,1,R3,S09,T062,word_problem,0,4752,4356
Qwen/Qwen2.5-7B-Instruct,qwen,R3D1,1,R3,S09,T063,word_problem,0,6000,600
Qwen/Qwen2.5-7B-Instruct,qwen,R3D1,1,R3,S09,T064,word_problem,0,5000,6500
Qwen/Qwen2.5-7B-Instruct,qwen,R3D1,1,R3,S09,T065,word_problem,0,10080,840
Qwen/Qwen2.5-7B-Instruct,qwen,R3D1,1,R3,S09,T066,conversion,1,2160,2160
Qwen/Qwen2.5-7B-Instruct,qwen,R3D1,1,R3,S09,T067,conversion,0,1152,384
Qwen/Qwen2.5-7B-Instruct,qwen,R3D1,1,R3,S09,T068,conversion,1,630,630
Qwen/Qwen2.5-7B-Instruct,qwen,R3D1,1,R3,S09,T069,conversion,1,48000,48000
Qwen/Qwen2.5-7B-Instruct,qwen,R3D1,1,R3,S09,T070,conversion,1,900,900
Qwen/Qwen2.5-7B-Instruct,qwen,R3D1,1,R3,S09,T071,conversion,1,720,720
Qwen/Qwen2.5-7B-Instruct,qwen,R3D1,1,R3,S09,T072,conversion,1,125000,125000
Qwen/Qwen2.5-7B-Instruct,qwen,R3D1,1,R3,S09,T073,conversion,1,1440,1440
Qwen/Qwen2.5-7B-Instruct,qwen,R3D1,1,R3,S09,T074,conversion,0,864,288
Qwen/Qwen2.5-7B-Instruct,qwen,R3D1,1,R3,S09,T075,conversion,1,12000,12000
Qwen/Qwen2.5-7B-Instruct,qwen,R3D1,1,R3,S09,T076,conversion,1,24000,24000
Qwen/Qwen2.5-7B-Instruct,qwen,R3D1,1,R3,S09,T077,conversion,1,125000,125000
Qwen/Qwen2.5-7B-Instruct,qwen,R3D1,1,R3,S09,T078,conversion,1,3000,3000
Qwen/Qwen2.5-7B-Instruct,qwen,R3D1,1,R3,S09,T079,conversion,1,720,720
Qwen/Qwen2.5-7B-Instruct,qwen,R3D1,1,R3,S09,T080,conversion,1,3000,3000
Qwen/Qwen2.5-7B-Instruct,qwen,R3D1,1,R3,S09,T081,conversion,0,60000,6000
Qwen/Qwen2.5-7B-Instruct,qwen,R3D1,1,R3,S09,T082,conversion,1,36000,36000
Qwen/Qwen2.5-7B-Instruct,qwen,R3D1,1,R3,S09,T083,conversion,1,15000,15000
Qwen/Qwen2.5-7B-Instruct,qwen,R3D1,1,R3,S09,T084,conversion,1,12000,12000
Qwen/Qwen2.5-7B-Instruct,qwen,R3D1,1,R3,S09,T085,conversion,1,105,105
Qwen/Qwen2.5-7B-Instruct,qwen,R3D1,1,R3,S09,T086,conversion,1,360,360
Qwen/Qwen2.5-7B-Instruct,qwen,R3D1,1,R3,S09,T087,conversion,1,7000,7000
Qwen/Qwen2.5-7B-Instruct,qwen,R3D1,1,R3,S09,T088,conversion,1,72,72
Qwen/Qwen2.5-7B-Instruct,qwen,R3D1,1,R3,S09,T089,conversion,1,48000,48000
Qwen/Qwen2.5-7B-Instruct,qwen,R3D1,1,R3,S09,T090,conversion,1,720,720
Qwen/Qwen2.5-7B-Instruct,qwen,R3D1,1,R3,S09,T091,date,1,25 April 2026,25 April 2026
Qwen/Qwen2.5-7B-Instruct,qwen,R3D1,1,R3,S09,T092,date,0,10 June 2026,30 June 2026
Qwen/Qwen2.5-7B-Instruct,qwen,R3D1,1,R3,S09,T093,date,1,27 April 2026,27 April 2026
Qwen/Qwen2.5-7B-Instruct,qwen,R3D1,1,R3,S09,T094,date,0,26 November 2026,25 November 2026
Qwen/Qwen2.5-7B-Instruct,qwen,R3D1,1,R3,S09,T095,date,0,08 October 2026,30 October 2026
Qwen/Qwen2.5-7B-Instruct,qwen,R3D1,1,R3,S09,T096,date,0,11 November 2026,10 November 2026
Qwen/Qwen2.5-7B-Instruct,qwen,R3D1,1,R3,S09,T097,date,0,16 March 2026,15 April 2026
Qwen/Qwen2.5-7B-Instruct,qwen,R3D1,1,R3,S09,T098,date,0,01 June 2026,30 June 2026
Qwen/Qwen2.5-7B-Instruct,qwen,R3D1,1,R3,S09,T099,date,0,16 October 2026,30 October 2026
Qwen/Qwen2.5-7B-Instruct,qwen,R3D1,1,R3,S09,T100,date,0,12 June 2026,13 June 2026
Qwen/Qwen2.5-7B-Instruct,qwen,R3D1,1,R3,S09,T101,date,0,24 June 2026,23 June 2026
Qwen/Qwen2.5-7B-Instruct,qwen,R3D1,1,R3,S09,T102,date,0,25 July 2026,23 July 2026
Qwen/Qwen2.5-7B-Instruct,qwen,R3D1,1,R3,S09,T103,date,1,14 November 2026,14 November 2026
Qwen/Qwen2.5-7B-Instruct,qwen,R3D1,1,R3,S09,T104,date,0,06 February 2027,14 February 2027
Qwen/Qwen2.5-7B-Instruct,qwen,R3D1,1,R3,S09,T105,date,0,08 May 2026,30 May 2026
Qwen/Qwen2.5-7B-Instruct,qwen,R3D1,1,R3,S09,T106,date,1,30 October 2026,30 October 2026
Qwen/Qwen2.5-7B-Instruct,qwen,R3D1,1,R3,S09,T107,date,0,05 June 2026,30 June 2026
Qwen/Qwen2.5-7B-Instruct,qwen,R3D1,1,R3,S09,T108,date,0,08 October 2026,14 October 2026
Qwen/Qwen2.5-7B-Instruct,qwen,R3D1,1,R3,S09,T109,date,0,10 August 2026,14 September 2026
Qwen/Qwen2.5-7B-Instruct,qwen,R3D1,1,R3,S09,T110,date,0,17 December 2026,28 December 2026
Qwen/Qwen2.5-7B-Instruct,qwen,R3D1,1,R3,S09,T111,date,1,13 January 2027,13 January 2027
Qwen/Qwen2.5-7B-Instruct,qwen,R3D1,1,R3,S09,T112,date,0,07 October 2026,30 October 2026
Qwen/Qwen2.5-7B-Instruct,qwen,R3D1,1,R3,S09,T113,date,0,26 August 2026,30 August 2026
Qwen/Qwen2.5-7B-Instruct,qwen,R3D1,1,R3,S09,T114,date,0,26 January 2026,25 January 2026
Qwen/Qwen2.5-7B-Instruct,qwen,R3D1,1,R3,S09,T115,date,0,18 September 2026,17 September 2026
Qwen/Qwen2.5-7B-Instruct,qwen,R3D1,1,R3,S09,T116,table,1,North,North
Qwen/Qwen2.5-7B-Instruct,qwen,R3D1,1,R3,S09,T117,table,0,1669,1679
Qwen/Qwen2.5-7B-Instruct,qwen,R3D1,1,R3,S09,T118,table,1,West,West
Qwen/Qwen2.5-7B-Instruct,qwen,R3D1,1,R3,S09,T119,table,1,North,North
Qwen/Qwen2.5-7B-Instruct,qwen,R3D1,1,R3,S09,T120,table,1,West,West
Qwen/Qwen2.5-7B-Instruct,qwen,R3D1,1,R3,S09,T121,table,0,503,502
Qwen/Qwen2.5-7B-Instruct,qwen,R3D1,1,R3,S09,T122,table,1,Central,Central
Qwen/Qwen2.5-7B-Instruct,qwen,R3D1,1,R3,S09,T123,table,1,South,South
Qwen/Qwen2.5-7B-Instruct,qwen,R3D1,1,R3,S09,T124,table,1,1914,1914
Qwen/Qwen2.5-7B-Instruct,qwen,R3D1,1,R3,S09,T125,table,0,499,286
Qwen/Qwen2.5-7B-Instruct,qwen,R3D1,1,R3,S09,T126,table,1,1865,1865
Qwen/Qwen2.5-7B-Instruct,qwen,R3D1,1,R3,S09,T127,table,1,Central,Central
Qwen/Qwen2.5-7B-Instruct,qwen,R3D1,1,R3,S09,T128,table,1,2623,2623
Qwen/Qwen2.5-7B-Instruct,qwen,R3D1,1,R3,S09,T129,table,1,617,617
Qwen/Qwen2.5-7B-Instruct,qwen,R3D1,1,R3,S09,T130,table,1,West,West
Qwen/Qwen2.5-7B-Instruct,qwen,R3D1,1,R3,S09,T131,table,0,529,429
Qwen/Qwen2.5-7B-Instruct,qwen,R3D1,1,R3,S09,T132,table,0,2156,2056
Qwen/Qwen2.5-7B-Instruct,qwen,R3D1,1,R3,S09,T133,table,1,East,East
Qwen/Qwen2.5-7B-Instruct,qwen,R3D1,1,R3,S09,T134,table,0,504,404
Qwen/Qwen2.5-7B-Instruct,qwen,R3D1,1,R3,S09,T135,table,0,South,East
Qwen/Qwen2.5-7B-Instruct,qwen,R3D1,1,R3,S09,T136,table,0,637,717
Qwen/Qwen2.5-7B-Instruct,qwen,R3D1,1,R3,S09,T137,table,0,479,483
Qwen/Qwen2.5-7B-Instruct,qwen,R3D1,1,R3,S09,T138,table,0,1792,1790
Qwen/Qwen2.5-7B-Instruct,qwen,R3D1,1,R3,S09,T139,table,1,492,492
Qwen/Qwen2.5-7B-Instruct,qwen,R3D1,1,R3,S09,T140,table,0,760,459
Qwen/Qwen2.5-7B-Instruct,qwen,R3D1,1,R3,S09,T141,table,1,473,473
Qwen/Qwen2.5-7B-Instruct,qwen,R3D1,1,R3,S09,T142,table,0,Central,North
Qwen/Qwen2.5-7B-Instruct,qwen,R3D1,1,R3,S09,T143,table,1,South,South
Qwen/Qwen2.5-7B-Instruct,qwen,R3D1,1,R3,S09,T144,table,0,294,394
Qwen/Qwen2.5-7B-Instruct,qwen,R3D1,1,R3,S09,T145,table,1,160,160
Qwen/Qwen2.5-7B-Instruct,qwen,R3D1,1,R3,S09,T146,logic,0,Devon,2
Qwen/Qwen2.5-7B-Instruct,qwen,R3D1,1,R3,S09,T147,logic,0,Alex,Gray
Qwen/Qwen2.5-7B-Instruct,qwen,R3D1,1,R3,S09,T148,logic,1,Gray,Gray
Qwen/Qwen2.5-7B-Instruct,qwen,R3D1,1,R3,S09,T149,logic,1,Frankie,Frankie
Qwen/Qwen2.5-7B-Instruct,qwen,R3D1,1,R3,S09,T150,logic,1,Casey,Casey
Qwen/Qwen2.5-7B-Instruct,qwen,R3D1,1,R3,S09,T151,logic,0,Devon,2
Qwen/Qwen2.5-7B-Instruct,qwen,R3D1,1,R3,S09,T152,logic,0,Gray,Ellis
Qwen/Qwen2.5-7B-Instruct,qwen,R3D1,1,R3,S09,T153,logic,0,Casey,Ellis
Qwen/Qwen2.5-7B-Instruct,qwen,R3D1,1,R3,S09,T154,logic,1,Gray,Gray
Qwen/Qwen2.5-7B-Instruct,qwen,R3D1,1,R3,S09,T155,logic,0,Alex,Gray
Qwen/Qwen2.5-7B-Instruct,qwen,R3D1,1,R3,S09,T156,logic,1,Bailey,Bailey
Qwen/Qwen2.5-7B-Instruct,qwen,R3D1,1,R3,S09,T157,logic,1,Bailey,Bailey
Qwen/Qwen2.5-7B-Instruct,qwen,R3D1,1,R3,S09,T158,logic,0,Devon,Frankie
Qwen/Qwen2.5-7B-Instruct,qwen,R3D1,1,R3,S09,T159,logic,1,Alex,Alex
Qwen/Qwen2.5-7B-Instruct,qwen,R3D1,1,R3,S09,T160,logic,0,Bailey,2
Qwen/Qwen2.5-7B-Instruct,qwen,R3D1,1,R3,S09,T161,logic,0,Devon,Casey
Qwen/Qwen2.5-7B-Instruct,qwen,R3D1,1,R3,S09,T162,logic,1,Alex,Alex
Qwen/Qwen2.5-7B-Instruct,qwen,R3D1,1,R3,S09,T163,logic,0,Frankie,Alex
Qwen/Qwen2.5-7B-Instruct,qwen,R3D1,1,R3,S09,T164,logic,1,Bailey,Bailey
Qwen/Qwen2.5-7B-Instruct,qwen,R3D1,1,R3,S09,T165,logic,0,Bailey,Frankie
Qwen/Qwen2.5-7B-Instruct,qwen,R3D1,1,R3,S09,T166,logic,1,Gray,Gray
Qwen/Qwen2.5-7B-Instruct,qwen,R3D1,1,R3,S09,T167,logic,0,Alex,Gray
Qwen/Qwen2.5-7B-Instruct,qwen,R3D1,1,R3,S09,T168,logic,1,Casey,Casey
Qwen/Qwen2.5-7B-Instruct,qwen,R3D1,1,R3,S09,T169,logic,1,Bailey,Bailey
Qwen/Qwen2.5-7B-Instruct,qwen,R3D1,1,R3,S09,T170,logic,1,Bailey,Bailey
Qwen/Qwen2.5-7B-Instruct,qwen,R3D1,1,R3,S09,T171,rate,1,2,2
Qwen/Qwen2.5-7B-Instruct,qwen,R3D1,1,R3,S09,T172,rate,1,10,10
Qwen/Qwen2.5-7B-Instruct,qwen,R3D1,1,R3,S09,T173,rate,1,4,4
Qwen/Qwen2.5-7B-Instruct,qwen,R3D1,1,R3,S09,T174,rate,0,3.33333,3.33
Qwen/Qwen2.5-7B-Instruct,qwen,R3D1,1,R3,S09,T175,rate,1,180,180
Qwen/Qwen2.5-7B-Instruct,qwen,R3D1,1,R3,S09,T176,rate,1,1.2,1.2
Qwen/Qwen2.5-7B-Instruct,qwen,R3D1,1,R3,S09,T177,rate,1,30,30
Qwen/Qwen2.5-7B-Instruct,qwen,R3D1,1,R3,S09,T178,rate,1,90,90
Qwen/Qwen2.5-7B-Instruct,qwen,R3D1,1,R3,S09,T179,rate,1,3,3
Qwen/Qwen2.5-7B-Instruct,qwen,R3D1,1,R3,S09,T180,rate,1,4,4
Qwen/Qwen2.5-7B-Instruct,qwen,R3D1,1,R3,S09,T181,rate,1,3.2,3.2
Qwen/Qwen2.5-7B-Instruct,qwen,R3D1,1,R3,S09,T182,rate,1,40,40
Qwen/Qwen2.5-7B-Instruct,qwen,R3D1,1,R3,S09,T183,rate,0,3.33333,3.33
Qwen/Qwen2.5-7B-Instruct,qwen,R3D1,1,R3,S09,T184,rate,1,150,150
Qwen/Qwen2.5-7B-Instruct,qwen,R3D1,1,R3,S09,T185,rate,1,90,90
Qwen/Qwen2.5-7B-Instruct,qwen,R3D1,1,R3,S09,T186,rate,1,45,45
Qwen/Qwen2.5-7B-Instruct,qwen,R3D1,1,R3,S09,T187,rate,1,5,5
Qwen/Qwen2.5-7B-Instruct,qwen,R3D1,1,R3,S09,T188,rate,1,60,60
Qwen/Qwen2.5-7B-Instruct,qwen,R3D1,1,R3,S09,T189,rate,0,3.33333,3.33
Qwen/Qwen2.5-7B-Instruct,qwen,R3D1,1,R3,S09,T190,rate,1,270,270
Qwen/Qwen2.5-7B-Instruct,qwen,R3D1,1,R3,S09,T191,rate,0,5.33333,5.33
Qwen/Qwen2.5-7B-Instruct,qwen,R3D1,1,R3,S09,T192,rate,1,45,45
Qwen/Qwen2.5-7B-Instruct,qwen,R3D1,1,R3,S09,T193,rate,0,2.66667,2.67
Qwen/Qwen2.5-7B-Instruct,qwen,R3D1,1,R3,S09,T194,rate,0,5.33333,5.33
Qwen/Qwen2.5-7B-Instruct,qwen,R3D1,1,R3,S09,T195,rate,1,30,30
Qwen/Qwen2.5-7B-Instruct,qwen,R3D1,1,R3,S09,T196,rate,1,4.5,4.5
Qwen/Qwen2.5-7B-Instruct,qwen,R3D1,1,R3,S09,T197,rate,1,30,30
Qwen/Qwen2.5-7B-Instruct,qwen,R3D1,1,R3,S09,T198,rate,1,60,60
Qwen/Qwen2.5-7B-Instruct,qwen,R3D1,1,R3,S09,T199,rate,1,270,270
Qwen/Qwen2.5-7B-Instruct,qwen,R3D1,1,R3,S09,T200,rate,1,40,40
Qwen/Qwen2.5-7B-Instruct,qwen,R3D2,2,R3,S09+S01,T001,percentage,0,3480,3360
Qwen/Qwen2.5-7B-Instruct,qwen,R3D2,2,R3,S09+S01,T002,percentage,1,312.5,312.5
Qwen/Qwen2.5-7B-Instruct,qwen,R3D2,2,R3,S09+S01,T003,percentage,1,288,288
Qwen/Qwen2.5-7B-Instruct,qwen,R3D2,2,R3,S09+S01,T004,percentage,0,1044,1038
Qwen/Qwen2.5-7B-Instruct,qwen,R3D2,2,R3,S09+S01,T005,percentage,1,500,500
Qwen/Qwen2.5-7B-Instruct,qwen,R3D2,2,R3,S09+S01,T006,percentage,1,26.4,26.4
Qwen/Qwen2.5-7B-Instruct,qwen,R3D2,2,R3,S09+S01,T007,percentage,0,697,686
Qwen/Qwen2.5-7B-Instruct,qwen,R3D2,2,R3,S09+S01,T008,percentage,1,540,540
Qwen/Qwen2.5-7B-Instruct,qwen,R3D2,2,R3,S09+S01,T009,percentage,1,127.5,127.5
Qwen/Qwen2.5-7B-Instruct,qwen,R3D2,2,R3,S09+S01,T010,percentage,1,150,150
Qwen/Qwen2.5-7B-Instruct,qwen,R3D2,2,R3,S09+S01,T011,percentage,1,1408,1408
Qwen/Qwen2.5-7B-Instruct,qwen,R3D2,2,R3,S09+S01,T012,percentage,1,119,119
Qwen/Qwen2.5-7B-Instruct,qwen,R3D2,2,R3,S09+S01,T013,percentage,1,528,528
Qwen/Qwen2.5-7B-Instruct,qwen,R3D2,2,R3,S09+S01,T014,percentage,1,30,30
Qwen/Qwen2.5-7B-Instruct,qwen,R3D2,2,R3,S09+S01,T015,percentage,0,552.5,557.5
Qwen/Qwen2.5-7B-Instruct,qwen,R3D2,2,R3,S09+S01,T016,percentage,1,672,672
Qwen/Qwen2.5-7B-Instruct,qwen,R3D2,2,R3,S09+S01,T017,percentage,1,2560,2560
Qwen/Qwen2.5-7B-Instruct,qwen,R3D2,2,R3,S09+S01,T018,percentage,0,422.4,427.20
Qwen/Qwen2.5-7B-Instruct,qwen,R3D2,2,R3,S09+S01,T019,percentage,1,192,192
Qwen/Qwen2.5-7B-Instruct,qwen,R3D2,2,R3,S09+S01,T020,percentage,1,30,30
Qwen/Qwen2.5-7B-Instruct,qwen,R3D2,2,R3,S09+S01,T021,percentage,1,108,108
Qwen/Qwen2.5-7B-Instruct,qwen,R3D2,2,R3,S09+S01,T022,percentage,0,196.8,194.4
Qwen/Qwen2.5-7B-Instruct,qwen,R3D2,2,R3,S09+S01,T023,percentage,1,225,225
Qwen/Qwen2.5-7B-Instruct,qwen,R3D2,2,R3,S09+S01,T024,percentage,1,90,90
Qwen/Qwen2.5-7B-Instruct,qwen,R3D2,2,R3,S09+S01,T025,percentage,1,500,500
Qwen/Qwen2.5-7B-Instruct,qwen,R3D2,2,R3,S09+S01,T026,percentage,1,352,352
Qwen/Qwen2.5-7B-Instruct,qwen,R3D2,2,R3,S09+S01,T027,percentage,1,960,960
Qwen/Qwen2.5-7B-Instruct,qwen,R3D2,2,R3,S09+S01,T028,percentage,1,324,324
Qwen/Qwen2.5-7B-Instruct,qwen,R3D2,2,R3,S09+S01,T029,percentage,1,420,420
Qwen/Qwen2.5-7B-Instruct,qwen,R3D2,2,R3,S09+S01,T030,percentage,0,849.6,856
Qwen/Qwen2.5-7B-Instruct,qwen,R3D2,2,R3,S09+S01,T031,percentage,0,476,472
Qwen/Qwen2.5-7B-Instruct,qwen,R3D2,2,R3,S09+S01,T032,percentage,0,1100,1105
Qwen/Qwen2.5-7B-Instruct,qwen,R3D2,2,R3,S09+S01,T033,percentage,1,1560,1560
Qwen/Qwen2.5-7B-Instruct,qwen,R3D2,2,R3,S09+S01,T034,percentage,1,196,196
Qwen/Qwen2.5-7B-Instruct,qwen,R3D2,2,R3,S09+S01,T035,percentage,1,156,156
Qwen/Qwen2.5-7B-Instruct,qwen,R3D2,2,R3,S09+S01,T036,word_problem,0,4374,486
Qwen/Qwen2.5-7B-Instruct,qwen,R3D2,2,R3,S09+S01,T037,word_problem,1,3500,3500
Qwen/Qwen2.5-7B-Instruct,qwen,R3D2,2,R3,S09+S01,T038,word_problem,0,3360,840
Qwen/Qwen2.5-7B-Instruct,qwen,R3D2,2,R3,S09+S01,T039,word_problem,0,4200,1470
Qwen/Qwen2.5-7B-Instruct,qwen,R3D2,2,R3,S09+S01,T040,word_problem,0,1728,576
Qwen/Qwen2.5-7B-Instruct,qwen,R3D2,2,R3,S09+S01,T041,word_problem,0,3600,900
Qwen/Qwen2.5-7B-Instruct,qwen,R3D2,2,R3,S09+S01,T042,word_problem,0,12600,4200
Qwen/Qwen2.5-7B-Instruct,qwen,R3D2,2,R3,S09+S01,T043,word_problem,0,3630,3850
Qwen/Qwen2.5-7B-Instruct,qwen,R3D2,2,R3,S09+S01,T044,word_problem,0,8064,3360
Qwen/Qwen2.5-7B-Instruct,qwen,R3D2,2,R3,S09+S01,T045,word_problem,0,12600,9260
Qwen/Qwen2.5-7B-Instruct,qwen,R3D2,2,R3,S09+S01,T046,word_problem,0,7840,1190
Qwen/Qwen2.5-7B-Instruct,qwen,R3D2,2,R3,S09+S01,T047,word_problem,0,6720,1680
Qwen/Qwen2.5-7B-Instruct,qwen,R3D2,2,R3,S09+S01,T048,word_problem,0,6000,600
Qwen/Qwen2.5-7B-Instruct,qwen,R3D2,2,R3,S09+S01,T049,word_problem,0,6480,720
Qwen/Qwen2.5-7B-Instruct,qwen,R3D2,2,R3,S09+S01,T050,word_problem,0,4375,1750
Qwen/Qwen2.5-7B-Instruct,qwen,R3D2,2,R3,S09+S01,T051,word_problem,0,2700,450
Qwen/Qwen2.5-7B-Instruct,qwen,R3D2,2,R3,S09+S01,T052,word_problem,0,1680,840
Qwen/Qwen2.5-7B-Instruct,qwen,R3D2,2,R3,S09+S01,T053,word_problem,0,6930,2310
Qwen/Qwen2.5-7B-Instruct,qwen,R3D2,2,R3,S09+S01,T054,word_problem,0,4752,4356
Qwen/Qwen2.5-7B-Instruct,qwen,R3D2,2,R3,S09+S01,T055,word_problem,0,6480,540
Qwen/Qwen2.5-7B-Instruct,qwen,R3D2,2,R3,S09+S01,T056,word_problem,0,2916,3240
Qwen/Qwen2.5-7B-Instruct,qwen,R3D2,2,R3,S09+S01,T057,word_problem,0,3456,2880
Qwen/Qwen2.5-7B-Instruct,qwen,R3D2,2,R3,S09+S01,T058,word_problem,0,4800,1200
Qwen/Qwen2.5-7B-Instruct,qwen,R3D2,2,R3,S09+S01,T059,word_problem,1,4200,4200
Qwen/Qwen2.5-7B-Instruct,qwen,R3D2,2,R3,S09+S01,T060,word_problem,0,5250,1050
Qwen/Qwen2.5-7B-Instruct,qwen,R3D2,2,R3,S09+S01,T061,word_problem,0,4410,1190
Qwen/Qwen2.5-7B-Instruct,qwen,R3D2,2,R3,S09+S01,T062,word_problem,0,4752,4356
Qwen/Qwen2.5-7B-Instruct,qwen,R3D2,2,R3,S09+S01,T063,word_problem,0,6000,600
Qwen/Qwen2.5-7B-Instruct,qwen,R3D2,2,R3,S09+S01,T064,word_problem,0,5000,500
Qwen/Qwen2.5-7B-Instruct,qwen,R3D2,2,R3,S09+S01,T065,word_problem,0,10080,840
Qwen/Qwen2.5-7B-Instruct,qwen,R3D2,2,R3,S09+S01,T066,conversion,1,2160,2160
Qwen/Qwen2.5-7B-Instruct,qwen,R3D2,2,R3,S09+S01,T067,conversion,0,1152,3552
Qwen/Qwen2.5-7B-Instruct,qwen,R3D2,2,R3,S09+S01,T068,conversion,1,630,630
Qwen/Qwen2.5-7B-Instruct,qwen,R3D2,2,R3,S09+S01,T069,conversion,1,48000,48000
Qwen/Qwen2.5-7B-Instruct,qwen,R3D2,2,R3,S09+S01,T070,conversion,1,900,900
Qwen/Qwen2.5-7B-Instruct,qwen,R3D2,2,R3,S09+S01,T071,conversion,1,720,720
Qwen/Qwen2.5-7B-Instruct,qwen,R3D2,2,R3,S09+S01,T072,conversion,1,125000,125000
Qwen/Qwen2.5-7B-Instruct,qwen,R3D2,2,R3,S09+S01,T073,conversion,1,1440,1440
Qwen/Qwen2.5-7B-Instruct,qwen,R3D2,2,R3,S09+S01,T074,conversion,0,864,288
Qwen/Qwen2.5-7B-Instruct,qwen,R3D2,2,R3,S09+S01,T075,conversion,1,12000,12000
Qwen/Qwen2.5-7B-Instruct,qwen,R3D2,2,R3,S09+S01,T076,conversion,1,24000,24000
Qwen/Qwen2.5-7B-Instruct,qwen,R3D2,2,R3,S09+S01,T077,conversion,1,125000,125000
Qwen/Qwen2.5-7B-Instruct,qwen,R3D2,2,R3,S09+S01,T078,conversion,1,3000,3000
Qwen/Qwen2.5-7B-Instruct,qwen,R3D2,2,R3,S09+S01,T079,conversion,1,720,720
Qwen/Qwen2.5-7B-Instruct,qwen,R3D2,2,R3,S09+S01,T080,conversion,1,3000,3000
Qwen/Qwen2.5-7B-Instruct,qwen,R3D2,2,R3,S09+S01,T081,conversion,0,60000,6000
Qwen/Qwen2.5-7B-Instruct,qwen,R3D2,2,R3,S09+S01,T082,conversion,1,36000,36000
Qwen/Qwen2.5-7B-Instruct,qwen,R3D2,2,R3,S09+S01,T083,conversion,1,15000,15000
Qwen/Qwen2.5-7B-Instruct,qwen,R3D2,2,R3,S09+S01,T084,conversion,1,12000,12000
Qwen/Qwen2.5-7B-Instruct,qwen,R3D2,2,R3,S09+S01,T085,conversion,1,105,105
Qwen/Qwen2.5-7B-Instruct,qwen,R3D2,2,R3,S09+S01,T086,conversion,1,360,360
Qwen/Qwen2.5-7B-Instruct,qwen,R3D2,2,R3,S09+S01,T087,conversion,1,7000,7000
Qwen/Qwen2.5-7B-Instruct,qwen,R3D2,2,R3,S09+S01,T088,conversion,1,72,72
Qwen/Qwen2.5-7B-Instruct,qwen,R3D2,2,R3,S09+S01,T089,conversion,1,48000,48000
Qwen/Qwen2.5-7B-Instruct,qwen,R3D2,2,R3,S09+S01,T090,conversion,1,720,720
Qwen/Qwen2.5-7B-Instruct,qwen,R3D2,2,R3,S09+S01,T091,date,0,25 April 2026,30 April 2026
Qwen/Qwen2.5-7B-Instruct,qwen,R3D2,2,R3,S09+S01,T092,date,0,10 June 2026,30 June 2026
Qwen/Qwen2.5-7B-Instruct,qwen,R3D2,2,R3,S09+S01,T093,date,0,27 April 2026,01 May 2026
Qwen/Qwen2.5-7B-Instruct,qwen,R3D2,2,R3,S09+S01,T094,date,0,26 November 2026,25 November 2026
Qwen/Qwen2.5-7B-Instruct,qwen,R3D2,2,R3,S09+S01,T095,date,0,08 October 2026,30 October 2026
Qwen/Qwen2.5-7B-Instruct,qwen,R3D2,2,R3,S09+S01,T096,date,0,11 November 2026,10 November 2026
Qwen/Qwen2.5-7B-Instruct,qwen,R3D2,2,R3,S09+S01,T097,date,0,16 March 2026,15 April 2026
Qwen/Qwen2.5-7B-Instruct,qwen,R3D2,2,R3,S09+S01,T098,date,0,01 June 2026,30 June 2026
Qwen/Qwen2.5-7B-Instruct,qwen,R3D2,2,R3,S09+S01,T099,date,0,16 October 2026,30 October 2026
Qwen/Qwen2.5-7B-Instruct,qwen,R3D2,2,R3,S09+S01,T100,date,1,12 June 2026,12 June 2026
Qwen/Qwen2.5-7B-Instruct,qwen,R3D2,2,R3,S09+S01,T101,date,1,24 June 2026,24 June 2026
Qwen/Qwen2.5-7B-Instruct,qwen,R3D2,2,R3,S09+S01,T102,date,1,25 July 2026,25 July 2026
Qwen/Qwen2.5-7B-Instruct,qwen,R3D2,2,R3,S09+S01,T103,date,0,14 November 2026,15 November 2026
Qwen/Qwen2.5-7B-Instruct,qwen,R3D2,2,R3,S09+S01,T104,date,0,06 February 2027,14 February 2027
Qwen/Qwen2.5-7B-Instruct,qwen,R3D2,2,R3,S09+S01,T105,date,0,08 May 2026,30 May 2026
Qwen/Qwen2.5-7B-Instruct,qwen,R3D2,2,R3,S09+S01,T106,date,1,30 October 2026,30 October 2026
Qwen/Qwen2.5-7B-Instruct,qwen,R3D2,2,R3,S09+S01,T107,date,0,05 June 2026,30 June 2026
Qwen/Qwen2.5-7B-Instruct,qwen,R3D2,2,R3,S09+S01,T108,date,0,08 October 2026,12 October 2026
Qwen/Qwen2.5-7B-Instruct,qwen,R3D2,2,R3,S09+S01,T109,date,0,10 August 2026,14 September 2026
Qwen/Qwen2.5-7B-Instruct,qwen,R3D2,2,R3,S09+S01,T110,date,0,17 December 2026,18 December 2026
Qwen/Qwen2.5-7B-Instruct,qwen,R3D2,2,R3,S09+S01,T111,date,1,13 January 2027,13 January 2027
Qwen/Qwen2.5-7B-Instruct,qwen,R3D2,2,R3,S09+S01,T112,date,0,07 October 2026,30 October 2026
Qwen/Qwen2.5-7B-Instruct,qwen,R3D2,2,R3,S09+S01,T113,date,0,26 August 2026,30 August 2026
Qwen/Qwen2.5-7B-Instruct,qwen,R3D2,2,R3,S09+S01,T114,date,0,26 January 2026,25 February 2026
Qwen/Qwen2.5-7B-Instruct,qwen,R3D2,2,R3,S09+S01,T115,date,0,18 September 2026,17 September 2026
Qwen/Qwen2.5-7B-Instruct,qwen,R3D2,2,R3,S09+S01,T116,table,1,North,North
Qwen/Qwen2.5-7B-Instruct,qwen,R3D2,2,R3,S09+S01,T117,table,0,1669,1679
Qwen/Qwen2.5-7B-Instruct,qwen,R3D2,2,R3,S09+S01,T118,table,1,West,West
Qwen/Qwen2.5-7B-Instruct,qwen,R3D2,2,R3,S09+S01,T119,table,1,North,North
Qwen/Qwen2.5-7B-Instruct,qwen,R3D2,2,R3,S09+S01,T120,table,1,West,West
Qwen/Qwen2.5-7B-Instruct,qwen,R3D2,2,R3,S09+S01,T121,table,0,503,502
Qwen/Qwen2.5-7B-Instruct,qwen,R3D2,2,R3,S09+S01,T122,table,1,Central,Central
Qwen/Qwen2.5-7B-Instruct,qwen,R3D2,2,R3,S09+S01,T123,table,1,South,South
Qwen/Qwen2.5-7B-Instruct,qwen,R3D2,2,R3,S09+S01,T124,table,0,1914,2014
Qwen/Qwen2.5-7B-Instruct,qwen,R3D2,2,R3,S09+S01,T125,table,0,499,316
Qwen/Qwen2.5-7B-Instruct,qwen,R3D2,2,R3,S09+S01,T126,table,1,1865,1865
Qwen/Qwen2.5-7B-Instruct,qwen,R3D2,2,R3,S09+S01,T127,table,1,Central,Central
Qwen/Qwen2.5-7B-Instruct,qwen,R3D2,2,R3,S09+S01,T128,table,1,2623,2623
Qwen/Qwen2.5-7B-Instruct,qwen,R3D2,2,R3,S09+S01,T129,table,1,617,617
Qwen/Qwen2.5-7B-Instruct,qwen,R3D2,2,R3,S09+S01,T130,table,1,West,West
Qwen/Qwen2.5-7B-Instruct,qwen,R3D2,2,R3,S09+S01,T131,table,0,529,429
Qwen/Qwen2.5-7B-Instruct,qwen,R3D2,2,R3,S09+S01,T132,table,0,2156,1956
Qwen/Qwen2.5-7B-Instruct,qwen,R3D2,2,R3,S09+S01,T133,table,1,East,East
Qwen/Qwen2.5-7B-Instruct,qwen,R3D2,2,R3,S09+S01,T134,table,0,504,404
Qwen/Qwen2.5-7B-Instruct,qwen,R3D2,2,R3,S09+S01,T135,table,0,South,East
Qwen/Qwen2.5-7B-Instruct,qwen,R3D2,2,R3,S09+S01,T136,table,0,637,717
Qwen/Qwen2.5-7B-Instruct,qwen,R3D2,2,R3,S09+S01,T137,table,0,479,483
Qwen/Qwen2.5-7B-Instruct,qwen,R3D2,2,R3,S09+S01,T138,table,1,1792,1792
Qwen/Qwen2.5-7B-Instruct,qwen,R3D2,2,R3,S09+S01,T139,table,1,492,492
Qwen/Qwen2.5-7B-Instruct,qwen,R3D2,2,R3,S09+S01,T140,table,0,760,457
Qwen/Qwen2.5-7B-Instruct,qwen,R3D2,2,R3,S09+S01,T141,table,1,473,473
Qwen/Qwen2.5-7B-Instruct,qwen,R3D2,2,R3,S09+S01,T142,table,0,Central,North
Qwen/Qwen2.5-7B-Instruct,qwen,R3D2,2,R3,S09+S01,T143,table,1,South,South: 265
Qwen/Qwen2.5-7B-Instruct,qwen,R3D2,2,R3,S09+S01,T144,table,0,294,314
Qwen/Qwen2.5-7B-Instruct,qwen,R3D2,2,R3,S09+S01,T145,table,1,160,160
Qwen/Qwen2.5-7B-Instruct,qwen,R3D2,2,R3,S09+S01,T146,logic,0,Devon,2
Qwen/Qwen2.5-7B-Instruct,qwen,R3D2,2,R3,S09+S01,T147,logic,0,Alex,Gray
Qwen/Qwen2.5-7B-Instruct,qwen,R3D2,2,R3,S09+S01,T148,logic,1,Gray,Gray
Qwen/Qwen2.5-7B-Instruct,qwen,R3D2,2,R3,S09+S01,T149,logic,1,Frankie,Frankie
Qwen/Qwen2.5-7B-Instruct,qwen,R3D2,2,R3,S09+S01,T150,logic,1,Casey,Casey
Qwen/Qwen2.5-7B-Instruct,qwen,R3D2,2,R3,S09+S01,T151,logic,0,Devon,2
Qwen/Qwen2.5-7B-Instruct,qwen,R3D2,2,R3,S09+S01,T152,logic,1,Gray,Gray
Qwen/Qwen2.5-7B-Instruct,qwen,R3D2,2,R3,S09+S01,T153,logic,0,Casey,3
Qwen/Qwen2.5-7B-Instruct,qwen,R3D2,2,R3,S09+S01,T154,logic,1,Gray,Gray
Qwen/Qwen2.5-7B-Instruct,qwen,R3D2,2,R3,S09+S01,T155,logic,0,Alex,Gray
Qwen/Qwen2.5-7B-Instruct,qwen,R3D2,2,R3,S09+S01,T156,logic,1,Bailey,Bailey
Qwen/Qwen2.5-7B-Instruct,qwen,R3D2,2,R3,S09+S01,T157,logic,1,Bailey,Bailey
Qwen/Qwen2.5-7B-Instruct,qwen,R3D2,2,R3,S09+S01,T158,logic,0,Devon,Frankie
Qwen/Qwen2.5-7B-Instruct,qwen,R3D2,2,R3,S09+S01,T159,logic,1,Alex,Alex
Qwen/Qwen2.5-7B-Instruct,qwen,R3D2,2,R3,S09+S01,T160,logic,0,Bailey,2
Qwen/Qwen2.5-7B-Instruct,qwen,R3D2,2,R3,S09+S01,T161,logic,0,Devon,3
Qwen/Qwen2.5-7B-Instruct,qwen,R3D2,2,R3,S09+S01,T162,logic,1,Alex,Alex
Qwen/Qwen2.5-7B-Instruct,qwen,R3D2,2,R3,S09+S01,T163,logic,0,Frankie,Alex
Qwen/Qwen2.5-7B-Instruct,qwen,R3D2,2,R3,S09+S01,T164,logic,1,Bailey,Bailey
Qwen/Qwen2.5-7B-Instruct,qwen,R3D2,2,R3,S09+S01,T165,logic,0,Bailey,Frankie
Qwen/Qwen2.5-7B-Instruct,qwen,R3D2,2,R3,S09+S01,T166,logic,1,Gray,Gray
Qwen/Qwen2.5-7B-Instruct,qwen,R3D2,2,R3,S09+S01,T167,logic,0,Alex,Gray
Qwen/Qwen2.5-7B-Instruct,qwen,R3D2,2,R3,S09+S01,T168,logic,1,Casey,Casey
Qwen/Qwen2.5-7B-Instruct,qwen,R3D2,2,R3,S09+S01,T169,logic,1,Bailey,Bailey
Qwen/Qwen2.5-7B-Instruct,qwen,R3D2,2,R3,S09+S01,T170,logic,1,Bailey,Bailey
Qwen/Qwen2.5-7B-Instruct,qwen,R3D2,2,R3,S09+S01,T171,rate,1,2,2
Qwen/Qwen2.5-7B-Instruct,qwen,R3D2,2,R3,S09+S01,T172,rate,1,10,10
Qwen/Qwen2.5-7B-Instruct,qwen,R3D2,2,R3,S09+S01,T173,rate,1,4,4
Qwen/Qwen2.5-7B-Instruct,qwen,R3D2,2,R3,S09+S01,T174,rate,0,3.33333,3
Qwen/Qwen2.5-7B-Instruct,qwen,R3D2,2,R3,S09+S01,T175,rate,1,180,180
Qwen/Qwen2.5-7B-Instruct,qwen,R3D2,2,R3,S09+S01,T176,rate,1,1.2,1.2
Qwen/Qwen2.5-7B-Instruct,qwen,R3D2,2,R3,S09+S01,T177,rate,1,30,30
Qwen/Qwen2.5-7B-Instruct,qwen,R3D2,2,R3,S09+S01,T178,rate,1,90,90
Qwen/Qwen2.5-7B-Instruct,qwen,R3D2,2,R3,S09+S01,T179,rate,1,3,3
Qwen/Qwen2.5-7B-Instruct,qwen,R3D2,2,R3,S09+S01,T180,rate,1,4,4
Qwen/Qwen2.5-7B-Instruct,qwen,R3D2,2,R3,S09+S01,T181,rate,1,3.2,3.2
Qwen/Qwen2.5-7B-Instruct,qwen,R3D2,2,R3,S09+S01,T182,rate,1,40,40
Qwen/Qwen2.5-7B-Instruct,qwen,R3D2,2,R3,S09+S01,T183,rate,0,3.33333,3
Qwen/Qwen2.5-7B-Instruct,qwen,R3D2,2,R3,S09+S01,T184,rate,1,150,150
Qwen/Qwen2.5-7B-Instruct,qwen,R3D2,2,R3,S09+S01,T185,rate,1,90,90
Qwen/Qwen2.5-7B-Instruct,qwen,R3D2,2,R3,S09+S01,T186,rate,1,45,45
Qwen/Qwen2.5-7B-Instruct,qwen,R3D2,2,R3,S09+S01,T187,rate,1,5,5
Qwen/Qwen2.5-7B-Instruct,qwen,R3D2,2,R3,S09+S01,T188,rate,1,60,60
Qwen/Qwen2.5-7B-Instruct,qwen,R3D2,2,R3,S09+S01,T189,rate,0,3.33333,3
Qwen/Qwen2.5-7B-Instruct,qwen,R3D2,2,R3,S09+S01,T190,rate,1,270,270
Qwen/Qwen2.5-7B-Instruct,qwen,R3D2,2,R3,S09+S01,T191,rate,0,5.33333,5.33
Qwen/Qwen2.5-7B-Instruct,qwen,R3D2,2,R3,S09+S01,T192,rate,1,45,45
Qwen/Qwen2.5-7B-Instruct,qwen,R3D2,2,R3,S09+S01,T193,rate,0,2.66667,2.67
Qwen/Qwen2.5-7B-Instruct,qwen,R3D2,2,R3,S09+S01,T194,rate,0,5.33333,5.33
Qwen/Qwen2.5-7B-Instruct,qwen,R3D2,2,R3,S09+S01,T195,rate,1,30,30
Qwen/Qwen2.5-7B-Instruct,qwen,R3D2,2,R3,S09+S01,T196,rate,1,4.5,4.5
Qwen/Qwen2.5-7B-Instruct,qwen,R3D2,2,R3,S09+S01,T197,rate,1,30,30
Qwen/Qwen2.5-7B-Instruct,qwen,R3D2,2,R3,S09+S01,T198,rate,1,60,60
Qwen/Qwen2.5-7B-Instruct,qwen,R3D2,2,R3,S09+S01,T199,rate,1,270,270
Qwen/Qwen2.5-7B-Instruct,qwen,R3D2,2,R3,S09+S01,T200,rate,1,40,40
Qwen/Qwen2.5-7B-Instruct,qwen,R3D3*,3,R3,S09+S01+S04,T001,percentage,0,3480,3360
Qwen/Qwen2.5-7B-Instruct,qwen,R3D3*,3,R3,S09+S01+S04,T002,percentage,1,312.5,312.5
Qwen/Qwen2.5-7B-Instruct,qwen,R3D3*,3,R3,S09+S01+S04,T003,percentage,1,288,288
Qwen/Qwen2.5-7B-Instruct,qwen,R3D3*,3,R3,S09+S01+S04,T004,percentage,0,1044,1038
Qwen/Qwen2.5-7B-Instruct,qwen,R3D3*,3,R3,S09+S01+S04,T005,percentage,1,500,500
Qwen/Qwen2.5-7B-Instruct,qwen,R3D3*,3,R3,S09+S01+S04,T006,percentage,1,26.4,26.4
Qwen/Qwen2.5-7B-Instruct,qwen,R3D3*,3,R3,S09+S01+S04,T007,percentage,0,697,687
Qwen/Qwen2.5-7B-Instruct,qwen,R3D3*,3,R3,S09+S01+S04,T008,percentage,1,540,540
Qwen/Qwen2.5-7B-Instruct,qwen,R3D3*,3,R3,S09+S01+S04,T009,percentage,0,127.5,130.5
Qwen/Qwen2.5-7B-Instruct,qwen,R3D3*,3,R3,S09+S01+S04,T010,percentage,1,150,150
Qwen/Qwen2.5-7B-Instruct,qwen,R3D3*,3,R3,S09+S01+S04,T011,percentage,1,1408,1408
Qwen/Qwen2.5-7B-Instruct,qwen,R3D3*,3,R3,S09+S01+S04,T012,percentage,1,119,119
Qwen/Qwen2.5-7B-Instruct,qwen,R3D3*,3,R3,S09+S01+S04,T013,percentage,1,528,528
Qwen/Qwen2.5-7B-Instruct,qwen,R3D3*,3,R3,S09+S01+S04,T014,percentage,1,30,30
Qwen/Qwen2.5-7B-Instruct,qwen,R3D3*,3,R3,S09+S01+S04,T015,percentage,0,552.5,555
Qwen/Qwen2.5-7B-Instruct,qwen,R3D3*,3,R3,S09+S01+S04,T016,percentage,1,672,672
Qwen/Qwen2.5-7B-Instruct,qwen,R3D3*,3,R3,S09+S01+S04,T017,percentage,1,2560,2560
Qwen/Qwen2.5-7B-Instruct,qwen,R3D3*,3,R3,S09+S01+S04,T018,percentage,1,422.4,422.4
Qwen/Qwen2.5-7B-Instruct,qwen,R3D3*,3,R3,S09+S01+S04,T019,percentage,1,192,192
Qwen/Qwen2.5-7B-Instruct,qwen,R3D3*,3,R3,S09+S01+S04,T020,percentage,1,30,30
Qwen/Qwen2.5-7B-Instruct,qwen,R3D3*,3,R3,S09+S01+S04,T021,percentage,1,108,108
Qwen/Qwen2.5-7B-Instruct,qwen,R3D3*,3,R3,S09+S01+S04,T022,percentage,0,196.8,200
Qwen/Qwen2.5-7B-Instruct,qwen,R3D3*,3,R3,S09+S01+S04,T023,percentage,1,225,225
Qwen/Qwen2.5-7B-Instruct,qwen,R3D3*,3,R3,S09+S01+S04,T024,percentage,1,90,90
Qwen/Qwen2.5-7B-Instruct,qwen,R3D3*,3,R3,S09+S01+S04,T025,percentage,1,500,500
Qwen/Qwen2.5-7B-Instruct,qwen,R3D3*,3,R3,S09+S01+S04,T026,percentage,1,352,352
Qwen/Qwen2.5-7B-Instruct,qwen,R3D3*,3,R3,S09+S01+S04,T027,percentage,1,960,960
Qwen/Qwen2.5-7B-Instruct,qwen,R3D3*,3,R3,S09+S01+S04,T028,percentage,1,324,324
Qwen/Qwen2.5-7B-Instruct,qwen,R3D3*,3,R3,S09+S01+S04,T029,percentage,1,420,420
Qwen/Qwen2.5-7B-Instruct,qwen,R3D3*,3,R3,S09+S01+S04,T030,percentage,0,849.6,850
Qwen/Qwen2.5-7B-Instruct,qwen,R3D3*,3,R3,S09+S01+S04,T031,percentage,0,476,472
Qwen/Qwen2.5-7B-Instruct,qwen,R3D3*,3,R3,S09+S01+S04,T032,percentage,0,1100,1105
Qwen/Qwen2.5-7B-Instruct,qwen,R3D3*,3,R3,S09+S01+S04,T033,percentage,1,1560,1560
Qwen/Qwen2.5-7B-Instruct,qwen,R3D3*,3,R3,S09+S01+S04,T034,percentage,1,196,196
Qwen/Qwen2.5-7B-Instruct,qwen,R3D3*,3,R3,S09+S01+S04,T035,percentage,1,156,156
Qwen/Qwen2.5-7B-Instruct,qwen,R3D3*,3,R3,S09+S01+S04,T036,word_problem,0,4374,486
Qwen/Qwen2.5-7B-Instruct,qwen,R3D3*,3,R3,S09+S01+S04,T037,word_problem,1,3500,3500
Qwen/Qwen2.5-7B-Instruct,qwen,R3D3*,3,R3,S09+S01+S04,T038,word_problem,0,3360,840
Qwen/Qwen2.5-7B-Instruct,qwen,R3D3*,3,R3,S09+S01+S04,T039,word_problem,0,4200,1470
Qwen/Qwen2.5-7B-Instruct,qwen,R3D3*,3,R3,S09+S01+S04,T040,word_problem,0,1728,576
Qwen/Qwen2.5-7B-Instruct,qwen,R3D3*,3,R3,S09+S01+S04,T041,word_problem,0,3600,900
Qwen/Qwen2.5-7B-Instruct,qwen,R3D3*,3,R3,S09+S01+S04,T042,word_problem,0,12600,4200
Qwen/Qwen2.5-7B-Instruct,qwen,R3D3*,3,R3,S09+S01+S04,T043,word_problem,0,3630,3850
Qwen/Qwen2.5-7B-Instruct,qwen,R3D3*,3,R3,S09+S01+S04,T044,word_problem,0,8064,3360
Qwen/Qwen2.5-7B-Instruct,qwen,R3D3*,3,R3,S09+S01+S04,T045,word_problem,0,12600,9260
Qwen/Qwen2.5-7B-Instruct,qwen,R3D3*,3,R3,S09+S01+S04,T046,word_problem,0,7840,11960
Qwen/Qwen2.5-7B-Instruct,qwen,R3D3*,3,R3,S09+S01+S04,T047,word_problem,0,6720,1680
Qwen/Qwen2.5-7B-Instruct,qwen,R3D3*,3,R3,S09+S01+S04,T048,word_problem,1,6000,6000
Qwen/Qwen2.5-7B-Instruct,qwen,R3D3*,3,R3,S09+S01+S04,T049,word_problem,0,6480,7200
Qwen/Qwen2.5-7B-Instruct,qwen,R3D3*,3,R3,S09+S01+S04,T050,word_problem,0,4375,1750
Qwen/Qwen2.5-7B-Instruct,qwen,R3D3*,3,R3,S09+S01+S04,T051,word_problem,0,2700,450
Qwen/Qwen2.5-7B-Instruct,qwen,R3D3*,3,R3,S09+S01+S04,T052,word_problem,0,1680,840
Qwen/Qwen2.5-7B-Instruct,qwen,R3D3*,3,R3,S09+S01+S04,T053,word_problem,0,6930,2310
Qwen/Qwen2.5-7B-Instruct,qwen,R3D3*,3,R3,S09+S01+S04,T054,word_problem,0,4752,4356
Qwen/Qwen2.5-7B-Instruct,qwen,R3D3*,3,R3,S09+S01+S04,T055,word_problem,0,6480,540
Qwen/Qwen2.5-7B-Instruct,qwen,R3D3*,3,R3,S09+S01+S04,T056,word_problem,0,2916,3240
Qwen/Qwen2.5-7B-Instruct,qwen,R3D3*,3,R3,S09+S01+S04,T057,word_problem,0,3456,2880
Qwen/Qwen2.5-7B-Instruct,qwen,R3D3*,3,R3,S09+S01+S04,T058,word_problem,0,4800,1200
Qwen/Qwen2.5-7B-Instruct,qwen,R3D3*,3,R3,S09+S01+S04,T059,word_problem,1,4200,4200
Qwen/Qwen2.5-7B-Instruct,qwen,R3D3*,3,R3,S09+S01+S04,T060,word_problem,0,5250,1050
Qwen/Qwen2.5-7B-Instruct,qwen,R3D3*,3,R3,S09+S01+S04,T061,word_problem,0,4410,1190
Qwen/Qwen2.5-7B-Instruct,qwen,R3D3*,3,R3,S09+S01+S04,T062,word_problem,0,4752,4356
Qwen/Qwen2.5-7B-Instruct,qwen,R3D3*,3,R3,S09+S01+S04,T063,word_problem,0,6000,600
Qwen/Qwen2.5-7B-Instruct,qwen,R3D3*,3,R3,S09+S01+S04,T064,word_problem,0,5000,500
Qwen/Qwen2.5-7B-Instruct,qwen,R3D3*,3,R3,S09+S01+S04,T065,word_problem,0,10080,840
Qwen/Qwen2.5-7B-Instruct,qwen,R3D3*,3,R3,S09+S01+S04,T066,conversion,1,2160,2160
Qwen/Qwen2.5-7B-Instruct,qwen,R3D3*,3,R3,S09+S01+S04,T067,conversion,0,1152,3552
Qwen/Qwen2.5-7B-Instruct,qwen,R3D3*,3,R3,S09+S01+S04,T068,conversion,1,630,630
Qwen/Qwen2.5-7B-Instruct,qwen,R3D3*,3,R3,S09+S01+S04,T069,conversion,1,48000,48000
Qwen/Qwen2.5-7B-Instruct,qwen,R3D3*,3,R3,S09+S01+S04,T070,conversion,1,900,900
Qwen/Qwen2.5-7B-Instruct,qwen,R3D3*,3,R3,S09+S01+S04,T071,conversion,1,720,720
Qwen/Qwen2.5-7B-Instruct,qwen,R3D3*,3,R3,S09+S01+S04,T072,conversion,1,125000,125000
Qwen/Qwen2.5-7B-Instruct,qwen,R3D3*,3,R3,S09+S01+S04,T073,conversion,1,1440,1440
Qwen/Qwen2.5-7B-Instruct,qwen,R3D3*,3,R3,S09+S01+S04,T074,conversion,0,864,288
Qwen/Qwen2.5-7B-Instruct,qwen,R3D3*,3,R3,S09+S01+S04,T075,conversion,1,12000,12000
Qwen/Qwen2.5-7B-Instruct,qwen,R3D3*,3,R3,S09+S01+S04,T076,conversion,1,24000,24000
Qwen/Qwen2.5-7B-Instruct,qwen,R3D3*,3,R3,S09+S01+S04,T077,conversion,1,125000,125000
Qwen/Qwen2.5-7B-Instruct,qwen,R3D3*,3,R3,S09+S01+S04,T078,conversion,1,3000,3000
Qwen/Qwen2.5-7B-Instruct,qwen,R3D3*,3,R3,S09+S01+S04,T079,conversion,1,720,720
Qwen/Qwen2.5-7B-Instruct,qwen,R3D3*,3,R3,S09+S01+S04,T080,conversion,1,3000,3000
Qwen/Qwen2.5-7B-Instruct,qwen,R3D3*,3,R3,S09+S01+S04,T081,conversion,0,60000,6000
Qwen/Qwen2.5-7B-Instruct,qwen,R3D3*,3,R3,S09+S01+S04,T082,conversion,1,36000,36000
Qwen/Qwen2.5-7B-Instruct,qwen,R3D3*,3,R3,S09+S01+S04,T083,conversion,1,15000,15000
Qwen/Qwen2.5-7B-Instruct,qwen,R3D3*,3,R3,S09+S01+S04,T084,conversion,1,12000,12000
Qwen/Qwen2.5-7B-Instruct,qwen,R3D3*,3,R3,S09+S01+S04,T085,conversion,1,105,105
Qwen/Qwen2.5-7B-Instruct,qwen,R3D3*,3,R3,S09+S01+S04,T086,conversion,1,360,360
Qwen/Qwen2.5-7B-Instruct,qwen,R3D3*,3,R3,S09+S01+S04,T087,conversion,1,7000,7000
Qwen/Qwen2.5-7B-Instruct,qwen,R3D3*,3,R3,S09+S01+S04,T088,conversion,0,72,24
Qwen/Qwen2.5-7B-Instruct,qwen,R3D3*,3,R3,S09+S01+S04,T089,conversion,1,48000,48000
Qwen/Qwen2.5-7B-Instruct,qwen,R3D3*,3,R3,S09+S01+S04,T090,conversion,1,720,720
Qwen/Qwen2.5-7B-Instruct,qwen,R3D3*,3,R3,S09+S01+S04,T091,date,1,25 April 2026,25 April 2026
Qwen/Qwen2.5-7B-Instruct,qwen,R3D3*,3,R3,S09+S01+S04,T092,date,0,10 June 2026,30 June 2026
Qwen/Qwen2.5-7B-Instruct,qwen,R3D3*,3,R3,S09+S01+S04,T093,date,1,27 April 2026,27 April 2026
Qwen/Qwen2.5-7B-Instruct,qwen,R3D3*,3,R3,S09+S01+S04,T094,date,0,26 November 2026,25 November 2026
Qwen/Qwen2.5-7B-Instruct,qwen,R3D3*,3,R3,S09+S01+S04,T095,date,0,08 October 2026,30 October 2026
Qwen/Qwen2.5-7B-Instruct,qwen,R3D3*,3,R3,S09+S01+S04,T096,date,0,11 November 2026,10 November 2026
Qwen/Qwen2.5-7B-Instruct,qwen,R3D3*,3,R3,S09+S01+S04,T097,date,0,16 March 2026,23 March 2026
Qwen/Qwen2.5-7B-Instruct,qwen,R3D3*,3,R3,S09+S01+S04,T098,date,0,01 June 2026,30 June 2026
Qwen/Qwen2.5-7B-Instruct,qwen,R3D3*,3,R3,S09+S01+S04,T099,date,0,16 October 2026,30 October 2026
Qwen/Qwen2.5-7B-Instruct,qwen,R3D3*,3,R3,S09+S01+S04,T100,date,1,12 June 2026,12 June 2026
Qwen/Qwen2.5-7B-Instruct,qwen,R3D3*,3,R3,S09+S01+S04,T101,date,1,24 June 2026,24 June 2026
Qwen/Qwen2.5-7B-Instruct,qwen,R3D3*,3,R3,S09+S01+S04,T102,date,1,25 July 2026,25 July 2026
Qwen/Qwen2.5-7B-Instruct,qwen,R3D3*,3,R3,S09+S01+S04,T103,date,0,14 November 2026,15 November 2026
Qwen/Qwen2.5-7B-Instruct,qwen,R3D3*,3,R3,S09+S01+S04,T104,date,0,06 February 2027,17 February 2027
Qwen/Qwen2.5-7B-Instruct,qwen,R3D3*,3,R3,S09+S01+S04,T105,date,0,08 May 2026,30 May 2026
Qwen/Qwen2.5-7B-Instruct,qwen,R3D3*,3,R3,S09+S01+S04,T106,date,1,30 October 2026,30 October 2026
Qwen/Qwen2.5-7B-Instruct,qwen,R3D3*,3,R3,S09+S01+S04,T107,date,0,05 June 2026,30 June 2026
Qwen/Qwen2.5-7B-Instruct,qwen,R3D3*,3,R3,S09+S01+S04,T108,date,0,08 October 2026,17 October 2026
Qwen/Qwen2.5-7B-Instruct,qwen,R3D3*,3,R3,S09+S01+S04,T109,date,0,10 August 2026,14 September 2026
Qwen/Qwen2.5-7B-Instruct,qwen,R3D3*,3,R3,S09+S01+S04,T110,date,0,17 December 2026,18 January 2027
Qwen/Qwen2.5-7B-Instruct,qwen,R3D3*,3,R3,S09+S01+S04,T111,date,1,13 January 2027,13 January 2027
Qwen/Qwen2.5-7B-Instruct,qwen,R3D3*,3,R3,S09+S01+S04,T112,date,0,07 October 2026,30 October 2026
Qwen/Qwen2.5-7B-Instruct,qwen,R3D3*,3,R3,S09+S01+S04,T113,date,0,26 August 2026,30 August 2026
Qwen/Qwen2.5-7B-Instruct,qwen,R3D3*,3,R3,S09+S01+S04,T114,date,0,26 January 2026,24 February 2026
Qwen/Qwen2.5-7B-Instruct,qwen,R3D3*,3,R3,S09+S01+S04,T115,date,0,18 September 2026,17 September 2026
Qwen/Qwen2.5-7B-Instruct,qwen,R3D3*,3,R3,S09+S01+S04,T116,table,1,North,North
Qwen/Qwen2.5-7B-Instruct,qwen,R3D3*,3,R3,S09+S01+S04,T117,table,0,1669,1679
Qwen/Qwen2.5-7B-Instruct,qwen,R3D3*,3,R3,S09+S01+S04,T118,table,1,West,West
Qwen/Qwen2.5-7B-Instruct,qwen,R3D3*,3,R3,S09+S01+S04,T119,table,1,North,North
Qwen/Qwen2.5-7B-Instruct,qwen,R3D3*,3,R3,S09+S01+S04,T120,table,1,West,West
Qwen/Qwen2.5-7B-Instruct,qwen,R3D3*,3,R3,S09+S01+S04,T121,table,0,503,502
Qwen/Qwen2.5-7B-Instruct,qwen,R3D3*,3,R3,S09+S01+S04,T122,table,1,Central,Central
Qwen/Qwen2.5-7B-Instruct,qwen,R3D3*,3,R3,S09+S01+S04,T123,table,1,South,South
Qwen/Qwen2.5-7B-Instruct,qwen,R3D3*,3,R3,S09+S01+S04,T124,table,0,1914,2014
Qwen/Qwen2.5-7B-Instruct,qwen,R3D3*,3,R3,S09+S01+S04,T125,table,0,499,316
Qwen/Qwen2.5-7B-Instruct,qwen,R3D3*,3,R3,S09+S01+S04,T126,table,1,1865,1865
Qwen/Qwen2.5-7B-Instruct,qwen,R3D3*,3,R3,S09+S01+S04,T127,table,1,Central,Central
Qwen/Qwen2.5-7B-Instruct,qwen,R3D3*,3,R3,S09+S01+S04,T128,table,1,2623,2623
Qwen/Qwen2.5-7B-Instruct,qwen,R3D3*,3,R3,S09+S01+S04,T129,table,1,617,617
Qwen/Qwen2.5-7B-Instruct,qwen,R3D3*,3,R3,S09+S01+S04,T130,table,1,West,West
Qwen/Qwen2.5-7B-Instruct,qwen,R3D3*,3,R3,S09+S01+S04,T131,table,1,529,529
Qwen/Qwen2.5-7B-Instruct,qwen,R3D3*,3,R3,S09+S01+S04,T132,table,0,2156,1956
Qwen/Qwen2.5-7B-Instruct,qwen,R3D3*,3,R3,S09+S01+S04,T133,table,1,East,East
Qwen/Qwen2.5-7B-Instruct,qwen,R3D3*,3,R3,S09+S01+S04,T134,table,0,504,404
Qwen/Qwen2.5-7B-Instruct,qwen,R3D3*,3,R3,S09+S01+S04,T135,table,0,South,East
Qwen/Qwen2.5-7B-Instruct,qwen,R3D3*,3,R3,S09+S01+S04,T136,table,0,637,717
Qwen/Qwen2.5-7B-Instruct,qwen,R3D3*,3,R3,S09+S01+S04,T137,table,0,479,483
Qwen/Qwen2.5-7B-Instruct,qwen,R3D3*,3,R3,S09+S01+S04,T138,table,1,1792,1792
Qwen/Qwen2.5-7B-Instruct,qwen,R3D3*,3,R3,S09+S01+S04,T139,table,1,492,492
Qwen/Qwen2.5-7B-Instruct,qwen,R3D3*,3,R3,S09+S01+S04,T140,table,0,760,459
Qwen/Qwen2.5-7B-Instruct,qwen,R3D3*,3,R3,S09+S01+S04,T141,table,1,473,473
Qwen/Qwen2.5-7B-Instruct,qwen,R3D3*,3,R3,S09+S01+S04,T142,table,0,Central,North
Qwen/Qwen2.5-7B-Instruct,qwen,R3D3*,3,R3,S09+S01+S04,T143,table,1,South,South
Qwen/Qwen2.5-7B-Instruct,qwen,R3D3*,3,R3,S09+S01+S04,T144,table,0,294,314
Qwen/Qwen2.5-7B-Instruct,qwen,R3D3*,3,R3,S09+S01+S04,T145,table,1,160,160
Qwen/Qwen2.5-7B-Instruct,qwen,R3D3*,3,R3,S09+S01+S04,T146,logic,0,Devon,2
Qwen/Qwen2.5-7B-Instruct,qwen,R3D3*,3,R3,S09+S01+S04,T147,logic,0,Alex,Gray
Qwen/Qwen2.5-7B-Instruct,qwen,R3D3*,3,R3,S09+S01+S04,T148,logic,1,Gray,Gray
Qwen/Qwen2.5-7B-Instruct,qwen,R3D3*,3,R3,S09+S01+S04,T149,logic,1,Frankie,Frankie
Qwen/Qwen2.5-7B-Instruct,qwen,R3D3*,3,R3,S09+S01+S04,T150,logic,1,Casey,Casey
Qwen/Qwen2.5-7B-Instruct,qwen,R3D3*,3,R3,S09+S01+S04,T151,logic,0,Devon,2
Qwen/Qwen2.5-7B-Instruct,qwen,R3D3*,3,R3,S09+S01+S04,T152,logic,1,Gray,Gray
Qwen/Qwen2.5-7B-Instruct,qwen,R3D3*,3,R3,S09+S01+S04,T153,logic,0,Casey,3
Qwen/Qwen2.5-7B-Instruct,qwen,R3D3*,3,R3,S09+S01+S04,T154,logic,1,Gray,Gray
Qwen/Qwen2.5-7B-Instruct,qwen,R3D3*,3,R3,S09+S01+S04,T155,logic,0,Alex,Gray
Qwen/Qwen2.5-7B-Instruct,qwen,R3D3*,3,R3,S09+S01+S04,T156,logic,1,Bailey,Bailey
Qwen/Qwen2.5-7B-Instruct,qwen,R3D3*,3,R3,S09+S01+S04,T157,logic,1,Bailey,Bailey
Qwen/Qwen2.5-7B-Instruct,qwen,R3D3*,3,R3,S09+S01+S04,T158,logic,0,Devon,Frankie
Qwen/Qwen2.5-7B-Instruct,qwen,R3D3*,3,R3,S09+S01+S04,T159,logic,1,Alex,Alex
Qwen/Qwen2.5-7B-Instruct,qwen,R3D3*,3,R3,S09+S01+S04,T160,logic,0,Bailey,2
Qwen/Qwen2.5-7B-Instruct,qwen,R3D3*,3,R3,S09+S01+S04,T161,logic,0,Devon,3
Qwen/Qwen2.5-7B-Instruct,qwen,R3D3*,3,R3,S09+S01+S04,T162,logic,1,Alex,Alex
Qwen/Qwen2.5-7B-Instruct,qwen,R3D3*,3,R3,S09+S01+S04,T163,logic,0,Frankie,Alex
Qwen/Qwen2.5-7B-Instruct,qwen,R3D3*,3,R3,S09+S01+S04,T164,logic,1,Bailey,Bailey
Qwen/Qwen2.5-7B-Instruct,qwen,R3D3*,3,R3,S09+S01+S04,T165,logic,0,Bailey,Frankie
Qwen/Qwen2.5-7B-Instruct,qwen,R3D3*,3,R3,S09+S01+S04,T166,logic,1,Gray,Gray
Qwen/Qwen2.5-7B-Instruct,qwen,R3D3*,3,R3,S09+S01+S04,T167,logic,0,Alex,Gray
Qwen/Qwen2.5-7B-Instruct,qwen,R3D3*,3,R3,S09+S01+S04,T168,logic,1,Casey,Casey
Qwen/Qwen2.5-7B-Instruct,qwen,R3D3*,3,R3,S09+S01+S04,T169,logic,1,Bailey,Bailey
Qwen/Qwen2.5-7B-Instruct,qwen,R3D3*,3,R3,S09+S01+S04,T170,logic,1,Bailey,Bailey
Qwen/Qwen2.5-7B-Instruct,qwen,R3D3*,3,R3,S09+S01+S04,T171,rate,1,2,2
Qwen/Qwen2.5-7B-Instruct,qwen,R3D3*,3,R3,S09+S01+S04,T172,rate,1,10,10
Qwen/Qwen2.5-7B-Instruct,qwen,R3D3*,3,R3,S09+S01+S04,T173,rate,1,4,4
Qwen/Qwen2.5-7B-Instruct,qwen,R3D3*,3,R3,S09+S01+S04,T174,rate,0,3.33333,3
Qwen/Qwen2.5-7B-Instruct,qwen,R3D3*,3,R3,S09+S01+S04,T175,rate,1,180,180
Qwen/Qwen2.5-7B-Instruct,qwen,R3D3*,3,R3,S09+S01+S04,T176,rate,1,1.2,1.2
Qwen/Qwen2.5-7B-Instruct,qwen,R3D3*,3,R3,S09+S01+S04,T177,rate,1,30,30
Qwen/Qwen2.5-7B-Instruct,qwen,R3D3*,3,R3,S09+S01+S04,T178,rate,1,90,90
Qwen/Qwen2.5-7B-Instruct,qwen,R3D3*,3,R3,S09+S01+S04,T179,rate,1,3,3
Qwen/Qwen2.5-7B-Instruct,qwen,R3D3*,3,R3,S09+S01+S04,T180,rate,1,4,4
Qwen/Qwen2.5-7B-Instruct,qwen,R3D3*,3,R3,S09+S01+S04,T181,rate,1,3.2,3.2
Qwen/Qwen2.5-7B-Instruct,qwen,R3D3*,3,R3,S09+S01+S04,T182,rate,1,40,40
Qwen/Qwen2.5-7B-Instruct,qwen,R3D3*,3,R3,S09+S01+S04,T183,rate,0,3.33333,3
Qwen/Qwen2.5-7B-Instruct,qwen,R3D3*,3,R3,S09+S01+S04,T184,rate,1,150,150
Qwen/Qwen2.5-7B-Instruct,qwen,R3D3*,3,R3,S09+S01+S04,T185,rate,1,90,90
Qwen/Qwen2.5-7B-Instruct,qwen,R3D3*,3,R3,S09+S01+S04,T186,rate,1,45,45
Qwen/Qwen2.5-7B-Instruct,qwen,R3D3*,3,R3,S09+S01+S04,T187,rate,1,5,5
Qwen/Qwen2.5-7B-Instruct,qwen,R3D3*,3,R3,S09+S01+S04,T188,rate,1,60,60
Qwen/Qwen2.5-7B-Instruct,qwen,R3D3*,3,R3,S09+S01+S04,T189,rate,0,3.33333,3
Qwen/Qwen2.5-7B-Instruct,qwen,R3D3*,3,R3,S09+S01+S04,T190,rate,1,270,270
Qwen/Qwen2.5-7B-Instruct,qwen,R3D3*,3,R3,S09+S01+S04,T191,rate,0,5.33333,5.33
Qwen/Qwen2.5-7B-Instruct,qwen,R3D3*,3,R3,S09+S01+S04,T192,rate,1,45,45
Qwen/Qwen2.5-7B-Instruct,qwen,R3D3*,3,R3,S09+S01+S04,T193,rate,0,2.66667,2.67
Qwen/Qwen2.5-7B-Instruct,qwen,R3D3*,3,R3,S09+S01+S04,T194,rate,0,5.33333,5.33
Qwen/Qwen2.5-7B-Instruct,qwen,R3D3*,3,R3,S09+S01+S04,T195,rate,1,30,30
Qwen/Qwen2.5-7B-Instruct,qwen,R3D3*,3,R3,S09+S01+S04,T196,rate,1,4.5,4.5
Qwen/Qwen2.5-7B-Instruct,qwen,R3D3*,3,R3,S09+S01+S04,T197,rate,1,30,30
Qwen/Qwen2.5-7B-Instruct,qwen,R3D3*,3,R3,S09+S01+S04,T198,rate,1,60,60
Qwen/Qwen2.5-7B-Instruct,qwen,R3D3*,3,R3,S09+S01+S04,T199,rate,1,270,270
Qwen/Qwen2.5-7B-Instruct,qwen,R3D3*,3,R3,S09+S01+S04,T200,rate,1,40,40
Qwen/Qwen2.5-7B-Instruct,qwen,R4D1,1,R4,S05,T001,percentage,0,3480,3360
Qwen/Qwen2.5-7B-Instruct,qwen,R4D1,1,R4,S05,T002,percentage,1,312.5,312.5
Qwen/Qwen2.5-7B-Instruct,qwen,R4D1,1,R4,S05,T003,percentage,1,288,288
Qwen/Qwen2.5-7B-Instruct,qwen,R4D1,1,R4,S05,T004,percentage,0,1044,1038
Qwen/Qwen2.5-7B-Instruct,qwen,R4D1,1,R4,S05,T005,percentage,1,500,500
Qwen/Qwen2.5-7B-Instruct,qwen,R4D1,1,R4,S05,T006,percentage,1,26.4,26.4
Qwen/Qwen2.5-7B-Instruct,qwen,R4D1,1,R4,S05,T007,percentage,0,697,687
Qwen/Qwen2.5-7B-Instruct,qwen,R4D1,1,R4,S05,T008,percentage,1,540,540
Qwen/Qwen2.5-7B-Instruct,qwen,R4D1,1,R4,S05,T009,percentage,0,127.5,130
Qwen/Qwen2.5-7B-Instruct,qwen,R4D1,1,R4,S05,T010,percentage,1,150,150
Qwen/Qwen2.5-7B-Instruct,qwen,R4D1,1,R4,S05,T011,percentage,1,1408,1408
Qwen/Qwen2.5-7B-Instruct,qwen,R4D1,1,R4,S05,T012,percentage,1,119,119
Qwen/Qwen2.5-7B-Instruct,qwen,R4D1,1,R4,S05,T013,percentage,1,528,528
Qwen/Qwen2.5-7B-Instruct,qwen,R4D1,1,R4,S05,T014,percentage,1,30,30
Qwen/Qwen2.5-7B-Instruct,qwen,R4D1,1,R4,S05,T015,percentage,0,552.5,557.5
Qwen/Qwen2.5-7B-Instruct,qwen,R4D1,1,R4,S05,T016,percentage,1,672,672
Qwen/Qwen2.5-7B-Instruct,qwen,R4D1,1,R4,S05,T017,percentage,1,2560,2560
Qwen/Qwen2.5-7B-Instruct,qwen,R4D1,1,R4,S05,T018,percentage,1,422.4,422.4
Qwen/Qwen2.5-7B-Instruct,qwen,R4D1,1,R4,S05,T019,percentage,1,192,192
Qwen/Qwen2.5-7B-Instruct,qwen,R4D1,1,R4,S05,T020,percentage,1,30,30
Qwen/Qwen2.5-7B-Instruct,qwen,R4D1,1,R4,S05,T021,percentage,1,108,108
Qwen/Qwen2.5-7B-Instruct,qwen,R4D1,1,R4,S05,T022,percentage,0,196.8,192
Qwen/Qwen2.5-7B-Instruct,qwen,R4D1,1,R4,S05,T023,percentage,1,225,225
Qwen/Qwen2.5-7B-Instruct,qwen,R4D1,1,R4,S05,T024,percentage,1,90,90
Qwen/Qwen2.5-7B-Instruct,qwen,R4D1,1,R4,S05,T025,percentage,1,500,500
Qwen/Qwen2.5-7B-Instruct,qwen,R4D1,1,R4,S05,T026,percentage,1,352,352
Qwen/Qwen2.5-7B-Instruct,qwen,R4D1,1,R4,S05,T027,percentage,1,960,960
Qwen/Qwen2.5-7B-Instruct,qwen,R4D1,1,R4,S05,T028,percentage,1,324,324
Qwen/Qwen2.5-7B-Instruct,qwen,R4D1,1,R4,S05,T029,percentage,1,420,420
Qwen/Qwen2.5-7B-Instruct,qwen,R4D1,1,R4,S05,T030,percentage,0,849.6,850
Qwen/Qwen2.5-7B-Instruct,qwen,R4D1,1,R4,S05,T031,percentage,0,476,472
Qwen/Qwen2.5-7B-Instruct,qwen,R4D1,1,R4,S05,T032,percentage,0,1100,1105
Qwen/Qwen2.5-7B-Instruct,qwen,R4D1,1,R4,S05,T033,percentage,1,1560,1560
Qwen/Qwen2.5-7B-Instruct,qwen,R4D1,1,R4,S05,T034,percentage,1,196,196
Qwen/Qwen2.5-7B-Instruct,qwen,R4D1,1,R4,S05,T035,percentage,1,156,156
Qwen/Qwen2.5-7B-Instruct,qwen,R4D1,1,R4,S05,T036,word_problem,0,4374,486
Qwen/Qwen2.5-7B-Instruct,qwen,R4D1,1,R4,S05,T037,word_problem,0,3500,875
Qwen/Qwen2.5-7B-Instruct,qwen,R4D1,1,R4,S05,T038,word_problem,0,3360,840
Qwen/Qwen2.5-7B-Instruct,qwen,R4D1,1,R4,S05,T039,word_problem,0,4200,1470
Qwen/Qwen2.5-7B-Instruct,qwen,R4D1,1,R4,S05,T040,word_problem,0,1728,576
Qwen/Qwen2.5-7B-Instruct,qwen,R4D1,1,R4,S05,T041,word_problem,0,3600,1800
Qwen/Qwen2.5-7B-Instruct,qwen,R4D1,1,R4,S05,T042,word_problem,0,12600,4200
Qwen/Qwen2.5-7B-Instruct,qwen,R4D1,1,R4,S05,T043,word_problem,0,3630,3850
Qwen/Qwen2.5-7B-Instruct,qwen,R4D1,1,R4,S05,T044,word_problem,0,8064,3360
Qwen/Qwen2.5-7B-Instruct,qwen,R4D1,1,R4,S05,T045,word_problem,0,12600,9150
Qwen/Qwen2.5-7B-Instruct,qwen,R4D1,1,R4,S05,T046,word_problem,0,7840,1960
Qwen/Qwen2.5-7B-Instruct,qwen,R4D1,1,R4,S05,T047,word_problem,0,6720,1680
Qwen/Qwen2.5-7B-Instruct,qwen,R4D1,1,R4,S05,T048,word_problem,0,6000,3000
Qwen/Qwen2.5-7B-Instruct,qwen,R4D1,1,R4,S05,T049,word_problem,0,6480,7200
Qwen/Qwen2.5-7B-Instruct,qwen,R4D1,1,R4,S05,T050,word_problem,0,4375,1750
Qwen/Qwen2.5-7B-Instruct,qwen,R4D1,1,R4,S05,T051,word_problem,0,2700,900
Qwen/Qwen2.5-7B-Instruct,qwen,R4D1,1,R4,S05,T052,word_problem,0,1680,840
Qwen/Qwen2.5-7B-Instruct,qwen,R4D1,1,R4,S05,T053,word_problem,0,6930,2310
Qwen/Qwen2.5-7B-Instruct,qwen,R4D1,1,R4,S05,T054,word_problem,0,4752,4356
Qwen/Qwen2.5-7B-Instruct,qwen,R4D1,1,R4,S05,T055,word_problem,0,6480,5400
Qwen/Qwen2.5-7B-Instruct,qwen,R4D1,1,R4,S05,T056,word_problem,0,2916,3240
Qwen/Qwen2.5-7B-Instruct,qwen,R4D1,1,R4,S05,T057,word_problem,0,3456,2880
Qwen/Qwen2.5-7B-Instruct,qwen,R4D1,1,R4,S05,T058,word_problem,0,4800,1200
Qwen/Qwen2.5-7B-Instruct,qwen,R4D1,1,R4,S05,T059,word_problem,1,4200,4200
Qwen/Qwen2.5-7B-Instruct,qwen,R4D1,1,R4,S05,T060,word_problem,0,5250,4250
Qwen/Qwen2.5-7B-Instruct,qwen,R4D1,1,R4,S05,T061,word_problem,0,4410,1190
Qwen/Qwen2.5-7B-Instruct,qwen,R4D1,1,R4,S05,T062,word_problem,0,4752,4956
Qwen/Qwen2.5-7B-Instruct,qwen,R4D1,1,R4,S05,T063,word_problem,0,6000,600
Qwen/Qwen2.5-7B-Instruct,qwen,R4D1,1,R4,S05,T064,word_problem,0,5000,6500
Qwen/Qwen2.5-7B-Instruct,qwen,R4D1,1,R4,S05,T065,word_problem,0,10080,840
Qwen/Qwen2.5-7B-Instruct,qwen,R4D1,1,R4,S05,T066,conversion,1,2160,2160
Qwen/Qwen2.5-7B-Instruct,qwen,R4D1,1,R4,S05,T067,conversion,0,1152,3552
Qwen/Qwen2.5-7B-Instruct,qwen,R4D1,1,R4,S05,T068,conversion,1,630,630
Qwen/Qwen2.5-7B-Instruct,qwen,R4D1,1,R4,S05,T069,conversion,1,48000,48000
Qwen/Qwen2.5-7B-Instruct,qwen,R4D1,1,R4,S05,T070,conversion,1,900,900
Qwen/Qwen2.5-7B-Instruct,qwen,R4D1,1,R4,S05,T071,conversion,1,720,720
Qwen/Qwen2.5-7B-Instruct,qwen,R4D1,1,R4,S05,T072,conversion,1,125000,125000
Qwen/Qwen2.5-7B-Instruct,qwen,R4D1,1,R4,S05,T073,conversion,1,1440,1440
Qwen/Qwen2.5-7B-Instruct,qwen,R4D1,1,R4,S05,T074,conversion,0,864,288
Qwen/Qwen2.5-7B-Instruct,qwen,R4D1,1,R4,S05,T075,conversion,1,12000,12000
Qwen/Qwen2.5-7B-Instruct,qwen,R4D1,1,R4,S05,T076,conversion,1,24000,24000
Qwen/Qwen2.5-7B-Instruct,qwen,R4D1,1,R4,S05,T077,conversion,1,125000,125000
Qwen/Qwen2.5-7B-Instruct,qwen,R4D1,1,R4,S05,T078,conversion,0,3000,300
Qwen/Qwen2.5-7B-Instruct,qwen,R4D1,1,R4,S05,T079,conversion,1,720,720
Qwen/Qwen2.5-7B-Instruct,qwen,R4D1,1,R4,S05,T080,conversion,1,3000,3000
Qwen/Qwen2.5-7B-Instruct,qwen,R4D1,1,R4,S05,T081,conversion,0,60000,6000
Qwen/Qwen2.5-7B-Instruct,qwen,R4D1,1,R4,S05,T082,conversion,1,36000,36000
Qwen/Qwen2.5-7B-Instruct,qwen,R4D1,1,R4,S05,T083,conversion,1,15000,15000
Qwen/Qwen2.5-7B-Instruct,qwen,R4D1,1,R4,S05,T084,conversion,1,12000,12000
Qwen/Qwen2.5-7B-Instruct,qwen,R4D1,1,R4,S05,T085,conversion,1,105,105
Qwen/Qwen2.5-7B-Instruct,qwen,R4D1,1,R4,S05,T086,conversion,0,360,240
Qwen/Qwen2.5-7B-Instruct,qwen,R4D1,1,R4,S05,T087,conversion,1,7000,7000
Qwen/Qwen2.5-7B-Instruct,qwen,R4D1,1,R4,S05,T088,conversion,0,72,24
Qwen/Qwen2.5-7B-Instruct,qwen,R4D1,1,R4,S05,T089,conversion,0,48000,4800
Qwen/Qwen2.5-7B-Instruct,qwen,R4D1,1,R4,S05,T090,conversion,1,720,720
Qwen/Qwen2.5-7B-Instruct,qwen,R4D1,1,R4,S05,T091,date,1,25 April 2026,25 April 2026
Qwen/Qwen2.5-7B-Instruct,qwen,R4D1,1,R4,S05,T092,date,0,10 June 2026,30 June 2026
Qwen/Qwen2.5-7B-Instruct,qwen,R4D1,1,R4,S05,T093,date,1,27 April 2026,27 April 2026
Qwen/Qwen2.5-7B-Instruct,qwen,R4D1,1,R4,S05,T094,date,0,26 November 2026,25 November 2026
Qwen/Qwen2.5-7B-Instruct,qwen,R4D1,1,R4,S05,T095,date,0,08 October 2026,30 September 2026
Qwen/Qwen2.5-7B-Instruct,qwen,R4D1,1,R4,S05,T096,date,0,11 November 2026,10 November 2026
Qwen/Qwen2.5-7B-Instruct,qwen,R4D1,1,R4,S05,T097,date,0,16 March 2026,15 April 2026
Qwen/Qwen2.5-7B-Instruct,qwen,R4D1,1,R4,S05,T098,date,0,01 June 2026,30 June 2026
Qwen/Qwen2.5-7B-Instruct,qwen,R4D1,1,R4,S05,T099,date,0,16 October 2026,30 October 2026
Qwen/Qwen2.5-7B-Instruct,qwen,R4D1,1,R4,S05,T100,date,0,12 June 2026,13 June 2026
Qwen/Qwen2.5-7B-Instruct,qwen,R4D1,1,R4,S05,T101,date,0,24 June 2026,29 June 2026
Qwen/Qwen2.5-7B-Instruct,qwen,R4D1,1,R4,S05,T102,date,1,25 July 2026,25 July 2026
Qwen/Qwen2.5-7B-Instruct,qwen,R4D1,1,R4,S05,T103,date,1,14 November 2026,14 November 2026
Qwen/Qwen2.5-7B-Instruct,qwen,R4D1,1,R4,S05,T104,date,0,06 February 2027,18 February 2027
Qwen/Qwen2.5-7B-Instruct,qwen,R4D1,1,R4,S05,T105,date,0,08 May 2026,30 May 2026
Qwen/Qwen2.5-7B-Instruct,qwen,R4D1,1,R4,S05,T106,date,1,30 October 2026,30 October 2026
Qwen/Qwen2.5-7B-Instruct,qwen,R4D1,1,R4,S05,T107,date,0,05 June 2026,30 June 2026
Qwen/Qwen2.5-7B-Instruct,qwen,R4D1,1,R4,S05,T108,date,0,08 October 2026,14 October 2026
Qwen/Qwen2.5-7B-Instruct,qwen,R4D1,1,R4,S05,T109,date,0,10 August 2026,14 September 2026
Qwen/Qwen2.5-7B-Instruct,qwen,R4D1,1,R4,S05,T110,date,0,17 December 2026,18 December 2026
Qwen/Qwen2.5-7B-Instruct,qwen,R4D1,1,R4,S05,T111,date,0,13 January 2027,14 May 2027
Qwen/Qwen2.5-7B-Instruct,qwen,R4D1,1,R4,S05,T112,date,0,07 October 2026,30 September 2026
Qwen/Qwen2.5-7B-Instruct,qwen,R4D1,1,R4,S05,T113,date,0,26 August 2026,30 August 2026
Qwen/Qwen2.5-7B-Instruct,qwen,R4D1,1,R4,S05,T114,date,0,26 January 2026,25 February 2026
Qwen/Qwen2.5-7B-Instruct,qwen,R4D1,1,R4,S05,T115,date,0,18 September 2026,17 September 2026
Qwen/Qwen2.5-7B-Instruct,qwen,R4D1,1,R4,S05,T116,table,1,North,North
Qwen/Qwen2.5-7B-Instruct,qwen,R4D1,1,R4,S05,T117,table,0,1669,2279
Qwen/Qwen2.5-7B-Instruct,qwen,R4D1,1,R4,S05,T118,table,1,West,West
Qwen/Qwen2.5-7B-Instruct,qwen,R4D1,1,R4,S05,T119,table,1,North,North
Qwen/Qwen2.5-7B-Instruct,qwen,R4D1,1,R4,S05,T120,table,1,West,West
Qwen/Qwen2.5-7B-Instruct,qwen,R4D1,1,R4,S05,T121,table,0,503,502
Qwen/Qwen2.5-7B-Instruct,qwen,R4D1,1,R4,S05,T122,table,1,Central,Central
Qwen/Qwen2.5-7B-Instruct,qwen,R4D1,1,R4,S05,T123,table,0,South,340
Qwen/Qwen2.5-7B-Instruct,qwen,R4D1,1,R4,S05,T124,table,1,1914,1914
Qwen/Qwen2.5-7B-Instruct,qwen,R4D1,1,R4,S05,T125,table,0,499,296
Qwen/Qwen2.5-7B-Instruct,qwen,R4D1,1,R4,S05,T126,table,1,1865,1865
Qwen/Qwen2.5-7B-Instruct,qwen,R4D1,1,R4,S05,T127,table,1,Central,Central
Qwen/Qwen2.5-7B-Instruct,qwen,R4D1,1,R4,S05,T128,table,1,2623,2623
Qwen/Qwen2.5-7B-Instruct,qwen,R4D1,1,R4,S05,T129,table,1,617,617
Qwen/Qwen2.5-7B-Instruct,qwen,R4D1,1,R4,S05,T130,table,1,West,West
Qwen/Qwen2.5-7B-Instruct,qwen,R4D1,1,R4,S05,T131,table,0,529,429
Qwen/Qwen2.5-7B-Instruct,qwen,R4D1,1,R4,S05,T132,table,0,2156,2056
Qwen/Qwen2.5-7B-Instruct,qwen,R4D1,1,R4,S05,T133,table,1,East,East
Qwen/Qwen2.5-7B-Instruct,qwen,R4D1,1,R4,S05,T134,table,0,504,184
Qwen/Qwen2.5-7B-Instruct,qwen,R4D1,1,R4,S05,T135,table,0,South,East
Qwen/Qwen2.5-7B-Instruct,qwen,R4D1,1,R4,S05,T136,table,0,637,717
Qwen/Qwen2.5-7B-Instruct,qwen,R4D1,1,R4,S05,T137,table,0,479,189
Qwen/Qwen2.5-7B-Instruct,qwen,R4D1,1,R4,S05,T138,table,0,1792,1992
Qwen/Qwen2.5-7B-Instruct,qwen,R4D1,1,R4,S05,T139,table,1,492,492
Qwen/Qwen2.5-7B-Instruct,qwen,R4D1,1,R4,S05,T140,table,0,760,459
Qwen/Qwen2.5-7B-Instruct,qwen,R4D1,1,R4,S05,T141,table,1,473,473
Qwen/Qwen2.5-7B-Instruct,qwen,R4D1,1,R4,S05,T142,table,1,Central,Central
Qwen/Qwen2.5-7B-Instruct,qwen,R4D1,1,R4,S05,T143,table,1,South,South: 265
Qwen/Qwen2.5-7B-Instruct,qwen,R4D1,1,R4,S05,T144,table,0,294,314
Qwen/Qwen2.5-7B-Instruct,qwen,R4D1,1,R4,S05,T145,table,1,160,160
Qwen/Qwen2.5-7B-Instruct,qwen,R4D1,1,R4,S05,T146,logic,0,Devon,2
Qwen/Qwen2.5-7B-Instruct,qwen,R4D1,1,R4,S05,T147,logic,0,Alex,Gray
Qwen/Qwen2.5-7B-Instruct,qwen,R4D1,1,R4,S05,T148,logic,1,Gray,Gray
Qwen/Qwen2.5-7B-Instruct,qwen,R4D1,1,R4,S05,T149,logic,1,Frankie,Frankie
Qwen/Qwen2.5-7B-Instruct,qwen,R4D1,1,R4,S05,T150,logic,1,Casey,Casey
Qwen/Qwen2.5-7B-Instruct,qwen,R4D1,1,R4,S05,T151,logic,0,Devon,2
Qwen/Qwen2.5-7B-Instruct,qwen,R4D1,1,R4,S05,T152,logic,1,Gray,Gray
Qwen/Qwen2.5-7B-Instruct,qwen,R4D1,1,R4,S05,T153,logic,0,Casey,3
Qwen/Qwen2.5-7B-Instruct,qwen,R4D1,1,R4,S05,T154,logic,1,Gray,Gray
Qwen/Qwen2.5-7B-Instruct,qwen,R4D1,1,R4,S05,T155,logic,1,Alex,Alex
Qwen/Qwen2.5-7B-Instruct,qwen,R4D1,1,R4,S05,T156,logic,1,Bailey,Bailey
Qwen/Qwen2.5-7B-Instruct,qwen,R4D1,1,R4,S05,T157,logic,1,Bailey,Bailey
Qwen/Qwen2.5-7B-Instruct,qwen,R4D1,1,R4,S05,T158,logic,0,Devon,Frankie
Qwen/Qwen2.5-7B-Instruct,qwen,R4D1,1,R4,S05,T159,logic,1,Alex,Alex
Qwen/Qwen2.5-7B-Instruct,qwen,R4D1,1,R4,S05,T160,logic,0,Bailey,2
Qwen/Qwen2.5-7B-Instruct,qwen,R4D1,1,R4,S05,T161,logic,0,Devon,3
Qwen/Qwen2.5-7B-Instruct,qwen,R4D1,1,R4,S05,T162,logic,1,Alex,Alex
Qwen/Qwen2.5-7B-Instruct,qwen,R4D1,1,R4,S05,T163,logic,0,Frankie,Alex
Qwen/Qwen2.5-7B-Instruct,qwen,R4D1,1,R4,S05,T164,logic,1,Bailey,Bailey
Qwen/Qwen2.5-7B-Instruct,qwen,R4D1,1,R4,S05,T165,logic,0,Bailey,Frankie
Qwen/Qwen2.5-7B-Instruct,qwen,R4D1,1,R4,S05,T166,logic,1,Gray,Gray
Qwen/Qwen2.5-7B-Instruct,qwen,R4D1,1,R4,S05,T167,logic,1,Alex,Alex
Qwen/Qwen2.5-7B-Instruct,qwen,R4D1,1,R4,S05,T168,logic,1,Casey,Casey
Qwen/Qwen2.5-7B-Instruct,qwen,R4D1,1,R4,S05,T169,logic,1,Bailey,Bailey
Qwen/Qwen2.5-7B-Instruct,qwen,R4D1,1,R4,S05,T170,logic,1,Bailey,Bailey
Qwen/Qwen2.5-7B-Instruct,qwen,R4D1,1,R4,S05,T171,rate,1,2,2
Qwen/Qwen2.5-7B-Instruct,qwen,R4D1,1,R4,S05,T172,rate,1,10,10
Qwen/Qwen2.5-7B-Instruct,qwen,R4D1,1,R4,S05,T173,rate,1,4,4
Qwen/Qwen2.5-7B-Instruct,qwen,R4D1,1,R4,S05,T174,rate,0,3.33333,3.33
Qwen/Qwen2.5-7B-Instruct,qwen,R4D1,1,R4,S05,T175,rate,1,180,180
Qwen/Qwen2.5-7B-Instruct,qwen,R4D1,1,R4,S05,T176,rate,1,1.2,1.2
Qwen/Qwen2.5-7B-Instruct,qwen,R4D1,1,R4,S05,T177,rate,1,30,30
Qwen/Qwen2.5-7B-Instruct,qwen,R4D1,1,R4,S05,T178,rate,1,90,90
Qwen/Qwen2.5-7B-Instruct,qwen,R4D1,1,R4,S05,T179,rate,1,3,3
Qwen/Qwen2.5-7B-Instruct,qwen,R4D1,1,R4,S05,T180,rate,1,4,4
Qwen/Qwen2.5-7B-Instruct,qwen,R4D1,1,R4,S05,T181,rate,1,3.2,3.2
Qwen/Qwen2.5-7B-Instruct,qwen,R4D1,1,R4,S05,T182,rate,1,40,40
Qwen/Qwen2.5-7B-Instruct,qwen,R4D1,1,R4,S05,T183,rate,0,3.33333,3.33
Qwen/Qwen2.5-7B-Instruct,qwen,R4D1,1,R4,S05,T184,rate,1,150,150
Qwen/Qwen2.5-7B-Instruct,qwen,R4D1,1,R4,S05,T185,rate,1,90,90
Qwen/Qwen2.5-7B-Instruct,qwen,R4D1,1,R4,S05,T186,rate,1,45,45
Qwen/Qwen2.5-7B-Instruct,qwen,R4D1,1,R4,S05,T187,rate,1,5,5
Qwen/Qwen2.5-7B-Instruct,qwen,R4D1,1,R4,S05,T188,rate,1,60,60
Qwen/Qwen2.5-7B-Instruct,qwen,R4D1,1,R4,S05,T189,rate,0,3.33333,3.33
Qwen/Qwen2.5-7B-Instruct,qwen,R4D1,1,R4,S05,T190,rate,1,270,270
Qwen/Qwen2.5-7B-Instruct,qwen,R4D1,1,R4,S05,T191,rate,0,5.33333,5.33
Qwen/Qwen2.5-7B-Instruct,qwen,R4D1,1,R4,S05,T192,rate,1,45,45
Qwen/Qwen2.5-7B-Instruct,qwen,R4D1,1,R4,S05,T193,rate,0,2.66667,2.67
Qwen/Qwen2.5-7B-Instruct,qwen,R4D1,1,R4,S05,T194,rate,0,5.33333,5.33
Qwen/Qwen2.5-7B-Instruct,qwen,R4D1,1,R4,S05,T195,rate,1,30,30
Qwen/Qwen2.5-7B-Instruct,qwen,R4D1,1,R4,S05,T196,rate,1,4.5,4.5
Qwen/Qwen2.5-7B-Instruct,qwen,R4D1,1,R4,S05,T197,rate,1,30,30
Qwen/Qwen2.5-7B-Instruct,qwen,R4D1,1,R4,S05,T198,rate,1,60,60
Qwen/Qwen2.5-7B-Instruct,qwen,R4D1,1,R4,S05,T199,rate,1,270,270
Qwen/Qwen2.5-7B-Instruct,qwen,R4D1,1,R4,S05,T200,rate,1,40,40
Qwen/Qwen2.5-7B-Instruct,qwen,R4D2,2,R4,S05+S08,T001,percentage,0,3480,3360
Qwen/Qwen2.5-7B-Instruct,qwen,R4D2,2,R4,S05+S08,T002,percentage,1,312.5,312.5
Qwen/Qwen2.5-7B-Instruct,qwen,R4D2,2,R4,S05+S08,T003,percentage,1,288,288
Qwen/Qwen2.5-7B-Instruct,qwen,R4D2,2,R4,S05+S08,T004,percentage,0,1044,1032
Qwen/Qwen2.5-7B-Instruct,qwen,R4D2,2,R4,S05+S08,T005,percentage,1,500,500
Qwen/Qwen2.5-7B-Instruct,qwen,R4D2,2,R4,S05+S08,T006,percentage,1,26.4,26.4
Qwen/Qwen2.5-7B-Instruct,qwen,R4D2,2,R4,S05+S08,T007,percentage,0,697,683
Qwen/Qwen2.5-7B-Instruct,qwen,R4D2,2,R4,S05+S08,T008,percentage,1,540,540
Qwen/Qwen2.5-7B-Instruct,qwen,R4D2,2,R4,S05+S08,T009,percentage,1,127.5,127.5
Qwen/Qwen2.5-7B-Instruct,qwen,R4D2,2,R4,S05+S08,T010,percentage,1,150,150
Qwen/Qwen2.5-7B-Instruct,qwen,R4D2,2,R4,S05+S08,T011,percentage,1,1408,1408
Qwen/Qwen2.5-7B-Instruct,qwen,R4D2,2,R4,S05+S08,T012,percentage,1,119,119
Qwen/Qwen2.5-7B-Instruct,qwen,R4D2,2,R4,S05+S08,T013,percentage,1,528,528
Qwen/Qwen2.5-7B-Instruct,qwen,R4D2,2,R4,S05+S08,T014,percentage,1,30,30
Qwen/Qwen2.5-7B-Instruct,qwen,R4D2,2,R4,S05+S08,T015,percentage,0,552.5,557.5
Qwen/Qwen2.5-7B-Instruct,qwen,R4D2,2,R4,S05+S08,T016,percentage,1,672,672
Qwen/Qwen2.5-7B-Instruct,qwen,R4D2,2,R4,S05+S08,T017,percentage,1,2560,2560
Qwen/Qwen2.5-7B-Instruct,qwen,R4D2,2,R4,S05+S08,T018,percentage,1,422.4,422.4
Qwen/Qwen2.5-7B-Instruct,qwen,R4D2,2,R4,S05+S08,T019,percentage,1,192,192
Qwen/Qwen2.5-7B-Instruct,qwen,R4D2,2,R4,S05+S08,T020,percentage,1,30,30
Qwen/Qwen2.5-7B-Instruct,qwen,R4D2,2,R4,S05+S08,T021,percentage,1,108,108
Qwen/Qwen2.5-7B-Instruct,qwen,R4D2,2,R4,S05+S08,T022,percentage,0,196.8,192
Qwen/Qwen2.5-7B-Instruct,qwen,R4D2,2,R4,S05+S08,T023,percentage,1,225,225
Qwen/Qwen2.5-7B-Instruct,qwen,R4D2,2,R4,S05+S08,T024,percentage,1,90,90
Qwen/Qwen2.5-7B-Instruct,qwen,R4D2,2,R4,S05+S08,T025,percentage,1,500,500
Qwen/Qwen2.5-7B-Instruct,qwen,R4D2,2,R4,S05+S08,T026,percentage,1,352,352
Qwen/Qwen2.5-7B-Instruct,qwen,R4D2,2,R4,S05+S08,T027,percentage,1,960,960
Qwen/Qwen2.5-7B-Instruct,qwen,R4D2,2,R4,S05+S08,T028,percentage,1,324,324
Qwen/Qwen2.5-7B-Instruct,qwen,R4D2,2,R4,S05+S08,T029,percentage,1,420,420
Qwen/Qwen2.5-7B-Instruct,qwen,R4D2,2,R4,S05+S08,T030,percentage,0,849.6,846
Qwen/Qwen2.5-7B-Instruct,qwen,R4D2,2,R4,S05+S08,T031,percentage,0,476,472
Qwen/Qwen2.5-7B-Instruct,qwen,R4D2,2,R4,S05+S08,T032,percentage,0,1100,1105
Qwen/Qwen2.5-7B-Instruct,qwen,R4D2,2,R4,S05+S08,T033,percentage,1,1560,1560
Qwen/Qwen2.5-7B-Instruct,qwen,R4D2,2,R4,S05+S08,T034,percentage,1,196,196
Qwen/Qwen2.5-7B-Instruct,qwen,R4D2,2,R4,S05+S08,T035,percentage,1,156,156
Qwen/Qwen2.5-7B-Instruct,qwen,R4D2,2,R4,S05+S08,T036,word_problem,0,4374,1458
Qwen/Qwen2.5-7B-Instruct,qwen,R4D2,2,R4,S05+S08,T037,word_problem,0,3500,875
Qwen/Qwen2.5-7B-Instruct,qwen,R4D2,2,R4,S05+S08,T038,word_problem,0,3360,840
Qwen/Qwen2.5-7B-Instruct,qwen,R4D2,2,R4,S05+S08,T039,word_problem,0,4200,770
Qwen/Qwen2.5-7B-Instruct,qwen,R4D2,2,R4,S05+S08,T040,word_problem,0,1728,576
Qwen/Qwen2.5-7B-Instruct,qwen,R4D2,2,R4,S05+S08,T041,word_problem,0,3600,3900
Qwen/Qwen2.5-7B-Instruct,qwen,R4D2,2,R4,S05+S08,T042,word_problem,0,12600,4200
Qwen/Qwen2.5-7B-Instruct,qwen,R4D2,2,R4,S05+S08,T043,word_problem,0,3630,3850
Qwen/Qwen2.5-7B-Instruct,qwen,R4D2,2,R4,S05+S08,T044,word_problem,0,8064,3360
Qwen/Qwen2.5-7B-Instruct,qwen,R4D2,2,R4,S05+S08,T045,word_problem,0,12600,4200
Qwen/Qwen2.5-7B-Instruct,qwen,R4D2,2,R4,S05+S08,T046,word_problem,0,7840,1960
Qwen/Qwen2.5-7B-Instruct,qwen,R4D2,2,R4,S05+S08,T047,word_problem,0,6720,1680
Qwen/Qwen2.5-7B-Instruct,qwen,R4D2,2,R4,S05+S08,T048,word_problem,0,6000,3000
Qwen/Qwen2.5-7B-Instruct,qwen,R4D2,2,R4,S05+S08,T049,word_problem,0,6480,7560
Qwen/Qwen2.5-7B-Instruct,qwen,R4D2,2,R4,S05+S08,T050,word_problem,0,4375,875
Qwen/Qwen2.5-7B-Instruct,qwen,R4D2,2,R4,S05+S08,T051,word_problem,0,2700,540
Qwen/Qwen2.5-7B-Instruct,qwen,R4D2,2,R4,S05+S08,T052,word_problem,0,1680,840
Qwen/Qwen2.5-7B-Instruct,qwen,R4D2,2,R4,S05+S08,T053,word_problem,0,6930,7380
Qwen/Qwen2.5-7B-Instruct,qwen,R4D2,2,R4,S05+S08,T054,word_problem,1,4752,4752
Qwen/Qwen2.5-7B-Instruct,qwen,R4D2,2,R4,S05+S08,T055,word_problem,0,6480,540
Qwen/Qwen2.5-7B-Instruct,qwen,R4D2,2,R4,S05+S08,T056,word_problem,0,2916,3402
Qwen/Qwen2.5-7B-Instruct,qwen,R4D2,2,R4,S05+S08,T057,word_problem,0,3456,576
Qwen/Qwen2.5-7B-Instruct,qwen,R4D2,2,R4,S05+S08,T058,word_problem,0,4800,1200
Qwen/Qwen2.5-7B-Instruct,qwen,R4D2,2,R4,S05+S08,T059,word_problem,0,4200,770
Qwen/Qwen2.5-7B-Instruct,qwen,R4D2,2,R4,S05+S08,T060,word_problem,0,5250,4250
Qwen/Qwen2.5-7B-Instruct,qwen,R4D2,2,R4,S05+S08,T061,word_problem,0,4410,1470
Qwen/Qwen2.5-7B-Instruct,qwen,R4D2,2,R4,S05+S08,T062,word_problem,0,4752,4536
Qwen/Qwen2.5-7B-Instruct,qwen,R4D2,2,R4,S05+S08,T063,word_problem,0,6000,600
Qwen/Qwen2.5-7B-Instruct,qwen,R4D2,2,R4,S05+S08,T064,word_problem,0,5000,3500
Qwen/Qwen2.5-7B-Instruct,qwen,R4D2,2,R4,S05+S08,T065,word_problem,0,10080,840
Qwen/Qwen2.5-7B-Instruct,qwen,R4D2,2,R4,S05+S08,T066,conversion,1,2160,2160
Qwen/Qwen2.5-7B-Instruct,qwen,R4D2,2,R4,S05+S08,T067,conversion,0,1152,336
Qwen/Qwen2.5-7B-Instruct,qwen,R4D2,2,R4,S05+S08,T068,conversion,1,630,630
Qwen/Qwen2.5-7B-Instruct,qwen,R4D2,2,R4,S05+S08,T069,conversion,1,48000,48000
Qwen/Qwen2.5-7B-Instruct,qwen,R4D2,2,R4,S05+S08,T070,conversion,1,900,900
Qwen/Qwen2.5-7B-Instruct,qwen,R4D2,2,R4,S05+S08,T071,conversion,1,720,720
Qwen/Qwen2.5-7B-Instruct,qwen,R4D2,2,R4,S05+S08,T072,conversion,1,125000,125000
Qwen/Qwen2.5-7B-Instruct,qwen,R4D2,2,R4,S05+S08,T073,conversion,1,1440,1440
Qwen/Qwen2.5-7B-Instruct,qwen,R4D2,2,R4,S05+S08,T074,conversion,0,864,288
Qwen/Qwen2.5-7B-Instruct,qwen,R4D2,2,R4,S05+S08,T075,conversion,1,12000,12000
Qwen/Qwen2.5-7B-Instruct,qwen,R4D2,2,R4,S05+S08,T076,conversion,1,24000,24000
Qwen/Qwen2.5-7B-Instruct,qwen,R4D2,2,R4,S05+S08,T077,conversion,1,125000,125000
Qwen/Qwen2.5-7B-Instruct,qwen,R4D2,2,R4,S05+S08,T078,conversion,0,3000,30
Qwen/Qwen2.5-7B-Instruct,qwen,R4D2,2,R4,S05+S08,T079,conversion,1,720,720
Qwen/Qwen2.5-7B-Instruct,qwen,R4D2,2,R4,S05+S08,T080,conversion,1,3000,3000
Qwen/Qwen2.5-7B-Instruct,qwen,R4D2,2,R4,S05+S08,T081,conversion,0,60000,6000
Qwen/Qwen2.5-7B-Instruct,qwen,R4D2,2,R4,S05+S08,T082,conversion,1,36000,36000
Qwen/Qwen2.5-7B-Instruct,qwen,R4D2,2,R4,S05+S08,T083,conversion,1,15000,15000
Qwen/Qwen2.5-7B-Instruct,qwen,R4D2,2,R4,S05+S08,T084,conversion,1,12000,12000
Qwen/Qwen2.5-7B-Instruct,qwen,R4D2,2,R4,S05+S08,T085,conversion,1,105,105
Qwen/Qwen2.5-7B-Instruct,qwen,R4D2,2,R4,S05+S08,T086,conversion,0,360,240
Qwen/Qwen2.5-7B-Instruct,qwen,R4D2,2,R4,S05+S08,T087,conversion,1,7000,7000
Qwen/Qwen2.5-7B-Instruct,qwen,R4D2,2,R4,S05+S08,T088,conversion,0,72,24
Qwen/Qwen2.5-7B-Instruct,qwen,R4D2,2,R4,S05+S08,T089,conversion,0,48000,4800
Qwen/Qwen2.5-7B-Instruct,qwen,R4D2,2,R4,S05+S08,T090,conversion,1,720,720
Qwen/Qwen2.5-7B-Instruct,qwen,R4D2,2,R4,S05+S08,T091,date,1,25 April 2026,25 April 2026
Qwen/Qwen2.5-7B-Instruct,qwen,R4D2,2,R4,S05+S08,T092,date,0,10 June 2026,30 June 2026
Qwen/Qwen2.5-7B-Instruct,qwen,R4D2,2,R4,S05+S08,T093,date,1,27 April 2026,27 April 2026
Qwen/Qwen2.5-7B-Instruct,qwen,R4D2,2,R4,S05+S08,T094,date,1,26 November 2026,26 November 2026
Qwen/Qwen2.5-7B-Instruct,qwen,R4D2,2,R4,S05+S08,T095,date,0,08 October 2026,30 September 2026
Qwen/Qwen2.5-7B-Instruct,qwen,R4D2,2,R4,S05+S08,T096,date,0,11 November 2026,10 November 2026
Qwen/Qwen2.5-7B-Instruct,qwen,R4D2,2,R4,S05+S08,T097,date,0,16 March 2026,23 March 2026
Qwen/Qwen2.5-7B-Instruct,qwen,R4D2,2,R4,S05+S08,T098,date,0,01 June 2026,30 June 2026
Qwen/Qwen2.5-7B-Instruct,qwen,R4D2,2,R4,S05+S08,T099,date,0,16 October 2026,30 October 2026
Qwen/Qwen2.5-7B-Instruct,qwen,R4D2,2,R4,S05+S08,T100,date,0,12 June 2026,13 June 2026
Qwen/Qwen2.5-7B-Instruct,qwen,R4D2,2,R4,S05+S08,T101,date,0,24 June 2026,29 June 2026
Qwen/Qwen2.5-7B-Instruct,qwen,R4D2,2,R4,S05+S08,T102,date,1,25 July 2026,25 July 2026
Qwen/Qwen2.5-7B-Instruct,qwen,R4D2,2,R4,S05+S08,T103,date,1,14 November 2026,14 November 2026
Qwen/Qwen2.5-7B-Instruct,qwen,R4D2,2,R4,S05+S08,T104,date,0,06 February 2027,18 February 2027
Qwen/Qwen2.5-7B-Instruct,qwen,R4D2,2,R4,S05+S08,T105,date,0,08 May 2026,30 April 2026
Qwen/Qwen2.5-7B-Instruct,qwen,R4D2,2,R4,S05+S08,T106,date,1,30 October 2026,30 October 2026
Qwen/Qwen2.5-7B-Instruct,qwen,R4D2,2,R4,S05+S08,T107,date,0,05 June 2026,30 May 2026
Qwen/Qwen2.5-7B-Instruct,qwen,R4D2,2,R4,S05+S08,T108,date,0,08 October 2026,14 October 2026
Qwen/Qwen2.5-7B-Instruct,qwen,R4D2,2,R4,S05+S08,T109,date,0,10 August 2026,14 September 2026
Qwen/Qwen2.5-7B-Instruct,qwen,R4D2,2,R4,S05+S08,T110,date,0,17 December 2026,18 December 2026
Qwen/Qwen2.5-7B-Instruct,qwen,R4D2,2,R4,S05+S08,T111,date,1,13 January 2027,13 January 2027
Qwen/Qwen2.5-7B-Instruct,qwen,R4D2,2,R4,S05+S08,T112,date,0,07 October 2026,30 September 2026
Qwen/Qwen2.5-7B-Instruct,qwen,R4D2,2,R4,S05+S08,T113,date,0,26 August 2026,30 August 2026
Qwen/Qwen2.5-7B-Instruct,qwen,R4D2,2,R4,S05+S08,T114,date,0,26 January 2026,25 February 2026
Qwen/Qwen2.5-7B-Instruct,qwen,R4D2,2,R4,S05+S08,T115,date,0,18 September 2026,17 September 2026
Qwen/Qwen2.5-7B-Instruct,qwen,R4D2,2,R4,S05+S08,T116,table,1,North,North
Qwen/Qwen2.5-7B-Instruct,qwen,R4D2,2,R4,S05+S08,T117,table,0,1669,1679
Qwen/Qwen2.5-7B-Instruct,qwen,R4D2,2,R4,S05+S08,T118,table,1,West,West
Qwen/Qwen2.5-7B-Instruct,qwen,R4D2,2,R4,S05+S08,T119,table,1,North,North
Qwen/Qwen2.5-7B-Instruct,qwen,R4D2,2,R4,S05+S08,T120,table,1,West,West
Qwen/Qwen2.5-7B-Instruct,qwen,R4D2,2,R4,S05+S08,T121,table,0,503,502
Qwen/Qwen2.5-7B-Instruct,qwen,R4D2,2,R4,S05+S08,T122,table,1,Central,Central
Qwen/Qwen2.5-7B-Instruct,qwen,R4D2,2,R4,S05+S08,T123,table,0,South,340
Qwen/Qwen2.5-7B-Instruct,qwen,R4D2,2,R4,S05+S08,T124,table,1,1914,1914
Qwen/Qwen2.5-7B-Instruct,qwen,R4D2,2,R4,S05+S08,T125,table,0,499,316
Qwen/Qwen2.5-7B-Instruct,qwen,R4D2,2,R4,S05+S08,T126,table,1,1865,1865
Qwen/Qwen2.5-7B-Instruct,qwen,R4D2,2,R4,S05+S08,T127,table,1,Central,Central
Qwen/Qwen2.5-7B-Instruct,qwen,R4D2,2,R4,S05+S08,T128,table,1,2623,2623
Qwen/Qwen2.5-7B-Instruct,qwen,R4D2,2,R4,S05+S08,T129,table,1,617,617
Qwen/Qwen2.5-7B-Instruct,qwen,R4D2,2,R4,S05+S08,T130,table,1,West,West
Qwen/Qwen2.5-7B-Instruct,qwen,R4D2,2,R4,S05+S08,T131,table,1,529,529
Qwen/Qwen2.5-7B-Instruct,qwen,R4D2,2,R4,S05+S08,T132,table,0,2156,2056
Qwen/Qwen2.5-7B-Instruct,qwen,R4D2,2,R4,S05+S08,T133,table,1,East,East
Qwen/Qwen2.5-7B-Instruct,qwen,R4D2,2,R4,S05+S08,T134,table,0,504,184
Qwen/Qwen2.5-7B-Instruct,qwen,R4D2,2,R4,S05+S08,T135,table,0,South,East
Qwen/Qwen2.5-7B-Instruct,qwen,R4D2,2,R4,S05+S08,T136,table,0,637,617
Qwen/Qwen2.5-7B-Instruct,qwen,R4D2,2,R4,S05+S08,T137,table,0,479,183
Qwen/Qwen2.5-7B-Instruct,qwen,R4D2,2,R4,S05+S08,T138,table,0,1792,1992
Qwen/Qwen2.5-7B-Instruct,qwen,R4D2,2,R4,S05+S08,T139,table,1,492,492
Qwen/Qwen2.5-7B-Instruct,qwen,R4D2,2,R4,S05+S08,T140,table,0,760,459
Qwen/Qwen2.5-7B-Instruct,qwen,R4D2,2,R4,S05+S08,T141,table,1,473,473
Qwen/Qwen2.5-7B-Instruct,qwen,R4D2,2,R4,S05+S08,T142,table,0,Central,North
Qwen/Qwen2.5-7B-Instruct,qwen,R4D2,2,R4,S05+S08,T143,table,1,South,South
Qwen/Qwen2.5-7B-Instruct,qwen,R4D2,2,R4,S05+S08,T144,table,0,294,394
Qwen/Qwen2.5-7B-Instruct,qwen,R4D2,2,R4,S05+S08,T145,table,1,160,160
Qwen/Qwen2.5-7B-Instruct,qwen,R4D2,2,R4,S05+S08,T146,logic,0,Devon,2
Qwen/Qwen2.5-7B-Instruct,qwen,R4D2,2,R4,S05+S08,T147,logic,0,Alex,Gray
Qwen/Qwen2.5-7B-Instruct,qwen,R4D2,2,R4,S05+S08,T148,logic,1,Gray,Gray
Qwen/Qwen2.5-7B-Instruct,qwen,R4D2,2,R4,S05+S08,T149,logic,1,Frankie,Frankie
Qwen/Qwen2.5-7B-Instruct,qwen,R4D2,2,R4,S05+S08,T150,logic,1,Casey,Casey
Qwen/Qwen2.5-7B-Instruct,qwen,R4D2,2,R4,S05+S08,T151,logic,0,Devon,2
Qwen/Qwen2.5-7B-Instruct,qwen,R4D2,2,R4,S05+S08,T152,logic,1,Gray,Gray
Qwen/Qwen2.5-7B-Instruct,qwen,R4D2,2,R4,S05+S08,T153,logic,0,Casey,3
Qwen/Qwen2.5-7B-Instruct,qwen,R4D2,2,R4,S05+S08,T154,logic,1,Gray,Gray
Qwen/Qwen2.5-7B-Instruct,qwen,R4D2,2,R4,S05+S08,T155,logic,1,Alex,Alex
Qwen/Qwen2.5-7B-Instruct,qwen,R4D2,2,R4,S05+S08,T156,logic,1,Bailey,Bailey
Qwen/Qwen2.5-7B-Instruct,qwen,R4D2,2,R4,S05+S08,T157,logic,1,Bailey,Bailey
Qwen/Qwen2.5-7B-Instruct,qwen,R4D2,2,R4,S05+S08,T158,logic,0,Devon,Frankie
Qwen/Qwen2.5-7B-Instruct,qwen,R4D2,2,R4,S05+S08,T159,logic,1,Alex,Alex
Qwen/Qwen2.5-7B-Instruct,qwen,R4D2,2,R4,S05+S08,T160,logic,0,Bailey,2
Qwen/Qwen2.5-7B-Instruct,qwen,R4D2,2,R4,S05+S08,T161,logic,0,Devon,3
Qwen/Qwen2.5-7B-Instruct,qwen,R4D2,2,R4,S05+S08,T162,logic,1,Alex,Alex
Qwen/Qwen2.5-7B-Instruct,qwen,R4D2,2,R4,S05+S08,T163,logic,0,Frankie,3
Qwen/Qwen2.5-7B-Instruct,qwen,R4D2,2,R4,S05+S08,T164,logic,1,Bailey,Bailey
Qwen/Qwen2.5-7B-Instruct,qwen,R4D2,2,R4,S05+S08,T165,logic,0,Bailey,Frankie
Qwen/Qwen2.5-7B-Instruct,qwen,R4D2,2,R4,S05+S08,T166,logic,1,Gray,Gray
Qwen/Qwen2.5-7B-Instruct,qwen,R4D2,2,R4,S05+S08,T167,logic,1,Alex,Alex
Qwen/Qwen2.5-7B-Instruct,qwen,R4D2,2,R4,S05+S08,T168,logic,1,Casey,Casey
Qwen/Qwen2.5-7B-Instruct,qwen,R4D2,2,R4,S05+S08,T169,logic,1,Bailey,Bailey
Qwen/Qwen2.5-7B-Instruct,qwen,R4D2,2,R4,S05+S08,T170,logic,1,Bailey,Bailey
Qwen/Qwen2.5-7B-Instruct,qwen,R4D2,2,R4,S05+S08,T171,rate,1,2,2
Qwen/Qwen2.5-7B-Instruct,qwen,R4D2,2,R4,S05+S08,T172,rate,1,10,10
Qwen/Qwen2.5-7B-Instruct,qwen,R4D2,2,R4,S05+S08,T173,rate,1,4,4
Qwen/Qwen2.5-7B-Instruct,qwen,R4D2,2,R4,S05+S08,T174,rate,0,3.33333,3.33
Qwen/Qwen2.5-7B-Instruct,qwen,R4D2,2,R4,S05+S08,T175,rate,1,180,180
Qwen/Qwen2.5-7B-Instruct,qwen,R4D2,2,R4,S05+S08,T176,rate,1,1.2,1.2
Qwen/Qwen2.5-7B-Instruct,qwen,R4D2,2,R4,S05+S08,T177,rate,1,30,30
Qwen/Qwen2.5-7B-Instruct,qwen,R4D2,2,R4,S05+S08,T178,rate,1,90,90
Qwen/Qwen2.5-7B-Instruct,qwen,R4D2,2,R4,S05+S08,T179,rate,1,3,3
Qwen/Qwen2.5-7B-Instruct,qwen,R4D2,2,R4,S05+S08,T180,rate,1,4,4
Qwen/Qwen2.5-7B-Instruct,qwen,R4D2,2,R4,S05+S08,T181,rate,1,3.2,3.2
Qwen/Qwen2.5-7B-Instruct,qwen,R4D2,2,R4,S05+S08,T182,rate,1,40,40
Qwen/Qwen2.5-7B-Instruct,qwen,R4D2,2,R4,S05+S08,T183,rate,0,3.33333,3.33
Qwen/Qwen2.5-7B-Instruct,qwen,R4D2,2,R4,S05+S08,T184,rate,1,150,150
Qwen/Qwen2.5-7B-Instruct,qwen,R4D2,2,R4,S05+S08,T185,rate,1,90,90
Qwen/Qwen2.5-7B-Instruct,qwen,R4D2,2,R4,S05+S08,T186,rate,1,45,45
Qwen/Qwen2.5-7B-Instruct,qwen,R4D2,2,R4,S05+S08,T187,rate,1,5,5
Qwen/Qwen2.5-7B-Instruct,qwen,R4D2,2,R4,S05+S08,T188,rate,1,60,60
Qwen/Qwen2.5-7B-Instruct,qwen,R4D2,2,R4,S05+S08,T189,rate,0,3.33333,3.33
Qwen/Qwen2.5-7B-Instruct,qwen,R4D2,2,R4,S05+S08,T190,rate,1,270,270
Qwen/Qwen2.5-7B-Instruct,qwen,R4D2,2,R4,S05+S08,T191,rate,0,5.33333,5.33
Qwen/Qwen2.5-7B-Instruct,qwen,R4D2,2,R4,S05+S08,T192,rate,1,45,45
Qwen/Qwen2.5-7B-Instruct,qwen,R4D2,2,R4,S05+S08,T193,rate,0,2.66667,2.67
Qwen/Qwen2.5-7B-Instruct,qwen,R4D2,2,R4,S05+S08,T194,rate,0,5.33333,5.33
Qwen/Qwen2.5-7B-Instruct,qwen,R4D2,2,R4,S05+S08,T195,rate,1,30,30
Qwen/Qwen2.5-7B-Instruct,qwen,R4D2,2,R4,S05+S08,T196,rate,1,4.5,4.5
Qwen/Qwen2.5-7B-Instruct,qwen,R4D2,2,R4,S05+S08,T197,rate,1,30,30
Qwen/Qwen2.5-7B-Instruct,qwen,R4D2,2,R4,S05+S08,T198,rate,1,60,60
Qwen/Qwen2.5-7B-Instruct,qwen,R4D2,2,R4,S05+S08,T199,rate,1,270,270
Qwen/Qwen2.5-7B-Instruct,qwen,R4D2,2,R4,S05+S08,T200,rate,1,40,40
Qwen/Qwen2.5-7B-Instruct,qwen,R4D3,3,R4,S05+S08+S10,T001,percentage,0,3480,3360
Qwen/Qwen2.5-7B-Instruct,qwen,R4D3,3,R4,S05+S08+S10,T002,percentage,1,312.5,312.5
Qwen/Qwen2.5-7B-Instruct,qwen,R4D3,3,R4,S05+S08+S10,T003,percentage,1,288,288
Qwen/Qwen2.5-7B-Instruct,qwen,R4D3,3,R4,S05+S08+S10,T004,percentage,0,1044,1053
Qwen/Qwen2.5-7B-Instruct,qwen,R4D3,3,R4,S05+S08+S10,T005,percentage,1,500,500
Qwen/Qwen2.5-7B-Instruct,qwen,R4D3,3,R4,S05+S08+S10,T006,percentage,1,26.4,26.4
Qwen/Qwen2.5-7B-Instruct,qwen,R4D3,3,R4,S05+S08+S10,T007,percentage,0,697,683
Qwen/Qwen2.5-7B-Instruct,qwen,R4D3,3,R4,S05+S08+S10,T008,percentage,1,540,540
Qwen/Qwen2.5-7B-Instruct,qwen,R4D3,3,R4,S05+S08+S10,T009,percentage,1,127.5,127.5
Qwen/Qwen2.5-7B-Instruct,qwen,R4D3,3,R4,S05+S08+S10,T010,percentage,1,150,150
Qwen/Qwen2.5-7B-Instruct,qwen,R4D3,3,R4,S05+S08+S10,T011,percentage,1,1408,1408
Qwen/Qwen2.5-7B-Instruct,qwen,R4D3,3,R4,S05+S08+S10,T012,percentage,1,119,119
Qwen/Qwen2.5-7B-Instruct,qwen,R4D3,3,R4,S05+S08+S10,T013,percentage,1,528,528
Qwen/Qwen2.5-7B-Instruct,qwen,R4D3,3,R4,S05+S08+S10,T014,percentage,1,30,30
Qwen/Qwen2.5-7B-Instruct,qwen,R4D3,3,R4,S05+S08+S10,T015,percentage,0,552.5,555
Qwen/Qwen2.5-7B-Instruct,qwen,R4D3,3,R4,S05+S08+S10,T016,percentage,1,672,672
Qwen/Qwen2.5-7B-Instruct,qwen,R4D3,3,R4,S05+S08+S10,T017,percentage,1,2560,2560
Qwen/Qwen2.5-7B-Instruct,qwen,R4D3,3,R4,S05+S08+S10,T018,percentage,0,422.4,427.20
Qwen/Qwen2.5-7B-Instruct,qwen,R4D3,3,R4,S05+S08+S10,T019,percentage,1,192,192
Qwen/Qwen2.5-7B-Instruct,qwen,R4D3,3,R4,S05+S08+S10,T020,percentage,1,30,30
Qwen/Qwen2.5-7B-Instruct,qwen,R4D3,3,R4,S05+S08+S10,T021,percentage,1,108,108
Qwen/Qwen2.5-7B-Instruct,qwen,R4D3,3,R4,S05+S08+S10,T022,percentage,0,196.8,194.4
Qwen/Qwen2.5-7B-Instruct,qwen,R4D3,3,R4,S05+S08+S10,T023,percentage,1,225,225
Qwen/Qwen2.5-7B-Instruct,qwen,R4D3,3,R4,S05+S08+S10,T024,percentage,1,90,90
Qwen/Qwen2.5-7B-Instruct,qwen,R4D3,3,R4,S05+S08+S10,T025,percentage,1,500,500
Qwen/Qwen2.5-7B-Instruct,qwen,R4D3,3,R4,S05+S08+S10,T026,percentage,1,352,352
Qwen/Qwen2.5-7B-Instruct,qwen,R4D3,3,R4,S05+S08+S10,T027,percentage,1,960,960
Qwen/Qwen2.5-7B-Instruct,qwen,R4D3,3,R4,S05+S08+S10,T028,percentage,1,324,324
Qwen/Qwen2.5-7B-Instruct,qwen,R4D3,3,R4,S05+S08+S10,T029,percentage,1,420,420
Qwen/Qwen2.5-7B-Instruct,qwen,R4D3,3,R4,S05+S08+S10,T030,percentage,0,849.6,859.60
Qwen/Qwen2.5-7B-Instruct,qwen,R4D3,3,R4,S05+S08+S10,T031,percentage,0,476,472
Qwen/Qwen2.5-7B-Instruct,qwen,R4D3,3,R4,S05+S08+S10,T032,percentage,0,1100,1105
Qwen/Qwen2.5-7B-Instruct,qwen,R4D3,3,R4,S05+S08+S10,T033,percentage,1,1560,1560
Qwen/Qwen2.5-7B-Instruct,qwen,R4D3,3,R4,S05+S08+S10,T034,percentage,1,196,196
Qwen/Qwen2.5-7B-Instruct,qwen,R4D3,3,R4,S05+S08+S10,T035,percentage,1,156,156
Qwen/Qwen2.5-7B-Instruct,qwen,R4D3,3,R4,S05+S08+S10,T036,word_problem,0,4374,12108
Qwen/Qwen2.5-7B-Instruct,qwen,R4D3,3,R4,S05+S08+S10,T037,word_problem,0,3500,875
Qwen/Qwen2.5-7B-Instruct,qwen,R4D3,3,R4,S05+S08+S10,T038,word_problem,0,3360,840
Qwen/Qwen2.5-7B-Instruct,qwen,R4D3,3,R4,S05+S08+S10,T039,word_problem,0,4200,1470
Qwen/Qwen2.5-7B-Instruct,qwen,R4D3,3,R4,S05+S08+S10,T040,word_problem,0,1728,576
Qwen/Qwen2.5-7B-Instruct,qwen,R4D3,3,R4,S05+S08+S10,T041,word_problem,0,3600,3780
Qwen/Qwen2.5-7B-Instruct,qwen,R4D3,3,R4,S05+S08+S10,T042,word_problem,0,12600,4200
Qwen/Qwen2.5-7B-Instruct,qwen,R4D3,3,R4,S05+S08+S10,T043,word_problem,1,3630,3630
Qwen/Qwen2.5-7B-Instruct,qwen,R4D3,3,R4,S05+S08+S10,T044,word_problem,0,8064,3360
Qwen/Qwen2.5-7B-Instruct,qwen,R4D3,3,R4,S05+S08+S10,T045,word_problem,0,12600,9150
Qwen/Qwen2.5-7B-Instruct,qwen,R4D3,3,R4,S05+S08+S10,T046,word_problem,0,7840,11960
Qwen/Qwen2.5-7B-Instruct,qwen,R4D3,3,R4,S05+S08+S10,T047,word_problem,0,6720,1680
Qwen/Qwen2.5-7B-Instruct,qwen,R4D3,3,R4,S05+S08+S10,T048,word_problem,0,6000,3000
Qwen/Qwen2.5-7B-Instruct,qwen,R4D3,3,R4,S05+S08+S10,T049,word_problem,0,6480,7560
Qwen/Qwen2.5-7B-Instruct,qwen,R4D3,3,R4,S05+S08+S10,T050,word_problem,0,4375,1750
Qwen/Qwen2.5-7B-Instruct,qwen,R4D3,3,R4,S05+S08+S10,T051,word_problem,0,2700,810
Qwen/Qwen2.5-7B-Instruct,qwen,R4D3,3,R4,S05+S08+S10,T052,word_problem,0,1680,840
Qwen/Qwen2.5-7B-Instruct,qwen,R4D3,3,R4,S05+S08+S10,T053,word_problem,0,6930,7380
Qwen/Qwen2.5-7B-Instruct,qwen,R4D3,3,R4,S05+S08+S10,T054,word_problem,0,4752,4356
Qwen/Qwen2.5-7B-Instruct,qwen,R4D3,3,R4,S05+S08+S10,T055,word_problem,0,6480,5400
Qwen/Qwen2.5-7B-Instruct,qwen,R4D3,3,R4,S05+S08+S10,T056,word_problem,0,2916,3402
Qwen/Qwen2.5-7B-Instruct,qwen,R4D3,3,R4,S05+S08+S10,T057,word_problem,0,3456,576
Qwen/Qwen2.5-7B-Instruct,qwen,R4D3,3,R4,S05+S08+S10,T058,word_problem,0,4800,1200
Qwen/Qwen2.5-7B-Instruct,qwen,R4D3,3,R4,S05+S08+S10,T059,word_problem,1,4200,4200
Qwen/Qwen2.5-7B-Instruct,qwen,R4D3,3,R4,S05+S08+S10,T060,word_problem,0,5250,4250
Qwen/Qwen2.5-7B-Instruct,qwen,R4D3,3,R4,S05+S08+S10,T061,word_problem,0,4410,1190
Qwen/Qwen2.5-7B-Instruct,qwen,R4D3,3,R4,S05+S08+S10,T062,word_problem,1,4752,4752
Qwen/Qwen2.5-7B-Instruct,qwen,R4D3,3,R4,S05+S08+S10,T063,word_problem,1,6000,6000
Qwen/Qwen2.5-7B-Instruct,qwen,R4D3,3,R4,S05+S08+S10,T064,word_problem,0,5000,3500
Qwen/Qwen2.5-7B-Instruct,qwen,R4D3,3,R4,S05+S08+S10,T065,word_problem,0,10080,840
Qwen/Qwen2.5-7B-Instruct,qwen,R4D3,3,R4,S05+S08+S10,T066,conversion,1,2160,2160
Qwen/Qwen2.5-7B-Instruct,qwen,R4D3,3,R4,S05+S08+S10,T067,conversion,0,1152,336
Qwen/Qwen2.5-7B-Instruct,qwen,R4D3,3,R4,S05+S08+S10,T068,conversion,1,630,630
Qwen/Qwen2.5-7B-Instruct,qwen,R4D3,3,R4,S05+S08+S10,T069,conversion,1,48000,48000
Qwen/Qwen2.5-7B-Instruct,qwen,R4D3,3,R4,S05+S08+S10,T070,conversion,1,900,900
Qwen/Qwen2.5-7B-Instruct,qwen,R4D3,3,R4,S05+S08+S10,T071,conversion,0,720,72
Qwen/Qwen2.5-7B-Instruct,qwen,R4D3,3,R4,S05+S08+S10,T072,conversion,1,125000,125000
Qwen/Qwen2.5-7B-Instruct,qwen,R4D3,3,R4,S05+S08+S10,T073,conversion,1,1440,1440
Qwen/Qwen2.5-7B-Instruct,qwen,R4D3,3,R4,S05+S08+S10,T074,conversion,0,864,288
Qwen/Qwen2.5-7B-Instruct,qwen,R4D3,3,R4,S05+S08+S10,T075,conversion,1,12000,12000
Qwen/Qwen2.5-7B-Instruct,qwen,R4D3,3,R4,S05+S08+S10,T076,conversion,1,24000,24000
Qwen/Qwen2.5-7B-Instruct,qwen,R4D3,3,R4,S05+S08+S10,T077,conversion,1,125000,125000
Qwen/Qwen2.5-7B-Instruct,qwen,R4D3,3,R4,S05+S08+S10,T078,conversion,0,3000,300
Qwen/Qwen2.5-7B-Instruct,qwen,R4D3,3,R4,S05+S08+S10,T079,conversion,0,720,72
Qwen/Qwen2.5-7B-Instruct,qwen,R4D3,3,R4,S05+S08+S10,T080,conversion,1,3000,3000
Qwen/Qwen2.5-7B-Instruct,qwen,R4D3,3,R4,S05+S08+S10,T081,conversion,0,60000,6000
Qwen/Qwen2.5-7B-Instruct,qwen,R4D3,3,R4,S05+S08+S10,T082,conversion,1,36000,36000
Qwen/Qwen2.5-7B-Instruct,qwen,R4D3,3,R4,S05+S08+S10,T083,conversion,1,15000,15000
Qwen/Qwen2.5-7B-Instruct,qwen,R4D3,3,R4,S05+S08+S10,T084,conversion,1,12000,12000
Qwen/Qwen2.5-7B-Instruct,qwen,R4D3,3,R4,S05+S08+S10,T085,conversion,1,105,105
Qwen/Qwen2.5-7B-Instruct,qwen,R4D3,3,R4,S05+S08+S10,T086,conversion,1,360,360
Qwen/Qwen2.5-7B-Instruct,qwen,R4D3,3,R4,S05+S08+S10,T087,conversion,1,7000,7000
Qwen/Qwen2.5-7B-Instruct,qwen,R4D3,3,R4,S05+S08+S10,T088,conversion,1,72,72
Qwen/Qwen2.5-7B-Instruct,qwen,R4D3,3,R4,S05+S08+S10,T089,conversion,1,48000,48000
Qwen/Qwen2.5-7B-Instruct,qwen,R4D3,3,R4,S05+S08+S10,T090,conversion,1,720,720
Qwen/Qwen2.5-7B-Instruct,qwen,R4D3,3,R4,S05+S08+S10,T091,date,1,25 April 2026,25 April 2026
Qwen/Qwen2.5-7B-Instruct,qwen,R4D3,3,R4,S05+S08+S10,T092,date,0,10 June 2026,30 June 2026
Qwen/Qwen2.5-7B-Instruct,qwen,R4D3,3,R4,S05+S08+S10,T093,date,1,27 April 2026,27 April 2026
Qwen/Qwen2.5-7B-Instruct,qwen,R4D3,3,R4,S05+S08+S10,T094,date,0,26 November 2026,25 November 2026
Qwen/Qwen2.5-7B-Instruct,qwen,R4D3,3,R4,S05+S08+S10,T095,date,0,08 October 2026,30 October 2026
Qwen/Qwen2.5-7B-Instruct,qwen,R4D3,3,R4,S05+S08+S10,T096,date,0,11 November 2026,10 November 2026
Qwen/Qwen2.5-7B-Instruct,qwen,R4D3,3,R4,S05+S08+S10,T097,date,0,16 March 2026,23 March 2026
Qwen/Qwen2.5-7B-Instruct,qwen,R4D3,3,R4,S05+S08+S10,T098,date,0,01 June 2026,24 June 2026
Qwen/Qwen2.5-7B-Instruct,qwen,R4D3,3,R4,S05+S08+S10,T099,date,0,16 October 2026,30 October 2026
Qwen/Qwen2.5-7B-Instruct,qwen,R4D3,3,R4,S05+S08+S10,T100,date,1,12 June 2026,12 June 2026
Qwen/Qwen2.5-7B-Instruct,qwen,R4D3,3,R4,S05+S08+S10,T101,date,0,24 June 2026,23 June 2026
Qwen/Qwen2.5-7B-Instruct,qwen,R4D3,3,R4,S05+S08+S10,T102,date,1,25 July 2026,25 July 2026
Qwen/Qwen2.5-7B-Instruct,qwen,R4D3,3,R4,S05+S08+S10,T103,date,0,14 November 2026,13 November 2026
Qwen/Qwen2.5-7B-Instruct,qwen,R4D3,3,R4,S05+S08+S10,T104,date,0,06 February 2027,14 February 2027
Qwen/Qwen2.5-7B-Instruct,qwen,R4D3,3,R4,S05+S08+S10,T105,date,0,08 May 2026,30 May 2026
Qwen/Qwen2.5-7B-Instruct,qwen,R4D3,3,R4,S05+S08+S10,T106,date,1,30 October 2026,30 October 2026
Qwen/Qwen2.5-7B-Instruct,qwen,R4D3,3,R4,S05+S08+S10,T107,date,0,05 June 2026,04 June 2026
Qwen/Qwen2.5-7B-Instruct,qwen,R4D3,3,R4,S05+S08+S10,T108,date,0,08 October 2026,14 October 2026
Qwen/Qwen2.5-7B-Instruct,qwen,R4D3,3,R4,S05+S08+S10,T109,date,0,10 August 2026,14 September 2026
Qwen/Qwen2.5-7B-Instruct,qwen,R4D3,3,R4,S05+S08+S10,T110,date,0,17 December 2026,28 December 2026
Qwen/Qwen2.5-7B-Instruct,qwen,R4D3,3,R4,S05+S08+S10,T111,date,1,13 January 2027,13 January 2027
Qwen/Qwen2.5-7B-Instruct,qwen,R4D3,3,R4,S05+S08+S10,T112,date,0,07 October 2026,30 October 2026
Qwen/Qwen2.5-7B-Instruct,qwen,R4D3,3,R4,S05+S08+S10,T113,date,0,26 August 2026,30 August 2026
Qwen/Qwen2.5-7B-Instruct,qwen,R4D3,3,R4,S05+S08+S10,T114,date,0,26 January 2026,24 February 2026
Qwen/Qwen2.5-7B-Instruct,qwen,R4D3,3,R4,S05+S08+S10,T115,date,0,18 September 2026,17 September 2026
Qwen/Qwen2.5-7B-Instruct,qwen,R4D3,3,R4,S05+S08+S10,T116,table,1,North,North
Qwen/Qwen2.5-7B-Instruct,qwen,R4D3,3,R4,S05+S08+S10,T117,table,0,1669,1679
Qwen/Qwen2.5-7B-Instruct,qwen,R4D3,3,R4,S05+S08+S10,T118,table,1,West,West
Qwen/Qwen2.5-7B-Instruct,qwen,R4D3,3,R4,S05+S08+S10,T119,table,1,North,North
Qwen/Qwen2.5-7B-Instruct,qwen,R4D3,3,R4,S05+S08+S10,T120,table,1,West,West
Qwen/Qwen2.5-7B-Instruct,qwen,R4D3,3,R4,S05+S08+S10,T121,table,0,503,502
Qwen/Qwen2.5-7B-Instruct,qwen,R4D3,3,R4,S05+S08+S10,T122,table,1,Central,Central
Qwen/Qwen2.5-7B-Instruct,qwen,R4D3,3,R4,S05+S08+S10,T123,table,1,South,South
Qwen/Qwen2.5-7B-Instruct,qwen,R4D3,3,R4,S05+S08+S10,T124,table,0,1914,2014
Qwen/Qwen2.5-7B-Instruct,qwen,R4D3,3,R4,S05+S08+S10,T125,table,0,499,316
Qwen/Qwen2.5-7B-Instruct,qwen,R4D3,3,R4,S05+S08+S10,T126,table,1,1865,1865
Qwen/Qwen2.5-7B-Instruct,qwen,R4D3,3,R4,S05+S08+S10,T127,table,1,Central,Central
Qwen/Qwen2.5-7B-Instruct,qwen,R4D3,3,R4,S05+S08+S10,T128,table,1,2623,2623
Qwen/Qwen2.5-7B-Instruct,qwen,R4D3,3,R4,S05+S08+S10,T129,table,1,617,617
Qwen/Qwen2.5-7B-Instruct,qwen,R4D3,3,R4,S05+S08+S10,T130,table,1,West,West
Qwen/Qwen2.5-7B-Instruct,qwen,R4D3,3,R4,S05+S08+S10,T131,table,1,529,529
Qwen/Qwen2.5-7B-Instruct,qwen,R4D3,3,R4,S05+S08+S10,T132,table,0,2156,2056
Qwen/Qwen2.5-7B-Instruct,qwen,R4D3,3,R4,S05+S08+S10,T133,table,1,East,East
Qwen/Qwen2.5-7B-Instruct,qwen,R4D3,3,R4,S05+S08+S10,T134,table,0,504,184
Qwen/Qwen2.5-7B-Instruct,qwen,R4D3,3,R4,S05+S08+S10,T135,table,0,South,East
Qwen/Qwen2.5-7B-Instruct,qwen,R4D3,3,R4,S05+S08+S10,T136,table,0,637,717
Qwen/Qwen2.5-7B-Instruct,qwen,R4D3,3,R4,S05+S08+S10,T137,table,0,479,189
Qwen/Qwen2.5-7B-Instruct,qwen,R4D3,3,R4,S05+S08+S10,T138,table,1,1792,1792
Qwen/Qwen2.5-7B-Instruct,qwen,R4D3,3,R4,S05+S08+S10,T139,table,1,492,492
Qwen/Qwen2.5-7B-Instruct,qwen,R4D3,3,R4,S05+S08+S10,T140,table,0,760,460
Qwen/Qwen2.5-7B-Instruct,qwen,R4D3,3,R4,S05+S08+S10,T141,table,1,473,473
Qwen/Qwen2.5-7B-Instruct,qwen,R4D3,3,R4,S05+S08+S10,T142,table,0,Central,North
Qwen/Qwen2.5-7B-Instruct,qwen,R4D3,3,R4,S05+S08+S10,T143,table,1,South,South: 265
Qwen/Qwen2.5-7B-Instruct,qwen,R4D3,3,R4,S05+S08+S10,T144,table,0,294,394
Qwen/Qwen2.5-7B-Instruct,qwen,R4D3,3,R4,S05+S08+S10,T145,table,1,160,160
Qwen/Qwen2.5-7B-Instruct,qwen,R4D3,3,R4,S05+S08+S10,T146,logic,0,Devon,2
Qwen/Qwen2.5-7B-Instruct,qwen,R4D3,3,R4,S05+S08+S10,T147,logic,0,Alex,Gray
Qwen/Qwen2.5-7B-Instruct,qwen,R4D3,3,R4,S05+S08+S10,T148,logic,0,Gray,74
Qwen/Qwen2.5-7B-Instruct,qwen,R4D3,3,R4,S05+S08+S10,T149,logic,1,Frankie,Frankie
Qwen/Qwen2.5-7B-Instruct,qwen,R4D3,3,R4,S05+S08+S10,T150,logic,1,Casey,Casey
Qwen/Qwen2.5-7B-Instruct,qwen,R4D3,3,R4,S05+S08+S10,T151,logic,0,Devon,3
Qwen/Qwen2.5-7B-Instruct,qwen,R4D3,3,R4,S05+S08+S10,T152,logic,1,Gray,Gray
Qwen/Qwen2.5-7B-Instruct,qwen,R4D3,3,R4,S05+S08+S10,T153,logic,0,Casey,3
Qwen/Qwen2.5-7B-Instruct,qwen,R4D3,3,R4,S05+S08+S10,T154,logic,1,Gray,Gray
Qwen/Qwen2.5-7B-Instruct,qwen,R4D3,3,R4,S05+S08+S10,T155,logic,0,Alex,Gray
Qwen/Qwen2.5-7B-Instruct,qwen,R4D3,3,R4,S05+S08+S10,T156,logic,1,Bailey,Bailey
Qwen/Qwen2.5-7B-Instruct,qwen,R4D3,3,R4,S05+S08+S10,T157,logic,1,Bailey,Bailey
Qwen/Qwen2.5-7B-Instruct,qwen,R4D3,3,R4,S05+S08+S10,T158,logic,0,Devon,Frankie
Qwen/Qwen2.5-7B-Instruct,qwen,R4D3,3,R4,S05+S08+S10,T159,logic,1,Alex,Alex
Qwen/Qwen2.5-7B-Instruct,qwen,R4D3,3,R4,S05+S08+S10,T160,logic,0,Bailey,2
Qwen/Qwen2.5-7B-Instruct,qwen,R4D3,3,R4,S05+S08+S10,T161,logic,0,Devon,3
Qwen/Qwen2.5-7B-Instruct,qwen,R4D3,3,R4,S05+S08+S10,T162,logic,1,Alex,Alex
Qwen/Qwen2.5-7B-Instruct,qwen,R4D3,3,R4,S05+S08+S10,T163,logic,0,Frankie,Alex
Qwen/Qwen2.5-7B-Instruct,qwen,R4D3,3,R4,S05+S08+S10,T164,logic,1,Bailey,Bailey
Qwen/Qwen2.5-7B-Instruct,qwen,R4D3,3,R4,S05+S08+S10,T165,logic,0,Bailey,Frankie
Qwen/Qwen2.5-7B-Instruct,qwen,R4D3,3,R4,S05+S08+S10,T166,logic,1,Gray,Gray
Qwen/Qwen2.5-7B-Instruct,qwen,R4D3,3,R4,S05+S08+S10,T167,logic,0,Alex,Gray
Qwen/Qwen2.5-7B-Instruct,qwen,R4D3,3,R4,S05+S08+S10,T168,logic,1,Casey,Casey
Qwen/Qwen2.5-7B-Instruct,qwen,R4D3,3,R4,S05+S08+S10,T169,logic,1,Bailey,Bailey
Qwen/Qwen2.5-7B-Instruct,qwen,R4D3,3,R4,S05+S08+S10,T170,logic,1,Bailey,Bailey
Qwen/Qwen2.5-7B-Instruct,qwen,R4D3,3,R4,S05+S08+S10,T171,rate,1,2,2
Qwen/Qwen2.5-7B-Instruct,qwen,R4D3,3,R4,S05+S08+S10,T172,rate,1,10,10
Qwen/Qwen2.5-7B-Instruct,qwen,R4D3,3,R4,S05+S08+S10,T173,rate,1,4,4
Qwen/Qwen2.5-7B-Instruct,qwen,R4D3,3,R4,S05+S08+S10,T174,rate,0,3.33333,3.33
Qwen/Qwen2.5-7B-Instruct,qwen,R4D3,3,R4,S05+S08+S10,T175,rate,1,180,180
Qwen/Qwen2.5-7B-Instruct,qwen,R4D3,3,R4,S05+S08+S10,T176,rate,1,1.2,1.2
Qwen/Qwen2.5-7B-Instruct,qwen,R4D3,3,R4,S05+S08+S10,T177,rate,1,30,30
Qwen/Qwen2.5-7B-Instruct,qwen,R4D3,3,R4,S05+S08+S10,T178,rate,1,90,90
Qwen/Qwen2.5-7B-Instruct,qwen,R4D3,3,R4,S05+S08+S10,T179,rate,1,3,3
Qwen/Qwen2.5-7B-Instruct,qwen,R4D3,3,R4,S05+S08+S10,T180,rate,1,4,4
Qwen/Qwen2.5-7B-Instruct,qwen,R4D3,3,R4,S05+S08+S10,T181,rate,1,3.2,3.2
Qwen/Qwen2.5-7B-Instruct,qwen,R4D3,3,R4,S05+S08+S10,T182,rate,1,40,40
Qwen/Qwen2.5-7B-Instruct,qwen,R4D3,3,R4,S05+S08+S10,T183,rate,0,3.33333,3.33
Qwen/Qwen2.5-7B-Instruct,qwen,R4D3,3,R4,S05+S08+S10,T184,rate,1,150,150
Qwen/Qwen2.5-7B-Instruct,qwen,R4D3,3,R4,S05+S08+S10,T185,rate,1,90,90
Qwen/Qwen2.5-7B-Instruct,qwen,R4D3,3,R4,S05+S08+S10,T186,rate,1,45,45
Qwen/Qwen2.5-7B-Instruct,qwen,R4D3,3,R4,S05+S08+S10,T187,rate,1,5,5
Qwen/Qwen2.5-7B-Instruct,qwen,R4D3,3,R4,S05+S08+S10,T188,rate,1,60,60
Qwen/Qwen2.5-7B-Instruct,qwen,R4D3,3,R4,S05+S08+S10,T189,rate,0,3.33333,3.33
Qwen/Qwen2.5-7B-Instruct,qwen,R4D3,3,R4,S05+S08+S10,T190,rate,1,270,270
Qwen/Qwen2.5-7B-Instruct,qwen,R4D3,3,R4,S05+S08+S10,T191,rate,0,5.33333,5.33
Qwen/Qwen2.5-7B-Instruct,qwen,R4D3,3,R4,S05+S08+S10,T192,rate,1,45,45
Qwen/Qwen2.5-7B-Instruct,qwen,R4D3,3,R4,S05+S08+S10,T193,rate,0,2.66667,2.67
Qwen/Qwen2.5-7B-Instruct,qwen,R4D3,3,R4,S05+S08+S10,T194,rate,0,5.33333,5.33
Qwen/Qwen2.5-7B-Instruct,qwen,R4D3,3,R4,S05+S08+S10,T195,rate,1,30,30
Qwen/Qwen2.5-7B-Instruct,qwen,R4D3,3,R4,S05+S08+S10,T196,rate,1,4.5,4.5
Qwen/Qwen2.5-7B-Instruct,qwen,R4D3,3,R4,S05+S08+S10,T197,rate,1,30,30
Qwen/Qwen2.5-7B-Instruct,qwen,R4D3,3,R4,S05+S08+S10,T198,rate,1,60,60
Qwen/Qwen2.5-7B-Instruct,qwen,R4D3,3,R4,S05+S08+S10,T199,rate,1,270,270
Qwen/Qwen2.5-7B-Instruct,qwen,R4D3,3,R4,S05+S08+S10,T200,rate,1,40,40
Qwen/Qwen2.5-7B-Instruct,qwen,R5D1,1,R5,S08,T001,percentage,0,3480,3360
Qwen/Qwen2.5-7B-Instruct,qwen,R5D1,1,R5,S08,T002,percentage,1,312.5,312.5
Qwen/Qwen2.5-7B-Instruct,qwen,R5D1,1,R5,S08,T003,percentage,1,288,288
Qwen/Qwen2.5-7B-Instruct,qwen,R5D1,1,R5,S08,T004,percentage,0,1044,1038
Qwen/Qwen2.5-7B-Instruct,qwen,R5D1,1,R5,S08,T005,percentage,0,500,495
Qwen/Qwen2.5-7B-Instruct,qwen,R5D1,1,R5,S08,T006,percentage,1,26.4,26.4
Qwen/Qwen2.5-7B-Instruct,qwen,R5D1,1,R5,S08,T007,percentage,0,697,687
Qwen/Qwen2.5-7B-Instruct,qwen,R5D1,1,R5,S08,T008,percentage,1,540,540
Qwen/Qwen2.5-7B-Instruct,qwen,R5D1,1,R5,S08,T009,percentage,1,127.5,127.5
Qwen/Qwen2.5-7B-Instruct,qwen,R5D1,1,R5,S08,T010,percentage,1,150,150
Qwen/Qwen2.5-7B-Instruct,qwen,R5D1,1,R5,S08,T011,percentage,1,1408,1408
Qwen/Qwen2.5-7B-Instruct,qwen,R5D1,1,R5,S08,T012,percentage,1,119,119
Qwen/Qwen2.5-7B-Instruct,qwen,R5D1,1,R5,S08,T013,percentage,1,528,528
Qwen/Qwen2.5-7B-Instruct,qwen,R5D1,1,R5,S08,T014,percentage,1,30,30
Qwen/Qwen2.5-7B-Instruct,qwen,R5D1,1,R5,S08,T015,percentage,0,552.5,557.5
Qwen/Qwen2.5-7B-Instruct,qwen,R5D1,1,R5,S08,T016,percentage,1,672,672
Qwen/Qwen2.5-7B-Instruct,qwen,R5D1,1,R5,S08,T017,percentage,1,2560,2560
Qwen/Qwen2.5-7B-Instruct,qwen,R5D1,1,R5,S08,T018,percentage,1,422.4,422.4
Qwen/Qwen2.5-7B-Instruct,qwen,R5D1,1,R5,S08,T019,percentage,1,192,192
Qwen/Qwen2.5-7B-Instruct,qwen,R5D1,1,R5,S08,T020,percentage,1,30,30
Qwen/Qwen2.5-7B-Instruct,qwen,R5D1,1,R5,S08,T021,percentage,1,108,108
Qwen/Qwen2.5-7B-Instruct,qwen,R5D1,1,R5,S08,T022,percentage,0,196.8,192
Qwen/Qwen2.5-7B-Instruct,qwen,R5D1,1,R5,S08,T023,percentage,1,225,225
Qwen/Qwen2.5-7B-Instruct,qwen,R5D1,1,R5,S08,T024,percentage,1,90,90
Qwen/Qwen2.5-7B-Instruct,qwen,R5D1,1,R5,S08,T025,percentage,0,500,495
Qwen/Qwen2.5-7B-Instruct,qwen,R5D1,1,R5,S08,T026,percentage,1,352,352
Qwen/Qwen2.5-7B-Instruct,qwen,R5D1,1,R5,S08,T027,percentage,1,960,960
Qwen/Qwen2.5-7B-Instruct,qwen,R5D1,1,R5,S08,T028,percentage,1,324,324
Qwen/Qwen2.5-7B-Instruct,qwen,R5D1,1,R5,S08,T029,percentage,1,420,420
Qwen/Qwen2.5-7B-Instruct,qwen,R5D1,1,R5,S08,T030,percentage,0,849.6,846
Qwen/Qwen2.5-7B-Instruct,qwen,R5D1,1,R5,S08,T031,percentage,1,476,476
Qwen/Qwen2.5-7B-Instruct,qwen,R5D1,1,R5,S08,T032,percentage,1,1100,1100
Qwen/Qwen2.5-7B-Instruct,qwen,R5D1,1,R5,S08,T033,percentage,1,1560,1560
Qwen/Qwen2.5-7B-Instruct,qwen,R5D1,1,R5,S08,T034,percentage,1,196,196
Qwen/Qwen2.5-7B-Instruct,qwen,R5D1,1,R5,S08,T035,percentage,1,156,156
Qwen/Qwen2.5-7B-Instruct,qwen,R5D1,1,R5,S08,T036,word_problem,0,4374,486
Qwen/Qwen2.5-7B-Instruct,qwen,R5D1,1,R5,S08,T037,word_problem,1,3500,3500
Qwen/Qwen2.5-7B-Instruct,qwen,R5D1,1,R5,S08,T038,word_problem,0,3360,840
Qwen/Qwen2.5-7B-Instruct,qwen,R5D1,1,R5,S08,T039,word_problem,0,4200,770
Qwen/Qwen2.5-7B-Instruct,qwen,R5D1,1,R5,S08,T040,word_problem,0,1728,576
Qwen/Qwen2.5-7B-Instruct,qwen,R5D1,1,R5,S08,T041,word_problem,0,3600,3900
Qwen/Qwen2.5-7B-Instruct,qwen,R5D1,1,R5,S08,T042,word_problem,0,12600,14700
Qwen/Qwen2.5-7B-Instruct,qwen,R5D1,1,R5,S08,T043,word_problem,0,3630,385
Qwen/Qwen2.5-7B-Instruct,qwen,R5D1,1,R5,S08,T044,word_problem,0,8064,3360
Qwen/Qwen2.5-7B-Instruct,qwen,R5D1,1,R5,S08,T045,word_problem,0,12600,10500
Qwen/Qwen2.5-7B-Instruct,qwen,R5D1,1,R5,S08,T046,word_problem,0,7840,1960
Qwen/Qwen2.5-7B-Instruct,qwen,R5D1,1,R5,S08,T047,word_problem,0,6720,1680
Qwen/Qwen2.5-7B-Instruct,qwen,R5D1,1,R5,S08,T048,word_problem,0,6000,3000
Qwen/Qwen2.5-7B-Instruct,qwen,R5D1,1,R5,S08,T049,word_problem,0,6480,720
Qwen/Qwen2.5-7B-Instruct,qwen,R5D1,1,R5,S08,T050,word_problem,0,4375,875
Qwen/Qwen2.5-7B-Instruct,qwen,R5D1,1,R5,S08,T051,word_problem,0,2700,540
Qwen/Qwen2.5-7B-Instruct,qwen,R5D1,1,R5,S08,T052,word_problem,0,1680,840
Qwen/Qwen2.5-7B-Instruct,qwen,R5D1,1,R5,S08,T053,word_problem,0,6930,7380
Qwen/Qwen2.5-7B-Instruct,qwen,R5D1,1,R5,S08,T054,word_problem,1,4752,4752
Qwen/Qwen2.5-7B-Instruct,qwen,R5D1,1,R5,S08,T055,word_problem,0,6480,540
Qwen/Qwen2.5-7B-Instruct,qwen,R5D1,1,R5,S08,T056,word_problem,0,2916,3240
Qwen/Qwen2.5-7B-Instruct,qwen,R5D1,1,R5,S08,T057,word_problem,0,3456,576
Qwen/Qwen2.5-7B-Instruct,qwen,R5D1,1,R5,S08,T058,word_problem,0,4800,1200
Qwen/Qwen2.5-7B-Instruct,qwen,R5D1,1,R5,S08,T059,word_problem,1,4200,4200
Qwen/Qwen2.5-7B-Instruct,qwen,R5D1,1,R5,S08,T060,word_problem,0,5250,1050
Qwen/Qwen2.5-7B-Instruct,qwen,R5D1,1,R5,S08,T061,word_problem,0,4410,1155
Qwen/Qwen2.5-7B-Instruct,qwen,R5D1,1,R5,S08,T062,word_problem,0,4752,4536
Qwen/Qwen2.5-7B-Instruct,qwen,R5D1,1,R5,S08,T063,word_problem,0,6000,600
Qwen/Qwen2.5-7B-Instruct,qwen,R5D1,1,R5,S08,T064,word_problem,0,5000,650
Qwen/Qwen2.5-7B-Instruct,qwen,R5D1,1,R5,S08,T065,word_problem,0,10080,840
Qwen/Qwen2.5-7B-Instruct,qwen,R5D1,1,R5,S08,T066,conversion,1,2160,2160
Qwen/Qwen2.5-7B-Instruct,qwen,R5D1,1,R5,S08,T067,conversion,0,1152,3552
Qwen/Qwen2.5-7B-Instruct,qwen,R5D1,1,R5,S08,T068,conversion,1,630,630
Qwen/Qwen2.5-7B-Instruct,qwen,R5D1,1,R5,S08,T069,conversion,1,48000,48000
Qwen/Qwen2.5-7B-Instruct,qwen,R5D1,1,R5,S08,T070,conversion,1,900,900
Qwen/Qwen2.5-7B-Instruct,qwen,R5D1,1,R5,S08,T071,conversion,1,720,720
Qwen/Qwen2.5-7B-Instruct,qwen,R5D1,1,R5,S08,T072,conversion,1,125000,125000
Qwen/Qwen2.5-7B-Instruct,qwen,R5D1,1,R5,S08,T073,conversion,1,1440,1440
Qwen/Qwen2.5-7B-Instruct,qwen,R5D1,1,R5,S08,T074,conversion,0,864,288
Qwen/Qwen2.5-7B-Instruct,qwen,R5D1,1,R5,S08,T075,conversion,1,12000,12000
Qwen/Qwen2.5-7B-Instruct,qwen,R5D1,1,R5,S08,T076,conversion,1,24000,24000
Qwen/Qwen2.5-7B-Instruct,qwen,R5D1,1,R5,S08,T077,conversion,0,125000,12500
Qwen/Qwen2.5-7B-Instruct,qwen,R5D1,1,R5,S08,T078,conversion,0,3000,300
Qwen/Qwen2.5-7B-Instruct,qwen,R5D1,1,R5,S08,T079,conversion,1,720,720
Qwen/Qwen2.5-7B-Instruct,qwen,R5D1,1,R5,S08,T080,conversion,1,3000,3000
Qwen/Qwen2.5-7B-Instruct,qwen,R5D1,1,R5,S08,T081,conversion,0,60000,6000
Qwen/Qwen2.5-7B-Instruct,qwen,R5D1,1,R5,S08,T082,conversion,1,36000,36000
Qwen/Qwen2.5-7B-Instruct,qwen,R5D1,1,R5,S08,T083,conversion,1,15000,15000
Qwen/Qwen2.5-7B-Instruct,qwen,R5D1,1,R5,S08,T084,conversion,1,12000,12000
Qwen/Qwen2.5-7B-Instruct,qwen,R5D1,1,R5,S08,T085,conversion,1,105,105
Qwen/Qwen2.5-7B-Instruct,qwen,R5D1,1,R5,S08,T086,conversion,1,360,360
Qwen/Qwen2.5-7B-Instruct,qwen,R5D1,1,R5,S08,T087,conversion,1,7000,7000
Qwen/Qwen2.5-7B-Instruct,qwen,R5D1,1,R5,S08,T088,conversion,0,72,24
Qwen/Qwen2.5-7B-Instruct,qwen,R5D1,1,R5,S08,T089,conversion,0,48000,4800
Qwen/Qwen2.5-7B-Instruct,qwen,R5D1,1,R5,S08,T090,conversion,1,720,720
Qwen/Qwen2.5-7B-Instruct,qwen,R5D1,1,R5,S08,T091,date,1,25 April 2026,25 April 2026
Qwen/Qwen2.5-7B-Instruct,qwen,R5D1,1,R5,S08,T092,date,0,10 June 2026,30 June 2026
Qwen/Qwen2.5-7B-Instruct,qwen,R5D1,1,R5,S08,T093,date,1,27 April 2026,27 April 2026
Qwen/Qwen2.5-7B-Instruct,qwen,R5D1,1,R5,S08,T094,date,1,26 November 2026,26 November 2026
Qwen/Qwen2.5-7B-Instruct,qwen,R5D1,1,R5,S08,T095,date,0,08 October 2026,30 September 2026
Qwen/Qwen2.5-7B-Instruct,qwen,R5D1,1,R5,S08,T096,date,0,11 November 2026,10 November 2026
Qwen/Qwen2.5-7B-Instruct,qwen,R5D1,1,R5,S08,T097,date,0,16 March 2026,15 April 2026
Qwen/Qwen2.5-7B-Instruct,qwen,R5D1,1,R5,S08,T098,date,0,01 June 2026,30 May 2026
Qwen/Qwen2.5-7B-Instruct,qwen,R5D1,1,R5,S08,T099,date,0,16 October 2026,30 October 2026
Qwen/Qwen2.5-7B-Instruct,qwen,R5D1,1,R5,S08,T100,date,0,12 June 2026,13 June 2026
Qwen/Qwen2.5-7B-Instruct,qwen,R5D1,1,R5,S08,T101,date,0,24 June 2026,23 June 2026
Qwen/Qwen2.5-7B-Instruct,qwen,R5D1,1,R5,S08,T102,date,1,25 July 2026,25 July 2026
Qwen/Qwen2.5-7B-Instruct,qwen,R5D1,1,R5,S08,T103,date,1,14 November 2026,14 November 2026
Qwen/Qwen2.5-7B-Instruct,qwen,R5D1,1,R5,S08,T104,date,0,06 February 2027,18 February 2027
Qwen/Qwen2.5-7B-Instruct,qwen,R5D1,1,R5,S08,T105,date,0,08 May 2026,30 April 2026
Qwen/Qwen2.5-7B-Instruct,qwen,R5D1,1,R5,S08,T106,date,1,30 October 2026,30 October 2026
Qwen/Qwen2.5-7B-Instruct,qwen,R5D1,1,R5,S08,T107,date,0,05 June 2026,30 May 2026
Qwen/Qwen2.5-7B-Instruct,qwen,R5D1,1,R5,S08,T108,date,0,08 October 2026,14 October 2026
Qwen/Qwen2.5-7B-Instruct,qwen,R5D1,1,R5,S08,T109,date,0,10 August 2026,14 August 2026
Qwen/Qwen2.5-7B-Instruct,qwen,R5D1,1,R5,S08,T110,date,0,17 December 2026,18 December 2026
Qwen/Qwen2.5-7B-Instruct,qwen,R5D1,1,R5,S08,T111,date,1,13 January 2027,13 January 2027
Qwen/Qwen2.5-7B-Instruct,qwen,R5D1,1,R5,S08,T112,date,0,07 October 2026,30 September 2026
Qwen/Qwen2.5-7B-Instruct,qwen,R5D1,1,R5,S08,T113,date,0,26 August 2026,30 August 2026
Qwen/Qwen2.5-7B-Instruct,qwen,R5D1,1,R5,S08,T114,date,0,26 January 2026,25 February 2026
Qwen/Qwen2.5-7B-Instruct,qwen,R5D1,1,R5,S08,T115,date,1,18 September 2026,18 September 2026
Qwen/Qwen2.5-7B-Instruct,qwen,R5D1,1,R5,S08,T116,table,1,North,North
Qwen/Qwen2.5-7B-Instruct,qwen,R5D1,1,R5,S08,T117,table,0,1669,1679
Qwen/Qwen2.5-7B-Instruct,qwen,R5D1,1,R5,S08,T118,table,1,West,West
Qwen/Qwen2.5-7B-Instruct,qwen,R5D1,1,R5,S08,T119,table,1,North,North
Qwen/Qwen2.5-7B-Instruct,qwen,R5D1,1,R5,S08,T120,table,1,West,West
Qwen/Qwen2.5-7B-Instruct,qwen,R5D1,1,R5,S08,T121,table,0,503,502
Qwen/Qwen2.5-7B-Instruct,qwen,R5D1,1,R5,S08,T122,table,1,Central,Central
Qwen/Qwen2.5-7B-Instruct,qwen,R5D1,1,R5,S08,T123,table,0,South,340
Qwen/Qwen2.5-7B-Instruct,qwen,R5D1,1,R5,S08,T124,table,1,1914,1914
Qwen/Qwen2.5-7B-Instruct,qwen,R5D1,1,R5,S08,T125,table,0,499,316
Qwen/Qwen2.5-7B-Instruct,qwen,R5D1,1,R5,S08,T126,table,1,1865,1865
Qwen/Qwen2.5-7B-Instruct,qwen,R5D1,1,R5,S08,T127,table,1,Central,Central
Qwen/Qwen2.5-7B-Instruct,qwen,R5D1,1,R5,S08,T128,table,1,2623,2623
Qwen/Qwen2.5-7B-Instruct,qwen,R5D1,1,R5,S08,T129,table,1,617,617
Qwen/Qwen2.5-7B-Instruct,qwen,R5D1,1,R5,S08,T130,table,1,West,West
Qwen/Qwen2.5-7B-Instruct,qwen,R5D1,1,R5,S08,T131,table,1,529,529
Qwen/Qwen2.5-7B-Instruct,qwen,R5D1,1,R5,S08,T132,table,0,2156,1956
Qwen/Qwen2.5-7B-Instruct,qwen,R5D1,1,R5,S08,T133,table,1,East,East
Qwen/Qwen2.5-7B-Instruct,qwen,R5D1,1,R5,S08,T134,table,0,504,404
Qwen/Qwen2.5-7B-Instruct,qwen,R5D1,1,R5,S08,T135,table,0,South,East
Qwen/Qwen2.5-7B-Instruct,qwen,R5D1,1,R5,S08,T136,table,0,637,717
Qwen/Qwen2.5-7B-Instruct,qwen,R5D1,1,R5,S08,T137,table,0,479,183
Qwen/Qwen2.5-7B-Instruct,qwen,R5D1,1,R5,S08,T138,table,0,1792,1790
Qwen/Qwen2.5-7B-Instruct,qwen,R5D1,1,R5,S08,T139,table,1,492,492
Qwen/Qwen2.5-7B-Instruct,qwen,R5D1,1,R5,S08,T140,table,0,760,459
Qwen/Qwen2.5-7B-Instruct,qwen,R5D1,1,R5,S08,T141,table,1,473,473
Qwen/Qwen2.5-7B-Instruct,qwen,R5D1,1,R5,S08,T142,table,0,Central,North
Qwen/Qwen2.5-7B-Instruct,qwen,R5D1,1,R5,S08,T143,table,0,South,265
Qwen/Qwen2.5-7B-Instruct,qwen,R5D1,1,R5,S08,T144,table,0,294,394
Qwen/Qwen2.5-7B-Instruct,qwen,R5D1,1,R5,S08,T145,table,1,160,160
Qwen/Qwen2.5-7B-Instruct,qwen,R5D1,1,R5,S08,T146,logic,0,Devon,2
Qwen/Qwen2.5-7B-Instruct,qwen,R5D1,1,R5,S08,T147,logic,0,Alex,Gray
Qwen/Qwen2.5-7B-Instruct,qwen,R5D1,1,R5,S08,T148,logic,1,Gray,Gray
Qwen/Qwen2.5-7B-Instruct,qwen,R5D1,1,R5,S08,T149,logic,1,Frankie,Frankie
Qwen/Qwen2.5-7B-Instruct,qwen,R5D1,1,R5,S08,T150,logic,1,Casey,Casey
Qwen/Qwen2.5-7B-Instruct,qwen,R5D1,1,R5,S08,T151,logic,0,Devon,3
Qwen/Qwen2.5-7B-Instruct,qwen,R5D1,1,R5,S08,T152,logic,0,Gray,Ellis
Qwen/Qwen2.5-7B-Instruct,qwen,R5D1,1,R5,S08,T153,logic,0,Casey,3
Qwen/Qwen2.5-7B-Instruct,qwen,R5D1,1,R5,S08,T154,logic,1,Gray,Gray
Qwen/Qwen2.5-7B-Instruct,qwen,R5D1,1,R5,S08,T155,logic,1,Alex,Alex
Qwen/Qwen2.5-7B-Instruct,qwen,R5D1,1,R5,S08,T156,logic,1,Bailey,Bailey
Qwen/Qwen2.5-7B-Instruct,qwen,R5D1,1,R5,S08,T157,logic,1,Bailey,Bailey
Qwen/Qwen2.5-7B-Instruct,qwen,R5D1,1,R5,S08,T158,logic,0,Devon,Frankie
Qwen/Qwen2.5-7B-Instruct,qwen,R5D1,1,R5,S08,T159,logic,1,Alex,Alex
Qwen/Qwen2.5-7B-Instruct,qwen,R5D1,1,R5,S08,T160,logic,0,Bailey,2
Qwen/Qwen2.5-7B-Instruct,qwen,R5D1,1,R5,S08,T161,logic,0,Devon,3
Qwen/Qwen2.5-7B-Instruct,qwen,R5D1,1,R5,S08,T162,logic,1,Alex,Alex
Qwen/Qwen2.5-7B-Instruct,qwen,R5D1,1,R5,S08,T163,logic,0,Frankie,Alex
Qwen/Qwen2.5-7B-Instruct,qwen,R5D1,1,R5,S08,T164,logic,1,Bailey,Bailey
Qwen/Qwen2.5-7B-Instruct,qwen,R5D1,1,R5,S08,T165,logic,0,Bailey,Frankie
Qwen/Qwen2.5-7B-Instruct,qwen,R5D1,1,R5,S08,T166,logic,1,Gray,Gray
Qwen/Qwen2.5-7B-Instruct,qwen,R5D1,1,R5,S08,T167,logic,1,Alex,Alex
Qwen/Qwen2.5-7B-Instruct,qwen,R5D1,1,R5,S08,T168,logic,1,Casey,Casey
Qwen/Qwen2.5-7B-Instruct,qwen,R5D1,1,R5,S08,T169,logic,1,Bailey,Bailey
Qwen/Qwen2.5-7B-Instruct,qwen,R5D1,1,R5,S08,T170,logic,1,Bailey,Bailey
Qwen/Qwen2.5-7B-Instruct,qwen,R5D1,1,R5,S08,T171,rate,1,2,2
Qwen/Qwen2.5-7B-Instruct,qwen,R5D1,1,R5,S08,T172,rate,1,10,10
Qwen/Qwen2.5-7B-Instruct,qwen,R5D1,1,R5,S08,T173,rate,1,4,4
Qwen/Qwen2.5-7B-Instruct,qwen,R5D1,1,R5,S08,T174,rate,0,3.33333,3.33
Qwen/Qwen2.5-7B-Instruct,qwen,R5D1,1,R5,S08,T175,rate,1,180,180
Qwen/Qwen2.5-7B-Instruct,qwen,R5D1,1,R5,S08,T176,rate,1,1.2,1.2
Qwen/Qwen2.5-7B-Instruct,qwen,R5D1,1,R5,S08,T177,rate,1,30,30
Qwen/Qwen2.5-7B-Instruct,qwen,R5D1,1,R5,S08,T178,rate,1,90,90
Qwen/Qwen2.5-7B-Instruct,qwen,R5D1,1,R5,S08,T179,rate,1,3,3
Qwen/Qwen2.5-7B-Instruct,qwen,R5D1,1,R5,S08,T180,rate,1,4,4
Qwen/Qwen2.5-7B-Instruct,qwen,R5D1,1,R5,S08,T181,rate,1,3.2,3.2
Qwen/Qwen2.5-7B-Instruct,qwen,R5D1,1,R5,S08,T182,rate,1,40,40
Qwen/Qwen2.5-7B-Instruct,qwen,R5D1,1,R5,S08,T183,rate,0,3.33333,3.33
Qwen/Qwen2.5-7B-Instruct,qwen,R5D1,1,R5,S08,T184,rate,1,150,150
Qwen/Qwen2.5-7B-Instruct,qwen,R5D1,1,R5,S08,T185,rate,1,90,90
Qwen/Qwen2.5-7B-Instruct,qwen,R5D1,1,R5,S08,T186,rate,1,45,45
Qwen/Qwen2.5-7B-Instruct,qwen,R5D1,1,R5,S08,T187,rate,1,5,5
Qwen/Qwen2.5-7B-Instruct,qwen,R5D1,1,R5,S08,T188,rate,1,60,60
Qwen/Qwen2.5-7B-Instruct,qwen,R5D1,1,R5,S08,T189,rate,0,3.33333,3.33
Qwen/Qwen2.5-7B-Instruct,qwen,R5D1,1,R5,S08,T190,rate,1,270,270
Qwen/Qwen2.5-7B-Instruct,qwen,R5D1,1,R5,S08,T191,rate,0,5.33333,5.33
Qwen/Qwen2.5-7B-Instruct,qwen,R5D1,1,R5,S08,T192,rate,1,45,45
Qwen/Qwen2.5-7B-Instruct,qwen,R5D1,1,R5,S08,T193,rate,0,2.66667,2.67
Qwen/Qwen2.5-7B-Instruct,qwen,R5D1,1,R5,S08,T194,rate,0,5.33333,5.33
Qwen/Qwen2.5-7B-Instruct,qwen,R5D1,1,R5,S08,T195,rate,1,30,30
Qwen/Qwen2.5-7B-Instruct,qwen,R5D1,1,R5,S08,T196,rate,1,4.5,4.5
Qwen/Qwen2.5-7B-Instruct,qwen,R5D1,1,R5,S08,T197,rate,1,30,30
Qwen/Qwen2.5-7B-Instruct,qwen,R5D1,1,R5,S08,T198,rate,1,60,60
Qwen/Qwen2.5-7B-Instruct,qwen,R5D1,1,R5,S08,T199,rate,1,270,270
Qwen/Qwen2.5-7B-Instruct,qwen,R5D1,1,R5,S08,T200,rate,1,40,40
Qwen/Qwen2.5-7B-Instruct,qwen,R5D2,2,R5,S08+S10,T001,percentage,0,3480,3360
Qwen/Qwen2.5-7B-Instruct,qwen,R5D2,2,R5,S08+S10,T002,percentage,1,312.5,312.5
Qwen/Qwen2.5-7B-Instruct,qwen,R5D2,2,R5,S08+S10,T003,percentage,1,288,288
Qwen/Qwen2.5-7B-Instruct,qwen,R5D2,2,R5,S08+S10,T004,percentage,0,1044,1038
Qwen/Qwen2.5-7B-Instruct,qwen,R5D2,2,R5,S08+S10,T005,percentage,1,500,500
Qwen/Qwen2.5-7B-Instruct,qwen,R5D2,2,R5,S08+S10,T006,percentage,1,26.4,26.4
Qwen/Qwen2.5-7B-Instruct,qwen,R5D2,2,R5,S08+S10,T007,percentage,0,697,683
Qwen/Qwen2.5-7B-Instruct,qwen,R5D2,2,R5,S08+S10,T008,percentage,1,540,540
Qwen/Qwen2.5-7B-Instruct,qwen,R5D2,2,R5,S08+S10,T009,percentage,1,127.5,127.5
Qwen/Qwen2.5-7B-Instruct,qwen,R5D2,2,R5,S08+S10,T010,percentage,1,150,150
Qwen/Qwen2.5-7B-Instruct,qwen,R5D2,2,R5,S08+S10,T011,percentage,1,1408,1408
Qwen/Qwen2.5-7B-Instruct,qwen,R5D2,2,R5,S08+S10,T012,percentage,1,119,119
Qwen/Qwen2.5-7B-Instruct,qwen,R5D2,2,R5,S08+S10,T013,percentage,1,528,528
Qwen/Qwen2.5-7B-Instruct,qwen,R5D2,2,R5,S08+S10,T014,percentage,1,30,30
Qwen/Qwen2.5-7B-Instruct,qwen,R5D2,2,R5,S08+S10,T015,percentage,0,552.5,557.5
Qwen/Qwen2.5-7B-Instruct,qwen,R5D2,2,R5,S08+S10,T016,percentage,1,672,672
Qwen/Qwen2.5-7B-Instruct,qwen,R5D2,2,R5,S08+S10,T017,percentage,1,2560,2560
Qwen/Qwen2.5-7B-Instruct,qwen,R5D2,2,R5,S08+S10,T018,percentage,1,422.4,422.4
Qwen/Qwen2.5-7B-Instruct,qwen,R5D2,2,R5,S08+S10,T019,percentage,1,192,192
Qwen/Qwen2.5-7B-Instruct,qwen,R5D2,2,R5,S08+S10,T020,percentage,1,30,30
Qwen/Qwen2.5-7B-Instruct,qwen,R5D2,2,R5,S08+S10,T021,percentage,1,108,108
Qwen/Qwen2.5-7B-Instruct,qwen,R5D2,2,R5,S08+S10,T022,percentage,0,196.8,192
Qwen/Qwen2.5-7B-Instruct,qwen,R5D2,2,R5,S08+S10,T023,percentage,1,225,225
Qwen/Qwen2.5-7B-Instruct,qwen,R5D2,2,R5,S08+S10,T024,percentage,1,90,90
Qwen/Qwen2.5-7B-Instruct,qwen,R5D2,2,R5,S08+S10,T025,percentage,1,500,500
Qwen/Qwen2.5-7B-Instruct,qwen,R5D2,2,R5,S08+S10,T026,percentage,1,352,352
Qwen/Qwen2.5-7B-Instruct,qwen,R5D2,2,R5,S08+S10,T027,percentage,1,960,960
Qwen/Qwen2.5-7B-Instruct,qwen,R5D2,2,R5,S08+S10,T028,percentage,1,324,324
Qwen/Qwen2.5-7B-Instruct,qwen,R5D2,2,R5,S08+S10,T029,percentage,1,420,420
Qwen/Qwen2.5-7B-Instruct,qwen,R5D2,2,R5,S08+S10,T030,percentage,0,849.6,846
Qwen/Qwen2.5-7B-Instruct,qwen,R5D2,2,R5,S08+S10,T031,percentage,0,476,472
Qwen/Qwen2.5-7B-Instruct,qwen,R5D2,2,R5,S08+S10,T032,percentage,1,1100,1100
Qwen/Qwen2.5-7B-Instruct,qwen,R5D2,2,R5,S08+S10,T033,percentage,1,1560,1560
Qwen/Qwen2.5-7B-Instruct,qwen,R5D2,2,R5,S08+S10,T034,percentage,1,196,196
Qwen/Qwen2.5-7B-Instruct,qwen,R5D2,2,R5,S08+S10,T035,percentage,1,156,156
Qwen/Qwen2.5-7B-Instruct,qwen,R5D2,2,R5,S08+S10,T036,word_problem,0,4374,486
Qwen/Qwen2.5-7B-Instruct,qwen,R5D2,2,R5,S08+S10,T037,word_problem,1,3500,3500
Qwen/Qwen2.5-7B-Instruct,qwen,R5D2,2,R5,S08+S10,T038,word_problem,0,3360,840
Qwen/Qwen2.5-7B-Instruct,qwen,R5D2,2,R5,S08+S10,T039,word_problem,0,4200,770
Qwen/Qwen2.5-7B-Instruct,qwen,R5D2,2,R5,S08+S10,T040,word_problem,0,1728,576
Qwen/Qwen2.5-7B-Instruct,qwen,R5D2,2,R5,S08+S10,T041,word_problem,0,3600,3000
Qwen/Qwen2.5-7B-Instruct,qwen,R5D2,2,R5,S08+S10,T042,word_problem,0,12600,14700
Qwen/Qwen2.5-7B-Instruct,qwen,R5D2,2,R5,S08+S10,T043,word_problem,0,3630,3850
Qwen/Qwen2.5-7B-Instruct,qwen,R5D2,2,R5,S08+S10,T044,word_problem,0,8064,3360
Qwen/Qwen2.5-7B-Instruct,qwen,R5D2,2,R5,S08+S10,T045,word_problem,0,12600,9180
Qwen/Qwen2.5-7B-Instruct,qwen,R5D2,2,R5,S08+S10,T046,word_problem,0,7840,1960
Qwen/Qwen2.5-7B-Instruct,qwen,R5D2,2,R5,S08+S10,T047,word_problem,0,6720,1680
Qwen/Qwen2.5-7B-Instruct,qwen,R5D2,2,R5,S08+S10,T048,word_problem,1,6000,6000
Qwen/Qwen2.5-7B-Instruct,qwen,R5D2,2,R5,S08+S10,T049,word_problem,0,6480,720
Qwen/Qwen2.5-7B-Instruct,qwen,R5D2,2,R5,S08+S10,T050,word_problem,0,4375,875
Qwen/Qwen2.5-7B-Instruct,qwen,R5D2,2,R5,S08+S10,T051,word_problem,0,2700,900
Qwen/Qwen2.5-7B-Instruct,qwen,R5D2,2,R5,S08+S10,T052,word_problem,0,1680,840
Qwen/Qwen2.5-7B-Instruct,qwen,R5D2,2,R5,S08+S10,T053,word_problem,0,6930,7380
Qwen/Qwen2.5-7B-Instruct,qwen,R5D2,2,R5,S08+S10,T054,word_problem,0,4752,4356
Qwen/Qwen2.5-7B-Instruct,qwen,R5D2,2,R5,S08+S10,T055,word_problem,0,6480,540
Qwen/Qwen2.5-7B-Instruct,qwen,R5D2,2,R5,S08+S10,T056,word_problem,0,2916,3402
Qwen/Qwen2.5-7B-Instruct,qwen,R5D2,2,R5,S08+S10,T057,word_problem,0,3456,576
Qwen/Qwen2.5-7B-Instruct,qwen,R5D2,2,R5,S08+S10,T058,word_problem,0,4800,1200
Qwen/Qwen2.5-7B-Instruct,qwen,R5D2,2,R5,S08+S10,T059,word_problem,1,4200,4200
Qwen/Qwen2.5-7B-Instruct,qwen,R5D2,2,R5,S08+S10,T060,word_problem,0,5250,1050
Qwen/Qwen2.5-7B-Instruct,qwen,R5D2,2,R5,S08+S10,T061,word_problem,0,4410,1190
Qwen/Qwen2.5-7B-Instruct,qwen,R5D2,2,R5,S08+S10,T062,word_problem,0,4752,4536
Qwen/Qwen2.5-7B-Instruct,qwen,R5D2,2,R5,S08+S10,T063,word_problem,0,6000,600
Qwen/Qwen2.5-7B-Instruct,qwen,R5D2,2,R5,S08+S10,T064,word_problem,0,5000,500
Qwen/Qwen2.5-7B-Instruct,qwen,R5D2,2,R5,S08+S10,T065,word_problem,0,10080,840
Qwen/Qwen2.5-7B-Instruct,qwen,R5D2,2,R5,S08+S10,T066,conversion,1,2160,2160
Qwen/Qwen2.5-7B-Instruct,qwen,R5D2,2,R5,S08+S10,T067,conversion,0,1152,336
Qwen/Qwen2.5-7B-Instruct,qwen,R5D2,2,R5,S08+S10,T068,conversion,1,630,630
Qwen/Qwen2.5-7B-Instruct,qwen,R5D2,2,R5,S08+S10,T069,conversion,1,48000,48000
Qwen/Qwen2.5-7B-Instruct,qwen,R5D2,2,R5,S08+S10,T070,conversion,1,900,900
Qwen/Qwen2.5-7B-Instruct,qwen,R5D2,2,R5,S08+S10,T071,conversion,1,720,720
Qwen/Qwen2.5-7B-Instruct,qwen,R5D2,2,R5,S08+S10,T072,conversion,1,125000,125000
Qwen/Qwen2.5-7B-Instruct,qwen,R5D2,2,R5,S08+S10,T073,conversion,1,1440,1440
Qwen/Qwen2.5-7B-Instruct,qwen,R5D2,2,R5,S08+S10,T074,conversion,0,864,288
Qwen/Qwen2.5-7B-Instruct,qwen,R5D2,2,R5,S08+S10,T075,conversion,1,12000,12000
Qwen/Qwen2.5-7B-Instruct,qwen,R5D2,2,R5,S08+S10,T076,conversion,1,24000,24000
Qwen/Qwen2.5-7B-Instruct,qwen,R5D2,2,R5,S08+S10,T077,conversion,1,125000,125000
Qwen/Qwen2.5-7B-Instruct,qwen,R5D2,2,R5,S08+S10,T078,conversion,0,3000,300
Qwen/Qwen2.5-7B-Instruct,qwen,R5D2,2,R5,S08+S10,T079,conversion,1,720,720
Qwen/Qwen2.5-7B-Instruct,qwen,R5D2,2,R5,S08+S10,T080,conversion,1,3000,3000
Qwen/Qwen2.5-7B-Instruct,qwen,R5D2,2,R5,S08+S10,T081,conversion,0,60000,6000
Qwen/Qwen2.5-7B-Instruct,qwen,R5D2,2,R5,S08+S10,T082,conversion,1,36000,36000
Qwen/Qwen2.5-7B-Instruct,qwen,R5D2,2,R5,S08+S10,T083,conversion,0,15000,1500
Qwen/Qwen2.5-7B-Instruct,qwen,R5D2,2,R5,S08+S10,T084,conversion,1,12000,12000
Qwen/Qwen2.5-7B-Instruct,qwen,R5D2,2,R5,S08+S10,T085,conversion,1,105,105
Qwen/Qwen2.5-7B-Instruct,qwen,R5D2,2,R5,S08+S10,T086,conversion,1,360,360
Qwen/Qwen2.5-7B-Instruct,qwen,R5D2,2,R5,S08+S10,T087,conversion,1,7000,7000
Qwen/Qwen2.5-7B-Instruct,qwen,R5D2,2,R5,S08+S10,T088,conversion,1,72,72
Qwen/Qwen2.5-7B-Instruct,qwen,R5D2,2,R5,S08+S10,T089,conversion,0,48000,4800
Qwen/Qwen2.5-7B-Instruct,qwen,R5D2,2,R5,S08+S10,T090,conversion,1,720,720
Qwen/Qwen2.5-7B-Instruct,qwen,R5D2,2,R5,S08+S10,T091,date,1,25 April 2026,25 April 2026
Qwen/Qwen2.5-7B-Instruct,qwen,R5D2,2,R5,S08+S10,T092,date,0,10 June 2026,30 June 2026
Qwen/Qwen2.5-7B-Instruct,qwen,R5D2,2,R5,S08+S10,T093,date,1,27 April 2026,27 April 2026
Qwen/Qwen2.5-7B-Instruct,qwen,R5D2,2,R5,S08+S10,T094,date,0,26 November 2026,25 November 2026
Qwen/Qwen2.5-7B-Instruct,qwen,R5D2,2,R5,S08+S10,T095,date,0,08 October 2026,30 October 2026
Qwen/Qwen2.5-7B-Instruct,qwen,R5D2,2,R5,S08+S10,T096,date,0,11 November 2026,10 November 2026
Qwen/Qwen2.5-7B-Instruct,qwen,R5D2,2,R5,S08+S10,T097,date,0,16 March 2026,23 March 2026
Qwen/Qwen2.5-7B-Instruct,qwen,R5D2,2,R5,S08+S10,T098,date,0,01 June 2026,30 June 2026
Qwen/Qwen2.5-7B-Instruct,qwen,R5D2,2,R5,S08+S10,T099,date,0,16 October 2026,30 October 2026
Qwen/Qwen2.5-7B-Instruct,qwen,R5D2,2,R5,S08+S10,T100,date,1,12 June 2026,12 June 2026
Qwen/Qwen2.5-7B-Instruct,qwen,R5D2,2,R5,S08+S10,T101,date,0,24 June 2026,23 June 2026
Qwen/Qwen2.5-7B-Instruct,qwen,R5D2,2,R5,S08+S10,T102,date,1,25 July 2026,25 July 2026
Qwen/Qwen2.5-7B-Instruct,qwen,R5D2,2,R5,S08+S10,T103,date,1,14 November 2026,14 November 2026
Qwen/Qwen2.5-7B-Instruct,qwen,R5D2,2,R5,S08+S10,T104,date,0,06 February 2027,14 February 2027
Qwen/Qwen2.5-7B-Instruct,qwen,R5D2,2,R5,S08+S10,T105,date,0,08 May 2026,30 May 2026
Qwen/Qwen2.5-7B-Instruct,qwen,R5D2,2,R5,S08+S10,T106,date,1,30 October 2026,30 October 2026
Qwen/Qwen2.5-7B-Instruct,qwen,R5D2,2,R5,S08+S10,T107,date,0,05 June 2026,04 June 2026
Qwen/Qwen2.5-7B-Instruct,qwen,R5D2,2,R5,S08+S10,T108,date,0,08 October 2026,14 October 2026
Qwen/Qwen2.5-7B-Instruct,qwen,R5D2,2,R5,S08+S10,T109,date,0,10 August 2026,14 September 2026
Qwen/Qwen2.5-7B-Instruct,qwen,R5D2,2,R5,S08+S10,T110,date,0,17 December 2026,28 December 2026
Qwen/Qwen2.5-7B-Instruct,qwen,R5D2,2,R5,S08+S10,T111,date,1,13 January 2027,13 January 2027
Qwen/Qwen2.5-7B-Instruct,qwen,R5D2,2,R5,S08+S10,T112,date,0,07 October 2026,30 October 2026
Qwen/Qwen2.5-7B-Instruct,qwen,R5D2,2,R5,S08+S10,T113,date,0,26 August 2026,30 August 2026
Qwen/Qwen2.5-7B-Instruct,qwen,R5D2,2,R5,S08+S10,T114,date,0,26 January 2026,25 February 2026
Qwen/Qwen2.5-7B-Instruct,qwen,R5D2,2,R5,S08+S10,T115,date,0,18 September 2026,17 October 2026
Qwen/Qwen2.5-7B-Instruct,qwen,R5D2,2,R5,S08+S10,T116,table,1,North,North
Qwen/Qwen2.5-7B-Instruct,qwen,R5D2,2,R5,S08+S10,T117,table,0,1669,1679
Qwen/Qwen2.5-7B-Instruct,qwen,R5D2,2,R5,S08+S10,T118,table,1,West,West
Qwen/Qwen2.5-7B-Instruct,qwen,R5D2,2,R5,S08+S10,T119,table,1,North,North
Qwen/Qwen2.5-7B-Instruct,qwen,R5D2,2,R5,S08+S10,T120,table,1,West,West
Qwen/Qwen2.5-7B-Instruct,qwen,R5D2,2,R5,S08+S10,T121,table,0,503,502
Qwen/Qwen2.5-7B-Instruct,qwen,R5D2,2,R5,S08+S10,T122,table,1,Central,Central
Qwen/Qwen2.5-7B-Instruct,qwen,R5D2,2,R5,S08+S10,T123,table,0,South,340
Qwen/Qwen2.5-7B-Instruct,qwen,R5D2,2,R5,S08+S10,T124,table,1,1914,1914
Qwen/Qwen2.5-7B-Instruct,qwen,R5D2,2,R5,S08+S10,T125,table,0,499,316
Qwen/Qwen2.5-7B-Instruct,qwen,R5D2,2,R5,S08+S10,T126,table,1,1865,1865
Qwen/Qwen2.5-7B-Instruct,qwen,R5D2,2,R5,S08+S10,T127,table,1,Central,Central
Qwen/Qwen2.5-7B-Instruct,qwen,R5D2,2,R5,S08+S10,T128,table,1,2623,2623
Qwen/Qwen2.5-7B-Instruct,qwen,R5D2,2,R5,S08+S10,T129,table,1,617,617
Qwen/Qwen2.5-7B-Instruct,qwen,R5D2,2,R5,S08+S10,T130,table,1,West,West
Qwen/Qwen2.5-7B-Instruct,qwen,R5D2,2,R5,S08+S10,T131,table,1,529,529
Qwen/Qwen2.5-7B-Instruct,qwen,R5D2,2,R5,S08+S10,T132,table,0,2156,1956
Qwen/Qwen2.5-7B-Instruct,qwen,R5D2,2,R5,S08+S10,T133,table,1,East,East
Qwen/Qwen2.5-7B-Instruct,qwen,R5D2,2,R5,S08+S10,T134,table,0,504,404
Qwen/Qwen2.5-7B-Instruct,qwen,R5D2,2,R5,S08+S10,T135,table,0,South,East
Qwen/Qwen2.5-7B-Instruct,qwen,R5D2,2,R5,S08+S10,T136,table,1,637,637
Qwen/Qwen2.5-7B-Instruct,qwen,R5D2,2,R5,S08+S10,T137,table,0,479,483
Qwen/Qwen2.5-7B-Instruct,qwen,R5D2,2,R5,S08+S10,T138,table,0,1792,1790
Qwen/Qwen2.5-7B-Instruct,qwen,R5D2,2,R5,S08+S10,T139,table,1,492,492
Qwen/Qwen2.5-7B-Instruct,qwen,R5D2,2,R5,S08+S10,T140,table,0,760,459
Qwen/Qwen2.5-7B-Instruct,qwen,R5D2,2,R5,S08+S10,T141,table,1,473,473
Qwen/Qwen2.5-7B-Instruct,qwen,R5D2,2,R5,S08+S10,T142,table,0,Central,North
Qwen/Qwen2.5-7B-Instruct,qwen,R5D2,2,R5,S08+S10,T143,table,1,South,South
Qwen/Qwen2.5-7B-Instruct,qwen,R5D2,2,R5,S08+S10,T144,table,0,294,344
Qwen/Qwen2.5-7B-Instruct,qwen,R5D2,2,R5,S08+S10,T145,table,1,160,160
Qwen/Qwen2.5-7B-Instruct,qwen,R5D2,2,R5,S08+S10,T146,logic,0,Devon,2
Qwen/Qwen2.5-7B-Instruct,qwen,R5D2,2,R5,S08+S10,T147,logic,0,Alex,Gray
Qwen/Qwen2.5-7B-Instruct,qwen,R5D2,2,R5,S08+S10,T148,logic,0,Gray,74
Qwen/Qwen2.5-7B-Instruct,qwen,R5D2,2,R5,S08+S10,T149,logic,1,Frankie,Frankie
Qwen/Qwen2.5-7B-Instruct,qwen,R5D2,2,R5,S08+S10,T150,logic,1,Casey,Casey
Qwen/Qwen2.5-7B-Instruct,qwen,R5D2,2,R5,S08+S10,T151,logic,0,Devon,3
Qwen/Qwen2.5-7B-Instruct,qwen,R5D2,2,R5,S08+S10,T152,logic,1,Gray,Gray
Qwen/Qwen2.5-7B-Instruct,qwen,R5D2,2,R5,S08+S10,T153,logic,0,Casey,3
Qwen/Qwen2.5-7B-Instruct,qwen,R5D2,2,R5,S08+S10,T154,logic,1,Gray,Gray
Qwen/Qwen2.5-7B-Instruct,qwen,R5D2,2,R5,S08+S10,T155,logic,1,Alex,Alex
Qwen/Qwen2.5-7B-Instruct,qwen,R5D2,2,R5,S08+S10,T156,logic,1,Bailey,Bailey
Qwen/Qwen2.5-7B-Instruct,qwen,R5D2,2,R5,S08+S10,T157,logic,1,Bailey,Bailey
Qwen/Qwen2.5-7B-Instruct,qwen,R5D2,2,R5,S08+S10,T158,logic,0,Devon,Frankie
Qwen/Qwen2.5-7B-Instruct,qwen,R5D2,2,R5,S08+S10,T159,logic,1,Alex,Alex
Qwen/Qwen2.5-7B-Instruct,qwen,R5D2,2,R5,S08+S10,T160,logic,0,Bailey,2
Qwen/Qwen2.5-7B-Instruct,qwen,R5D2,2,R5,S08+S10,T161,logic,0,Devon,3
Qwen/Qwen2.5-7B-Instruct,qwen,R5D2,2,R5,S08+S10,T162,logic,1,Alex,Alex
Qwen/Qwen2.5-7B-Instruct,qwen,R5D2,2,R5,S08+S10,T163,logic,0,Frankie,Alex
Qwen/Qwen2.5-7B-Instruct,qwen,R5D2,2,R5,S08+S10,T164,logic,1,Bailey,Bailey
Qwen/Qwen2.5-7B-Instruct,qwen,R5D2,2,R5,S08+S10,T165,logic,0,Bailey,Frankie
Qwen/Qwen2.5-7B-Instruct,qwen,R5D2,2,R5,S08+S10,T166,logic,1,Gray,Gray
Qwen/Qwen2.5-7B-Instruct,qwen,R5D2,2,R5,S08+S10,T167,logic,1,Alex,Alex
Qwen/Qwen2.5-7B-Instruct,qwen,R5D2,2,R5,S08+S10,T168,logic,1,Casey,Casey
Qwen/Qwen2.5-7B-Instruct,qwen,R5D2,2,R5,S08+S10,T169,logic,1,Bailey,Bailey
Qwen/Qwen2.5-7B-Instruct,qwen,R5D2,2,R5,S08+S10,T170,logic,1,Bailey,Bailey
Qwen/Qwen2.5-7B-Instruct,qwen,R5D2,2,R5,S08+S10,T171,rate,1,2,2
Qwen/Qwen2.5-7B-Instruct,qwen,R5D2,2,R5,S08+S10,T172,rate,1,10,10
Qwen/Qwen2.5-7B-Instruct,qwen,R5D2,2,R5,S08+S10,T173,rate,1,4,4
Qwen/Qwen2.5-7B-Instruct,qwen,R5D2,2,R5,S08+S10,T174,rate,0,3.33333,3.33
Qwen/Qwen2.5-7B-Instruct,qwen,R5D2,2,R5,S08+S10,T175,rate,1,180,180
Qwen/Qwen2.5-7B-Instruct,qwen,R5D2,2,R5,S08+S10,T176,rate,1,1.2,1.2
Qwen/Qwen2.5-7B-Instruct,qwen,R5D2,2,R5,S08+S10,T177,rate,1,30,30
Qwen/Qwen2.5-7B-Instruct,qwen,R5D2,2,R5,S08+S10,T178,rate,1,90,90
Qwen/Qwen2.5-7B-Instruct,qwen,R5D2,2,R5,S08+S10,T179,rate,1,3,3
Qwen/Qwen2.5-7B-Instruct,qwen,R5D2,2,R5,S08+S10,T180,rate,1,4,4
Qwen/Qwen2.5-7B-Instruct,qwen,R5D2,2,R5,S08+S10,T181,rate,1,3.2,3.2
Qwen/Qwen2.5-7B-Instruct,qwen,R5D2,2,R5,S08+S10,T182,rate,1,40,40
Qwen/Qwen2.5-7B-Instruct,qwen,R5D2,2,R5,S08+S10,T183,rate,0,3.33333,3.33
Qwen/Qwen2.5-7B-Instruct,qwen,R5D2,2,R5,S08+S10,T184,rate,1,150,150
Qwen/Qwen2.5-7B-Instruct,qwen,R5D2,2,R5,S08+S10,T185,rate,1,90,90
Qwen/Qwen2.5-7B-Instruct,qwen,R5D2,2,R5,S08+S10,T186,rate,1,45,45
Qwen/Qwen2.5-7B-Instruct,qwen,R5D2,2,R5,S08+S10,T187,rate,1,5,5
Qwen/Qwen2.5-7B-Instruct,qwen,R5D2,2,R5,S08+S10,T188,rate,1,60,60
Qwen/Qwen2.5-7B-Instruct,qwen,R5D2,2,R5,S08+S10,T189,rate,0,3.33333,3.33
Qwen/Qwen2.5-7B-Instruct,qwen,R5D2,2,R5,S08+S10,T190,rate,1,270,270
Qwen/Qwen2.5-7B-Instruct,qwen,R5D2,2,R5,S08+S10,T191,rate,0,5.33333,5.33
Qwen/Qwen2.5-7B-Instruct,qwen,R5D2,2,R5,S08+S10,T192,rate,1,45,45
Qwen/Qwen2.5-7B-Instruct,qwen,R5D2,2,R5,S08+S10,T193,rate,0,2.66667,2.67
Qwen/Qwen2.5-7B-Instruct,qwen,R5D2,2,R5,S08+S10,T194,rate,0,5.33333,5.33
Qwen/Qwen2.5-7B-Instruct,qwen,R5D2,2,R5,S08+S10,T195,rate,1,30,30
Qwen/Qwen2.5-7B-Instruct,qwen,R5D2,2,R5,S08+S10,T196,rate,1,4.5,4.5
Qwen/Qwen2.5-7B-Instruct,qwen,R5D2,2,R5,S08+S10,T197,rate,1,30,30
Qwen/Qwen2.5-7B-Instruct,qwen,R5D2,2,R5,S08+S10,T198,rate,1,60,60
Qwen/Qwen2.5-7B-Instruct,qwen,R5D2,2,R5,S08+S10,T199,rate,1,270,270
Qwen/Qwen2.5-7B-Instruct,qwen,R5D2,2,R5,S08+S10,T200,rate,1,40,40
Qwen/Qwen2.5-7B-Instruct,qwen,R5D3*,3,R5,S08+S10+S05,T001,percentage,0,3480,3360
Qwen/Qwen2.5-7B-Instruct,qwen,R5D3*,3,R5,S08+S10+S05,T002,percentage,1,312.5,312.5
Qwen/Qwen2.5-7B-Instruct,qwen,R5D3*,3,R5,S08+S10+S05,T003,percentage,1,288,288
Qwen/Qwen2.5-7B-Instruct,qwen,R5D3*,3,R5,S08+S10+S05,T004,percentage,0,1044,1032
Qwen/Qwen2.5-7B-Instruct,qwen,R5D3*,3,R5,S08+S10+S05,T005,percentage,1,500,500
Qwen/Qwen2.5-7B-Instruct,qwen,R5D3*,3,R5,S08+S10+S05,T006,percentage,0,26.4,26
Qwen/Qwen2.5-7B-Instruct,qwen,R5D3*,3,R5,S08+S10+S05,T007,percentage,0,697,687
Qwen/Qwen2.5-7B-Instruct,qwen,R5D3*,3,R5,S08+S10+S05,T008,percentage,1,540,540
Qwen/Qwen2.5-7B-Instruct,qwen,R5D3*,3,R5,S08+S10+S05,T009,percentage,1,127.5,127.5
Qwen/Qwen2.5-7B-Instruct,qwen,R5D3*,3,R5,S08+S10+S05,T010,percentage,1,150,150
Qwen/Qwen2.5-7B-Instruct,qwen,R5D3*,3,R5,S08+S10+S05,T011,percentage,1,1408,1408
Qwen/Qwen2.5-7B-Instruct,qwen,R5D3*,3,R5,S08+S10+S05,T012,percentage,1,119,119
Qwen/Qwen2.5-7B-Instruct,qwen,R5D3*,3,R5,S08+S10+S05,T013,percentage,1,528,528
Qwen/Qwen2.5-7B-Instruct,qwen,R5D3*,3,R5,S08+S10+S05,T014,percentage,1,30,30
Qwen/Qwen2.5-7B-Instruct,qwen,R5D3*,3,R5,S08+S10+S05,T015,percentage,0,552.5,557.5
Qwen/Qwen2.5-7B-Instruct,qwen,R5D3*,3,R5,S08+S10+S05,T016,percentage,1,672,672
Qwen/Qwen2.5-7B-Instruct,qwen,R5D3*,3,R5,S08+S10+S05,T017,percentage,1,2560,2560
Qwen/Qwen2.5-7B-Instruct,qwen,R5D3*,3,R5,S08+S10+S05,T018,percentage,1,422.4,422.4
Qwen/Qwen2.5-7B-Instruct,qwen,R5D3*,3,R5,S08+S10+S05,T019,percentage,1,192,192
Qwen/Qwen2.5-7B-Instruct,qwen,R5D3*,3,R5,S08+S10+S05,T020,percentage,1,30,30
Qwen/Qwen2.5-7B-Instruct,qwen,R5D3*,3,R5,S08+S10+S05,T021,percentage,1,108,108
Qwen/Qwen2.5-7B-Instruct,qwen,R5D3*,3,R5,S08+S10+S05,T022,percentage,0,196.8,194.4
Qwen/Qwen2.5-7B-Instruct,qwen,R5D3*,3,R5,S08+S10+S05,T023,percentage,1,225,225
Qwen/Qwen2.5-7B-Instruct,qwen,R5D3*,3,R5,S08+S10+S05,T024,percentage,1,90,90
Qwen/Qwen2.5-7B-Instruct,qwen,R5D3*,3,R5,S08+S10+S05,T025,percentage,1,500,500
Qwen/Qwen2.5-7B-Instruct,qwen,R5D3*,3,R5,S08+S10+S05,T026,percentage,1,352,352
Qwen/Qwen2.5-7B-Instruct,qwen,R5D3*,3,R5,S08+S10+S05,T027,percentage,1,960,960
Qwen/Qwen2.5-7B-Instruct,qwen,R5D3*,3,R5,S08+S10+S05,T028,percentage,1,324,324
Qwen/Qwen2.5-7B-Instruct,qwen,R5D3*,3,R5,S08+S10+S05,T029,percentage,1,420,420
Qwen/Qwen2.5-7B-Instruct,qwen,R5D3*,3,R5,S08+S10+S05,T030,percentage,0,849.6,859.60
Qwen/Qwen2.5-7B-Instruct,qwen,R5D3*,3,R5,S08+S10+S05,T031,percentage,0,476,472
Qwen/Qwen2.5-7B-Instruct,qwen,R5D3*,3,R5,S08+S10+S05,T032,percentage,1,1100,1100
Qwen/Qwen2.5-7B-Instruct,qwen,R5D3*,3,R5,S08+S10+S05,T033,percentage,1,1560,1560
Qwen/Qwen2.5-7B-Instruct,qwen,R5D3*,3,R5,S08+S10+S05,T034,percentage,1,196,196
Qwen/Qwen2.5-7B-Instruct,qwen,R5D3*,3,R5,S08+S10+S05,T035,percentage,1,156,156
Qwen/Qwen2.5-7B-Instruct,qwen,R5D3*,3,R5,S08+S10+S05,T036,word_problem,0,4374,486
Qwen/Qwen2.5-7B-Instruct,qwen,R5D3*,3,R5,S08+S10+S05,T037,word_problem,0,3500,875
Qwen/Qwen2.5-7B-Instruct,qwen,R5D3*,3,R5,S08+S10+S05,T038,word_problem,0,3360,840
Qwen/Qwen2.5-7B-Instruct,qwen,R5D3*,3,R5,S08+S10+S05,T039,word_problem,0,4200,1470
Qwen/Qwen2.5-7B-Instruct,qwen,R5D3*,3,R5,S08+S10+S05,T040,word_problem,0,1728,576
Qwen/Qwen2.5-7B-Instruct,qwen,R5D3*,3,R5,S08+S10+S05,T041,word_problem,0,3600,1800
Qwen/Qwen2.5-7B-Instruct,qwen,R5D3*,3,R5,S08+S10+S05,T042,word_problem,0,12600,4200
Qwen/Qwen2.5-7B-Instruct,qwen,R5D3*,3,R5,S08+S10+S05,T043,word_problem,0,3630,3850
Qwen/Qwen2.5-7B-Instruct,qwen,R5D3*,3,R5,S08+S10+S05,T044,word_problem,0,8064,3360
Qwen/Qwen2.5-7B-Instruct,qwen,R5D3*,3,R5,S08+S10+S05,T045,word_problem,0,12600,10500
Qwen/Qwen2.5-7B-Instruct,qwen,R5D3*,3,R5,S08+S10+S05,T046,word_problem,0,7840,1960
Qwen/Qwen2.5-7B-Instruct,qwen,R5D3*,3,R5,S08+S10+S05,T047,word_problem,0,6720,1680
Qwen/Qwen2.5-7B-Instruct,qwen,R5D3*,3,R5,S08+S10+S05,T048,word_problem,0,6000,3000
Qwen/Qwen2.5-7B-Instruct,qwen,R5D3*,3,R5,S08+S10+S05,T049,word_problem,0,6480,720
Qwen/Qwen2.5-7B-Instruct,qwen,R5D3*,3,R5,S08+S10+S05,T050,word_problem,0,4375,1750
Qwen/Qwen2.5-7B-Instruct,qwen,R5D3*,3,R5,S08+S10+S05,T051,word_problem,0,2700,810
Qwen/Qwen2.5-7B-Instruct,qwen,R5D3*,3,R5,S08+S10+S05,T052,word_problem,0,1680,840
Qwen/Qwen2.5-7B-Instruct,qwen,R5D3*,3,R5,S08+S10+S05,T053,word_problem,0,6930,7380
Qwen/Qwen2.5-7B-Instruct,qwen,R5D3*,3,R5,S08+S10+S05,T054,word_problem,0,4752,4356
Qwen/Qwen2.5-7B-Instruct,qwen,R5D3*,3,R5,S08+S10+S05,T055,word_problem,0,6480,540
Qwen/Qwen2.5-7B-Instruct,qwen,R5D3*,3,R5,S08+S10+S05,T056,word_problem,0,2916,3402
Qwen/Qwen2.5-7B-Instruct,qwen,R5D3*,3,R5,S08+S10+S05,T057,word_problem,0,3456,576
Qwen/Qwen2.5-7B-Instruct,qwen,R5D3*,3,R5,S08+S10+S05,T058,word_problem,0,4800,1200
Qwen/Qwen2.5-7B-Instruct,qwen,R5D3*,3,R5,S08+S10+S05,T059,word_problem,1,4200,4200
Qwen/Qwen2.5-7B-Instruct,qwen,R5D3*,3,R5,S08+S10+S05,T060,word_problem,0,5250,1050
Qwen/Qwen2.5-7B-Instruct,qwen,R5D3*,3,R5,S08+S10+S05,T061,word_problem,0,4410,1190
Qwen/Qwen2.5-7B-Instruct,qwen,R5D3*,3,R5,S08+S10+S05,T062,word_problem,0,4752,4356
Qwen/Qwen2.5-7B-Instruct,qwen,R5D3*,3,R5,S08+S10+S05,T063,word_problem,0,6000,600
Qwen/Qwen2.5-7B-Instruct,qwen,R5D3*,3,R5,S08+S10+S05,T064,word_problem,0,5000,6500
Qwen/Qwen2.5-7B-Instruct,qwen,R5D3*,3,R5,S08+S10+S05,T065,word_problem,0,10080,840
Qwen/Qwen2.5-7B-Instruct,qwen,R5D3*,3,R5,S08+S10+S05,T066,conversion,1,2160,2160
Qwen/Qwen2.5-7B-Instruct,qwen,R5D3*,3,R5,S08+S10+S05,T067,conversion,0,1152,3552
Qwen/Qwen2.5-7B-Instruct,qwen,R5D3*,3,R5,S08+S10+S05,T068,conversion,1,630,630
Qwen/Qwen2.5-7B-Instruct,qwen,R5D3*,3,R5,S08+S10+S05,T069,conversion,1,48000,48000
Qwen/Qwen2.5-7B-Instruct,qwen,R5D3*,3,R5,S08+S10+S05,T070,conversion,1,900,900
Qwen/Qwen2.5-7B-Instruct,qwen,R5D3*,3,R5,S08+S10+S05,T071,conversion,1,720,720
Qwen/Qwen2.5-7B-Instruct,qwen,R5D3*,3,R5,S08+S10+S05,T072,conversion,1,125000,125000
Qwen/Qwen2.5-7B-Instruct,qwen,R5D3*,3,R5,S08+S10+S05,T073,conversion,1,1440,1440
Qwen/Qwen2.5-7B-Instruct,qwen,R5D3*,3,R5,S08+S10+S05,T074,conversion,0,864,288
Qwen/Qwen2.5-7B-Instruct,qwen,R5D3*,3,R5,S08+S10+S05,T075,conversion,1,12000,12000
Qwen/Qwen2.5-7B-Instruct,qwen,R5D3*,3,R5,S08+S10+S05,T076,conversion,1,24000,24000
Qwen/Qwen2.5-7B-Instruct,qwen,R5D3*,3,R5,S08+S10+S05,T077,conversion,1,125000,125000
Qwen/Qwen2.5-7B-Instruct,qwen,R5D3*,3,R5,S08+S10+S05,T078,conversion,0,3000,300
Qwen/Qwen2.5-7B-Instruct,qwen,R5D3*,3,R5,S08+S10+S05,T079,conversion,1,720,720
Qwen/Qwen2.5-7B-Instruct,qwen,R5D3*,3,R5,S08+S10+S05,T080,conversion,1,3000,3000
Qwen/Qwen2.5-7B-Instruct,qwen,R5D3*,3,R5,S08+S10+S05,T081,conversion,0,60000,6000
Qwen/Qwen2.5-7B-Instruct,qwen,R5D3*,3,R5,S08+S10+S05,T082,conversion,1,36000,36000
Qwen/Qwen2.5-7B-Instruct,qwen,R5D3*,3,R5,S08+S10+S05,T083,conversion,1,15000,15000
Qwen/Qwen2.5-7B-Instruct,qwen,R5D3*,3,R5,S08+S10+S05,T084,conversion,1,12000,12000
Qwen/Qwen2.5-7B-Instruct,qwen,R5D3*,3,R5,S08+S10+S05,T085,conversion,1,105,105
Qwen/Qwen2.5-7B-Instruct,qwen,R5D3*,3,R5,S08+S10+S05,T086,conversion,1,360,360
Qwen/Qwen2.5-7B-Instruct,qwen,R5D3*,3,R5,S08+S10+S05,T087,conversion,1,7000,7000
Qwen/Qwen2.5-7B-Instruct,qwen,R5D3*,3,R5,S08+S10+S05,T088,conversion,1,72,72
Qwen/Qwen2.5-7B-Instruct,qwen,R5D3*,3,R5,S08+S10+S05,T089,conversion,1,48000,48000
Qwen/Qwen2.5-7B-Instruct,qwen,R5D3*,3,R5,S08+S10+S05,T090,conversion,1,720,720
Qwen/Qwen2.5-7B-Instruct,qwen,R5D3*,3,R5,S08+S10+S05,T091,date,1,25 April 2026,25 April 2026
Qwen/Qwen2.5-7B-Instruct,qwen,R5D3*,3,R5,S08+S10+S05,T092,date,0,10 June 2026,30 June 2026
Qwen/Qwen2.5-7B-Instruct,qwen,R5D3*,3,R5,S08+S10+S05,T093,date,0,27 April 2026,01 May 2026
Qwen/Qwen2.5-7B-Instruct,qwen,R5D3*,3,R5,S08+S10+S05,T094,date,0,26 November 2026,25 November 2026
Qwen/Qwen2.5-7B-Instruct,qwen,R5D3*,3,R5,S08+S10+S05,T095,date,0,08 October 2026,30 October 2026
Qwen/Qwen2.5-7B-Instruct,qwen,R5D3*,3,R5,S08+S10+S05,T096,date,0,11 November 2026,10 November 2026
Qwen/Qwen2.5-7B-Instruct,qwen,R5D3*,3,R5,S08+S10+S05,T097,date,0,16 March 2026,23 March 2026
Qwen/Qwen2.5-7B-Instruct,qwen,R5D3*,3,R5,S08+S10+S05,T098,date,0,01 June 2026,24 June 2026
Qwen/Qwen2.5-7B-Instruct,qwen,R5D3*,3,R5,S08+S10+S05,T099,date,0,16 October 2026,30 October 2026
Qwen/Qwen2.5-7B-Instruct,qwen,R5D3*,3,R5,S08+S10+S05,T100,date,1,12 June 2026,12 June 2026
Qwen/Qwen2.5-7B-Instruct,qwen,R5D3*,3,R5,S08+S10+S05,T101,date,0,24 June 2026,23 June 2026
Qwen/Qwen2.5-7B-Instruct,qwen,R5D3*,3,R5,S08+S10+S05,T102,date,0,25 July 2026,24 July 2026
Qwen/Qwen2.5-7B-Instruct,qwen,R5D3*,3,R5,S08+S10+S05,T103,date,0,14 November 2026,13 November 2026
Qwen/Qwen2.5-7B-Instruct,qwen,R5D3*,3,R5,S08+S10+S05,T104,date,0,06 February 2027,14 February 2027
Qwen/Qwen2.5-7B-Instruct,qwen,R5D3*,3,R5,S08+S10+S05,T105,date,0,08 May 2026,30 May 2026
Qwen/Qwen2.5-7B-Instruct,qwen,R5D3*,3,R5,S08+S10+S05,T106,date,1,30 October 2026,30 October 2026
Qwen/Qwen2.5-7B-Instruct,qwen,R5D3*,3,R5,S08+S10+S05,T107,date,0,05 June 2026,04 June 2026
Qwen/Qwen2.5-7B-Instruct,qwen,R5D3*,3,R5,S08+S10+S05,T108,date,0,08 October 2026,14 October 2026
Qwen/Qwen2.5-7B-Instruct,qwen,R5D3*,3,R5,S08+S10+S05,T109,date,0,10 August 2026,14 September 2026
Qwen/Qwen2.5-7B-Instruct,qwen,R5D3*,3,R5,S08+S10+S05,T110,date,0,17 December 2026,28 December 2026
Qwen/Qwen2.5-7B-Instruct,qwen,R5D3*,3,R5,S08+S10+S05,T111,date,1,13 January 2027,13 January 2027
Qwen/Qwen2.5-7B-Instruct,qwen,R5D3*,3,R5,S08+S10+S05,T112,date,0,07 October 2026,30 October 2026
Qwen/Qwen2.5-7B-Instruct,qwen,R5D3*,3,R5,S08+S10+S05,T113,date,0,26 August 2026,30 August 2026
Qwen/Qwen2.5-7B-Instruct,qwen,R5D3*,3,R5,S08+S10+S05,T114,date,0,26 January 2026,24 February 2026
Qwen/Qwen2.5-7B-Instruct,qwen,R5D3*,3,R5,S08+S10+S05,T115,date,0,18 September 2026,17 September 2026
Qwen/Qwen2.5-7B-Instruct,qwen,R5D3*,3,R5,S08+S10+S05,T116,table,1,North,North
Qwen/Qwen2.5-7B-Instruct,qwen,R5D3*,3,R5,S08+S10+S05,T117,table,0,1669,2279
Qwen/Qwen2.5-7B-Instruct,qwen,R5D3*,3,R5,S08+S10+S05,T118,table,1,West,West
Qwen/Qwen2.5-7B-Instruct,qwen,R5D3*,3,R5,S08+S10+S05,T119,table,1,North,North
Qwen/Qwen2.5-7B-Instruct,qwen,R5D3*,3,R5,S08+S10+S05,T120,table,1,West,West
Qwen/Qwen2.5-7B-Instruct,qwen,R5D3*,3,R5,S08+S10+S05,T121,table,0,503,502
Qwen/Qwen2.5-7B-Instruct,qwen,R5D3*,3,R5,S08+S10+S05,T122,table,1,Central,Central
Qwen/Qwen2.5-7B-Instruct,qwen,R5D3*,3,R5,S08+S10+S05,T123,table,1,South,South
Qwen/Qwen2.5-7B-Instruct,qwen,R5D3*,3,R5,S08+S10+S05,T124,table,1,1914,1914
Qwen/Qwen2.5-7B-Instruct,qwen,R5D3*,3,R5,S08+S10+S05,T125,table,0,499,316
Qwen/Qwen2.5-7B-Instruct,qwen,R5D3*,3,R5,S08+S10+S05,T126,table,1,1865,1865
Qwen/Qwen2.5-7B-Instruct,qwen,R5D3*,3,R5,S08+S10+S05,T127,table,1,Central,Central
Qwen/Qwen2.5-7B-Instruct,qwen,R5D3*,3,R5,S08+S10+S05,T128,table,1,2623,2623
Qwen/Qwen2.5-7B-Instruct,qwen,R5D3*,3,R5,S08+S10+S05,T129,table,1,617,617
Qwen/Qwen2.5-7B-Instruct,qwen,R5D3*,3,R5,S08+S10+S05,T130,table,1,West,West
Qwen/Qwen2.5-7B-Instruct,qwen,R5D3*,3,R5,S08+S10+S05,T131,table,1,529,529
Qwen/Qwen2.5-7B-Instruct,qwen,R5D3*,3,R5,S08+S10+S05,T132,table,0,2156,1956
Qwen/Qwen2.5-7B-Instruct,qwen,R5D3*,3,R5,S08+S10+S05,T133,table,1,East,East
Qwen/Qwen2.5-7B-Instruct,qwen,R5D3*,3,R5,S08+S10+S05,T134,table,0,504,184
Qwen/Qwen2.5-7B-Instruct,qwen,R5D3*,3,R5,S08+S10+S05,T135,table,0,South,East
Qwen/Qwen2.5-7B-Instruct,qwen,R5D3*,3,R5,S08+S10+S05,T136,table,0,637,717
Qwen/Qwen2.5-7B-Instruct,qwen,R5D3*,3,R5,S08+S10+S05,T137,table,0,479,189
Qwen/Qwen2.5-7B-Instruct,qwen,R5D3*,3,R5,S08+S10+S05,T138,table,0,1792,1790
Qwen/Qwen2.5-7B-Instruct,qwen,R5D3*,3,R5,S08+S10+S05,T139,table,1,492,492
Qwen/Qwen2.5-7B-Instruct,qwen,R5D3*,3,R5,S08+S10+S05,T140,table,0,760,460
Qwen/Qwen2.5-7B-Instruct,qwen,R5D3*,3,R5,S08+S10+S05,T141,table,1,473,473
Qwen/Qwen2.5-7B-Instruct,qwen,R5D3*,3,R5,S08+S10+S05,T142,table,0,Central,North
Qwen/Qwen2.5-7B-Instruct,qwen,R5D3*,3,R5,S08+S10+S05,T143,table,1,South,South
Qwen/Qwen2.5-7B-Instruct,qwen,R5D3*,3,R5,S08+S10+S05,T144,table,0,294,314
Qwen/Qwen2.5-7B-Instruct,qwen,R5D3*,3,R5,S08+S10+S05,T145,table,1,160,160
Qwen/Qwen2.5-7B-Instruct,qwen,R5D3*,3,R5,S08+S10+S05,T146,logic,0,Devon,2
Qwen/Qwen2.5-7B-Instruct,qwen,R5D3*,3,R5,S08+S10+S05,T147,logic,0,Alex,Gray
Qwen/Qwen2.5-7B-Instruct,qwen,R5D3*,3,R5,S08+S10+S05,T148,logic,0,Gray,74
Qwen/Qwen2.5-7B-Instruct,qwen,R5D3*,3,R5,S08+S10+S05,T149,logic,1,Frankie,Frankie
Qwen/Qwen2.5-7B-Instruct,qwen,R5D3*,3,R5,S08+S10+S05,T150,logic,1,Casey,Casey
Qwen/Qwen2.5-7B-Instruct,qwen,R5D3*,3,R5,S08+S10+S05,T151,logic,0,Devon,Alex
Qwen/Qwen2.5-7B-Instruct,qwen,R5D3*,3,R5,S08+S10+S05,T152,logic,1,Gray,Gray
Qwen/Qwen2.5-7B-Instruct,qwen,R5D3*,3,R5,S08+S10+S05,T153,logic,0,Casey,3
Qwen/Qwen2.5-7B-Instruct,qwen,R5D3*,3,R5,S08+S10+S05,T154,logic,1,Gray,Gray
Qwen/Qwen2.5-7B-Instruct,qwen,R5D3*,3,R5,S08+S10+S05,T155,logic,0,Alex,Gray
Qwen/Qwen2.5-7B-Instruct,qwen,R5D3*,3,R5,S08+S10+S05,T156,logic,1,Bailey,Bailey
Qwen/Qwen2.5-7B-Instruct,qwen,R5D3*,3,R5,S08+S10+S05,T157,logic,1,Bailey,Bailey
Qwen/Qwen2.5-7B-Instruct,qwen,R5D3*,3,R5,S08+S10+S05,T158,logic,0,Devon,Frankie
Qwen/Qwen2.5-7B-Instruct,qwen,R5D3*,3,R5,S08+S10+S05,T159,logic,1,Alex,Alex
Qwen/Qwen2.5-7B-Instruct,qwen,R5D3*,3,R5,S08+S10+S05,T160,logic,0,Bailey,2
Qwen/Qwen2.5-7B-Instruct,qwen,R5D3*,3,R5,S08+S10+S05,T161,logic,0,Devon,Gray
Qwen/Qwen2.5-7B-Instruct,qwen,R5D3*,3,R5,S08+S10+S05,T162,logic,1,Alex,Alex
Qwen/Qwen2.5-7B-Instruct,qwen,R5D3*,3,R5,S08+S10+S05,T163,logic,0,Frankie,Alex
Qwen/Qwen2.5-7B-Instruct,qwen,R5D3*,3,R5,S08+S10+S05,T164,logic,1,Bailey,Bailey
Qwen/Qwen2.5-7B-Instruct,qwen,R5D3*,3,R5,S08+S10+S05,T165,logic,0,Bailey,Frankie
Qwen/Qwen2.5-7B-Instruct,qwen,R5D3*,3,R5,S08+S10+S05,T166,logic,1,Gray,Gray
Qwen/Qwen2.5-7B-Instruct,qwen,R5D3*,3,R5,S08+S10+S05,T167,logic,0,Alex,Gray
Qwen/Qwen2.5-7B-Instruct,qwen,R5D3*,3,R5,S08+S10+S05,T168,logic,1,Casey,Casey
Qwen/Qwen2.5-7B-Instruct,qwen,R5D3*,3,R5,S08+S10+S05,T169,logic,1,Bailey,Bailey
Qwen/Qwen2.5-7B-Instruct,qwen,R5D3*,3,R5,S08+S10+S05,T170,logic,1,Bailey,Bailey
Qwen/Qwen2.5-7B-Instruct,qwen,R5D3*,3,R5,S08+S10+S05,T171,rate,1,2,2
Qwen/Qwen2.5-7B-Instruct,qwen,R5D3*,3,R5,S08+S10+S05,T172,rate,1,10,10
Qwen/Qwen2.5-7B-Instruct,qwen,R5D3*,3,R5,S08+S10+S05,T173,rate,1,4,4
Qwen/Qwen2.5-7B-Instruct,qwen,R5D3*,3,R5,S08+S10+S05,T174,rate,0,3.33333,3.33
Qwen/Qwen2.5-7B-Instruct,qwen,R5D3*,3,R5,S08+S10+S05,T175,rate,1,180,180
Qwen/Qwen2.5-7B-Instruct,qwen,R5D3*,3,R5,S08+S10+S05,T176,rate,1,1.2,1.2
Qwen/Qwen2.5-7B-Instruct,qwen,R5D3*,3,R5,S08+S10+S05,T177,rate,1,30,30
Qwen/Qwen2.5-7B-Instruct,qwen,R5D3*,3,R5,S08+S10+S05,T178,rate,1,90,90
Qwen/Qwen2.5-7B-Instruct,qwen,R5D3*,3,R5,S08+S10+S05,T179,rate,1,3,3
Qwen/Qwen2.5-7B-Instruct,qwen,R5D3*,3,R5,S08+S10+S05,T180,rate,1,4,4
Qwen/Qwen2.5-7B-Instruct,qwen,R5D3*,3,R5,S08+S10+S05,T181,rate,1,3.2,3.2
Qwen/Qwen2.5-7B-Instruct,qwen,R5D3*,3,R5,S08+S10+S05,T182,rate,1,40,40
Qwen/Qwen2.5-7B-Instruct,qwen,R5D3*,3,R5,S08+S10+S05,T183,rate,0,3.33333,3.33
Qwen/Qwen2.5-7B-Instruct,qwen,R5D3*,3,R5,S08+S10+S05,T184,rate,1,150,150
Qwen/Qwen2.5-7B-Instruct,qwen,R5D3*,3,R5,S08+S10+S05,T185,rate,1,90,90
Qwen/Qwen2.5-7B-Instruct,qwen,R5D3*,3,R5,S08+S10+S05,T186,rate,1,45,45
Qwen/Qwen2.5-7B-Instruct,qwen,R5D3*,3,R5,S08+S10+S05,T187,rate,1,5,5
Qwen/Qwen2.5-7B-Instruct,qwen,R5D3*,3,R5,S08+S10+S05,T188,rate,1,60,60
Qwen/Qwen2.5-7B-Instruct,qwen,R5D3*,3,R5,S08+S10+S05,T189,rate,0,3.33333,3.33
Qwen/Qwen2.5-7B-Instruct,qwen,R5D3*,3,R5,S08+S10+S05,T190,rate,1,270,270
Qwen/Qwen2.5-7B-Instruct,qwen,R5D3*,3,R5,S08+S10+S05,T191,rate,0,5.33333,5
Qwen/Qwen2.5-7B-Instruct,qwen,R5D3*,3,R5,S08+S10+S05,T192,rate,1,45,45
Qwen/Qwen2.5-7B-Instruct,qwen,R5D3*,3,R5,S08+S10+S05,T193,rate,0,2.66667,2.67
Qwen/Qwen2.5-7B-Instruct,qwen,R5D3*,3,R5,S08+S10+S05,T194,rate,0,5.33333,5
Qwen/Qwen2.5-7B-Instruct,qwen,R5D3*,3,R5,S08+S10+S05,T195,rate,1,30,30
Qwen/Qwen2.5-7B-Instruct,qwen,R5D3*,3,R5,S08+S10+S05,T196,rate,1,4.5,4.5
Qwen/Qwen2.5-7B-Instruct,qwen,R5D3*,3,R5,S08+S10+S05,T197,rate,1,30,30
Qwen/Qwen2.5-7B-Instruct,qwen,R5D3*,3,R5,S08+S10+S05,T198,rate,1,60,60
Qwen/Qwen2.5-7B-Instruct,qwen,R5D3*,3,R5,S08+S10+S05,T199,rate,1,270,270
Qwen/Qwen2.5-7B-Instruct,qwen,R5D3*,3,R5,S08+S10+S05,T200,rate,1,40,40
Qwen/Qwen2.5-7B-Instruct,qwen,R6D1,1,R6,S10,T001,percentage,0,3480,3360
Qwen/Qwen2.5-7B-Instruct,qwen,R6D1,1,R6,S10,T002,percentage,1,312.5,312.5
Qwen/Qwen2.5-7B-Instruct,qwen,R6D1,1,R6,S10,T003,percentage,1,288,288
Qwen/Qwen2.5-7B-Instruct,qwen,R6D1,1,R6,S10,T004,percentage,0,1044,1038
Qwen/Qwen2.5-7B-Instruct,qwen,R6D1,1,R6,S10,T005,percentage,1,500,500
Qwen/Qwen2.5-7B-Instruct,qwen,R6D1,1,R6,S10,T006,percentage,1,26.4,26.4
Qwen/Qwen2.5-7B-Instruct,qwen,R6D1,1,R6,S10,T007,percentage,0,697,683
Qwen/Qwen2.5-7B-Instruct,qwen,R6D1,1,R6,S10,T008,percentage,1,540,540
Qwen/Qwen2.5-7B-Instruct,qwen,R6D1,1,R6,S10,T009,percentage,1,127.5,127.5
Qwen/Qwen2.5-7B-Instruct,qwen,R6D1,1,R6,S10,T010,percentage,1,150,150
Qwen/Qwen2.5-7B-Instruct,qwen,R6D1,1,R6,S10,T011,percentage,1,1408,1408
Qwen/Qwen2.5-7B-Instruct,qwen,R6D1,1,R6,S10,T012,percentage,1,119,119
Qwen/Qwen2.5-7B-Instruct,qwen,R6D1,1,R6,S10,T013,percentage,1,528,528
Qwen/Qwen2.5-7B-Instruct,qwen,R6D1,1,R6,S10,T014,percentage,1,30,30
Qwen/Qwen2.5-7B-Instruct,qwen,R6D1,1,R6,S10,T015,percentage,0,552.5,557.5
Qwen/Qwen2.5-7B-Instruct,qwen,R6D1,1,R6,S10,T016,percentage,1,672,672
Qwen/Qwen2.5-7B-Instruct,qwen,R6D1,1,R6,S10,T017,percentage,1,2560,2560
Qwen/Qwen2.5-7B-Instruct,qwen,R6D1,1,R6,S10,T018,percentage,1,422.4,422.4
Qwen/Qwen2.5-7B-Instruct,qwen,R6D1,1,R6,S10,T019,percentage,1,192,192
Qwen/Qwen2.5-7B-Instruct,qwen,R6D1,1,R6,S10,T020,percentage,1,30,30
Qwen/Qwen2.5-7B-Instruct,qwen,R6D1,1,R6,S10,T021,percentage,1,108,108
Qwen/Qwen2.5-7B-Instruct,qwen,R6D1,1,R6,S10,T022,percentage,0,196.8,200
Qwen/Qwen2.5-7B-Instruct,qwen,R6D1,1,R6,S10,T023,percentage,1,225,225
Qwen/Qwen2.5-7B-Instruct,qwen,R6D1,1,R6,S10,T024,percentage,1,90,90
Qwen/Qwen2.5-7B-Instruct,qwen,R6D1,1,R6,S10,T025,percentage,1,500,500
Qwen/Qwen2.5-7B-Instruct,qwen,R6D1,1,R6,S10,T026,percentage,1,352,352
Qwen/Qwen2.5-7B-Instruct,qwen,R6D1,1,R6,S10,T027,percentage,1,960,960
Qwen/Qwen2.5-7B-Instruct,qwen,R6D1,1,R6,S10,T028,percentage,1,324,324
Qwen/Qwen2.5-7B-Instruct,qwen,R6D1,1,R6,S10,T029,percentage,1,420,420
Qwen/Qwen2.5-7B-Instruct,qwen,R6D1,1,R6,S10,T030,percentage,0,849.6,846
Qwen/Qwen2.5-7B-Instruct,qwen,R6D1,1,R6,S10,T031,percentage,0,476,472
Qwen/Qwen2.5-7B-Instruct,qwen,R6D1,1,R6,S10,T032,percentage,1,1100,1100
Qwen/Qwen2.5-7B-Instruct,qwen,R6D1,1,R6,S10,T033,percentage,1,1560,1560
Qwen/Qwen2.5-7B-Instruct,qwen,R6D1,1,R6,S10,T034,percentage,1,196,196
Qwen/Qwen2.5-7B-Instruct,qwen,R6D1,1,R6,S10,T035,percentage,1,156,156
Qwen/Qwen2.5-7B-Instruct,qwen,R6D1,1,R6,S10,T036,word_problem,0,4374,486
Qwen/Qwen2.5-7B-Instruct,qwen,R6D1,1,R6,S10,T037,word_problem,1,3500,3500
Qwen/Qwen2.5-7B-Instruct,qwen,R6D1,1,R6,S10,T038,word_problem,0,3360,840
Qwen/Qwen2.5-7B-Instruct,qwen,R6D1,1,R6,S10,T039,word_problem,0,4200,770
Qwen/Qwen2.5-7B-Instruct,qwen,R6D1,1,R6,S10,T040,word_problem,0,1728,576
Qwen/Qwen2.5-7B-Instruct,qwen,R6D1,1,R6,S10,T041,word_problem,0,3600,3900
Qwen/Qwen2.5-7B-Instruct,qwen,R6D1,1,R6,S10,T042,word_problem,0,12600,14700
Qwen/Qwen2.5-7B-Instruct,qwen,R6D1,1,R6,S10,T043,word_problem,0,3630,3850
Qwen/Qwen2.5-7B-Instruct,qwen,R6D1,1,R6,S10,T044,word_problem,0,8064,3360
Qwen/Qwen2.5-7B-Instruct,qwen,R6D1,1,R6,S10,T045,word_problem,0,12600,10500
Qwen/Qwen2.5-7B-Instruct,qwen,R6D1,1,R6,S10,T046,word_problem,0,7840,11960
Qwen/Qwen2.5-7B-Instruct,qwen,R6D1,1,R6,S10,T047,word_problem,0,6720,1680
Qwen/Qwen2.5-7B-Instruct,qwen,R6D1,1,R6,S10,T048,word_problem,1,6000,6000
Qwen/Qwen2.5-7B-Instruct,qwen,R6D1,1,R6,S10,T049,word_problem,0,6480,720
Qwen/Qwen2.5-7B-Instruct,qwen,R6D1,1,R6,S10,T050,word_problem,0,4375,875
Qwen/Qwen2.5-7B-Instruct,qwen,R6D1,1,R6,S10,T051,word_problem,0,2700,900
Qwen/Qwen2.5-7B-Instruct,qwen,R6D1,1,R6,S10,T052,word_problem,0,1680,840
Qwen/Qwen2.5-7B-Instruct,qwen,R6D1,1,R6,S10,T053,word_problem,0,6930,7140
Qwen/Qwen2.5-7B-Instruct,qwen,R6D1,1,R6,S10,T054,word_problem,0,4752,4356
Qwen/Qwen2.5-7B-Instruct,qwen,R6D1,1,R6,S10,T055,word_problem,0,6480,5400
Qwen/Qwen2.5-7B-Instruct,qwen,R6D1,1,R6,S10,T056,word_problem,0,2916,3240
Qwen/Qwen2.5-7B-Instruct,qwen,R6D1,1,R6,S10,T057,word_problem,0,3456,576
Qwen/Qwen2.5-7B-Instruct,qwen,R6D1,1,R6,S10,T058,word_problem,0,4800,1200
Qwen/Qwen2.5-7B-Instruct,qwen,R6D1,1,R6,S10,T059,word_problem,1,4200,4200
Qwen/Qwen2.5-7B-Instruct,qwen,R6D1,1,R6,S10,T060,word_problem,0,5250,1050
Qwen/Qwen2.5-7B-Instruct,qwen,R6D1,1,R6,S10,T061,word_problem,0,4410,1155
Qwen/Qwen2.5-7B-Instruct,qwen,R6D1,1,R6,S10,T062,word_problem,0,4752,4956
Qwen/Qwen2.5-7B-Instruct,qwen,R6D1,1,R6,S10,T063,word_problem,0,6000,600
Qwen/Qwen2.5-7B-Instruct,qwen,R6D1,1,R6,S10,T064,word_problem,0,5000,500
Qwen/Qwen2.5-7B-Instruct,qwen,R6D1,1,R6,S10,T065,word_problem,0,10080,840
Qwen/Qwen2.5-7B-Instruct,qwen,R6D1,1,R6,S10,T066,conversion,1,2160,2160
Qwen/Qwen2.5-7B-Instruct,qwen,R6D1,1,R6,S10,T067,conversion,0,1152,384
Qwen/Qwen2.5-7B-Instruct,qwen,R6D1,1,R6,S10,T068,conversion,1,630,630
Qwen/Qwen2.5-7B-Instruct,qwen,R6D1,1,R6,S10,T069,conversion,1,48000,48000
Qwen/Qwen2.5-7B-Instruct,qwen,R6D1,1,R6,S10,T070,conversion,1,900,900
Qwen/Qwen2.5-7B-Instruct,qwen,R6D1,1,R6,S10,T071,conversion,1,720,720
Qwen/Qwen2.5-7B-Instruct,qwen,R6D1,1,R6,S10,T072,conversion,1,125000,125000
Qwen/Qwen2.5-7B-Instruct,qwen,R6D1,1,R6,S10,T073,conversion,1,1440,1440
Qwen/Qwen2.5-7B-Instruct,qwen,R6D1,1,R6,S10,T074,conversion,0,864,288
Qwen/Qwen2.5-7B-Instruct,qwen,R6D1,1,R6,S10,T075,conversion,1,12000,12000
Qwen/Qwen2.5-7B-Instruct,qwen,R6D1,1,R6,S10,T076,conversion,1,24000,24000
Qwen/Qwen2.5-7B-Instruct,qwen,R6D1,1,R6,S10,T077,conversion,1,125000,125000
Qwen/Qwen2.5-7B-Instruct,qwen,R6D1,1,R6,S10,T078,conversion,0,3000,300
Qwen/Qwen2.5-7B-Instruct,qwen,R6D1,1,R6,S10,T079,conversion,1,720,720
Qwen/Qwen2.5-7B-Instruct,qwen,R6D1,1,R6,S10,T080,conversion,1,3000,3000
Qwen/Qwen2.5-7B-Instruct,qwen,R6D1,1,R6,S10,T081,conversion,0,60000,6000
Qwen/Qwen2.5-7B-Instruct,qwen,R6D1,1,R6,S10,T082,conversion,1,36000,36000
Qwen/Qwen2.5-7B-Instruct,qwen,R6D1,1,R6,S10,T083,conversion,1,15000,15000
Qwen/Qwen2.5-7B-Instruct,qwen,R6D1,1,R6,S10,T084,conversion,1,12000,12000
Qwen/Qwen2.5-7B-Instruct,qwen,R6D1,1,R6,S10,T085,conversion,1,105,105
Qwen/Qwen2.5-7B-Instruct,qwen,R6D1,1,R6,S10,T086,conversion,1,360,360
Qwen/Qwen2.5-7B-Instruct,qwen,R6D1,1,R6,S10,T087,conversion,1,7000,7000
Qwen/Qwen2.5-7B-Instruct,qwen,R6D1,1,R6,S10,T088,conversion,1,72,72
Qwen/Qwen2.5-7B-Instruct,qwen,R6D1,1,R6,S10,T089,conversion,0,48000,4800
Qwen/Qwen2.5-7B-Instruct,qwen,R6D1,1,R6,S10,T090,conversion,1,720,720
Qwen/Qwen2.5-7B-Instruct,qwen,R6D1,1,R6,S10,T091,date,1,25 April 2026,25 April 2026
Qwen/Qwen2.5-7B-Instruct,qwen,R6D1,1,R6,S10,T092,date,0,10 June 2026,30 June 2026
Qwen/Qwen2.5-7B-Instruct,qwen,R6D1,1,R6,S10,T093,date,1,27 April 2026,27 April 2026
Qwen/Qwen2.5-7B-Instruct,qwen,R6D1,1,R6,S10,T094,date,0,26 November 2026,25 November 2026
Qwen/Qwen2.5-7B-Instruct,qwen,R6D1,1,R6,S10,T095,date,0,08 October 2026,30 October 2026
Qwen/Qwen2.5-7B-Instruct,qwen,R6D1,1,R6,S10,T096,date,0,11 November 2026,10 November 2026
Qwen/Qwen2.5-7B-Instruct,qwen,R6D1,1,R6,S10,T097,date,0,16 March 2026,23 March 2026
Qwen/Qwen2.5-7B-Instruct,qwen,R6D1,1,R6,S10,T098,date,0,01 June 2026,30 June 2026
Qwen/Qwen2.5-7B-Instruct,qwen,R6D1,1,R6,S10,T099,date,0,16 October 2026,30 October 2026
Qwen/Qwen2.5-7B-Instruct,qwen,R6D1,1,R6,S10,T100,date,0,12 June 2026,13 June 2026
Qwen/Qwen2.5-7B-Instruct,qwen,R6D1,1,R6,S10,T101,date,1,24 June 2026,24 June 2026
Qwen/Qwen2.5-7B-Instruct,qwen,R6D1,1,R6,S10,T102,date,1,25 July 2026,25 July 2026
Qwen/Qwen2.5-7B-Instruct,qwen,R6D1,1,R6,S10,T103,date,1,14 November 2026,14 November 2026
Qwen/Qwen2.5-7B-Instruct,qwen,R6D1,1,R6,S10,T104,date,0,06 February 2027,14 February 2027
Qwen/Qwen2.5-7B-Instruct,qwen,R6D1,1,R6,S10,T105,date,0,08 May 2026,30 May 2026
Qwen/Qwen2.5-7B-Instruct,qwen,R6D1,1,R6,S10,T106,date,1,30 October 2026,30 October 2026
Qwen/Qwen2.5-7B-Instruct,qwen,R6D1,1,R6,S10,T107,date,0,05 June 2026,30 June 2026
Qwen/Qwen2.5-7B-Instruct,qwen,R6D1,1,R6,S10,T108,date,0,08 October 2026,14 October 2026
Qwen/Qwen2.5-7B-Instruct,qwen,R6D1,1,R6,S10,T109,date,0,10 August 2026,14 September 2026
Qwen/Qwen2.5-7B-Instruct,qwen,R6D1,1,R6,S10,T110,date,0,17 December 2026,28 December 2026
Qwen/Qwen2.5-7B-Instruct,qwen,R6D1,1,R6,S10,T111,date,1,13 January 2027,13 January 2027
Qwen/Qwen2.5-7B-Instruct,qwen,R6D1,1,R6,S10,T112,date,0,07 October 2026,30 October 2026
Qwen/Qwen2.5-7B-Instruct,qwen,R6D1,1,R6,S10,T113,date,0,26 August 2026,30 August 2026
Qwen/Qwen2.5-7B-Instruct,qwen,R6D1,1,R6,S10,T114,date,0,26 January 2026,25 January 2026
Qwen/Qwen2.5-7B-Instruct,qwen,R6D1,1,R6,S10,T115,date,0,18 September 2026,17 September 2026
Qwen/Qwen2.5-7B-Instruct,qwen,R6D1,1,R6,S10,T116,table,1,North,North
Qwen/Qwen2.5-7B-Instruct,qwen,R6D1,1,R6,S10,T117,table,0,1669,1679
Qwen/Qwen2.5-7B-Instruct,qwen,R6D1,1,R6,S10,T118,table,1,West,West
Qwen/Qwen2.5-7B-Instruct,qwen,R6D1,1,R6,S10,T119,table,1,North,North
Qwen/Qwen2.5-7B-Instruct,qwen,R6D1,1,R6,S10,T120,table,1,West,West
Qwen/Qwen2.5-7B-Instruct,qwen,R6D1,1,R6,S10,T121,table,0,503,502
Qwen/Qwen2.5-7B-Instruct,qwen,R6D1,1,R6,S10,T122,table,1,Central,Central
Qwen/Qwen2.5-7B-Instruct,qwen,R6D1,1,R6,S10,T123,table,1,South,South
Qwen/Qwen2.5-7B-Instruct,qwen,R6D1,1,R6,S10,T124,table,1,1914,1914
Qwen/Qwen2.5-7B-Instruct,qwen,R6D1,1,R6,S10,T125,table,0,499,316
Qwen/Qwen2.5-7B-Instruct,qwen,R6D1,1,R6,S10,T126,table,1,1865,1865
Qwen/Qwen2.5-7B-Instruct,qwen,R6D1,1,R6,S10,T127,table,1,Central,Central
Qwen/Qwen2.5-7B-Instruct,qwen,R6D1,1,R6,S10,T128,table,1,2623,2623
Qwen/Qwen2.5-7B-Instruct,qwen,R6D1,1,R6,S10,T129,table,1,617,617
Qwen/Qwen2.5-7B-Instruct,qwen,R6D1,1,R6,S10,T130,table,1,West,West
Qwen/Qwen2.5-7B-Instruct,qwen,R6D1,1,R6,S10,T131,table,0,529,289
Qwen/Qwen2.5-7B-Instruct,qwen,R6D1,1,R6,S10,T132,table,0,2156,2056
Qwen/Qwen2.5-7B-Instruct,qwen,R6D1,1,R6,S10,T133,table,1,East,East
Qwen/Qwen2.5-7B-Instruct,qwen,R6D1,1,R6,S10,T134,table,0,504,404
Qwen/Qwen2.5-7B-Instruct,qwen,R6D1,1,R6,S10,T135,table,0,South,East
Qwen/Qwen2.5-7B-Instruct,qwen,R6D1,1,R6,S10,T136,table,0,637,237
Qwen/Qwen2.5-7B-Instruct,qwen,R6D1,1,R6,S10,T137,table,0,479,483
Qwen/Qwen2.5-7B-Instruct,qwen,R6D1,1,R6,S10,T138,table,1,1792,1792
Qwen/Qwen2.5-7B-Instruct,qwen,R6D1,1,R6,S10,T139,table,1,492,492
Qwen/Qwen2.5-7B-Instruct,qwen,R6D1,1,R6,S10,T140,table,0,760,459
Qwen/Qwen2.5-7B-Instruct,qwen,R6D1,1,R6,S10,T141,table,1,473,473
Qwen/Qwen2.5-7B-Instruct,qwen,R6D1,1,R6,S10,T142,table,0,Central,North
Qwen/Qwen2.5-7B-Instruct,qwen,R6D1,1,R6,S10,T143,table,1,South,South: 265
Qwen/Qwen2.5-7B-Instruct,qwen,R6D1,1,R6,S10,T144,table,0,294,304
Qwen/Qwen2.5-7B-Instruct,qwen,R6D1,1,R6,S10,T145,table,1,160,160
Qwen/Qwen2.5-7B-Instruct,qwen,R6D1,1,R6,S10,T146,logic,0,Devon,2
Qwen/Qwen2.5-7B-Instruct,qwen,R6D1,1,R6,S10,T147,logic,0,Alex,Gray
Qwen/Qwen2.5-7B-Instruct,qwen,R6D1,1,R6,S10,T148,logic,1,Gray,Gray
Qwen/Qwen2.5-7B-Instruct,qwen,R6D1,1,R6,S10,T149,logic,1,Frankie,Frankie
Qwen/Qwen2.5-7B-Instruct,qwen,R6D1,1,R6,S10,T150,logic,1,Casey,Casey
Qwen/Qwen2.5-7B-Instruct,qwen,R6D1,1,R6,S10,T151,logic,0,Devon,2
Qwen/Qwen2.5-7B-Instruct,qwen,R6D1,1,R6,S10,T152,logic,1,Gray,Gray
Qwen/Qwen2.5-7B-Instruct,qwen,R6D1,1,R6,S10,T153,logic,0,Casey,Ellis
Qwen/Qwen2.5-7B-Instruct,qwen,R6D1,1,R6,S10,T154,logic,1,Gray,Gray
Qwen/Qwen2.5-7B-Instruct,qwen,R6D1,1,R6,S10,T155,logic,1,Alex,Alex
Qwen/Qwen2.5-7B-Instruct,qwen,R6D1,1,R6,S10,T156,logic,1,Bailey,Bailey
Qwen/Qwen2.5-7B-Instruct,qwen,R6D1,1,R6,S10,T157,logic,1,Bailey,Bailey
Qwen/Qwen2.5-7B-Instruct,qwen,R6D1,1,R6,S10,T158,logic,0,Devon,Frankie
Qwen/Qwen2.5-7B-Instruct,qwen,R6D1,1,R6,S10,T159,logic,1,Alex,Alex
Qwen/Qwen2.5-7B-Instruct,qwen,R6D1,1,R6,S10,T160,logic,0,Bailey,2
Qwen/Qwen2.5-7B-Instruct,qwen,R6D1,1,R6,S10,T161,logic,0,Devon,Casey
Qwen/Qwen2.5-7B-Instruct,qwen,R6D1,1,R6,S10,T162,logic,1,Alex,Alex
Qwen/Qwen2.5-7B-Instruct,qwen,R6D1,1,R6,S10,T163,logic,0,Frankie,Alex
Qwen/Qwen2.5-7B-Instruct,qwen,R6D1,1,R6,S10,T164,logic,1,Bailey,Bailey
Qwen/Qwen2.5-7B-Instruct,qwen,R6D1,1,R6,S10,T165,logic,0,Bailey,Frankie
Qwen/Qwen2.5-7B-Instruct,qwen,R6D1,1,R6,S10,T166,logic,1,Gray,Gray
Qwen/Qwen2.5-7B-Instruct,qwen,R6D1,1,R6,S10,T167,logic,1,Alex,Alex
Qwen/Qwen2.5-7B-Instruct,qwen,R6D1,1,R6,S10,T168,logic,1,Casey,Casey
Qwen/Qwen2.5-7B-Instruct,qwen,R6D1,1,R6,S10,T169,logic,1,Bailey,Bailey
Qwen/Qwen2.5-7B-Instruct,qwen,R6D1,1,R6,S10,T170,logic,1,Bailey,Bailey
Qwen/Qwen2.5-7B-Instruct,qwen,R6D1,1,R6,S10,T171,rate,1,2,2
Qwen/Qwen2.5-7B-Instruct,qwen,R6D1,1,R6,S10,T172,rate,1,10,10
Qwen/Qwen2.5-7B-Instruct,qwen,R6D1,1,R6,S10,T173,rate,1,4,4
Qwen/Qwen2.5-7B-Instruct,qwen,R6D1,1,R6,S10,T174,rate,0,3.33333,3.33
Qwen/Qwen2.5-7B-Instruct,qwen,R6D1,1,R6,S10,T175,rate,1,180,180
Qwen/Qwen2.5-7B-Instruct,qwen,R6D1,1,R6,S10,T176,rate,1,1.2,1.2
Qwen/Qwen2.5-7B-Instruct,qwen,R6D1,1,R6,S10,T177,rate,1,30,30
Qwen/Qwen2.5-7B-Instruct,qwen,R6D1,1,R6,S10,T178,rate,1,90,90
Qwen/Qwen2.5-7B-Instruct,qwen,R6D1,1,R6,S10,T179,rate,1,3,3
Qwen/Qwen2.5-7B-Instruct,qwen,R6D1,1,R6,S10,T180,rate,1,4,4
Qwen/Qwen2.5-7B-Instruct,qwen,R6D1,1,R6,S10,T181,rate,1,3.2,3.2
Qwen/Qwen2.5-7B-Instruct,qwen,R6D1,1,R6,S10,T182,rate,1,40,40
Qwen/Qwen2.5-7B-Instruct,qwen,R6D1,1,R6,S10,T183,rate,0,3.33333,3.33
Qwen/Qwen2.5-7B-Instruct,qwen,R6D1,1,R6,S10,T184,rate,1,150,150
Qwen/Qwen2.5-7B-Instruct,qwen,R6D1,1,R6,S10,T185,rate,1,90,90
Qwen/Qwen2.5-7B-Instruct,qwen,R6D1,1,R6,S10,T186,rate,1,45,45
Qwen/Qwen2.5-7B-Instruct,qwen,R6D1,1,R6,S10,T187,rate,1,5,5
Qwen/Qwen2.5-7B-Instruct,qwen,R6D1,1,R6,S10,T188,rate,1,60,60
Qwen/Qwen2.5-7B-Instruct,qwen,R6D1,1,R6,S10,T189,rate,0,3.33333,3.33
Qwen/Qwen2.5-7B-Instruct,qwen,R6D1,1,R6,S10,T190,rate,1,270,270
Qwen/Qwen2.5-7B-Instruct,qwen,R6D1,1,R6,S10,T191,rate,0,5.33333,5.33
Qwen/Qwen2.5-7B-Instruct,qwen,R6D1,1,R6,S10,T192,rate,1,45,45
Qwen/Qwen2.5-7B-Instruct,qwen,R6D1,1,R6,S10,T193,rate,0,2.66667,2.67
Qwen/Qwen2.5-7B-Instruct,qwen,R6D1,1,R6,S10,T194,rate,0,5.33333,5.33
Qwen/Qwen2.5-7B-Instruct,qwen,R6D1,1,R6,S10,T195,rate,1,30,30
Qwen/Qwen2.5-7B-Instruct,qwen,R6D1,1,R6,S10,T196,rate,1,4.5,4.5
Qwen/Qwen2.5-7B-Instruct,qwen,R6D1,1,R6,S10,T197,rate,1,30,30
Qwen/Qwen2.5-7B-Instruct,qwen,R6D1,1,R6,S10,T198,rate,1,60,60
Qwen/Qwen2.5-7B-Instruct,qwen,R6D1,1,R6,S10,T199,rate,1,270,270
Qwen/Qwen2.5-7B-Instruct,qwen,R6D1,1,R6,S10,T200,rate,1,40,40
Qwen/Qwen2.5-7B-Instruct,qwen,R6D2,2,R6,S10+S05,T001,percentage,0,3480,3360
Qwen/Qwen2.5-7B-Instruct,qwen,R6D2,2,R6,S10+S05,T002,percentage,1,312.5,312.5
Qwen/Qwen2.5-7B-Instruct,qwen,R6D2,2,R6,S10+S05,T003,percentage,1,288,288
Qwen/Qwen2.5-7B-Instruct,qwen,R6D2,2,R6,S10+S05,T004,percentage,0,1044,1038
Qwen/Qwen2.5-7B-Instruct,qwen,R6D2,2,R6,S10+S05,T005,percentage,1,500,500
Qwen/Qwen2.5-7B-Instruct,qwen,R6D2,2,R6,S10+S05,T006,percentage,1,26.4,26.4
Qwen/Qwen2.5-7B-Instruct,qwen,R6D2,2,R6,S10+S05,T007,percentage,0,697,682
Qwen/Qwen2.5-7B-Instruct,qwen,R6D2,2,R6,S10+S05,T008,percentage,1,540,540
Qwen/Qwen2.5-7B-Instruct,qwen,R6D2,2,R6,S10+S05,T009,percentage,0,127.5,130
Qwen/Qwen2.5-7B-Instruct,qwen,R6D2,2,R6,S10+S05,T010,percentage,1,150,150
Qwen/Qwen2.5-7B-Instruct,qwen,R6D2,2,R6,S10+S05,T011,percentage,1,1408,1408
Qwen/Qwen2.5-7B-Instruct,qwen,R6D2,2,R6,S10+S05,T012,percentage,1,119,119
Qwen/Qwen2.5-7B-Instruct,qwen,R6D2,2,R6,S10+S05,T013,percentage,1,528,528
Qwen/Qwen2.5-7B-Instruct,qwen,R6D2,2,R6,S10+S05,T014,percentage,1,30,30
Qwen/Qwen2.5-7B-Instruct,qwen,R6D2,2,R6,S10+S05,T015,percentage,0,552.5,555
Qwen/Qwen2.5-7B-Instruct,qwen,R6D2,2,R6,S10+S05,T016,percentage,1,672,672
Qwen/Qwen2.5-7B-Instruct,qwen,R6D2,2,R6,S10+S05,T017,percentage,1,2560,2560
Qwen/Qwen2.5-7B-Instruct,qwen,R6D2,2,R6,S10+S05,T018,percentage,1,422.4,422.4
Qwen/Qwen2.5-7B-Instruct,qwen,R6D2,2,R6,S10+S05,T019,percentage,1,192,192
Qwen/Qwen2.5-7B-Instruct,qwen,R6D2,2,R6,S10+S05,T020,percentage,1,30,30
Qwen/Qwen2.5-7B-Instruct,qwen,R6D2,2,R6,S10+S05,T021,percentage,1,108,108
Qwen/Qwen2.5-7B-Instruct,qwen,R6D2,2,R6,S10+S05,T022,percentage,0,196.8,200
Qwen/Qwen2.5-7B-Instruct,qwen,R6D2,2,R6,S10+S05,T023,percentage,1,225,225
Qwen/Qwen2.5-7B-Instruct,qwen,R6D2,2,R6,S10+S05,T024,percentage,1,90,90
Qwen/Qwen2.5-7B-Instruct,qwen,R6D2,2,R6,S10+S05,T025,percentage,1,500,500
Qwen/Qwen2.5-7B-Instruct,qwen,R6D2,2,R6,S10+S05,T026,percentage,1,352,352
Qwen/Qwen2.5-7B-Instruct,qwen,R6D2,2,R6,S10+S05,T027,percentage,1,960,960
Qwen/Qwen2.5-7B-Instruct,qwen,R6D2,2,R6,S10+S05,T028,percentage,1,324,324
Qwen/Qwen2.5-7B-Instruct,qwen,R6D2,2,R6,S10+S05,T029,percentage,1,420,420
Qwen/Qwen2.5-7B-Instruct,qwen,R6D2,2,R6,S10+S05,T030,percentage,0,849.6,850
Qwen/Qwen2.5-7B-Instruct,qwen,R6D2,2,R6,S10+S05,T031,percentage,0,476,472
Qwen/Qwen2.5-7B-Instruct,qwen,R6D2,2,R6,S10+S05,T032,percentage,1,1100,1100
Qwen/Qwen2.5-7B-Instruct,qwen,R6D2,2,R6,S10+S05,T033,percentage,1,1560,1560
Qwen/Qwen2.5-7B-Instruct,qwen,R6D2,2,R6,S10+S05,T034,percentage,1,196,196
Qwen/Qwen2.5-7B-Instruct,qwen,R6D2,2,R6,S10+S05,T035,percentage,1,156,156
Qwen/Qwen2.5-7B-Instruct,qwen,R6D2,2,R6,S10+S05,T036,word_problem,0,4374,486
Qwen/Qwen2.5-7B-Instruct,qwen,R6D2,2,R6,S10+S05,T037,word_problem,0,3500,875
Qwen/Qwen2.5-7B-Instruct,qwen,R6D2,2,R6,S10+S05,T038,word_problem,0,3360,840
Qwen/Qwen2.5-7B-Instruct,qwen,R6D2,2,R6,S10+S05,T039,word_problem,0,4200,1470
Qwen/Qwen2.5-7B-Instruct,qwen,R6D2,2,R6,S10+S05,T040,word_problem,0,1728,576
Qwen/Qwen2.5-7B-Instruct,qwen,R6D2,2,R6,S10+S05,T041,word_problem,0,3600,900
Qwen/Qwen2.5-7B-Instruct,qwen,R6D2,2,R6,S10+S05,T042,word_problem,0,12600,1470
Qwen/Qwen2.5-7B-Instruct,qwen,R6D2,2,R6,S10+S05,T043,word_problem,1,3630,3630
Qwen/Qwen2.5-7B-Instruct,qwen,R6D2,2,R6,S10+S05,T044,word_problem,0,8064,3360
Qwen/Qwen2.5-7B-Instruct,qwen,R6D2,2,R6,S10+S05,T045,word_problem,0,12600,9150
Qwen/Qwen2.5-7B-Instruct,qwen,R6D2,2,R6,S10+S05,T046,word_problem,0,7840,1190
Qwen/Qwen2.5-7B-Instruct,qwen,R6D2,2,R6,S10+S05,T047,word_problem,0,6720,1680
Qwen/Qwen2.5-7B-Instruct,qwen,R6D2,2,R6,S10+S05,T048,word_problem,1,6000,6000
Qwen/Qwen2.5-7B-Instruct,qwen,R6D2,2,R6,S10+S05,T049,word_problem,0,6480,720
Qwen/Qwen2.5-7B-Instruct,qwen,R6D2,2,R6,S10+S05,T050,word_problem,0,4375,1750
Qwen/Qwen2.5-7B-Instruct,qwen,R6D2,2,R6,S10+S05,T051,word_problem,0,2700,900
Qwen/Qwen2.5-7B-Instruct,qwen,R6D2,2,R6,S10+S05,T052,word_problem,0,1680,840
Qwen/Qwen2.5-7B-Instruct,qwen,R6D2,2,R6,S10+S05,T053,word_problem,0,6930,7140
Qwen/Qwen2.5-7B-Instruct,qwen,R6D2,2,R6,S10+S05,T054,word_problem,0,4752,4356
Qwen/Qwen2.5-7B-Instruct,qwen,R6D2,2,R6,S10+S05,T055,word_problem,0,6480,540
Qwen/Qwen2.5-7B-Instruct,qwen,R6D2,2,R6,S10+S05,T056,word_problem,0,2916,3402
Qwen/Qwen2.5-7B-Instruct,qwen,R6D2,2,R6,S10+S05,T057,word_problem,0,3456,576
Qwen/Qwen2.5-7B-Instruct,qwen,R6D2,2,R6,S10+S05,T058,word_problem,0,4800,1200
Qwen/Qwen2.5-7B-Instruct,qwen,R6D2,2,R6,S10+S05,T059,word_problem,1,4200,4200
Qwen/Qwen2.5-7B-Instruct,qwen,R6D2,2,R6,S10+S05,T060,word_problem,0,5250,1050
Qwen/Qwen2.5-7B-Instruct,qwen,R6D2,2,R6,S10+S05,T061,word_problem,0,4410,1190
Qwen/Qwen2.5-7B-Instruct,qwen,R6D2,2,R6,S10+S05,T062,word_problem,0,4752,4956
Qwen/Qwen2.5-7B-Instruct,qwen,R6D2,2,R6,S10+S05,T063,word_problem,0,6000,600
Qwen/Qwen2.5-7B-Instruct,qwen,R6D2,2,R6,S10+S05,T064,word_problem,0,5000,500
Qwen/Qwen2.5-7B-Instruct,qwen,R6D2,2,R6,S10+S05,T065,word_problem,0,10080,840
Qwen/Qwen2.5-7B-Instruct,qwen,R6D2,2,R6,S10+S05,T066,conversion,1,2160,2160
Qwen/Qwen2.5-7B-Instruct,qwen,R6D2,2,R6,S10+S05,T067,conversion,0,1152,384
Qwen/Qwen2.5-7B-Instruct,qwen,R6D2,2,R6,S10+S05,T068,conversion,1,630,630
Qwen/Qwen2.5-7B-Instruct,qwen,R6D2,2,R6,S10+S05,T069,conversion,1,48000,48000
Qwen/Qwen2.5-7B-Instruct,qwen,R6D2,2,R6,S10+S05,T070,conversion,1,900,900
Qwen/Qwen2.5-7B-Instruct,qwen,R6D2,2,R6,S10+S05,T071,conversion,1,720,720
Qwen/Qwen2.5-7B-Instruct,qwen,R6D2,2,R6,S10+S05,T072,conversion,1,125000,125000
Qwen/Qwen2.5-7B-Instruct,qwen,R6D2,2,R6,S10+S05,T073,conversion,1,1440,1440
Qwen/Qwen2.5-7B-Instruct,qwen,R6D2,2,R6,S10+S05,T074,conversion,0,864,288
Qwen/Qwen2.5-7B-Instruct,qwen,R6D2,2,R6,S10+S05,T075,conversion,1,12000,12000
Qwen/Qwen2.5-7B-Instruct,qwen,R6D2,2,R6,S10+S05,T076,conversion,1,24000,24000
Qwen/Qwen2.5-7B-Instruct,qwen,R6D2,2,R6,S10+S05,T077,conversion,1,125000,125000
Qwen/Qwen2.5-7B-Instruct,qwen,R6D2,2,R6,S10+S05,T078,conversion,1,3000,3000
Qwen/Qwen2.5-7B-Instruct,qwen,R6D2,2,R6,S10+S05,T079,conversion,1,720,720
Qwen/Qwen2.5-7B-Instruct,qwen,R6D2,2,R6,S10+S05,T080,conversion,1,3000,3000
Qwen/Qwen2.5-7B-Instruct,qwen,R6D2,2,R6,S10+S05,T081,conversion,0,60000,6000
Qwen/Qwen2.5-7B-Instruct,qwen,R6D2,2,R6,S10+S05,T082,conversion,1,36000,36000
Qwen/Qwen2.5-7B-Instruct,qwen,R6D2,2,R6,S10+S05,T083,conversion,1,15000,15000
Qwen/Qwen2.5-7B-Instruct,qwen,R6D2,2,R6,S10+S05,T084,conversion,1,12000,12000
Qwen/Qwen2.5-7B-Instruct,qwen,R6D2,2,R6,S10+S05,T085,conversion,1,105,105
Qwen/Qwen2.5-7B-Instruct,qwen,R6D2,2,R6,S10+S05,T086,conversion,1,360,360
Qwen/Qwen2.5-7B-Instruct,qwen,R6D2,2,R6,S10+S05,T087,conversion,1,7000,7000
Qwen/Qwen2.5-7B-Instruct,qwen,R6D2,2,R6,S10+S05,T088,conversion,1,72,72
Qwen/Qwen2.5-7B-Instruct,qwen,R6D2,2,R6,S10+S05,T089,conversion,1,48000,48000
Qwen/Qwen2.5-7B-Instruct,qwen,R6D2,2,R6,S10+S05,T090,conversion,1,720,720
Qwen/Qwen2.5-7B-Instruct,qwen,R6D2,2,R6,S10+S05,T091,date,1,25 April 2026,25 April 2026
Qwen/Qwen2.5-7B-Instruct,qwen,R6D2,2,R6,S10+S05,T092,date,0,10 June 2026,30 June 2026
Qwen/Qwen2.5-7B-Instruct,qwen,R6D2,2,R6,S10+S05,T093,date,1,27 April 2026,27 April 2026
Qwen/Qwen2.5-7B-Instruct,qwen,R6D2,2,R6,S10+S05,T094,date,0,26 November 2026,25 November 2026
Qwen/Qwen2.5-7B-Instruct,qwen,R6D2,2,R6,S10+S05,T095,date,0,08 October 2026,30 October 2026
Qwen/Qwen2.5-7B-Instruct,qwen,R6D2,2,R6,S10+S05,T096,date,0,11 November 2026,10 November 2026
Qwen/Qwen2.5-7B-Instruct,qwen,R6D2,2,R6,S10+S05,T097,date,0,16 March 2026,15 April 2026
Qwen/Qwen2.5-7B-Instruct,qwen,R6D2,2,R6,S10+S05,T098,date,0,01 June 2026,30 June 2026
Qwen/Qwen2.5-7B-Instruct,qwen,R6D2,2,R6,S10+S05,T099,date,0,16 October 2026,30 October 2026
Qwen/Qwen2.5-7B-Instruct,qwen,R6D2,2,R6,S10+S05,T100,date,0,12 June 2026,13 June 2026
Qwen/Qwen2.5-7B-Instruct,qwen,R6D2,2,R6,S10+S05,T101,date,0,24 June 2026,23 June 2026
Qwen/Qwen2.5-7B-Instruct,qwen,R6D2,2,R6,S10+S05,T102,date,1,25 July 2026,25 July 2026
Qwen/Qwen2.5-7B-Instruct,qwen,R6D2,2,R6,S10+S05,T103,date,0,14 November 2026,13 November 2026
Qwen/Qwen2.5-7B-Instruct,qwen,R6D2,2,R6,S10+S05,T104,date,0,06 February 2027,14 February 2027
Qwen/Qwen2.5-7B-Instruct,qwen,R6D2,2,R6,S10+S05,T105,date,0,08 May 2026,30 May 2026
Qwen/Qwen2.5-7B-Instruct,qwen,R6D2,2,R6,S10+S05,T106,date,1,30 October 2026,30 October 2026
Qwen/Qwen2.5-7B-Instruct,qwen,R6D2,2,R6,S10+S05,T107,date,0,05 June 2026,30 June 2026
Qwen/Qwen2.5-7B-Instruct,qwen,R6D2,2,R6,S10+S05,T108,date,0,08 October 2026,14 October 2026
Qwen/Qwen2.5-7B-Instruct,qwen,R6D2,2,R6,S10+S05,T109,date,0,10 August 2026,14 September 2026
Qwen/Qwen2.5-7B-Instruct,qwen,R6D2,2,R6,S10+S05,T110,date,0,17 December 2026,21 December 2026
Qwen/Qwen2.5-7B-Instruct,qwen,R6D2,2,R6,S10+S05,T111,date,1,13 January 2027,13 January 2027
Qwen/Qwen2.5-7B-Instruct,qwen,R6D2,2,R6,S10+S05,T112,date,0,07 October 2026,30 October 2026
Qwen/Qwen2.5-7B-Instruct,qwen,R6D2,2,R6,S10+S05,T113,date,0,26 August 2026,30 August 2026
Qwen/Qwen2.5-7B-Instruct,qwen,R6D2,2,R6,S10+S05,T114,date,0,26 January 2026,24 February 2026
Qwen/Qwen2.5-7B-Instruct,qwen,R6D2,2,R6,S10+S05,T115,date,0,18 September 2026,17 September 2026
Qwen/Qwen2.5-7B-Instruct,qwen,R6D2,2,R6,S10+S05,T116,table,1,North,North
Qwen/Qwen2.5-7B-Instruct,qwen,R6D2,2,R6,S10+S05,T117,table,0,1669,2279
Qwen/Qwen2.5-7B-Instruct,qwen,R6D2,2,R6,S10+S05,T118,table,1,West,West
Qwen/Qwen2.5-7B-Instruct,qwen,R6D2,2,R6,S10+S05,T119,table,1,North,North
Qwen/Qwen2.5-7B-Instruct,qwen,R6D2,2,R6,S10+S05,T120,table,1,West,West
Qwen/Qwen2.5-7B-Instruct,qwen,R6D2,2,R6,S10+S05,T121,table,0,503,502
Qwen/Qwen2.5-7B-Instruct,qwen,R6D2,2,R6,S10+S05,T122,table,1,Central,Central
Qwen/Qwen2.5-7B-Instruct,qwen,R6D2,2,R6,S10+S05,T123,table,1,South,South
Qwen/Qwen2.5-7B-Instruct,qwen,R6D2,2,R6,S10+S05,T124,table,0,1914,2014
Qwen/Qwen2.5-7B-Instruct,qwen,R6D2,2,R6,S10+S05,T125,table,0,499,316
Qwen/Qwen2.5-7B-Instruct,qwen,R6D2,2,R6,S10+S05,T126,table,1,1865,1865
Qwen/Qwen2.5-7B-Instruct,qwen,R6D2,2,R6,S10+S05,T127,table,0,Central,South
Qwen/Qwen2.5-7B-Instruct,qwen,R6D2,2,R6,S10+S05,T128,table,1,2623,2623
Qwen/Qwen2.5-7B-Instruct,qwen,R6D2,2,R6,S10+S05,T129,table,1,617,617
Qwen/Qwen2.5-7B-Instruct,qwen,R6D2,2,R6,S10+S05,T130,table,1,West,West
Qwen/Qwen2.5-7B-Instruct,qwen,R6D2,2,R6,S10+S05,T131,table,0,529,429
Qwen/Qwen2.5-7B-Instruct,qwen,R6D2,2,R6,S10+S05,T132,table,0,2156,2056
Qwen/Qwen2.5-7B-Instruct,qwen,R6D2,2,R6,S10+S05,T133,table,1,East,East
Qwen/Qwen2.5-7B-Instruct,qwen,R6D2,2,R6,S10+S05,T134,table,0,504,804
Qwen/Qwen2.5-7B-Instruct,qwen,R6D2,2,R6,S10+S05,T135,table,1,South,South
Qwen/Qwen2.5-7B-Instruct,qwen,R6D2,2,R6,S10+S05,T136,table,0,637,717
Qwen/Qwen2.5-7B-Instruct,qwen,R6D2,2,R6,S10+S05,T137,table,0,479,189
Qwen/Qwen2.5-7B-Instruct,qwen,R6D2,2,R6,S10+S05,T138,table,0,1792,1790
Qwen/Qwen2.5-7B-Instruct,qwen,R6D2,2,R6,S10+S05,T139,table,1,492,492
Qwen/Qwen2.5-7B-Instruct,qwen,R6D2,2,R6,S10+S05,T140,table,0,760,460
Qwen/Qwen2.5-7B-Instruct,qwen,R6D2,2,R6,S10+S05,T141,table,1,473,473
Qwen/Qwen2.5-7B-Instruct,qwen,R6D2,2,R6,S10+S05,T142,table,0,Central,North
Qwen/Qwen2.5-7B-Instruct,qwen,R6D2,2,R6,S10+S05,T143,table,1,South,South: 265
Qwen/Qwen2.5-7B-Instruct,qwen,R6D2,2,R6,S10+S05,T144,table,0,294,314
Qwen/Qwen2.5-7B-Instruct,qwen,R6D2,2,R6,S10+S05,T145,table,1,160,160
Qwen/Qwen2.5-7B-Instruct,qwen,R6D2,2,R6,S10+S05,T146,logic,0,Devon,2
Qwen/Qwen2.5-7B-Instruct,qwen,R6D2,2,R6,S10+S05,T147,logic,0,Alex,Gray
Qwen/Qwen2.5-7B-Instruct,qwen,R6D2,2,R6,S10+S05,T148,logic,1,Gray,Gray
Qwen/Qwen2.5-7B-Instruct,qwen,R6D2,2,R6,S10+S05,T149,logic,1,Frankie,Frankie
Qwen/Qwen2.5-7B-Instruct,qwen,R6D2,2,R6,S10+S05,T150,logic,1,Casey,Casey
Qwen/Qwen2.5-7B-Instruct,qwen,R6D2,2,R6,S10+S05,T151,logic,0,Devon,2
Qwen/Qwen2.5-7B-Instruct,qwen,R6D2,2,R6,S10+S05,T152,logic,1,Gray,Gray
Qwen/Qwen2.5-7B-Instruct,qwen,R6D2,2,R6,S10+S05,T153,logic,0,Casey,3
Qwen/Qwen2.5-7B-Instruct,qwen,R6D2,2,R6,S10+S05,T154,logic,1,Gray,Gray
Qwen/Qwen2.5-7B-Instruct,qwen,R6D2,2,R6,S10+S05,T155,logic,0,Alex,Gray
Qwen/Qwen2.5-7B-Instruct,qwen,R6D2,2,R6,S10+S05,T156,logic,1,Bailey,Bailey
Qwen/Qwen2.5-7B-Instruct,qwen,R6D2,2,R6,S10+S05,T157,logic,1,Bailey,Bailey
Qwen/Qwen2.5-7B-Instruct,qwen,R6D2,2,R6,S10+S05,T158,logic,0,Devon,Frankie
Qwen/Qwen2.5-7B-Instruct,qwen,R6D2,2,R6,S10+S05,T159,logic,1,Alex,Alex
Qwen/Qwen2.5-7B-Instruct,qwen,R6D2,2,R6,S10+S05,T160,logic,0,Bailey,2
Qwen/Qwen2.5-7B-Instruct,qwen,R6D2,2,R6,S10+S05,T161,logic,0,Devon,Gray
Qwen/Qwen2.5-7B-Instruct,qwen,R6D2,2,R6,S10+S05,T162,logic,1,Alex,Alex
Qwen/Qwen2.5-7B-Instruct,qwen,R6D2,2,R6,S10+S05,T163,logic,0,Frankie,Alex
Qwen/Qwen2.5-7B-Instruct,qwen,R6D2,2,R6,S10+S05,T164,logic,1,Bailey,Bailey
Qwen/Qwen2.5-7B-Instruct,qwen,R6D2,2,R6,S10+S05,T165,logic,0,Bailey,Frankie
Qwen/Qwen2.5-7B-Instruct,qwen,R6D2,2,R6,S10+S05,T166,logic,1,Gray,Gray
Qwen/Qwen2.5-7B-Instruct,qwen,R6D2,2,R6,S10+S05,T167,logic,0,Alex,Gray
Qwen/Qwen2.5-7B-Instruct,qwen,R6D2,2,R6,S10+S05,T168,logic,1,Casey,Casey
Qwen/Qwen2.5-7B-Instruct,qwen,R6D2,2,R6,S10+S05,T169,logic,1,Bailey,Bailey
Qwen/Qwen2.5-7B-Instruct,qwen,R6D2,2,R6,S10+S05,T170,logic,1,Bailey,Bailey
Qwen/Qwen2.5-7B-Instruct,qwen,R6D2,2,R6,S10+S05,T171,rate,1,2,2
Qwen/Qwen2.5-7B-Instruct,qwen,R6D2,2,R6,S10+S05,T172,rate,1,10,10
Qwen/Qwen2.5-7B-Instruct,qwen,R6D2,2,R6,S10+S05,T173,rate,1,4,4
Qwen/Qwen2.5-7B-Instruct,qwen,R6D2,2,R6,S10+S05,T174,rate,0,3.33333,3.33
Qwen/Qwen2.5-7B-Instruct,qwen,R6D2,2,R6,S10+S05,T175,rate,1,180,180
Qwen/Qwen2.5-7B-Instruct,qwen,R6D2,2,R6,S10+S05,T176,rate,1,1.2,1.2
Qwen/Qwen2.5-7B-Instruct,qwen,R6D2,2,R6,S10+S05,T177,rate,1,30,30
Qwen/Qwen2.5-7B-Instruct,qwen,R6D2,2,R6,S10+S05,T178,rate,1,90,90
Qwen/Qwen2.5-7B-Instruct,qwen,R6D2,2,R6,S10+S05,T179,rate,1,3,3
Qwen/Qwen2.5-7B-Instruct,qwen,R6D2,2,R6,S10+S05,T180,rate,1,4,4
Qwen/Qwen2.5-7B-Instruct,qwen,R6D2,2,R6,S10+S05,T181,rate,1,3.2,3.2
Qwen/Qwen2.5-7B-Instruct,qwen,R6D2,2,R6,S10+S05,T182,rate,1,40,40
Qwen/Qwen2.5-7B-Instruct,qwen,R6D2,2,R6,S10+S05,T183,rate,0,3.33333,3.33
Qwen/Qwen2.5-7B-Instruct,qwen,R6D2,2,R6,S10+S05,T184,rate,1,150,150
Qwen/Qwen2.5-7B-Instruct,qwen,R6D2,2,R6,S10+S05,T185,rate,1,90,90
Qwen/Qwen2.5-7B-Instruct,qwen,R6D2,2,R6,S10+S05,T186,rate,1,45,45
Qwen/Qwen2.5-7B-Instruct,qwen,R6D2,2,R6,S10+S05,T187,rate,1,5,5
Qwen/Qwen2.5-7B-Instruct,qwen,R6D2,2,R6,S10+S05,T188,rate,1,60,60
Qwen/Qwen2.5-7B-Instruct,qwen,R6D2,2,R6,S10+S05,T189,rate,0,3.33333,3.33
Qwen/Qwen2.5-7B-Instruct,qwen,R6D2,2,R6,S10+S05,T190,rate,1,270,270
Qwen/Qwen2.5-7B-Instruct,qwen,R6D2,2,R6,S10+S05,T191,rate,0,5.33333,5
Qwen/Qwen2.5-7B-Instruct,qwen,R6D2,2,R6,S10+S05,T192,rate,1,45,45
Qwen/Qwen2.5-7B-Instruct,qwen,R6D2,2,R6,S10+S05,T193,rate,0,2.66667,2.67
Qwen/Qwen2.5-7B-Instruct,qwen,R6D2,2,R6,S10+S05,T194,rate,0,5.33333,5
Qwen/Qwen2.5-7B-Instruct,qwen,R6D2,2,R6,S10+S05,T195,rate,1,30,30
Qwen/Qwen2.5-7B-Instruct,qwen,R6D2,2,R6,S10+S05,T196,rate,1,4.5,4.5
Qwen/Qwen2.5-7B-Instruct,qwen,R6D2,2,R6,S10+S05,T197,rate,1,30,30
Qwen/Qwen2.5-7B-Instruct,qwen,R6D2,2,R6,S10+S05,T198,rate,1,60,60
Qwen/Qwen2.5-7B-Instruct,qwen,R6D2,2,R6,S10+S05,T199,rate,1,270,270
Qwen/Qwen2.5-7B-Instruct,qwen,R6D2,2,R6,S10+S05,T200,rate,1,40,40
Qwen/Qwen2.5-7B-Instruct,qwen,R6D3*,3,R6,S10+S05+S08,T001,percentage,0,3480,3360
Qwen/Qwen2.5-7B-Instruct,qwen,R6D3*,3,R6,S10+S05+S08,T002,percentage,1,312.5,312.5
Qwen/Qwen2.5-7B-Instruct,qwen,R6D3*,3,R6,S10+S05+S08,T003,percentage,1,288,288
Qwen/Qwen2.5-7B-Instruct,qwen,R6D3*,3,R6,S10+S05+S08,T004,percentage,0,1044,1032
Qwen/Qwen2.5-7B-Instruct,qwen,R6D3*,3,R6,S10+S05+S08,T005,percentage,1,500,500
Qwen/Qwen2.5-7B-Instruct,qwen,R6D3*,3,R6,S10+S05+S08,T006,percentage,0,26.4,26
Qwen/Qwen2.5-7B-Instruct,qwen,R6D3*,3,R6,S10+S05+S08,T007,percentage,0,697,687
Qwen/Qwen2.5-7B-Instruct,qwen,R6D3*,3,R6,S10+S05+S08,T008,percentage,1,540,540
Qwen/Qwen2.5-7B-Instruct,qwen,R6D3*,3,R6,S10+S05+S08,T009,percentage,1,127.5,127.5
Qwen/Qwen2.5-7B-Instruct,qwen,R6D3*,3,R6,S10+S05+S08,T010,percentage,1,150,150
Qwen/Qwen2.5-7B-Instruct,qwen,R6D3*,3,R6,S10+S05+S08,T011,percentage,1,1408,1408
Qwen/Qwen2.5-7B-Instruct,qwen,R6D3*,3,R6,S10+S05+S08,T012,percentage,1,119,119
Qwen/Qwen2.5-7B-Instruct,qwen,R6D3*,3,R6,S10+S05+S08,T013,percentage,1,528,528
Qwen/Qwen2.5-7B-Instruct,qwen,R6D3*,3,R6,S10+S05+S08,T014,percentage,1,30,30
Qwen/Qwen2.5-7B-Instruct,qwen,R6D3*,3,R6,S10+S05+S08,T015,percentage,0,552.5,555
Qwen/Qwen2.5-7B-Instruct,qwen,R6D3*,3,R6,S10+S05+S08,T016,percentage,1,672,672
Qwen/Qwen2.5-7B-Instruct,qwen,R6D3*,3,R6,S10+S05+S08,T017,percentage,1,2560,2560
Qwen/Qwen2.5-7B-Instruct,qwen,R6D3*,3,R6,S10+S05+S08,T018,percentage,0,422.4,427.2
Qwen/Qwen2.5-7B-Instruct,qwen,R6D3*,3,R6,S10+S05+S08,T019,percentage,1,192,192
Qwen/Qwen2.5-7B-Instruct,qwen,R6D3*,3,R6,S10+S05+S08,T020,percentage,1,30,30
Qwen/Qwen2.5-7B-Instruct,qwen,R6D3*,3,R6,S10+S05+S08,T021,percentage,1,108,108
Qwen/Qwen2.5-7B-Instruct,qwen,R6D3*,3,R6,S10+S05+S08,T022,percentage,0,196.8,194.4
Qwen/Qwen2.5-7B-Instruct,qwen,R6D3*,3,R6,S10+S05+S08,T023,percentage,1,225,225
Qwen/Qwen2.5-7B-Instruct,qwen,R6D3*,3,R6,S10+S05+S08,T024,percentage,1,90,90
Qwen/Qwen2.5-7B-Instruct,qwen,R6D3*,3,R6,S10+S05+S08,T025,percentage,1,500,500
Qwen/Qwen2.5-7B-Instruct,qwen,R6D3*,3,R6,S10+S05+S08,T026,percentage,1,352,352
Qwen/Qwen2.5-7B-Instruct,qwen,R6D3*,3,R6,S10+S05+S08,T027,percentage,1,960,960
Qwen/Qwen2.5-7B-Instruct,qwen,R6D3*,3,R6,S10+S05+S08,T028,percentage,1,324,324
Qwen/Qwen2.5-7B-Instruct,qwen,R6D3*,3,R6,S10+S05+S08,T029,percentage,1,420,420
Qwen/Qwen2.5-7B-Instruct,qwen,R6D3*,3,R6,S10+S05+S08,T030,percentage,0,849.6,846
Qwen/Qwen2.5-7B-Instruct,qwen,R6D3*,3,R6,S10+S05+S08,T031,percentage,0,476,472
Qwen/Qwen2.5-7B-Instruct,qwen,R6D3*,3,R6,S10+S05+S08,T032,percentage,1,1100,1100
Qwen/Qwen2.5-7B-Instruct,qwen,R6D3*,3,R6,S10+S05+S08,T033,percentage,1,1560,1560
Qwen/Qwen2.5-7B-Instruct,qwen,R6D3*,3,R6,S10+S05+S08,T034,percentage,1,196,196
Qwen/Qwen2.5-7B-Instruct,qwen,R6D3*,3,R6,S10+S05+S08,T035,percentage,1,156,156
Qwen/Qwen2.5-7B-Instruct,qwen,R6D3*,3,R6,S10+S05+S08,T036,word_problem,0,4374,486
Qwen/Qwen2.5-7B-Instruct,qwen,R6D3*,3,R6,S10+S05+S08,T037,word_problem,0,3500,875
Qwen/Qwen2.5-7B-Instruct,qwen,R6D3*,3,R6,S10+S05+S08,T038,word_problem,0,3360,840
Qwen/Qwen2.5-7B-Instruct,qwen,R6D3*,3,R6,S10+S05+S08,T039,word_problem,0,4200,1470
Qwen/Qwen2.5-7B-Instruct,qwen,R6D3*,3,R6,S10+S05+S08,T040,word_problem,0,1728,576
Qwen/Qwen2.5-7B-Instruct,qwen,R6D3*,3,R6,S10+S05+S08,T041,word_problem,0,3600,3780
Qwen/Qwen2.5-7B-Instruct,qwen,R6D3*,3,R6,S10+S05+S08,T042,word_problem,0,12600,1470
Qwen/Qwen2.5-7B-Instruct,qwen,R6D3*,3,R6,S10+S05+S08,T043,word_problem,0,3630,3850
Qwen/Qwen2.5-7B-Instruct,qwen,R6D3*,3,R6,S10+S05+S08,T044,word_problem,0,8064,3360
Qwen/Qwen2.5-7B-Instruct,qwen,R6D3*,3,R6,S10+S05+S08,T045,word_problem,0,12600,9450
Qwen/Qwen2.5-7B-Instruct,qwen,R6D3*,3,R6,S10+S05+S08,T046,word_problem,0,7840,1190
Qwen/Qwen2.5-7B-Instruct,qwen,R6D3*,3,R6,S10+S05+S08,T047,word_problem,0,6720,1680
Qwen/Qwen2.5-7B-Instruct,qwen,R6D3*,3,R6,S10+S05+S08,T048,word_problem,0,6000,3000
Qwen/Qwen2.5-7B-Instruct,qwen,R6D3*,3,R6,S10+S05+S08,T049,word_problem,0,6480,7560
Qwen/Qwen2.5-7B-Instruct,qwen,R6D3*,3,R6,S10+S05+S08,T050,word_problem,0,4375,1750
Qwen/Qwen2.5-7B-Instruct,qwen,R6D3*,3,R6,S10+S05+S08,T051,word_problem,0,2700,450
Qwen/Qwen2.5-7B-Instruct,qwen,R6D3*,3,R6,S10+S05+S08,T052,word_problem,0,1680,840
Qwen/Qwen2.5-7B-Instruct,qwen,R6D3*,3,R6,S10+S05+S08,T053,word_problem,0,6930,7380
Qwen/Qwen2.5-7B-Instruct,qwen,R6D3*,3,R6,S10+S05+S08,T054,word_problem,0,4752,4356
Qwen/Qwen2.5-7B-Instruct,qwen,R6D3*,3,R6,S10+S05+S08,T055,word_problem,0,6480,540
Qwen/Qwen2.5-7B-Instruct,qwen,R6D3*,3,R6,S10+S05+S08,T056,word_problem,0,2916,3402
Qwen/Qwen2.5-7B-Instruct,qwen,R6D3*,3,R6,S10+S05+S08,T057,word_problem,0,3456,576
Qwen/Qwen2.5-7B-Instruct,qwen,R6D3*,3,R6,S10+S05+S08,T058,word_problem,0,4800,1200
Qwen/Qwen2.5-7B-Instruct,qwen,R6D3*,3,R6,S10+S05+S08,T059,word_problem,1,4200,4200
Qwen/Qwen2.5-7B-Instruct,qwen,R6D3*,3,R6,S10+S05+S08,T060,word_problem,0,5250,1050
Qwen/Qwen2.5-7B-Instruct,qwen,R6D3*,3,R6,S10+S05+S08,T061,word_problem,0,4410,1190
Qwen/Qwen2.5-7B-Instruct,qwen,R6D3*,3,R6,S10+S05+S08,T062,word_problem,0,4752,4356
Qwen/Qwen2.5-7B-Instruct,qwen,R6D3*,3,R6,S10+S05+S08,T063,word_problem,0,6000,600
Qwen/Qwen2.5-7B-Instruct,qwen,R6D3*,3,R6,S10+S05+S08,T064,word_problem,0,5000,3500
Qwen/Qwen2.5-7B-Instruct,qwen,R6D3*,3,R6,S10+S05+S08,T065,word_problem,0,10080,840
Qwen/Qwen2.5-7B-Instruct,qwen,R6D3*,3,R6,S10+S05+S08,T066,conversion,1,2160,2160
Qwen/Qwen2.5-7B-Instruct,qwen,R6D3*,3,R6,S10+S05+S08,T067,conversion,0,1152,3552
Qwen/Qwen2.5-7B-Instruct,qwen,R6D3*,3,R6,S10+S05+S08,T068,conversion,1,630,630
Qwen/Qwen2.5-7B-Instruct,qwen,R6D3*,3,R6,S10+S05+S08,T069,conversion,1,48000,48000
Qwen/Qwen2.5-7B-Instruct,qwen,R6D3*,3,R6,S10+S05+S08,T070,conversion,1,900,900
Qwen/Qwen2.5-7B-Instruct,qwen,R6D3*,3,R6,S10+S05+S08,T071,conversion,1,720,720
Qwen/Qwen2.5-7B-Instruct,qwen,R6D3*,3,R6,S10+S05+S08,T072,conversion,1,125000,125000
Qwen/Qwen2.5-7B-Instruct,qwen,R6D3*,3,R6,S10+S05+S08,T073,conversion,1,1440,1440
Qwen/Qwen2.5-7B-Instruct,qwen,R6D3*,3,R6,S10+S05+S08,T074,conversion,0,864,288
Qwen/Qwen2.5-7B-Instruct,qwen,R6D3*,3,R6,S10+S05+S08,T075,conversion,1,12000,12000
Qwen/Qwen2.5-7B-Instruct,qwen,R6D3*,3,R6,S10+S05+S08,T076,conversion,1,24000,24000
Qwen/Qwen2.5-7B-Instruct,qwen,R6D3*,3,R6,S10+S05+S08,T077,conversion,1,125000,125000
Qwen/Qwen2.5-7B-Instruct,qwen,R6D3*,3,R6,S10+S05+S08,T078,conversion,0,3000,300
Qwen/Qwen2.5-7B-Instruct,qwen,R6D3*,3,R6,S10+S05+S08,T079,conversion,1,720,720
Qwen/Qwen2.5-7B-Instruct,qwen,R6D3*,3,R6,S10+S05+S08,T080,conversion,1,3000,3000
Qwen/Qwen2.5-7B-Instruct,qwen,R6D3*,3,R6,S10+S05+S08,T081,conversion,0,60000,6000
Qwen/Qwen2.5-7B-Instruct,qwen,R6D3*,3,R6,S10+S05+S08,T082,conversion,1,36000,36000
Qwen/Qwen2.5-7B-Instruct,qwen,R6D3*,3,R6,S10+S05+S08,T083,conversion,1,15000,15000
Qwen/Qwen2.5-7B-Instruct,qwen,R6D3*,3,R6,S10+S05+S08,T084,conversion,1,12000,12000
Qwen/Qwen2.5-7B-Instruct,qwen,R6D3*,3,R6,S10+S05+S08,T085,conversion,1,105,105
Qwen/Qwen2.5-7B-Instruct,qwen,R6D3*,3,R6,S10+S05+S08,T086,conversion,1,360,360
Qwen/Qwen2.5-7B-Instruct,qwen,R6D3*,3,R6,S10+S05+S08,T087,conversion,1,7000,7000
Qwen/Qwen2.5-7B-Instruct,qwen,R6D3*,3,R6,S10+S05+S08,T088,conversion,1,72,72
Qwen/Qwen2.5-7B-Instruct,qwen,R6D3*,3,R6,S10+S05+S08,T089,conversion,1,48000,48000
Qwen/Qwen2.5-7B-Instruct,qwen,R6D3*,3,R6,S10+S05+S08,T090,conversion,1,720,720
Qwen/Qwen2.5-7B-Instruct,qwen,R6D3*,3,R6,S10+S05+S08,T091,date,1,25 April 2026,25 April 2026
Qwen/Qwen2.5-7B-Instruct,qwen,R6D3*,3,R6,S10+S05+S08,T092,date,0,10 June 2026,30 June 2026
Qwen/Qwen2.5-7B-Instruct,qwen,R6D3*,3,R6,S10+S05+S08,T093,date,0,27 April 2026,30 April 2026
Qwen/Qwen2.5-7B-Instruct,qwen,R6D3*,3,R6,S10+S05+S08,T094,date,0,26 November 2026,25 November 2026
Qwen/Qwen2.5-7B-Instruct,qwen,R6D3*,3,R6,S10+S05+S08,T095,date,0,08 October 2026,30 October 2026
Qwen/Qwen2.5-7B-Instruct,qwen,R6D3*,3,R6,S10+S05+S08,T096,date,0,11 November 2026,10 November 2026
Qwen/Qwen2.5-7B-Instruct,qwen,R6D3*,3,R6,S10+S05+S08,T097,date,0,16 March 2026,23 March 2026
Qwen/Qwen2.5-7B-Instruct,qwen,R6D3*,3,R6,S10+S05+S08,T098,date,0,01 June 2026,30 June 2026
Qwen/Qwen2.5-7B-Instruct,qwen,R6D3*,3,R6,S10+S05+S08,T099,date,0,16 October 2026,30 October 2026
Qwen/Qwen2.5-7B-Instruct,qwen,R6D3*,3,R6,S10+S05+S08,T100,date,1,12 June 2026,12 June 2026
Qwen/Qwen2.5-7B-Instruct,qwen,R6D3*,3,R6,S10+S05+S08,T101,date,0,24 June 2026,23 June 2026
Qwen/Qwen2.5-7B-Instruct,qwen,R6D3*,3,R6,S10+S05+S08,T102,date,1,25 July 2026,25 July 2026
Qwen/Qwen2.5-7B-Instruct,qwen,R6D3*,3,R6,S10+S05+S08,T103,date,1,14 November 2026,14 November 2026
Qwen/Qwen2.5-7B-Instruct,qwen,R6D3*,3,R6,S10+S05+S08,T104,date,0,06 February 2027,14 February 2027
Qwen/Qwen2.5-7B-Instruct,qwen,R6D3*,3,R6,S10+S05+S08,T105,date,0,08 May 2026,30 May 2026
Qwen/Qwen2.5-7B-Instruct,qwen,R6D3*,3,R6,S10+S05+S08,T106,date,1,30 October 2026,30 October 2026
Qwen/Qwen2.5-7B-Instruct,qwen,R6D3*,3,R6,S10+S05+S08,T107,date,0,05 June 2026,04 June 2026
Qwen/Qwen2.5-7B-Instruct,qwen,R6D3*,3,R6,S10+S05+S08,T108,date,0,08 October 2026,14 October 2026
Qwen/Qwen2.5-7B-Instruct,qwen,R6D3*,3,R6,S10+S05+S08,T109,date,0,10 August 2026,14 September 2026
Qwen/Qwen2.5-7B-Instruct,qwen,R6D3*,3,R6,S10+S05+S08,T110,date,0,17 December 2026,24 December 2026
Qwen/Qwen2.5-7B-Instruct,qwen,R6D3*,3,R6,S10+S05+S08,T111,date,1,13 January 2027,13 January 2027
Qwen/Qwen2.5-7B-Instruct,qwen,R6D3*,3,R6,S10+S05+S08,T112,date,0,07 October 2026,30 October 2026
Qwen/Qwen2.5-7B-Instruct,qwen,R6D3*,3,R6,S10+S05+S08,T113,date,0,26 August 2026,30 August 2026
Qwen/Qwen2.5-7B-Instruct,qwen,R6D3*,3,R6,S10+S05+S08,T114,date,0,26 January 2026,25 January 2026
Qwen/Qwen2.5-7B-Instruct,qwen,R6D3*,3,R6,S10+S05+S08,T115,date,0,18 September 2026,17 October 2026
Qwen/Qwen2.5-7B-Instruct,qwen,R6D3*,3,R6,S10+S05+S08,T116,table,1,North,North
Qwen/Qwen2.5-7B-Instruct,qwen,R6D3*,3,R6,S10+S05+S08,T117,table,0,1669,2279
Qwen/Qwen2.5-7B-Instruct,qwen,R6D3*,3,R6,S10+S05+S08,T118,table,1,West,West
Qwen/Qwen2.5-7B-Instruct,qwen,R6D3*,3,R6,S10+S05+S08,T119,table,1,North,North
Qwen/Qwen2.5-7B-Instruct,qwen,R6D3*,3,R6,S10+S05+S08,T120,table,1,West,West
Qwen/Qwen2.5-7B-Instruct,qwen,R6D3*,3,R6,S10+S05+S08,T121,table,0,503,502
Qwen/Qwen2.5-7B-Instruct,qwen,R6D3*,3,R6,S10+S05+S08,T122,table,1,Central,Central
Qwen/Qwen2.5-7B-Instruct,qwen,R6D3*,3,R6,S10+S05+S08,T123,table,1,South,South
Qwen/Qwen2.5-7B-Instruct,qwen,R6D3*,3,R6,S10+S05+S08,T124,table,0,1914,2014
Qwen/Qwen2.5-7B-Instruct,qwen,R6D3*,3,R6,S10+S05+S08,T125,table,0,499,316
Qwen/Qwen2.5-7B-Instruct,qwen,R6D3*,3,R6,S10+S05+S08,T126,table,1,1865,1865
Qwen/Qwen2.5-7B-Instruct,qwen,R6D3*,3,R6,S10+S05+S08,T127,table,1,Central,Central
Qwen/Qwen2.5-7B-Instruct,qwen,R6D3*,3,R6,S10+S05+S08,T128,table,1,2623,2623
Qwen/Qwen2.5-7B-Instruct,qwen,R6D3*,3,R6,S10+S05+S08,T129,table,1,617,617
Qwen/Qwen2.5-7B-Instruct,qwen,R6D3*,3,R6,S10+S05+S08,T130,table,1,West,West
Qwen/Qwen2.5-7B-Instruct,qwen,R6D3*,3,R6,S10+S05+S08,T131,table,1,529,529
Qwen/Qwen2.5-7B-Instruct,qwen,R6D3*,3,R6,S10+S05+S08,T132,table,0,2156,2056
Qwen/Qwen2.5-7B-Instruct,qwen,R6D3*,3,R6,S10+S05+S08,T133,table,1,East,East
Qwen/Qwen2.5-7B-Instruct,qwen,R6D3*,3,R6,S10+S05+S08,T134,table,0,504,184
Qwen/Qwen2.5-7B-Instruct,qwen,R6D3*,3,R6,S10+S05+S08,T135,table,0,South,East
Qwen/Qwen2.5-7B-Instruct,qwen,R6D3*,3,R6,S10+S05+S08,T136,table,0,637,717
Qwen/Qwen2.5-7B-Instruct,qwen,R6D3*,3,R6,S10+S05+S08,T137,table,0,479,189
Qwen/Qwen2.5-7B-Instruct,qwen,R6D3*,3,R6,S10+S05+S08,T138,table,1,1792,1792
Qwen/Qwen2.5-7B-Instruct,qwen,R6D3*,3,R6,S10+S05+S08,T139,table,1,492,492
Qwen/Qwen2.5-7B-Instruct,qwen,R6D3*,3,R6,S10+S05+S08,T140,table,0,760,470
Qwen/Qwen2.5-7B-Instruct,qwen,R6D3*,3,R6,S10+S05+S08,T141,table,1,473,473
Qwen/Qwen2.5-7B-Instruct,qwen,R6D3*,3,R6,S10+S05+S08,T142,table,0,Central,North
Qwen/Qwen2.5-7B-Instruct,qwen,R6D3*,3,R6,S10+S05+S08,T143,table,1,South,South
Qwen/Qwen2.5-7B-Instruct,qwen,R6D3*,3,R6,S10+S05+S08,T144,table,0,294,314
Qwen/Qwen2.5-7B-Instruct,qwen,R6D3*,3,R6,S10+S05+S08,T145,table,1,160,160
Qwen/Qwen2.5-7B-Instruct,qwen,R6D3*,3,R6,S10+S05+S08,T146,logic,0,Devon,2
Qwen/Qwen2.5-7B-Instruct,qwen,R6D3*,3,R6,S10+S05+S08,T147,logic,0,Alex,Gray
Qwen/Qwen2.5-7B-Instruct,qwen,R6D3*,3,R6,S10+S05+S08,T148,logic,1,Gray,Gray
Qwen/Qwen2.5-7B-Instruct,qwen,R6D3*,3,R6,S10+S05+S08,T149,logic,1,Frankie,Frankie
Qwen/Qwen2.5-7B-Instruct,qwen,R6D3*,3,R6,S10+S05+S08,T150,logic,1,Casey,Casey
Qwen/Qwen2.5-7B-Instruct,qwen,R6D3*,3,R6,S10+S05+S08,T151,logic,0,Devon,3
Qwen/Qwen2.5-7B-Instruct,qwen,R6D3*,3,R6,S10+S05+S08,T152,logic,1,Gray,Gray
Qwen/Qwen2.5-7B-Instruct,qwen,R6D3*,3,R6,S10+S05+S08,T153,logic,0,Casey,3
Qwen/Qwen2.5-7B-Instruct,qwen,R6D3*,3,R6,S10+S05+S08,T154,logic,1,Gray,Gray
Qwen/Qwen2.5-7B-Instruct,qwen,R6D3*,3,R6,S10+S05+S08,T155,logic,1,Alex,Alex
Qwen/Qwen2.5-7B-Instruct,qwen,R6D3*,3,R6,S10+S05+S08,T156,logic,1,Bailey,Bailey
Qwen/Qwen2.5-7B-Instruct,qwen,R6D3*,3,R6,S10+S05+S08,T157,logic,1,Bailey,Bailey
Qwen/Qwen2.5-7B-Instruct,qwen,R6D3*,3,R6,S10+S05+S08,T158,logic,0,Devon,Frankie
Qwen/Qwen2.5-7B-Instruct,qwen,R6D3*,3,R6,S10+S05+S08,T159,logic,1,Alex,Alex
Qwen/Qwen2.5-7B-Instruct,qwen,R6D3*,3,R6,S10+S05+S08,T160,logic,0,Bailey,2
Qwen/Qwen2.5-7B-Instruct,qwen,R6D3*,3,R6,S10+S05+S08,T161,logic,0,Devon,3
Qwen/Qwen2.5-7B-Instruct,qwen,R6D3*,3,R6,S10+S05+S08,T162,logic,1,Alex,Alex
Qwen/Qwen2.5-7B-Instruct,qwen,R6D3*,3,R6,S10+S05+S08,T163,logic,0,Frankie,Casey
Qwen/Qwen2.5-7B-Instruct,qwen,R6D3*,3,R6,S10+S05+S08,T164,logic,1,Bailey,Bailey
Qwen/Qwen2.5-7B-Instruct,qwen,R6D3*,3,R6,S10+S05+S08,T165,logic,0,Bailey,Frankie
Qwen/Qwen2.5-7B-Instruct,qwen,R6D3*,3,R6,S10+S05+S08,T166,logic,1,Gray,Gray
Qwen/Qwen2.5-7B-Instruct,qwen,R6D3*,3,R6,S10+S05+S08,T167,logic,1,Alex,Alex
Qwen/Qwen2.5-7B-Instruct,qwen,R6D3*,3,R6,S10+S05+S08,T168,logic,1,Casey,Casey
Qwen/Qwen2.5-7B-Instruct,qwen,R6D3*,3,R6,S10+S05+S08,T169,logic,1,Bailey,Bailey
Qwen/Qwen2.5-7B-Instruct,qwen,R6D3*,3,R6,S10+S05+S08,T170,logic,1,Bailey,Bailey
Qwen/Qwen2.5-7B-Instruct,qwen,R6D3*,3,R6,S10+S05+S08,T171,rate,1,2,2
Qwen/Qwen2.5-7B-Instruct,qwen,R6D3*,3,R6,S10+S05+S08,T172,rate,1,10,10
Qwen/Qwen2.5-7B-Instruct,qwen,R6D3*,3,R6,S10+S05+S08,T173,rate,1,4,4
Qwen/Qwen2.5-7B-Instruct,qwen,R6D3*,3,R6,S10+S05+S08,T174,rate,0,3.33333,3.33
Qwen/Qwen2.5-7B-Instruct,qwen,R6D3*,3,R6,S10+S05+S08,T175,rate,1,180,180
Qwen/Qwen2.5-7B-Instruct,qwen,R6D3*,3,R6,S10+S05+S08,T176,rate,1,1.2,1.2
Qwen/Qwen2.5-7B-Instruct,qwen,R6D3*,3,R6,S10+S05+S08,T177,rate,1,30,30
Qwen/Qwen2.5-7B-Instruct,qwen,R6D3*,3,R6,S10+S05+S08,T178,rate,1,90,90
Qwen/Qwen2.5-7B-Instruct,qwen,R6D3*,3,R6,S10+S05+S08,T179,rate,1,3,3
Qwen/Qwen2.5-7B-Instruct,qwen,R6D3*,3,R6,S10+S05+S08,T180,rate,1,4,4
Qwen/Qwen2.5-7B-Instruct,qwen,R6D3*,3,R6,S10+S05+S08,T181,rate,1,3.2,3.2
Qwen/Qwen2.5-7B-Instruct,qwen,R6D3*,3,R6,S10+S05+S08,T182,rate,1,40,40
Qwen/Qwen2.5-7B-Instruct,qwen,R6D3*,3,R6,S10+S05+S08,T183,rate,0,3.33333,3.33
Qwen/Qwen2.5-7B-Instruct,qwen,R6D3*,3,R6,S10+S05+S08,T184,rate,1,150,150
Qwen/Qwen2.5-7B-Instruct,qwen,R6D3*,3,R6,S10+S05+S08,T185,rate,1,90,90
Qwen/Qwen2.5-7B-Instruct,qwen,R6D3*,3,R6,S10+S05+S08,T186,rate,1,45,45
Qwen/Qwen2.5-7B-Instruct,qwen,R6D3*,3,R6,S10+S05+S08,T187,rate,1,5,5
Qwen/Qwen2.5-7B-Instruct,qwen,R6D3*,3,R6,S10+S05+S08,T188,rate,1,60,60
Qwen/Qwen2.5-7B-Instruct,qwen,R6D3*,3,R6,S10+S05+S08,T189,rate,0,3.33333,3.33
Qwen/Qwen2.5-7B-Instruct,qwen,R6D3*,3,R6,S10+S05+S08,T190,rate,1,270,270
Qwen/Qwen2.5-7B-Instruct,qwen,R6D3*,3,R6,S10+S05+S08,T191,rate,0,5.33333,5
Qwen/Qwen2.5-7B-Instruct,qwen,R6D3*,3,R6,S10+S05+S08,T192,rate,1,45,45
Qwen/Qwen2.5-7B-Instruct,qwen,R6D3*,3,R6,S10+S05+S08,T193,rate,0,2.66667,2.67
Qwen/Qwen2.5-7B-Instruct,qwen,R6D3*,3,R6,S10+S05+S08,T194,rate,0,5.33333,5
Qwen/Qwen2.5-7B-Instruct,qwen,R6D3*,3,R6,S10+S05+S08,T195,rate,1,30,30
Qwen/Qwen2.5-7B-Instruct,qwen,R6D3*,3,R6,S10+S05+S08,T196,rate,1,4.5,4.5
Qwen/Qwen2.5-7B-Instruct,qwen,R6D3*,3,R6,S10+S05+S08,T197,rate,1,30,30
Qwen/Qwen2.5-7B-Instruct,qwen,R6D3*,3,R6,S10+S05+S08,T198,rate,1,60,60
Qwen/Qwen2.5-7B-Instruct,qwen,R6D3*,3,R6,S10+S05+S08,T199,rate,1,270,270
Qwen/Qwen2.5-7B-Instruct,qwen,R6D3*,3,R6,S10+S05+S08,T200,rate,1,40,40
Qwen/Qwen2.5-7B-Instruct,qwen,R7D1*,1,R7,S01,T001,percentage,0,3480,3360
Qwen/Qwen2.5-7B-Instruct,qwen,R7D1*,1,R7,S01,T002,percentage,1,312.5,312.5
Qwen/Qwen2.5-7B-Instruct,qwen,R7D1*,1,R7,S01,T003,percentage,1,288,288
Qwen/Qwen2.5-7B-Instruct,qwen,R7D1*,1,R7,S01,T004,percentage,0,1044,1038
Qwen/Qwen2.5-7B-Instruct,qwen,R7D1*,1,R7,S01,T005,percentage,1,500,500
Qwen/Qwen2.5-7B-Instruct,qwen,R7D1*,1,R7,S01,T006,percentage,1,26.4,26.4
Qwen/Qwen2.5-7B-Instruct,qwen,R7D1*,1,R7,S01,T007,percentage,0,697,687
Qwen/Qwen2.5-7B-Instruct,qwen,R7D1*,1,R7,S01,T008,percentage,1,540,540
Qwen/Qwen2.5-7B-Instruct,qwen,R7D1*,1,R7,S01,T009,percentage,1,127.5,127.5
Qwen/Qwen2.5-7B-Instruct,qwen,R7D1*,1,R7,S01,T010,percentage,1,150,150
Qwen/Qwen2.5-7B-Instruct,qwen,R7D1*,1,R7,S01,T011,percentage,1,1408,1408
Qwen/Qwen2.5-7B-Instruct,qwen,R7D1*,1,R7,S01,T012,percentage,1,119,119
Qwen/Qwen2.5-7B-Instruct,qwen,R7D1*,1,R7,S01,T013,percentage,1,528,528
Qwen/Qwen2.5-7B-Instruct,qwen,R7D1*,1,R7,S01,T014,percentage,1,30,30
Qwen/Qwen2.5-7B-Instruct,qwen,R7D1*,1,R7,S01,T015,percentage,0,552.5,557.5
Qwen/Qwen2.5-7B-Instruct,qwen,R7D1*,1,R7,S01,T016,percentage,1,672,672
Qwen/Qwen2.5-7B-Instruct,qwen,R7D1*,1,R7,S01,T017,percentage,1,2560,2560
Qwen/Qwen2.5-7B-Instruct,qwen,R7D1*,1,R7,S01,T018,percentage,1,422.4,422.4
Qwen/Qwen2.5-7B-Instruct,qwen,R7D1*,1,R7,S01,T019,percentage,1,192,192
Qwen/Qwen2.5-7B-Instruct,qwen,R7D1*,1,R7,S01,T020,percentage,1,30,30
Qwen/Qwen2.5-7B-Instruct,qwen,R7D1*,1,R7,S01,T021,percentage,1,108,108
Qwen/Qwen2.5-7B-Instruct,qwen,R7D1*,1,R7,S01,T022,percentage,0,196.8,194.4
Qwen/Qwen2.5-7B-Instruct,qwen,R7D1*,1,R7,S01,T023,percentage,1,225,225
Qwen/Qwen2.5-7B-Instruct,qwen,R7D1*,1,R7,S01,T024,percentage,1,90,90
Qwen/Qwen2.5-7B-Instruct,qwen,R7D1*,1,R7,S01,T025,percentage,1,500,500
Qwen/Qwen2.5-7B-Instruct,qwen,R7D1*,1,R7,S01,T026,percentage,1,352,352
Qwen/Qwen2.5-7B-Instruct,qwen,R7D1*,1,R7,S01,T027,percentage,1,960,960
Qwen/Qwen2.5-7B-Instruct,qwen,R7D1*,1,R7,S01,T028,percentage,1,324,324
Qwen/Qwen2.5-7B-Instruct,qwen,R7D1*,1,R7,S01,T029,percentage,1,420,420
Qwen/Qwen2.5-7B-Instruct,qwen,R7D1*,1,R7,S01,T030,percentage,0,849.6,856
Qwen/Qwen2.5-7B-Instruct,qwen,R7D1*,1,R7,S01,T031,percentage,0,476,472
Qwen/Qwen2.5-7B-Instruct,qwen,R7D1*,1,R7,S01,T032,percentage,0,1100,1105
Qwen/Qwen2.5-7B-Instruct,qwen,R7D1*,1,R7,S01,T033,percentage,1,1560,1560
Qwen/Qwen2.5-7B-Instruct,qwen,R7D1*,1,R7,S01,T034,percentage,1,196,196
Qwen/Qwen2.5-7B-Instruct,qwen,R7D1*,1,R7,S01,T035,percentage,1,156,156
Qwen/Qwen2.5-7B-Instruct,qwen,R7D1*,1,R7,S01,T036,word_problem,0,4374,486
Qwen/Qwen2.5-7B-Instruct,qwen,R7D1*,1,R7,S01,T037,word_problem,0,3500,875
Qwen/Qwen2.5-7B-Instruct,qwen,R7D1*,1,R7,S01,T038,word_problem,0,3360,840
Qwen/Qwen2.5-7B-Instruct,qwen,R7D1*,1,R7,S01,T039,word_problem,0,4200,1470
Qwen/Qwen2.5-7B-Instruct,qwen,R7D1*,1,R7,S01,T040,word_problem,0,1728,576
Qwen/Qwen2.5-7B-Instruct,qwen,R7D1*,1,R7,S01,T041,word_problem,0,3600,1800
Qwen/Qwen2.5-7B-Instruct,qwen,R7D1*,1,R7,S01,T042,word_problem,0,12600,4200
Qwen/Qwen2.5-7B-Instruct,qwen,R7D1*,1,R7,S01,T043,word_problem,0,3630,3850
Qwen/Qwen2.5-7B-Instruct,qwen,R7D1*,1,R7,S01,T044,word_problem,0,8064,3360
Qwen/Qwen2.5-7B-Instruct,qwen,R7D1*,1,R7,S01,T045,word_problem,0,12600,10500
Qwen/Qwen2.5-7B-Instruct,qwen,R7D1*,1,R7,S01,T046,word_problem,0,7840,11960
Qwen/Qwen2.5-7B-Instruct,qwen,R7D1*,1,R7,S01,T047,word_problem,0,6720,1680
Qwen/Qwen2.5-7B-Instruct,qwen,R7D1*,1,R7,S01,T048,word_problem,1,6000,6000
Qwen/Qwen2.5-7B-Instruct,qwen,R7D1*,1,R7,S01,T049,word_problem,0,6480,7200
Qwen/Qwen2.5-7B-Instruct,qwen,R7D1*,1,R7,S01,T050,word_problem,0,4375,1750
Qwen/Qwen2.5-7B-Instruct,qwen,R7D1*,1,R7,S01,T051,word_problem,0,2700,900
Qwen/Qwen2.5-7B-Instruct,qwen,R7D1*,1,R7,S01,T052,word_problem,0,1680,840
Qwen/Qwen2.5-7B-Instruct,qwen,R7D1*,1,R7,S01,T053,word_problem,0,6930,2310
Qwen/Qwen2.5-7B-Instruct,qwen,R7D1*,1,R7,S01,T054,word_problem,0,4752,4356
Qwen/Qwen2.5-7B-Instruct,qwen,R7D1*,1,R7,S01,T055,word_problem,0,6480,5400
Qwen/Qwen2.5-7B-Instruct,qwen,R7D1*,1,R7,S01,T056,word_problem,0,2916,3240
Qwen/Qwen2.5-7B-Instruct,qwen,R7D1*,1,R7,S01,T057,word_problem,0,3456,2880
Qwen/Qwen2.5-7B-Instruct,qwen,R7D1*,1,R7,S01,T058,word_problem,0,4800,1200
Qwen/Qwen2.5-7B-Instruct,qwen,R7D1*,1,R7,S01,T059,word_problem,1,4200,4200
Qwen/Qwen2.5-7B-Instruct,qwen,R7D1*,1,R7,S01,T060,word_problem,0,5250,1050
Qwen/Qwen2.5-7B-Instruct,qwen,R7D1*,1,R7,S01,T061,word_problem,0,4410,1190
Qwen/Qwen2.5-7B-Instruct,qwen,R7D1*,1,R7,S01,T062,word_problem,0,4752,4356
Qwen/Qwen2.5-7B-Instruct,qwen,R7D1*,1,R7,S01,T063,word_problem,1,6000,6000
Qwen/Qwen2.5-7B-Instruct,qwen,R7D1*,1,R7,S01,T064,word_problem,0,5000,6500
Qwen/Qwen2.5-7B-Instruct,qwen,R7D1*,1,R7,S01,T065,word_problem,0,10080,840
Qwen/Qwen2.5-7B-Instruct,qwen,R7D1*,1,R7,S01,T066,conversion,1,2160,2160
Qwen/Qwen2.5-7B-Instruct,qwen,R7D1*,1,R7,S01,T067,conversion,0,1152,3552
Qwen/Qwen2.5-7B-Instruct,qwen,R7D1*,1,R7,S01,T068,conversion,1,630,630
Qwen/Qwen2.5-7B-Instruct,qwen,R7D1*,1,R7,S01,T069,conversion,1,48000,48000
Qwen/Qwen2.5-7B-Instruct,qwen,R7D1*,1,R7,S01,T070,conversion,1,900,900
Qwen/Qwen2.5-7B-Instruct,qwen,R7D1*,1,R7,S01,T071,conversion,1,720,720
Qwen/Qwen2.5-7B-Instruct,qwen,R7D1*,1,R7,S01,T072,conversion,1,125000,125000
Qwen/Qwen2.5-7B-Instruct,qwen,R7D1*,1,R7,S01,T073,conversion,1,1440,1440
Qwen/Qwen2.5-7B-Instruct,qwen,R7D1*,1,R7,S01,T074,conversion,0,864,288
Qwen/Qwen2.5-7B-Instruct,qwen,R7D1*,1,R7,S01,T075,conversion,1,12000,12000
Qwen/Qwen2.5-7B-Instruct,qwen,R7D1*,1,R7,S01,T076,conversion,1,24000,24000
Qwen/Qwen2.5-7B-Instruct,qwen,R7D1*,1,R7,S01,T077,conversion,1,125000,125000
Qwen/Qwen2.5-7B-Instruct,qwen,R7D1*,1,R7,S01,T078,conversion,1,3000,3000
Qwen/Qwen2.5-7B-Instruct,qwen,R7D1*,1,R7,S01,T079,conversion,1,720,720
Qwen/Qwen2.5-7B-Instruct,qwen,R7D1*,1,R7,S01,T080,conversion,1,3000,3000
Qwen/Qwen2.5-7B-Instruct,qwen,R7D1*,1,R7,S01,T081,conversion,0,60000,6000
Qwen/Qwen2.5-7B-Instruct,qwen,R7D1*,1,R7,S01,T082,conversion,1,36000,36000
Qwen/Qwen2.5-7B-Instruct,qwen,R7D1*,1,R7,S01,T083,conversion,1,15000,15000
Qwen/Qwen2.5-7B-Instruct,qwen,R7D1*,1,R7,S01,T084,conversion,1,12000,12000
Qwen/Qwen2.5-7B-Instruct,qwen,R7D1*,1,R7,S01,T085,conversion,1,105,105
Qwen/Qwen2.5-7B-Instruct,qwen,R7D1*,1,R7,S01,T086,conversion,1,360,360
Qwen/Qwen2.5-7B-Instruct,qwen,R7D1*,1,R7,S01,T087,conversion,1,7000,7000
Qwen/Qwen2.5-7B-Instruct,qwen,R7D1*,1,R7,S01,T088,conversion,0,72,24
Qwen/Qwen2.5-7B-Instruct,qwen,R7D1*,1,R7,S01,T089,conversion,1,48000,48000
Qwen/Qwen2.5-7B-Instruct,qwen,R7D1*,1,R7,S01,T090,conversion,1,720,720
Qwen/Qwen2.5-7B-Instruct,qwen,R7D1*,1,R7,S01,T091,date,1,25 April 2026,25 April 2026
Qwen/Qwen2.5-7B-Instruct,qwen,R7D1*,1,R7,S01,T092,date,0,10 June 2026,30 June 2026
Qwen/Qwen2.5-7B-Instruct,qwen,R7D1*,1,R7,S01,T093,date,1,27 April 2026,27 April 2026
Qwen/Qwen2.5-7B-Instruct,qwen,R7D1*,1,R7,S01,T094,date,0,26 November 2026,25 November 2026
Qwen/Qwen2.5-7B-Instruct,qwen,R7D1*,1,R7,S01,T095,date,0,08 October 2026,30 October 2026
Qwen/Qwen2.5-7B-Instruct,qwen,R7D1*,1,R7,S01,T096,date,0,11 November 2026,10 November 2026
Qwen/Qwen2.5-7B-Instruct,qwen,R7D1*,1,R7,S01,T097,date,0,16 March 2026,15 April 2026
Qwen/Qwen2.5-7B-Instruct,qwen,R7D1*,1,R7,S01,T098,date,0,01 June 2026,30 June 2026
Qwen/Qwen2.5-7B-Instruct,qwen,R7D1*,1,R7,S01,T099,date,0,16 October 2026,30 October 2026
Qwen/Qwen2.5-7B-Instruct,qwen,R7D1*,1,R7,S01,T100,date,0,12 June 2026,01 June 2026
Qwen/Qwen2.5-7B-Instruct,qwen,R7D1*,1,R7,S01,T101,date,1,24 June 2026,24 June 2026
Qwen/Qwen2.5-7B-Instruct,qwen,R7D1*,1,R7,S01,T102,date,1,25 July 2026,25 July 2026
Qwen/Qwen2.5-7B-Instruct,qwen,R7D1*,1,R7,S01,T103,date,1,14 November 2026,14 November 2026
Qwen/Qwen2.5-7B-Instruct,qwen,R7D1*,1,R7,S01,T104,date,0,06 February 2027,18 February 2027
Qwen/Qwen2.5-7B-Instruct,qwen,R7D1*,1,R7,S01,T105,date,0,08 May 2026,30 May 2026
Qwen/Qwen2.5-7B-Instruct,qwen,R7D1*,1,R7,S01,T106,date,1,30 October 2026,30 October 2026
Qwen/Qwen2.5-7B-Instruct,qwen,R7D1*,1,R7,S01,T107,date,0,05 June 2026,30 June 2026
Qwen/Qwen2.5-7B-Instruct,qwen,R7D1*,1,R7,S01,T108,date,0,08 October 2026,17 October 2026
Qwen/Qwen2.5-7B-Instruct,qwen,R7D1*,1,R7,S01,T109,date,0,10 August 2026,14 September 2026
Qwen/Qwen2.5-7B-Instruct,qwen,R7D1*,1,R7,S01,T110,date,0,17 December 2026,18 December 2026
Qwen/Qwen2.5-7B-Instruct,qwen,R7D1*,1,R7,S01,T111,date,1,13 January 2027,13 January 2027
Qwen/Qwen2.5-7B-Instruct,qwen,R7D1*,1,R7,S01,T112,date,0,07 October 2026,30 October 2026
Qwen/Qwen2.5-7B-Instruct,qwen,R7D1*,1,R7,S01,T113,date,0,26 August 2026,30 August 2026
Qwen/Qwen2.5-7B-Instruct,qwen,R7D1*,1,R7,S01,T114,date,0,26 January 2026,25 February 2026
Qwen/Qwen2.5-7B-Instruct,qwen,R7D1*,1,R7,S01,T115,date,0,18 September 2026,17 September 2026
Qwen/Qwen2.5-7B-Instruct,qwen,R7D1*,1,R7,S01,T116,table,1,North,North
Qwen/Qwen2.5-7B-Instruct,qwen,R7D1*,1,R7,S01,T117,table,0,1669,1679
Qwen/Qwen2.5-7B-Instruct,qwen,R7D1*,1,R7,S01,T118,table,1,West,West
Qwen/Qwen2.5-7B-Instruct,qwen,R7D1*,1,R7,S01,T119,table,1,North,North
Qwen/Qwen2.5-7B-Instruct,qwen,R7D1*,1,R7,S01,T120,table,1,West,West
Qwen/Qwen2.5-7B-Instruct,qwen,R7D1*,1,R7,S01,T121,table,0,503,502
Qwen/Qwen2.5-7B-Instruct,qwen,R7D1*,1,R7,S01,T122,table,1,Central,Central
Qwen/Qwen2.5-7B-Instruct,qwen,R7D1*,1,R7,S01,T123,table,1,South,South
Qwen/Qwen2.5-7B-Instruct,qwen,R7D1*,1,R7,S01,T124,table,0,1914,2014
Qwen/Qwen2.5-7B-Instruct,qwen,R7D1*,1,R7,S01,T125,table,0,499,316
Qwen/Qwen2.5-7B-Instruct,qwen,R7D1*,1,R7,S01,T126,table,1,1865,1865
Qwen/Qwen2.5-7B-Instruct,qwen,R7D1*,1,R7,S01,T127,table,1,Central,Central
Qwen/Qwen2.5-7B-Instruct,qwen,R7D1*,1,R7,S01,T128,table,1,2623,2623
Qwen/Qwen2.5-7B-Instruct,qwen,R7D1*,1,R7,S01,T129,table,1,617,617
Qwen/Qwen2.5-7B-Instruct,qwen,R7D1*,1,R7,S01,T130,table,1,West,West
Qwen/Qwen2.5-7B-Instruct,qwen,R7D1*,1,R7,S01,T131,table,0,529,229
Qwen/Qwen2.5-7B-Instruct,qwen,R7D1*,1,R7,S01,T132,table,0,2156,2056
Qwen/Qwen2.5-7B-Instruct,qwen,R7D1*,1,R7,S01,T133,table,1,East,East
Qwen/Qwen2.5-7B-Instruct,qwen,R7D1*,1,R7,S01,T134,table,0,504,404
Qwen/Qwen2.5-7B-Instruct,qwen,R7D1*,1,R7,S01,T135,table,0,South,East
Qwen/Qwen2.5-7B-Instruct,qwen,R7D1*,1,R7,S01,T136,table,0,637,717
Qwen/Qwen2.5-7B-Instruct,qwen,R7D1*,1,R7,S01,T137,table,0,479,125
Qwen/Qwen2.5-7B-Instruct,qwen,R7D1*,1,R7,S01,T138,table,1,1792,1792
Qwen/Qwen2.5-7B-Instruct,qwen,R7D1*,1,R7,S01,T139,table,1,492,492
Qwen/Qwen2.5-7B-Instruct,qwen,R7D1*,1,R7,S01,T140,table,0,760,459
Qwen/Qwen2.5-7B-Instruct,qwen,R7D1*,1,R7,S01,T141,table,1,473,473
Qwen/Qwen2.5-7B-Instruct,qwen,R7D1*,1,R7,S01,T142,table,1,Central,Central
Qwen/Qwen2.5-7B-Instruct,qwen,R7D1*,1,R7,S01,T143,table,1,South,South
Qwen/Qwen2.5-7B-Instruct,qwen,R7D1*,1,R7,S01,T144,table,0,294,314
Qwen/Qwen2.5-7B-Instruct,qwen,R7D1*,1,R7,S01,T145,table,1,160,160
Qwen/Qwen2.5-7B-Instruct,qwen,R7D1*,1,R7,S01,T146,logic,0,Devon,2
Qwen/Qwen2.5-7B-Instruct,qwen,R7D1*,1,R7,S01,T147,logic,0,Alex,Gray
Qwen/Qwen2.5-7B-Instruct,qwen,R7D1*,1,R7,S01,T148,logic,1,Gray,Gray
Qwen/Qwen2.5-7B-Instruct,qwen,R7D1*,1,R7,S01,T149,logic,1,Frankie,Frankie
Qwen/Qwen2.5-7B-Instruct,qwen,R7D1*,1,R7,S01,T150,logic,1,Casey,Casey
Qwen/Qwen2.5-7B-Instruct,qwen,R7D1*,1,R7,S01,T151,logic,0,Devon,2
Qwen/Qwen2.5-7B-Instruct,qwen,R7D1*,1,R7,S01,T152,logic,1,Gray,Gray
Qwen/Qwen2.5-7B-Instruct,qwen,R7D1*,1,R7,S01,T153,logic,0,Casey,Ellis
Qwen/Qwen2.5-7B-Instruct,qwen,R7D1*,1,R7,S01,T154,logic,1,Gray,Gray
Qwen/Qwen2.5-7B-Instruct,qwen,R7D1*,1,R7,S01,T155,logic,0,Alex,Gray
Qwen/Qwen2.5-7B-Instruct,qwen,R7D1*,1,R7,S01,T156,logic,1,Bailey,Bailey
Qwen/Qwen2.5-7B-Instruct,qwen,R7D1*,1,R7,S01,T157,logic,1,Bailey,Bailey
Qwen/Qwen2.5-7B-Instruct,qwen,R7D1*,1,R7,S01,T158,logic,0,Devon,Frankie
Qwen/Qwen2.5-7B-Instruct,qwen,R7D1*,1,R7,S01,T159,logic,1,Alex,Alex
Qwen/Qwen2.5-7B-Instruct,qwen,R7D1*,1,R7,S01,T160,logic,0,Bailey,2
Qwen/Qwen2.5-7B-Instruct,qwen,R7D1*,1,R7,S01,T161,logic,0,Devon,Gray
Qwen/Qwen2.5-7B-Instruct,qwen,R7D1*,1,R7,S01,T162,logic,1,Alex,Alex
Qwen/Qwen2.5-7B-Instruct,qwen,R7D1*,1,R7,S01,T163,logic,0,Frankie,Alex
Qwen/Qwen2.5-7B-Instruct,qwen,R7D1*,1,R7,S01,T164,logic,1,Bailey,Bailey
Qwen/Qwen2.5-7B-Instruct,qwen,R7D1*,1,R7,S01,T165,logic,0,Bailey,Frankie
Qwen/Qwen2.5-7B-Instruct,qwen,R7D1*,1,R7,S01,T166,logic,1,Gray,Gray
Qwen/Qwen2.5-7B-Instruct,qwen,R7D1*,1,R7,S01,T167,logic,0,Alex,Gray
Qwen/Qwen2.5-7B-Instruct,qwen,R7D1*,1,R7,S01,T168,logic,1,Casey,Casey
Qwen/Qwen2.5-7B-Instruct,qwen,R7D1*,1,R7,S01,T169,logic,1,Bailey,Bailey
Qwen/Qwen2.5-7B-Instruct,qwen,R7D1*,1,R7,S01,T170,logic,1,Bailey,Bailey
Qwen/Qwen2.5-7B-Instruct,qwen,R7D1*,1,R7,S01,T171,rate,1,2,2
Qwen/Qwen2.5-7B-Instruct,qwen,R7D1*,1,R7,S01,T172,rate,1,10,10
Qwen/Qwen2.5-7B-Instruct,qwen,R7D1*,1,R7,S01,T173,rate,1,4,4
Qwen/Qwen2.5-7B-Instruct,qwen,R7D1*,1,R7,S01,T174,rate,0,3.33333,3.33
Qwen/Qwen2.5-7B-Instruct,qwen,R7D1*,1,R7,S01,T175,rate,1,180,180
Qwen/Qwen2.5-7B-Instruct,qwen,R7D1*,1,R7,S01,T176,rate,1,1.2,1.2
Qwen/Qwen2.5-7B-Instruct,qwen,R7D1*,1,R7,S01,T177,rate,1,30,30
Qwen/Qwen2.5-7B-Instruct,qwen,R7D1*,1,R7,S01,T178,rate,1,90,90
Qwen/Qwen2.5-7B-Instruct,qwen,R7D1*,1,R7,S01,T179,rate,1,3,3
Qwen/Qwen2.5-7B-Instruct,qwen,R7D1*,1,R7,S01,T180,rate,1,4,4
Qwen/Qwen2.5-7B-Instruct,qwen,R7D1*,1,R7,S01,T181,rate,1,3.2,3.2
Qwen/Qwen2.5-7B-Instruct,qwen,R7D1*,1,R7,S01,T182,rate,1,40,40
Qwen/Qwen2.5-7B-Instruct,qwen,R7D1*,1,R7,S01,T183,rate,0,3.33333,3.33
Qwen/Qwen2.5-7B-Instruct,qwen,R7D1*,1,R7,S01,T184,rate,1,150,150
Qwen/Qwen2.5-7B-Instruct,qwen,R7D1*,1,R7,S01,T185,rate,1,90,90
Qwen/Qwen2.5-7B-Instruct,qwen,R7D1*,1,R7,S01,T186,rate,1,45,45
Qwen/Qwen2.5-7B-Instruct,qwen,R7D1*,1,R7,S01,T187,rate,1,5,5
Qwen/Qwen2.5-7B-Instruct,qwen,R7D1*,1,R7,S01,T188,rate,1,60,60
Qwen/Qwen2.5-7B-Instruct,qwen,R7D1*,1,R7,S01,T189,rate,0,3.33333,3.33
Qwen/Qwen2.5-7B-Instruct,qwen,R7D1*,1,R7,S01,T190,rate,1,270,270
Qwen/Qwen2.5-7B-Instruct,qwen,R7D1*,1,R7,S01,T191,rate,0,5.33333,5.33
Qwen/Qwen2.5-7B-Instruct,qwen,R7D1*,1,R7,S01,T192,rate,1,45,45
Qwen/Qwen2.5-7B-Instruct,qwen,R7D1*,1,R7,S01,T193,rate,0,2.66667,2.67
Qwen/Qwen2.5-7B-Instruct,qwen,R7D1*,1,R7,S01,T194,rate,0,5.33333,5.33
Qwen/Qwen2.5-7B-Instruct,qwen,R7D1*,1,R7,S01,T195,rate,1,30,30
Qwen/Qwen2.5-7B-Instruct,qwen,R7D1*,1,R7,S01,T196,rate,1,4.5,4.5
Qwen/Qwen2.5-7B-Instruct,qwen,R7D1*,1,R7,S01,T197,rate,1,30,30
Qwen/Qwen2.5-7B-Instruct,qwen,R7D1*,1,R7,S01,T198,rate,1,60,60
Qwen/Qwen2.5-7B-Instruct,qwen,R7D1*,1,R7,S01,T199,rate,1,270,270
Qwen/Qwen2.5-7B-Instruct,qwen,R7D1*,1,R7,S01,T200,rate,1,40,40
Qwen/Qwen2.5-7B-Instruct,qwen,R7D2,2,R7,S01+S05,T001,percentage,0,3480,3360
Qwen/Qwen2.5-7B-Instruct,qwen,R7D2,2,R7,S01+S05,T002,percentage,1,312.5,312.5
Qwen/Qwen2.5-7B-Instruct,qwen,R7D2,2,R7,S01+S05,T003,percentage,1,288,288
Qwen/Qwen2.5-7B-Instruct,qwen,R7D2,2,R7,S01+S05,T004,percentage,0,1044,1038
Qwen/Qwen2.5-7B-Instruct,qwen,R7D2,2,R7,S01+S05,T005,percentage,1,500,500
Qwen/Qwen2.5-7B-Instruct,qwen,R7D2,2,R7,S01+S05,T006,percentage,1,26.4,26.4
Qwen/Qwen2.5-7B-Instruct,qwen,R7D2,2,R7,S01+S05,T007,percentage,0,697,687
Qwen/Qwen2.5-7B-Instruct,qwen,R7D2,2,R7,S01+S05,T008,percentage,1,540,540
Qwen/Qwen2.5-7B-Instruct,qwen,R7D2,2,R7,S01+S05,T009,percentage,0,127.5,130
Qwen/Qwen2.5-7B-Instruct,qwen,R7D2,2,R7,S01+S05,T010,percentage,1,150,150
Qwen/Qwen2.5-7B-Instruct,qwen,R7D2,2,R7,S01+S05,T011,percentage,1,1408,1408
Qwen/Qwen2.5-7B-Instruct,qwen,R7D2,2,R7,S01+S05,T012,percentage,1,119,119
Qwen/Qwen2.5-7B-Instruct,qwen,R7D2,2,R7,S01+S05,T013,percentage,1,528,528
Qwen/Qwen2.5-7B-Instruct,qwen,R7D2,2,R7,S01+S05,T014,percentage,1,30,30
Qwen/Qwen2.5-7B-Instruct,qwen,R7D2,2,R7,S01+S05,T015,percentage,0,552.5,555
Qwen/Qwen2.5-7B-Instruct,qwen,R7D2,2,R7,S01+S05,T016,percentage,1,672,672
Qwen/Qwen2.5-7B-Instruct,qwen,R7D2,2,R7,S01+S05,T017,percentage,1,2560,2560
Qwen/Qwen2.5-7B-Instruct,qwen,R7D2,2,R7,S01+S05,T018,percentage,0,422.4,427.2
Qwen/Qwen2.5-7B-Instruct,qwen,R7D2,2,R7,S01+S05,T019,percentage,1,192,192
Qwen/Qwen2.5-7B-Instruct,qwen,R7D2,2,R7,S01+S05,T020,percentage,1,30,30
Qwen/Qwen2.5-7B-Instruct,qwen,R7D2,2,R7,S01+S05,T021,percentage,1,108,108
Qwen/Qwen2.5-7B-Instruct,qwen,R7D2,2,R7,S01+S05,T022,percentage,0,196.8,200
Qwen/Qwen2.5-7B-Instruct,qwen,R7D2,2,R7,S01+S05,T023,percentage,1,225,225
Qwen/Qwen2.5-7B-Instruct,qwen,R7D2,2,R7,S01+S05,T024,percentage,1,90,90
Qwen/Qwen2.5-7B-Instruct,qwen,R7D2,2,R7,S01+S05,T025,percentage,1,500,500
Qwen/Qwen2.5-7B-Instruct,qwen,R7D2,2,R7,S01+S05,T026,percentage,1,352,352
Qwen/Qwen2.5-7B-Instruct,qwen,R7D2,2,R7,S01+S05,T027,percentage,1,960,960
Qwen/Qwen2.5-7B-Instruct,qwen,R7D2,2,R7,S01+S05,T028,percentage,1,324,324
Qwen/Qwen2.5-7B-Instruct,qwen,R7D2,2,R7,S01+S05,T029,percentage,1,420,420
Qwen/Qwen2.5-7B-Instruct,qwen,R7D2,2,R7,S01+S05,T030,percentage,0,849.6,856
Qwen/Qwen2.5-7B-Instruct,qwen,R7D2,2,R7,S01+S05,T031,percentage,0,476,472
Qwen/Qwen2.5-7B-Instruct,qwen,R7D2,2,R7,S01+S05,T032,percentage,0,1100,1110
Qwen/Qwen2.5-7B-Instruct,qwen,R7D2,2,R7,S01+S05,T033,percentage,1,1560,1560
Qwen/Qwen2.5-7B-Instruct,qwen,R7D2,2,R7,S01+S05,T034,percentage,1,196,196
Qwen/Qwen2.5-7B-Instruct,qwen,R7D2,2,R7,S01+S05,T035,percentage,1,156,156
Qwen/Qwen2.5-7B-Instruct,qwen,R7D2,2,R7,S01+S05,T036,word_problem,0,4374,1458
Qwen/Qwen2.5-7B-Instruct,qwen,R7D2,2,R7,S01+S05,T037,word_problem,0,3500,875
Qwen/Qwen2.5-7B-Instruct,qwen,R7D2,2,R7,S01+S05,T038,word_problem,0,3360,840
Qwen/Qwen2.5-7B-Instruct,qwen,R7D2,2,R7,S01+S05,T039,word_problem,0,4200,1470
Qwen/Qwen2.5-7B-Instruct,qwen,R7D2,2,R7,S01+S05,T040,word_problem,0,1728,576
Qwen/Qwen2.5-7B-Instruct,qwen,R7D2,2,R7,S01+S05,T041,word_problem,0,3600,1800
Qwen/Qwen2.5-7B-Instruct,qwen,R7D2,2,R7,S01+S05,T042,word_problem,0,12600,4200
Qwen/Qwen2.5-7B-Instruct,qwen,R7D2,2,R7,S01+S05,T043,word_problem,0,3630,3660
Qwen/Qwen2.5-7B-Instruct,qwen,R7D2,2,R7,S01+S05,T044,word_problem,0,8064,3360
Qwen/Qwen2.5-7B-Instruct,qwen,R7D2,2,R7,S01+S05,T045,word_problem,0,12600,9250
Qwen/Qwen2.5-7B-Instruct,qwen,R7D2,2,R7,S01+S05,T046,word_problem,0,7840,11960
Qwen/Qwen2.5-7B-Instruct,qwen,R7D2,2,R7,S01+S05,T047,word_problem,0,6720,1680
Qwen/Qwen2.5-7B-Instruct,qwen,R7D2,2,R7,S01+S05,T048,word_problem,1,6000,6000
Qwen/Qwen2.5-7B-Instruct,qwen,R7D2,2,R7,S01+S05,T049,word_problem,0,6480,7200
Qwen/Qwen2.5-7B-Instruct,qwen,R7D2,2,R7,S01+S05,T050,word_problem,0,4375,1750
Qwen/Qwen2.5-7B-Instruct,qwen,R7D2,2,R7,S01+S05,T051,word_problem,0,2700,450
Qwen/Qwen2.5-7B-Instruct,qwen,R7D2,2,R7,S01+S05,T052,word_problem,0,1680,840
Qwen/Qwen2.5-7B-Instruct,qwen,R7D2,2,R7,S01+S05,T053,word_problem,0,6930,2310
Qwen/Qwen2.5-7B-Instruct,qwen,R7D2,2,R7,S01+S05,T054,word_problem,0,4752,4356
Qwen/Qwen2.5-7B-Instruct,qwen,R7D2,2,R7,S01+S05,T055,word_problem,0,6480,5400
Qwen/Qwen2.5-7B-Instruct,qwen,R7D2,2,R7,S01+S05,T056,word_problem,0,2916,3240
Qwen/Qwen2.5-7B-Instruct,qwen,R7D2,2,R7,S01+S05,T057,word_problem,0,3456,2880
Qwen/Qwen2.5-7B-Instruct,qwen,R7D2,2,R7,S01+S05,T058,word_problem,0,4800,1200
Qwen/Qwen2.5-7B-Instruct,qwen,R7D2,2,R7,S01+S05,T059,word_problem,1,4200,4200
Qwen/Qwen2.5-7B-Instruct,qwen,R7D2,2,R7,S01+S05,T060,word_problem,0,5250,1050
Qwen/Qwen2.5-7B-Instruct,qwen,R7D2,2,R7,S01+S05,T061,word_problem,0,4410,1190
Qwen/Qwen2.5-7B-Instruct,qwen,R7D2,2,R7,S01+S05,T062,word_problem,0,4752,4356
Qwen/Qwen2.5-7B-Instruct,qwen,R7D2,2,R7,S01+S05,T063,word_problem,1,6000,6000
Qwen/Qwen2.5-7B-Instruct,qwen,R7D2,2,R7,S01+S05,T064,word_problem,0,5000,6500
Qwen/Qwen2.5-7B-Instruct,qwen,R7D2,2,R7,S01+S05,T065,word_problem,0,10080,840
Qwen/Qwen2.5-7B-Instruct,qwen,R7D2,2,R7,S01+S05,T066,conversion,1,2160,2160
Qwen/Qwen2.5-7B-Instruct,qwen,R7D2,2,R7,S01+S05,T067,conversion,0,1152,3552
Qwen/Qwen2.5-7B-Instruct,qwen,R7D2,2,R7,S01+S05,T068,conversion,1,630,630
Qwen/Qwen2.5-7B-Instruct,qwen,R7D2,2,R7,S01+S05,T069,conversion,1,48000,48000
Qwen/Qwen2.5-7B-Instruct,qwen,R7D2,2,R7,S01+S05,T070,conversion,1,900,900
Qwen/Qwen2.5-7B-Instruct,qwen,R7D2,2,R7,S01+S05,T071,conversion,1,720,720
Qwen/Qwen2.5-7B-Instruct,qwen,R7D2,2,R7,S01+S05,T072,conversion,1,125000,125000
Qwen/Qwen2.5-7B-Instruct,qwen,R7D2,2,R7,S01+S05,T073,conversion,1,1440,1440
Qwen/Qwen2.5-7B-Instruct,qwen,R7D2,2,R7,S01+S05,T074,conversion,0,864,288
Qwen/Qwen2.5-7B-Instruct,qwen,R7D2,2,R7,S01+S05,T075,conversion,1,12000,12000
Qwen/Qwen2.5-7B-Instruct,qwen,R7D2,2,R7,S01+S05,T076,conversion,1,24000,24000
Qwen/Qwen2.5-7B-Instruct,qwen,R7D2,2,R7,S01+S05,T077,conversion,1,125000,125000
Qwen/Qwen2.5-7B-Instruct,qwen,R7D2,2,R7,S01+S05,T078,conversion,1,3000,3000
Qwen/Qwen2.5-7B-Instruct,qwen,R7D2,2,R7,S01+S05,T079,conversion,1,720,720
Qwen/Qwen2.5-7B-Instruct,qwen,R7D2,2,R7,S01+S05,T080,conversion,1,3000,3000
Qwen/Qwen2.5-7B-Instruct,qwen,R7D2,2,R7,S01+S05,T081,conversion,0,60000,6000
Qwen/Qwen2.5-7B-Instruct,qwen,R7D2,2,R7,S01+S05,T082,conversion,1,36000,36000
Qwen/Qwen2.5-7B-Instruct,qwen,R7D2,2,R7,S01+S05,T083,conversion,1,15000,15000
Qwen/Qwen2.5-7B-Instruct,qwen,R7D2,2,R7,S01+S05,T084,conversion,1,12000,12000
Qwen/Qwen2.5-7B-Instruct,qwen,R7D2,2,R7,S01+S05,T085,conversion,1,105,105
Qwen/Qwen2.5-7B-Instruct,qwen,R7D2,2,R7,S01+S05,T086,conversion,1,360,360
Qwen/Qwen2.5-7B-Instruct,qwen,R7D2,2,R7,S01+S05,T087,conversion,1,7000,7000
Qwen/Qwen2.5-7B-Instruct,qwen,R7D2,2,R7,S01+S05,T088,conversion,0,72,24
Qwen/Qwen2.5-7B-Instruct,qwen,R7D2,2,R7,S01+S05,T089,conversion,1,48000,48000
Qwen/Qwen2.5-7B-Instruct,qwen,R7D2,2,R7,S01+S05,T090,conversion,1,720,720
Qwen/Qwen2.5-7B-Instruct,qwen,R7D2,2,R7,S01+S05,T091,date,1,25 April 2026,25 April 2026
Qwen/Qwen2.5-7B-Instruct,qwen,R7D2,2,R7,S01+S05,T092,date,0,10 June 2026,30 June 2026
Qwen/Qwen2.5-7B-Instruct,qwen,R7D2,2,R7,S01+S05,T093,date,1,27 April 2026,27 April 2026
Qwen/Qwen2.5-7B-Instruct,qwen,R7D2,2,R7,S01+S05,T094,date,0,26 November 2026,25 November 2026
Qwen/Qwen2.5-7B-Instruct,qwen,R7D2,2,R7,S01+S05,T095,date,0,08 October 2026,30 October 2026
Qwen/Qwen2.5-7B-Instruct,qwen,R7D2,2,R7,S01+S05,T096,date,0,11 November 2026,10 November 2026
Qwen/Qwen2.5-7B-Instruct,qwen,R7D2,2,R7,S01+S05,T097,date,0,16 March 2026,15 April 2026
Qwen/Qwen2.5-7B-Instruct,qwen,R7D2,2,R7,S01+S05,T098,date,0,01 June 2026,30 June 2026
Qwen/Qwen2.5-7B-Instruct,qwen,R7D2,2,R7,S01+S05,T099,date,0,16 October 2026,30 October 2026
Qwen/Qwen2.5-7B-Instruct,qwen,R7D2,2,R7,S01+S05,T100,date,1,12 June 2026,12 June 2026
Qwen/Qwen2.5-7B-Instruct,qwen,R7D2,2,R7,S01+S05,T101,date,1,24 June 2026,24 June 2026
Qwen/Qwen2.5-7B-Instruct,qwen,R7D2,2,R7,S01+S05,T102,date,1,25 July 2026,25 July 2026
Qwen/Qwen2.5-7B-Instruct,qwen,R7D2,2,R7,S01+S05,T103,date,1,14 November 2026,14 November 2026
Qwen/Qwen2.5-7B-Instruct,qwen,R7D2,2,R7,S01+S05,T104,date,0,06 February 2027,17 February 2027
Qwen/Qwen2.5-7B-Instruct,qwen,R7D2,2,R7,S01+S05,T105,date,0,08 May 2026,30 May 2026
Qwen/Qwen2.5-7B-Instruct,qwen,R7D2,2,R7,S01+S05,T106,date,1,30 October 2026,30 October 2026
Qwen/Qwen2.5-7B-Instruct,qwen,R7D2,2,R7,S01+S05,T107,date,0,05 June 2026,30 June 2026
Qwen/Qwen2.5-7B-Instruct,qwen,R7D2,2,R7,S01+S05,T108,date,0,08 October 2026,17 October 2026
Qwen/Qwen2.5-7B-Instruct,qwen,R7D2,2,R7,S01+S05,T109,date,0,10 August 2026,14 September 2026
Qwen/Qwen2.5-7B-Instruct,qwen,R7D2,2,R7,S01+S05,T110,date,0,17 December 2026,28 December 2026
Qwen/Qwen2.5-7B-Instruct,qwen,R7D2,2,R7,S01+S05,T111,date,1,13 January 2027,13 January 2027
Qwen/Qwen2.5-7B-Instruct,qwen,R7D2,2,R7,S01+S05,T112,date,0,07 October 2026,30 October 2026
Qwen/Qwen2.5-7B-Instruct,qwen,R7D2,2,R7,S01+S05,T113,date,0,26 August 2026,30 August 2026
Qwen/Qwen2.5-7B-Instruct,qwen,R7D2,2,R7,S01+S05,T114,date,0,26 January 2026,25 February 2026
Qwen/Qwen2.5-7B-Instruct,qwen,R7D2,2,R7,S01+S05,T115,date,0,18 September 2026,17 September 2026
Qwen/Qwen2.5-7B-Instruct,qwen,R7D2,2,R7,S01+S05,T116,table,1,North,North
Qwen/Qwen2.5-7B-Instruct,qwen,R7D2,2,R7,S01+S05,T117,table,0,1669,2079
Qwen/Qwen2.5-7B-Instruct,qwen,R7D2,2,R7,S01+S05,T118,table,1,West,West
Qwen/Qwen2.5-7B-Instruct,qwen,R7D2,2,R7,S01+S05,T119,table,1,North,North
Qwen/Qwen2.5-7B-Instruct,qwen,R7D2,2,R7,S01+S05,T120,table,1,West,West
Qwen/Qwen2.5-7B-Instruct,qwen,R7D2,2,R7,S01+S05,T121,table,0,503,502
Qwen/Qwen2.5-7B-Instruct,qwen,R7D2,2,R7,S01+S05,T122,table,1,Central,Central
Qwen/Qwen2.5-7B-Instruct,qwen,R7D2,2,R7,S01+S05,T123,table,1,South,South
Qwen/Qwen2.5-7B-Instruct,qwen,R7D2,2,R7,S01+S05,T124,table,0,1914,2014
Qwen/Qwen2.5-7B-Instruct,qwen,R7D2,2,R7,S01+S05,T125,table,0,499,296
Qwen/Qwen2.5-7B-Instruct,qwen,R7D2,2,R7,S01+S05,T126,table,1,1865,1865
Qwen/Qwen2.5-7B-Instruct,qwen,R7D2,2,R7,S01+S05,T127,table,1,Central,Central
Qwen/Qwen2.5-7B-Instruct,qwen,R7D2,2,R7,S01+S05,T128,table,1,2623,2623
Qwen/Qwen2.5-7B-Instruct,qwen,R7D2,2,R7,S01+S05,T129,table,1,617,617
Qwen/Qwen2.5-7B-Instruct,qwen,R7D2,2,R7,S01+S05,T130,table,1,West,West
Qwen/Qwen2.5-7B-Instruct,qwen,R7D2,2,R7,S01+S05,T131,table,0,529,289
Qwen/Qwen2.5-7B-Instruct,qwen,R7D2,2,R7,S01+S05,T132,table,0,2156,2056
Qwen/Qwen2.5-7B-Instruct,qwen,R7D2,2,R7,S01+S05,T133,table,1,East,East
Qwen/Qwen2.5-7B-Instruct,qwen,R7D2,2,R7,S01+S05,T134,table,0,504,804
Qwen/Qwen2.5-7B-Instruct,qwen,R7D2,2,R7,S01+S05,T135,table,0,South,East
Qwen/Qwen2.5-7B-Instruct,qwen,R7D2,2,R7,S01+S05,T136,table,0,637,717
Qwen/Qwen2.5-7B-Instruct,qwen,R7D2,2,R7,S01+S05,T137,table,0,479,189
Qwen/Qwen2.5-7B-Instruct,qwen,R7D2,2,R7,S01+S05,T138,table,0,1792,1992
Qwen/Qwen2.5-7B-Instruct,qwen,R7D2,2,R7,S01+S05,T139,table,1,492,492
Qwen/Qwen2.5-7B-Instruct,qwen,R7D2,2,R7,S01+S05,T140,table,0,760,460
Qwen/Qwen2.5-7B-Instruct,qwen,R7D2,2,R7,S01+S05,T141,table,1,473,473
Qwen/Qwen2.5-7B-Instruct,qwen,R7D2,2,R7,S01+S05,T142,table,1,Central,Central
Qwen/Qwen2.5-7B-Instruct,qwen,R7D2,2,R7,S01+S05,T143,table,1,South,South: 265
Qwen/Qwen2.5-7B-Instruct,qwen,R7D2,2,R7,S01+S05,T144,table,0,294,314
Qwen/Qwen2.5-7B-Instruct,qwen,R7D2,2,R7,S01+S05,T145,table,1,160,160
Qwen/Qwen2.5-7B-Instruct,qwen,R7D2,2,R7,S01+S05,T146,logic,0,Devon,2
Qwen/Qwen2.5-7B-Instruct,qwen,R7D2,2,R7,S01+S05,T147,logic,0,Alex,Gray
Qwen/Qwen2.5-7B-Instruct,qwen,R7D2,2,R7,S01+S05,T148,logic,1,Gray,Gray
Qwen/Qwen2.5-7B-Instruct,qwen,R7D2,2,R7,S01+S05,T149,logic,1,Frankie,Frankie
Qwen/Qwen2.5-7B-Instruct,qwen,R7D2,2,R7,S01+S05,T150,logic,1,Casey,Casey
Qwen/Qwen2.5-7B-Instruct,qwen,R7D2,2,R7,S01+S05,T151,logic,0,Devon,2
Qwen/Qwen2.5-7B-Instruct,qwen,R7D2,2,R7,S01+S05,T152,logic,1,Gray,Gray
Qwen/Qwen2.5-7B-Instruct,qwen,R7D2,2,R7,S01+S05,T153,logic,0,Casey,3
Qwen/Qwen2.5-7B-Instruct,qwen,R7D2,2,R7,S01+S05,T154,logic,1,Gray,Gray
Qwen/Qwen2.5-7B-Instruct,qwen,R7D2,2,R7,S01+S05,T155,logic,0,Alex,Gray
Qwen/Qwen2.5-7B-Instruct,qwen,R7D2,2,R7,S01+S05,T156,logic,1,Bailey,Bailey
Qwen/Qwen2.5-7B-Instruct,qwen,R7D2,2,R7,S01+S05,T157,logic,1,Bailey,Bailey
Qwen/Qwen2.5-7B-Instruct,qwen,R7D2,2,R7,S01+S05,T158,logic,0,Devon,Frankie
Qwen/Qwen2.5-7B-Instruct,qwen,R7D2,2,R7,S01+S05,T159,logic,1,Alex,Alex
Qwen/Qwen2.5-7B-Instruct,qwen,R7D2,2,R7,S01+S05,T160,logic,0,Bailey,2
Qwen/Qwen2.5-7B-Instruct,qwen,R7D2,2,R7,S01+S05,T161,logic,0,Devon,Gray
Qwen/Qwen2.5-7B-Instruct,qwen,R7D2,2,R7,S01+S05,T162,logic,1,Alex,Alex
Qwen/Qwen2.5-7B-Instruct,qwen,R7D2,2,R7,S01+S05,T163,logic,0,Frankie,Alex
Qwen/Qwen2.5-7B-Instruct,qwen,R7D2,2,R7,S01+S05,T164,logic,1,Bailey,Bailey
Qwen/Qwen2.5-7B-Instruct,qwen,R7D2,2,R7,S01+S05,T165,logic,0,Bailey,Frankie
Qwen/Qwen2.5-7B-Instruct,qwen,R7D2,2,R7,S01+S05,T166,logic,1,Gray,Gray
Qwen/Qwen2.5-7B-Instruct,qwen,R7D2,2,R7,S01+S05,T167,logic,0,Alex,Gray
Qwen/Qwen2.5-7B-Instruct,qwen,R7D2,2,R7,S01+S05,T168,logic,1,Casey,Casey
Qwen/Qwen2.5-7B-Instruct,qwen,R7D2,2,R7,S01+S05,T169,logic,1,Bailey,Bailey
Qwen/Qwen2.5-7B-Instruct,qwen,R7D2,2,R7,S01+S05,T170,logic,1,Bailey,Bailey
Qwen/Qwen2.5-7B-Instruct,qwen,R7D2,2,R7,S01+S05,T171,rate,1,2,2
Qwen/Qwen2.5-7B-Instruct,qwen,R7D2,2,R7,S01+S05,T172,rate,1,10,10
Qwen/Qwen2.5-7B-Instruct,qwen,R7D2,2,R7,S01+S05,T173,rate,1,4,4
Qwen/Qwen2.5-7B-Instruct,qwen,R7D2,2,R7,S01+S05,T174,rate,0,3.33333,3
Qwen/Qwen2.5-7B-Instruct,qwen,R7D2,2,R7,S01+S05,T175,rate,1,180,180
Qwen/Qwen2.5-7B-Instruct,qwen,R7D2,2,R7,S01+S05,T176,rate,1,1.2,1.2
Qwen/Qwen2.5-7B-Instruct,qwen,R7D2,2,R7,S01+S05,T177,rate,1,30,30
Qwen/Qwen2.5-7B-Instruct,qwen,R7D2,2,R7,S01+S05,T178,rate,1,90,90
Qwen/Qwen2.5-7B-Instruct,qwen,R7D2,2,R7,S01+S05,T179,rate,1,3,3
Qwen/Qwen2.5-7B-Instruct,qwen,R7D2,2,R7,S01+S05,T180,rate,1,4,4
Qwen/Qwen2.5-7B-Instruct,qwen,R7D2,2,R7,S01+S05,T181,rate,1,3.2,3.2
Qwen/Qwen2.5-7B-Instruct,qwen,R7D2,2,R7,S01+S05,T182,rate,1,40,40
Qwen/Qwen2.5-7B-Instruct,qwen,R7D2,2,R7,S01+S05,T183,rate,0,3.33333,3
Qwen/Qwen2.5-7B-Instruct,qwen,R7D2,2,R7,S01+S05,T184,rate,1,150,150
Qwen/Qwen2.5-7B-Instruct,qwen,R7D2,2,R7,S01+S05,T185,rate,1,90,90
Qwen/Qwen2.5-7B-Instruct,qwen,R7D2,2,R7,S01+S05,T186,rate,1,45,45
Qwen/Qwen2.5-7B-Instruct,qwen,R7D2,2,R7,S01+S05,T187,rate,1,5,5
Qwen/Qwen2.5-7B-Instruct,qwen,R7D2,2,R7,S01+S05,T188,rate,1,60,60
Qwen/Qwen2.5-7B-Instruct,qwen,R7D2,2,R7,S01+S05,T189,rate,0,3.33333,3
Qwen/Qwen2.5-7B-Instruct,qwen,R7D2,2,R7,S01+S05,T190,rate,1,270,270
Qwen/Qwen2.5-7B-Instruct,qwen,R7D2,2,R7,S01+S05,T191,rate,0,5.33333,5.33
Qwen/Qwen2.5-7B-Instruct,qwen,R7D2,2,R7,S01+S05,T192,rate,1,45,45
Qwen/Qwen2.5-7B-Instruct,qwen,R7D2,2,R7,S01+S05,T193,rate,0,2.66667,2.67
Qwen/Qwen2.5-7B-Instruct,qwen,R7D2,2,R7,S01+S05,T194,rate,0,5.33333,5.33
Qwen/Qwen2.5-7B-Instruct,qwen,R7D2,2,R7,S01+S05,T195,rate,1,30,30
Qwen/Qwen2.5-7B-Instruct,qwen,R7D2,2,R7,S01+S05,T196,rate,1,4.5,4.5
Qwen/Qwen2.5-7B-Instruct,qwen,R7D2,2,R7,S01+S05,T197,rate,1,30,30
Qwen/Qwen2.5-7B-Instruct,qwen,R7D2,2,R7,S01+S05,T198,rate,1,60,60
Qwen/Qwen2.5-7B-Instruct,qwen,R7D2,2,R7,S01+S05,T199,rate,1,270,270
Qwen/Qwen2.5-7B-Instruct,qwen,R7D2,2,R7,S01+S05,T200,rate,1,40,40
Qwen/Qwen2.5-7B-Instruct,qwen,R7D3,3,R7,S01+S05+S08,T001,percentage,0,3480,3360
Qwen/Qwen2.5-7B-Instruct,qwen,R7D3,3,R7,S01+S05+S08,T002,percentage,1,312.5,312.5
Qwen/Qwen2.5-7B-Instruct,qwen,R7D3,3,R7,S01+S05+S08,T003,percentage,1,288,288
Qwen/Qwen2.5-7B-Instruct,qwen,R7D3,3,R7,S01+S05+S08,T004,percentage,0,1044,1032
Qwen/Qwen2.5-7B-Instruct,qwen,R7D3,3,R7,S01+S05+S08,T005,percentage,1,500,500
Qwen/Qwen2.5-7B-Instruct,qwen,R7D3,3,R7,S01+S05+S08,T006,percentage,0,26.4,26
Qwen/Qwen2.5-7B-Instruct,qwen,R7D3,3,R7,S01+S05+S08,T007,percentage,0,697,687
Qwen/Qwen2.5-7B-Instruct,qwen,R7D3,3,R7,S01+S05+S08,T008,percentage,1,540,540
Qwen/Qwen2.5-7B-Instruct,qwen,R7D3,3,R7,S01+S05+S08,T009,percentage,1,127.5,127.5
Qwen/Qwen2.5-7B-Instruct,qwen,R7D3,3,R7,S01+S05+S08,T010,percentage,1,150,150
Qwen/Qwen2.5-7B-Instruct,qwen,R7D3,3,R7,S01+S05+S08,T011,percentage,1,1408,1408
Qwen/Qwen2.5-7B-Instruct,qwen,R7D3,3,R7,S01+S05+S08,T012,percentage,1,119,119
Qwen/Qwen2.5-7B-Instruct,qwen,R7D3,3,R7,S01+S05+S08,T013,percentage,1,528,528
Qwen/Qwen2.5-7B-Instruct,qwen,R7D3,3,R7,S01+S05+S08,T014,percentage,1,30,30
Qwen/Qwen2.5-7B-Instruct,qwen,R7D3,3,R7,S01+S05+S08,T015,percentage,0,552.5,557.5
Qwen/Qwen2.5-7B-Instruct,qwen,R7D3,3,R7,S01+S05+S08,T016,percentage,1,672,672
Qwen/Qwen2.5-7B-Instruct,qwen,R7D3,3,R7,S01+S05+S08,T017,percentage,1,2560,2560
Qwen/Qwen2.5-7B-Instruct,qwen,R7D3,3,R7,S01+S05+S08,T018,percentage,0,422.4,427.2
Qwen/Qwen2.5-7B-Instruct,qwen,R7D3,3,R7,S01+S05+S08,T019,percentage,1,192,192
Qwen/Qwen2.5-7B-Instruct,qwen,R7D3,3,R7,S01+S05+S08,T020,percentage,1,30,30
Qwen/Qwen2.5-7B-Instruct,qwen,R7D3,3,R7,S01+S05+S08,T021,percentage,1,108,108
Qwen/Qwen2.5-7B-Instruct,qwen,R7D3,3,R7,S01+S05+S08,T022,percentage,0,196.8,200
Qwen/Qwen2.5-7B-Instruct,qwen,R7D3,3,R7,S01+S05+S08,T023,percentage,1,225,225
Qwen/Qwen2.5-7B-Instruct,qwen,R7D3,3,R7,S01+S05+S08,T024,percentage,1,90,90
Qwen/Qwen2.5-7B-Instruct,qwen,R7D3,3,R7,S01+S05+S08,T025,percentage,1,500,500
Qwen/Qwen2.5-7B-Instruct,qwen,R7D3,3,R7,S01+S05+S08,T026,percentage,1,352,352
Qwen/Qwen2.5-7B-Instruct,qwen,R7D3,3,R7,S01+S05+S08,T027,percentage,1,960,960
Qwen/Qwen2.5-7B-Instruct,qwen,R7D3,3,R7,S01+S05+S08,T028,percentage,1,324,324
Qwen/Qwen2.5-7B-Instruct,qwen,R7D3,3,R7,S01+S05+S08,T029,percentage,1,420,420
Qwen/Qwen2.5-7B-Instruct,qwen,R7D3,3,R7,S01+S05+S08,T030,percentage,0,849.6,846
Qwen/Qwen2.5-7B-Instruct,qwen,R7D3,3,R7,S01+S05+S08,T031,percentage,0,476,472
Qwen/Qwen2.5-7B-Instruct,qwen,R7D3,3,R7,S01+S05+S08,T032,percentage,0,1100,1105
Qwen/Qwen2.5-7B-Instruct,qwen,R7D3,3,R7,S01+S05+S08,T033,percentage,1,1560,1560
Qwen/Qwen2.5-7B-Instruct,qwen,R7D3,3,R7,S01+S05+S08,T034,percentage,1,196,196
Qwen/Qwen2.5-7B-Instruct,qwen,R7D3,3,R7,S01+S05+S08,T035,percentage,1,156,156
Qwen/Qwen2.5-7B-Instruct,qwen,R7D3,3,R7,S01+S05+S08,T036,word_problem,0,4374,486
Qwen/Qwen2.5-7B-Instruct,qwen,R7D3,3,R7,S01+S05+S08,T037,word_problem,1,3500,3500
Qwen/Qwen2.5-7B-Instruct,qwen,R7D3,3,R7,S01+S05+S08,T038,word_problem,0,3360,840
Qwen/Qwen2.5-7B-Instruct,qwen,R7D3,3,R7,S01+S05+S08,T039,word_problem,0,4200,770
Qwen/Qwen2.5-7B-Instruct,qwen,R7D3,3,R7,S01+S05+S08,T040,word_problem,0,1728,576
Qwen/Qwen2.5-7B-Instruct,qwen,R7D3,3,R7,S01+S05+S08,T041,word_problem,1,3600,3600
Qwen/Qwen2.5-7B-Instruct,qwen,R7D3,3,R7,S01+S05+S08,T042,word_problem,0,12600,4200
Qwen/Qwen2.5-7B-Instruct,qwen,R7D3,3,R7,S01+S05+S08,T043,word_problem,0,3630,330
Qwen/Qwen2.5-7B-Instruct,qwen,R7D3,3,R7,S01+S05+S08,T044,word_problem,0,8064,3360
Qwen/Qwen2.5-7B-Instruct,qwen,R7D3,3,R7,S01+S05+S08,T045,word_problem,0,12600,4200
Qwen/Qwen2.5-7B-Instruct,qwen,R7D3,3,R7,S01+S05+S08,T046,word_problem,0,7840,11760
Qwen/Qwen2.5-7B-Instruct,qwen,R7D3,3,R7,S01+S05+S08,T047,word_problem,0,6720,1680
Qwen/Qwen2.5-7B-Instruct,qwen,R7D3,3,R7,S01+S05+S08,T048,word_problem,0,6000,3000
Qwen/Qwen2.5-7B-Instruct,qwen,R7D3,3,R7,S01+S05+S08,T049,word_problem,0,6480,720
Qwen/Qwen2.5-7B-Instruct,qwen,R7D3,3,R7,S01+S05+S08,T050,word_problem,0,4375,1750
Qwen/Qwen2.5-7B-Instruct,qwen,R7D3,3,R7,S01+S05+S08,T051,word_problem,0,2700,450
Qwen/Qwen2.5-7B-Instruct,qwen,R7D3,3,R7,S01+S05+S08,T052,word_problem,0,1680,840
Qwen/Qwen2.5-7B-Instruct,qwen,R7D3,3,R7,S01+S05+S08,T053,word_problem,0,6930,7380
Qwen/Qwen2.5-7B-Instruct,qwen,R7D3,3,R7,S01+S05+S08,T054,word_problem,0,4752,4356
Qwen/Qwen2.5-7B-Instruct,qwen,R7D3,3,R7,S01+S05+S08,T055,word_problem,0,6480,540
Qwen/Qwen2.5-7B-Instruct,qwen,R7D3,3,R7,S01+S05+S08,T056,word_problem,0,2916,3240
Qwen/Qwen2.5-7B-Instruct,qwen,R7D3,3,R7,S01+S05+S08,T057,word_problem,0,3456,576
Qwen/Qwen2.5-7B-Instruct,qwen,R7D3,3,R7,S01+S05+S08,T058,word_problem,0,4800,1200
Qwen/Qwen2.5-7B-Instruct,qwen,R7D3,3,R7,S01+S05+S08,T059,word_problem,0,4200,770
Qwen/Qwen2.5-7B-Instruct,qwen,R7D3,3,R7,S01+S05+S08,T060,word_problem,0,5250,1050
Qwen/Qwen2.5-7B-Instruct,qwen,R7D3,3,R7,S01+S05+S08,T061,word_problem,0,4410,1190
Qwen/Qwen2.5-7B-Instruct,qwen,R7D3,3,R7,S01+S05+S08,T062,word_problem,0,4752,4356
Qwen/Qwen2.5-7B-Instruct,qwen,R7D3,3,R7,S01+S05+S08,T063,word_problem,0,6000,600
Qwen/Qwen2.5-7B-Instruct,qwen,R7D3,3,R7,S01+S05+S08,T064,word_problem,0,5000,650
Qwen/Qwen2.5-7B-Instruct,qwen,R7D3,3,R7,S01+S05+S08,T065,word_problem,0,10080,840
Qwen/Qwen2.5-7B-Instruct,qwen,R7D3,3,R7,S01+S05+S08,T066,conversion,1,2160,2160
Qwen/Qwen2.5-7B-Instruct,qwen,R7D3,3,R7,S01+S05+S08,T067,conversion,0,1152,336
Qwen/Qwen2.5-7B-Instruct,qwen,R7D3,3,R7,S01+S05+S08,T068,conversion,1,630,630
Qwen/Qwen2.5-7B-Instruct,qwen,R7D3,3,R7,S01+S05+S08,T069,conversion,1,48000,48000
Qwen/Qwen2.5-7B-Instruct,qwen,R7D3,3,R7,S01+S05+S08,T070,conversion,1,900,900
Qwen/Qwen2.5-7B-Instruct,qwen,R7D3,3,R7,S01+S05+S08,T071,conversion,1,720,720
Qwen/Qwen2.5-7B-Instruct,qwen,R7D3,3,R7,S01+S05+S08,T072,conversion,1,125000,125000
Qwen/Qwen2.5-7B-Instruct,qwen,R7D3,3,R7,S01+S05+S08,T073,conversion,1,1440,1440
Qwen/Qwen2.5-7B-Instruct,qwen,R7D3,3,R7,S01+S05+S08,T074,conversion,0,864,288
Qwen/Qwen2.5-7B-Instruct,qwen,R7D3,3,R7,S01+S05+S08,T075,conversion,1,12000,12000
Qwen/Qwen2.5-7B-Instruct,qwen,R7D3,3,R7,S01+S05+S08,T076,conversion,1,24000,24000
Qwen/Qwen2.5-7B-Instruct,qwen,R7D3,3,R7,S01+S05+S08,T077,conversion,1,125000,125000
Qwen/Qwen2.5-7B-Instruct,qwen,R7D3,3,R7,S01+S05+S08,T078,conversion,0,3000,300
Qwen/Qwen2.5-7B-Instruct,qwen,R7D3,3,R7,S01+S05+S08,T079,conversion,1,720,720
Qwen/Qwen2.5-7B-Instruct,qwen,R7D3,3,R7,S01+S05+S08,T080,conversion,1,3000,3000
Qwen/Qwen2.5-7B-Instruct,qwen,R7D3,3,R7,S01+S05+S08,T081,conversion,0,60000,6000
Qwen/Qwen2.5-7B-Instruct,qwen,R7D3,3,R7,S01+S05+S08,T082,conversion,1,36000,36000
Qwen/Qwen2.5-7B-Instruct,qwen,R7D3,3,R7,S01+S05+S08,T083,conversion,1,15000,15000
Qwen/Qwen2.5-7B-Instruct,qwen,R7D3,3,R7,S01+S05+S08,T084,conversion,1,12000,12000
Qwen/Qwen2.5-7B-Instruct,qwen,R7D3,3,R7,S01+S05+S08,T085,conversion,1,105,105
Qwen/Qwen2.5-7B-Instruct,qwen,R7D3,3,R7,S01+S05+S08,T086,conversion,0,360,240
Qwen/Qwen2.5-7B-Instruct,qwen,R7D3,3,R7,S01+S05+S08,T087,conversion,1,7000,7000
Qwen/Qwen2.5-7B-Instruct,qwen,R7D3,3,R7,S01+S05+S08,T088,conversion,1,72,72
Qwen/Qwen2.5-7B-Instruct,qwen,R7D3,3,R7,S01+S05+S08,T089,conversion,1,48000,48000
Qwen/Qwen2.5-7B-Instruct,qwen,R7D3,3,R7,S01+S05+S08,T090,conversion,1,720,720
Qwen/Qwen2.5-7B-Instruct,qwen,R7D3,3,R7,S01+S05+S08,T091,date,1,25 April 2026,25 April 2026
Qwen/Qwen2.5-7B-Instruct,qwen,R7D3,3,R7,S01+S05+S08,T092,date,0,10 June 2026,30 June 2026
Qwen/Qwen2.5-7B-Instruct,qwen,R7D3,3,R7,S01+S05+S08,T093,date,0,27 April 2026,01 May 2026
Qwen/Qwen2.5-7B-Instruct,qwen,R7D3,3,R7,S01+S05+S08,T094,date,0,26 November 2026,25 November 2026
Qwen/Qwen2.5-7B-Instruct,qwen,R7D3,3,R7,S01+S05+S08,T095,date,0,08 October 2026,30 October 2026
Qwen/Qwen2.5-7B-Instruct,qwen,R7D3,3,R7,S01+S05+S08,T096,date,0,11 November 2026,10 November 2026
Qwen/Qwen2.5-7B-Instruct,qwen,R7D3,3,R7,S01+S05+S08,T097,date,0,16 March 2026,23 March 2026
Qwen/Qwen2.5-7B-Instruct,qwen,R7D3,3,R7,S01+S05+S08,T098,date,0,01 June 2026,30 June 2026
Qwen/Qwen2.5-7B-Instruct,qwen,R7D3,3,R7,S01+S05+S08,T099,date,0,16 October 2026,30 October 2026
Qwen/Qwen2.5-7B-Instruct,qwen,R7D3,3,R7,S01+S05+S08,T100,date,1,12 June 2026,12 June 2026
Qwen/Qwen2.5-7B-Instruct,qwen,R7D3,3,R7,S01+S05+S08,T101,date,0,24 June 2026,23 June 2026
Qwen/Qwen2.5-7B-Instruct,qwen,R7D3,3,R7,S01+S05+S08,T102,date,1,25 July 2026,25 July 2026
Qwen/Qwen2.5-7B-Instruct,qwen,R7D3,3,R7,S01+S05+S08,T103,date,0,14 November 2026,15 November 2026
Qwen/Qwen2.5-7B-Instruct,qwen,R7D3,3,R7,S01+S05+S08,T104,date,0,06 February 2027,17 February 2027
Qwen/Qwen2.5-7B-Instruct,qwen,R7D3,3,R7,S01+S05+S08,T105,date,0,08 May 2026,30 May 2026
Qwen/Qwen2.5-7B-Instruct,qwen,R7D3,3,R7,S01+S05+S08,T106,date,1,30 October 2026,30 October 2026
Qwen/Qwen2.5-7B-Instruct,qwen,R7D3,3,R7,S01+S05+S08,T107,date,0,05 June 2026,30 June 2026
Qwen/Qwen2.5-7B-Instruct,qwen,R7D3,3,R7,S01+S05+S08,T108,date,0,08 October 2026,17 October 2026
Qwen/Qwen2.5-7B-Instruct,qwen,R7D3,3,R7,S01+S05+S08,T109,date,0,10 August 2026,14 September 2026
Qwen/Qwen2.5-7B-Instruct,qwen,R7D3,3,R7,S01+S05+S08,T110,date,0,17 December 2026,18 January 2027
Qwen/Qwen2.5-7B-Instruct,qwen,R7D3,3,R7,S01+S05+S08,T111,date,1,13 January 2027,13 January 2027
Qwen/Qwen2.5-7B-Instruct,qwen,R7D3,3,R7,S01+S05+S08,T112,date,0,07 October 2026,30 October 2026
Qwen/Qwen2.5-7B-Instruct,qwen,R7D3,3,R7,S01+S05+S08,T113,date,0,26 August 2026,30 August 2026
Qwen/Qwen2.5-7B-Instruct,qwen,R7D3,3,R7,S01+S05+S08,T114,date,0,26 January 2026,25 February 2026
Qwen/Qwen2.5-7B-Instruct,qwen,R7D3,3,R7,S01+S05+S08,T115,date,1,18 September 2026,18 September 2026
Qwen/Qwen2.5-7B-Instruct,qwen,R7D3,3,R7,S01+S05+S08,T116,table,1,North,North
Qwen/Qwen2.5-7B-Instruct,qwen,R7D3,3,R7,S01+S05+S08,T117,table,0,1669,1679
Qwen/Qwen2.5-7B-Instruct,qwen,R7D3,3,R7,S01+S05+S08,T118,table,1,West,West
Qwen/Qwen2.5-7B-Instruct,qwen,R7D3,3,R7,S01+S05+S08,T119,table,1,North,North
Qwen/Qwen2.5-7B-Instruct,qwen,R7D3,3,R7,S01+S05+S08,T120,table,1,West,West
Qwen/Qwen2.5-7B-Instruct,qwen,R7D3,3,R7,S01+S05+S08,T121,table,0,503,502
Qwen/Qwen2.5-7B-Instruct,qwen,R7D3,3,R7,S01+S05+S08,T122,table,1,Central,Central
Qwen/Qwen2.5-7B-Instruct,qwen,R7D3,3,R7,S01+S05+S08,T123,table,1,South,South
Qwen/Qwen2.5-7B-Instruct,qwen,R7D3,3,R7,S01+S05+S08,T124,table,0,1914,2014
Qwen/Qwen2.5-7B-Instruct,qwen,R7D3,3,R7,S01+S05+S08,T125,table,0,499,286
Qwen/Qwen2.5-7B-Instruct,qwen,R7D3,3,R7,S01+S05+S08,T126,table,1,1865,1865
Qwen/Qwen2.5-7B-Instruct,qwen,R7D3,3,R7,S01+S05+S08,T127,table,1,Central,Central
Qwen/Qwen2.5-7B-Instruct,qwen,R7D3,3,R7,S01+S05+S08,T128,table,1,2623,2623
Qwen/Qwen2.5-7B-Instruct,qwen,R7D3,3,R7,S01+S05+S08,T129,table,1,617,617
Qwen/Qwen2.5-7B-Instruct,qwen,R7D3,3,R7,S01+S05+S08,T130,table,1,West,West
Qwen/Qwen2.5-7B-Instruct,qwen,R7D3,3,R7,S01+S05+S08,T131,table,1,529,529
Qwen/Qwen2.5-7B-Instruct,qwen,R7D3,3,R7,S01+S05+S08,T132,table,0,2156,2056
Qwen/Qwen2.5-7B-Instruct,qwen,R7D3,3,R7,S01+S05+S08,T133,table,1,East,East
Qwen/Qwen2.5-7B-Instruct,qwen,R7D3,3,R7,S01+S05+S08,T134,table,0,504,184
Qwen/Qwen2.5-7B-Instruct,qwen,R7D3,3,R7,S01+S05+S08,T135,table,0,South,East
Qwen/Qwen2.5-7B-Instruct,qwen,R7D3,3,R7,S01+S05+S08,T136,table,0,637,717
Qwen/Qwen2.5-7B-Instruct,qwen,R7D3,3,R7,S01+S05+S08,T137,table,0,479,183
Qwen/Qwen2.5-7B-Instruct,qwen,R7D3,3,R7,S01+S05+S08,T138,table,0,1792,1790
Qwen/Qwen2.5-7B-Instruct,qwen,R7D3,3,R7,S01+S05+S08,T139,table,1,492,492
Qwen/Qwen2.5-7B-Instruct,qwen,R7D3,3,R7,S01+S05+S08,T140,table,0,760,459
Qwen/Qwen2.5-7B-Instruct,qwen,R7D3,3,R7,S01+S05+S08,T141,table,1,473,473
Qwen/Qwen2.5-7B-Instruct,qwen,R7D3,3,R7,S01+S05+S08,T142,table,0,Central,North
Qwen/Qwen2.5-7B-Instruct,qwen,R7D3,3,R7,S01+S05+S08,T143,table,1,South,South: 265
Qwen/Qwen2.5-7B-Instruct,qwen,R7D3,3,R7,S01+S05+S08,T144,table,0,294,304
Qwen/Qwen2.5-7B-Instruct,qwen,R7D3,3,R7,S01+S05+S08,T145,table,1,160,160
Qwen/Qwen2.5-7B-Instruct,qwen,R7D3,3,R7,S01+S05+S08,T146,logic,0,Devon,2
Qwen/Qwen2.5-7B-Instruct,qwen,R7D3,3,R7,S01+S05+S08,T147,logic,1,Alex,Alex
Qwen/Qwen2.5-7B-Instruct,qwen,R7D3,3,R7,S01+S05+S08,T148,logic,0,Gray,74
Qwen/Qwen2.5-7B-Instruct,qwen,R7D3,3,R7,S01+S05+S08,T149,logic,1,Frankie,Frankie
Qwen/Qwen2.5-7B-Instruct,qwen,R7D3,3,R7,S01+S05+S08,T150,logic,1,Casey,Casey
Qwen/Qwen2.5-7B-Instruct,qwen,R7D3,3,R7,S01+S05+S08,T151,logic,0,Devon,3
Qwen/Qwen2.5-7B-Instruct,qwen,R7D3,3,R7,S01+S05+S08,T152,logic,0,Gray,74
Qwen/Qwen2.5-7B-Instruct,qwen,R7D3,3,R7,S01+S05+S08,T153,logic,0,Casey,3
Qwen/Qwen2.5-7B-Instruct,qwen,R7D3,3,R7,S01+S05+S08,T154,logic,1,Gray,Gray
Qwen/Qwen2.5-7B-Instruct,qwen,R7D3,3,R7,S01+S05+S08,T155,logic,0,Alex,Gray
Qwen/Qwen2.5-7B-Instruct,qwen,R7D3,3,R7,S01+S05+S08,T156,logic,1,Bailey,Bailey
Qwen/Qwen2.5-7B-Instruct,qwen,R7D3,3,R7,S01+S05+S08,T157,logic,1,Bailey,Bailey
Qwen/Qwen2.5-7B-Instruct,qwen,R7D3,3,R7,S01+S05+S08,T158,logic,0,Devon,Frankie
Qwen/Qwen2.5-7B-Instruct,qwen,R7D3,3,R7,S01+S05+S08,T159,logic,0,Alex,Ellis
Qwen/Qwen2.5-7B-Instruct,qwen,R7D3,3,R7,S01+S05+S08,T160,logic,0,Bailey,2
Qwen/Qwen2.5-7B-Instruct,qwen,R7D3,3,R7,S01+S05+S08,T161,logic,0,Devon,3
Qwen/Qwen2.5-7B-Instruct,qwen,R7D3,3,R7,S01+S05+S08,T162,logic,1,Alex,Alex
Qwen/Qwen2.5-7B-Instruct,qwen,R7D3,3,R7,S01+S05+S08,T163,logic,0,Frankie,3
Qwen/Qwen2.5-7B-Instruct,qwen,R7D3,3,R7,S01+S05+S08,T164,logic,1,Bailey,Bailey
Qwen/Qwen2.5-7B-Instruct,qwen,R7D3,3,R7,S01+S05+S08,T165,logic,0,Bailey,Frankie
Qwen/Qwen2.5-7B-Instruct,qwen,R7D3,3,R7,S01+S05+S08,T166,logic,1,Gray,Gray
Qwen/Qwen2.5-7B-Instruct,qwen,R7D3,3,R7,S01+S05+S08,T167,logic,0,Alex,Gray
Qwen/Qwen2.5-7B-Instruct,qwen,R7D3,3,R7,S01+S05+S08,T168,logic,1,Casey,Casey
Qwen/Qwen2.5-7B-Instruct,qwen,R7D3,3,R7,S01+S05+S08,T169,logic,0,Bailey,74
Qwen/Qwen2.5-7B-Instruct,qwen,R7D3,3,R7,S01+S05+S08,T170,logic,1,Bailey,Bailey
Qwen/Qwen2.5-7B-Instruct,qwen,R7D3,3,R7,S01+S05+S08,T171,rate,1,2,2
Qwen/Qwen2.5-7B-Instruct,qwen,R7D3,3,R7,S01+S05+S08,T172,rate,1,10,10
Qwen/Qwen2.5-7B-Instruct,qwen,R7D3,3,R7,S01+S05+S08,T173,rate,1,4,4
Qwen/Qwen2.5-7B-Instruct,qwen,R7D3,3,R7,S01+S05+S08,T174,rate,0,3.33333,3
Qwen/Qwen2.5-7B-Instruct,qwen,R7D3,3,R7,S01+S05+S08,T175,rate,1,180,180
Qwen/Qwen2.5-7B-Instruct,qwen,R7D3,3,R7,S01+S05+S08,T176,rate,1,1.2,1.2
Qwen/Qwen2.5-7B-Instruct,qwen,R7D3,3,R7,S01+S05+S08,T177,rate,1,30,30
Qwen/Qwen2.5-7B-Instruct,qwen,R7D3,3,R7,S01+S05+S08,T178,rate,1,90,90
Qwen/Qwen2.5-7B-Instruct,qwen,R7D3,3,R7,S01+S05+S08,T179,rate,1,3,3
Qwen/Qwen2.5-7B-Instruct,qwen,R7D3,3,R7,S01+S05+S08,T180,rate,1,4,4
Qwen/Qwen2.5-7B-Instruct,qwen,R7D3,3,R7,S01+S05+S08,T181,rate,1,3.2,3.2
Qwen/Qwen2.5-7B-Instruct,qwen,R7D3,3,R7,S01+S05+S08,T182,rate,1,40,40
Qwen/Qwen2.5-7B-Instruct,qwen,R7D3,3,R7,S01+S05+S08,T183,rate,0,3.33333,3
Qwen/Qwen2.5-7B-Instruct,qwen,R7D3,3,R7,S01+S05+S08,T184,rate,1,150,150
Qwen/Qwen2.5-7B-Instruct,qwen,R7D3,3,R7,S01+S05+S08,T185,rate,1,90,90
Qwen/Qwen2.5-7B-Instruct,qwen,R7D3,3,R7,S01+S05+S08,T186,rate,1,45,45
Qwen/Qwen2.5-7B-Instruct,qwen,R7D3,3,R7,S01+S05+S08,T187,rate,1,5,5
Qwen/Qwen2.5-7B-Instruct,qwen,R7D3,3,R7,S01+S05+S08,T188,rate,1,60,60
Qwen/Qwen2.5-7B-Instruct,qwen,R7D3,3,R7,S01+S05+S08,T189,rate,0,3.33333,3
Qwen/Qwen2.5-7B-Instruct,qwen,R7D3,3,R7,S01+S05+S08,T190,rate,1,270,270
Qwen/Qwen2.5-7B-Instruct,qwen,R7D3,3,R7,S01+S05+S08,T191,rate,0,5.33333,5.33
Qwen/Qwen2.5-7B-Instruct,qwen,R7D3,3,R7,S01+S05+S08,T192,rate,1,45,45
Qwen/Qwen2.5-7B-Instruct,qwen,R7D3,3,R7,S01+S05+S08,T193,rate,0,2.66667,2.67
Qwen/Qwen2.5-7B-Instruct,qwen,R7D3,3,R7,S01+S05+S08,T194,rate,0,5.33333,5.33
Qwen/Qwen2.5-7B-Instruct,qwen,R7D3,3,R7,S01+S05+S08,T195,rate,1,30,30
Qwen/Qwen2.5-7B-Instruct,qwen,R7D3,3,R7,S01+S05+S08,T196,rate,1,4.5,4.5
Qwen/Qwen2.5-7B-Instruct,qwen,R7D3,3,R7,S01+S05+S08,T197,rate,1,30,30
Qwen/Qwen2.5-7B-Instruct,qwen,R7D3,3,R7,S01+S05+S08,T198,rate,1,60,60
Qwen/Qwen2.5-7B-Instruct,qwen,R7D3,3,R7,S01+S05+S08,T199,rate,1,270,270
Qwen/Qwen2.5-7B-Instruct,qwen,R7D3,3,R7,S01+S05+S08,T200,rate,1,40,40
Qwen/Qwen2.5-7B-Instruct,qwen,R8D1*,1,R8,S09,T001,percentage,0,3480,3360
Qwen/Qwen2.5-7B-Instruct,qwen,R8D1*,1,R8,S09,T002,percentage,1,312.5,312.5
Qwen/Qwen2.5-7B-Instruct,qwen,R8D1*,1,R8,S09,T003,percentage,1,288,288
Qwen/Qwen2.5-7B-Instruct,qwen,R8D1*,1,R8,S09,T004,percentage,0,1044,1053
Qwen/Qwen2.5-7B-Instruct,qwen,R8D1*,1,R8,S09,T005,percentage,1,500,500
Qwen/Qwen2.5-7B-Instruct,qwen,R8D1*,1,R8,S09,T006,percentage,1,26.4,26.4
Qwen/Qwen2.5-7B-Instruct,qwen,R8D1*,1,R8,S09,T007,percentage,0,697,686
Qwen/Qwen2.5-7B-Instruct,qwen,R8D1*,1,R8,S09,T008,percentage,1,540,540
Qwen/Qwen2.5-7B-Instruct,qwen,R8D1*,1,R8,S09,T009,percentage,1,127.5,127.5
Qwen/Qwen2.5-7B-Instruct,qwen,R8D1*,1,R8,S09,T010,percentage,1,150,150
Qwen/Qwen2.5-7B-Instruct,qwen,R8D1*,1,R8,S09,T011,percentage,1,1408,1408
Qwen/Qwen2.5-7B-Instruct,qwen,R8D1*,1,R8,S09,T012,percentage,1,119,119
Qwen/Qwen2.5-7B-Instruct,qwen,R8D1*,1,R8,S09,T013,percentage,1,528,528
Qwen/Qwen2.5-7B-Instruct,qwen,R8D1*,1,R8,S09,T014,percentage,1,30,30
Qwen/Qwen2.5-7B-Instruct,qwen,R8D1*,1,R8,S09,T015,percentage,0,552.5,557.5
Qwen/Qwen2.5-7B-Instruct,qwen,R8D1*,1,R8,S09,T016,percentage,1,672,672
Qwen/Qwen2.5-7B-Instruct,qwen,R8D1*,1,R8,S09,T017,percentage,1,2560,2560
Qwen/Qwen2.5-7B-Instruct,qwen,R8D1*,1,R8,S09,T018,percentage,1,422.4,422.4
Qwen/Qwen2.5-7B-Instruct,qwen,R8D1*,1,R8,S09,T019,percentage,1,192,192
Qwen/Qwen2.5-7B-Instruct,qwen,R8D1*,1,R8,S09,T020,percentage,1,30,30
Qwen/Qwen2.5-7B-Instruct,qwen,R8D1*,1,R8,S09,T021,percentage,1,108,108
Qwen/Qwen2.5-7B-Instruct,qwen,R8D1*,1,R8,S09,T022,percentage,0,196.8,194.4
Qwen/Qwen2.5-7B-Instruct,qwen,R8D1*,1,R8,S09,T023,percentage,1,225,225
Qwen/Qwen2.5-7B-Instruct,qwen,R8D1*,1,R8,S09,T024,percentage,1,90,90
Qwen/Qwen2.5-7B-Instruct,qwen,R8D1*,1,R8,S09,T025,percentage,1,500,500
Qwen/Qwen2.5-7B-Instruct,qwen,R8D1*,1,R8,S09,T026,percentage,1,352,352
Qwen/Qwen2.5-7B-Instruct,qwen,R8D1*,1,R8,S09,T027,percentage,1,960,960
Qwen/Qwen2.5-7B-Instruct,qwen,R8D1*,1,R8,S09,T028,percentage,1,324,324
Qwen/Qwen2.5-7B-Instruct,qwen,R8D1*,1,R8,S09,T029,percentage,1,420,420
Qwen/Qwen2.5-7B-Instruct,qwen,R8D1*,1,R8,S09,T030,percentage,0,849.6,856
Qwen/Qwen2.5-7B-Instruct,qwen,R8D1*,1,R8,S09,T031,percentage,0,476,472
Qwen/Qwen2.5-7B-Instruct,qwen,R8D1*,1,R8,S09,T032,percentage,1,1100,1100
Qwen/Qwen2.5-7B-Instruct,qwen,R8D1*,1,R8,S09,T033,percentage,1,1560,1560
Qwen/Qwen2.5-7B-Instruct,qwen,R8D1*,1,R8,S09,T034,percentage,1,196,196
Qwen/Qwen2.5-7B-Instruct,qwen,R8D1*,1,R8,S09,T035,percentage,1,156,156
Qwen/Qwen2.5-7B-Instruct,qwen,R8D1*,1,R8,S09,T036,word_problem,0,4374,486
Qwen/Qwen2.5-7B-Instruct,qwen,R8D1*,1,R8,S09,T037,word_problem,1,3500,3500
Qwen/Qwen2.5-7B-Instruct,qwen,R8D1*,1,R8,S09,T038,word_problem,0,3360,840
Qwen/Qwen2.5-7B-Instruct,qwen,R8D1*,1,R8,S09,T039,word_problem,0,4200,1470
Qwen/Qwen2.5-7B-Instruct,qwen,R8D1*,1,R8,S09,T040,word_problem,0,1728,576
Qwen/Qwen2.5-7B-Instruct,qwen,R8D1*,1,R8,S09,T041,word_problem,1,3600,3600
Qwen/Qwen2.5-7B-Instruct,qwen,R8D1*,1,R8,S09,T042,word_problem,0,12600,4200
Qwen/Qwen2.5-7B-Instruct,qwen,R8D1*,1,R8,S09,T043,word_problem,0,3630,3850
Qwen/Qwen2.5-7B-Instruct,qwen,R8D1*,1,R8,S09,T044,word_problem,0,8064,3360
Qwen/Qwen2.5-7B-Instruct,qwen,R8D1*,1,R8,S09,T045,word_problem,0,12600,10500
Qwen/Qwen2.5-7B-Instruct,qwen,R8D1*,1,R8,S09,T046,word_problem,0,7840,11960
Qwen/Qwen2.5-7B-Instruct,qwen,R8D1*,1,R8,S09,T047,word_problem,0,6720,1680
Qwen/Qwen2.5-7B-Instruct,qwen,R8D1*,1,R8,S09,T048,word_problem,1,6000,6000
Qwen/Qwen2.5-7B-Instruct,qwen,R8D1*,1,R8,S09,T049,word_problem,0,6480,720
Qwen/Qwen2.5-7B-Instruct,qwen,R8D1*,1,R8,S09,T050,word_problem,0,4375,875
Qwen/Qwen2.5-7B-Instruct,qwen,R8D1*,1,R8,S09,T051,word_problem,0,2700,900
Qwen/Qwen2.5-7B-Instruct,qwen,R8D1*,1,R8,S09,T052,word_problem,0,1680,840
Qwen/Qwen2.5-7B-Instruct,qwen,R8D1*,1,R8,S09,T053,word_problem,0,6930,7140
Qwen/Qwen2.5-7B-Instruct,qwen,R8D1*,1,R8,S09,T054,word_problem,0,4752,4356
Qwen/Qwen2.5-7B-Instruct,qwen,R8D1*,1,R8,S09,T055,word_problem,0,6480,540
Qwen/Qwen2.5-7B-Instruct,qwen,R8D1*,1,R8,S09,T056,word_problem,0,2916,3240
Qwen/Qwen2.5-7B-Instruct,qwen,R8D1*,1,R8,S09,T057,word_problem,0,3456,576
Qwen/Qwen2.5-7B-Instruct,qwen,R8D1*,1,R8,S09,T058,word_problem,0,4800,1200
Qwen/Qwen2.5-7B-Instruct,qwen,R8D1*,1,R8,S09,T059,word_problem,1,4200,4200
Qwen/Qwen2.5-7B-Instruct,qwen,R8D1*,1,R8,S09,T060,word_problem,0,5250,4250
Qwen/Qwen2.5-7B-Instruct,qwen,R8D1*,1,R8,S09,T061,word_problem,0,4410,1190
Qwen/Qwen2.5-7B-Instruct,qwen,R8D1*,1,R8,S09,T062,word_problem,0,4752,4356
Qwen/Qwen2.5-7B-Instruct,qwen,R8D1*,1,R8,S09,T063,word_problem,0,6000,600
Qwen/Qwen2.5-7B-Instruct,qwen,R8D1*,1,R8,S09,T064,word_problem,0,5000,6500
Qwen/Qwen2.5-7B-Instruct,qwen,R8D1*,1,R8,S09,T065,word_problem,0,10080,840
Qwen/Qwen2.5-7B-Instruct,qwen,R8D1*,1,R8,S09,T066,conversion,1,2160,2160
Qwen/Qwen2.5-7B-Instruct,qwen,R8D1*,1,R8,S09,T067,conversion,0,1152,384
Qwen/Qwen2.5-7B-Instruct,qwen,R8D1*,1,R8,S09,T068,conversion,1,630,630
Qwen/Qwen2.5-7B-Instruct,qwen,R8D1*,1,R8,S09,T069,conversion,1,48000,48000
Qwen/Qwen2.5-7B-Instruct,qwen,R8D1*,1,R8,S09,T070,conversion,1,900,900
Qwen/Qwen2.5-7B-Instruct,qwen,R8D1*,1,R8,S09,T071,conversion,1,720,720
Qwen/Qwen2.5-7B-Instruct,qwen,R8D1*,1,R8,S09,T072,conversion,1,125000,125000
Qwen/Qwen2.5-7B-Instruct,qwen,R8D1*,1,R8,S09,T073,conversion,1,1440,1440
Qwen/Qwen2.5-7B-Instruct,qwen,R8D1*,1,R8,S09,T074,conversion,0,864,288
Qwen/Qwen2.5-7B-Instruct,qwen,R8D1*,1,R8,S09,T075,conversion,1,12000,12000
Qwen/Qwen2.5-7B-Instruct,qwen,R8D1*,1,R8,S09,T076,conversion,1,24000,24000
Qwen/Qwen2.5-7B-Instruct,qwen,R8D1*,1,R8,S09,T077,conversion,1,125000,125000
Qwen/Qwen2.5-7B-Instruct,qwen,R8D1*,1,R8,S09,T078,conversion,1,3000,3000
Qwen/Qwen2.5-7B-Instruct,qwen,R8D1*,1,R8,S09,T079,conversion,1,720,720
Qwen/Qwen2.5-7B-Instruct,qwen,R8D1*,1,R8,S09,T080,conversion,1,3000,3000
Qwen/Qwen2.5-7B-Instruct,qwen,R8D1*,1,R8,S09,T081,conversion,0,60000,6000
Qwen/Qwen2.5-7B-Instruct,qwen,R8D1*,1,R8,S09,T082,conversion,1,36000,36000
Qwen/Qwen2.5-7B-Instruct,qwen,R8D1*,1,R8,S09,T083,conversion,1,15000,15000
Qwen/Qwen2.5-7B-Instruct,qwen,R8D1*,1,R8,S09,T084,conversion,1,12000,12000
Qwen/Qwen2.5-7B-Instruct,qwen,R8D1*,1,R8,S09,T085,conversion,1,105,105
Qwen/Qwen2.5-7B-Instruct,qwen,R8D1*,1,R8,S09,T086,conversion,1,360,360
Qwen/Qwen2.5-7B-Instruct,qwen,R8D1*,1,R8,S09,T087,conversion,1,7000,7000
Qwen/Qwen2.5-7B-Instruct,qwen,R8D1*,1,R8,S09,T088,conversion,1,72,72
Qwen/Qwen2.5-7B-Instruct,qwen,R8D1*,1,R8,S09,T089,conversion,1,48000,48000
Qwen/Qwen2.5-7B-Instruct,qwen,R8D1*,1,R8,S09,T090,conversion,1,720,720
Qwen/Qwen2.5-7B-Instruct,qwen,R8D1*,1,R8,S09,T091,date,1,25 April 2026,25 April 2026
Qwen/Qwen2.5-7B-Instruct,qwen,R8D1*,1,R8,S09,T092,date,0,10 June 2026,30 June 2026
Qwen/Qwen2.5-7B-Instruct,qwen,R8D1*,1,R8,S09,T093,date,1,27 April 2026,27 April 2026
Qwen/Qwen2.5-7B-Instruct,qwen,R8D1*,1,R8,S09,T094,date,0,26 November 2026,25 November 2026
Qwen/Qwen2.5-7B-Instruct,qwen,R8D1*,1,R8,S09,T095,date,0,08 October 2026,30 October 2026
Qwen/Qwen2.5-7B-Instruct,qwen,R8D1*,1,R8,S09,T096,date,0,11 November 2026,10 November 2026
Qwen/Qwen2.5-7B-Instruct,qwen,R8D1*,1,R8,S09,T097,date,0,16 March 2026,15 April 2026
Qwen/Qwen2.5-7B-Instruct,qwen,R8D1*,1,R8,S09,T098,date,0,01 June 2026,30 June 2026
Qwen/Qwen2.5-7B-Instruct,qwen,R8D1*,1,R8,S09,T099,date,0,16 October 2026,30 October 2026
Qwen/Qwen2.5-7B-Instruct,qwen,R8D1*,1,R8,S09,T100,date,0,12 June 2026,13 June 2026
Qwen/Qwen2.5-7B-Instruct,qwen,R8D1*,1,R8,S09,T101,date,0,24 June 2026,23 June 2026
Qwen/Qwen2.5-7B-Instruct,qwen,R8D1*,1,R8,S09,T102,date,0,25 July 2026,23 July 2026
Qwen/Qwen2.5-7B-Instruct,qwen,R8D1*,1,R8,S09,T103,date,1,14 November 2026,14 November 2026
Qwen/Qwen2.5-7B-Instruct,qwen,R8D1*,1,R8,S09,T104,date,0,06 February 2027,14 February 2027
Qwen/Qwen2.5-7B-Instruct,qwen,R8D1*,1,R8,S09,T105,date,0,08 May 2026,30 May 2026
Qwen/Qwen2.5-7B-Instruct,qwen,R8D1*,1,R8,S09,T106,date,1,30 October 2026,30 October 2026
Qwen/Qwen2.5-7B-Instruct,qwen,R8D1*,1,R8,S09,T107,date,0,05 June 2026,30 June 2026
Qwen/Qwen2.5-7B-Instruct,qwen,R8D1*,1,R8,S09,T108,date,0,08 October 2026,14 October 2026
Qwen/Qwen2.5-7B-Instruct,qwen,R8D1*,1,R8,S09,T109,date,0,10 August 2026,14 September 2026
Qwen/Qwen2.5-7B-Instruct,qwen,R8D1*,1,R8,S09,T110,date,0,17 December 2026,28 December 2026
Qwen/Qwen2.5-7B-Instruct,qwen,R8D1*,1,R8,S09,T111,date,1,13 January 2027,13 January 2027
Qwen/Qwen2.5-7B-Instruct,qwen,R8D1*,1,R8,S09,T112,date,0,07 October 2026,30 October 2026
Qwen/Qwen2.5-7B-Instruct,qwen,R8D1*,1,R8,S09,T113,date,0,26 August 2026,30 August 2026
Qwen/Qwen2.5-7B-Instruct,qwen,R8D1*,1,R8,S09,T114,date,0,26 January 2026,25 January 2026
Qwen/Qwen2.5-7B-Instruct,qwen,R8D1*,1,R8,S09,T115,date,0,18 September 2026,17 September 2026
Qwen/Qwen2.5-7B-Instruct,qwen,R8D1*,1,R8,S09,T116,table,1,North,North
Qwen/Qwen2.5-7B-Instruct,qwen,R8D1*,1,R8,S09,T117,table,0,1669,1679
Qwen/Qwen2.5-7B-Instruct,qwen,R8D1*,1,R8,S09,T118,table,1,West,West
Qwen/Qwen2.5-7B-Instruct,qwen,R8D1*,1,R8,S09,T119,table,1,North,North
Qwen/Qwen2.5-7B-Instruct,qwen,R8D1*,1,R8,S09,T120,table,1,West,West
Qwen/Qwen2.5-7B-Instruct,qwen,R8D1*,1,R8,S09,T121,table,0,503,502
Qwen/Qwen2.5-7B-Instruct,qwen,R8D1*,1,R8,S09,T122,table,1,Central,Central
Qwen/Qwen2.5-7B-Instruct,qwen,R8D1*,1,R8,S09,T123,table,1,South,South
Qwen/Qwen2.5-7B-Instruct,qwen,R8D1*,1,R8,S09,T124,table,1,1914,1914
Qwen/Qwen2.5-7B-Instruct,qwen,R8D1*,1,R8,S09,T125,table,0,499,286
Qwen/Qwen2.5-7B-Instruct,qwen,R8D1*,1,R8,S09,T126,table,1,1865,1865
Qwen/Qwen2.5-7B-Instruct,qwen,R8D1*,1,R8,S09,T127,table,1,Central,Central
Qwen/Qwen2.5-7B-Instruct,qwen,R8D1*,1,R8,S09,T128,table,1,2623,2623
Qwen/Qwen2.5-7B-Instruct,qwen,R8D1*,1,R8,S09,T129,table,1,617,617
Qwen/Qwen2.5-7B-Instruct,qwen,R8D1*,1,R8,S09,T130,table,1,West,West
Qwen/Qwen2.5-7B-Instruct,qwen,R8D1*,1,R8,S09,T131,table,0,529,429
Qwen/Qwen2.5-7B-Instruct,qwen,R8D1*,1,R8,S09,T132,table,0,2156,2056
Qwen/Qwen2.5-7B-Instruct,qwen,R8D1*,1,R8,S09,T133,table,1,East,East
Qwen/Qwen2.5-7B-Instruct,qwen,R8D1*,1,R8,S09,T134,table,0,504,404
Qwen/Qwen2.5-7B-Instruct,qwen,R8D1*,1,R8,S09,T135,table,0,South,East
Qwen/Qwen2.5-7B-Instruct,qwen,R8D1*,1,R8,S09,T136,table,0,637,717
Qwen/Qwen2.5-7B-Instruct,qwen,R8D1*,1,R8,S09,T137,table,0,479,483
Qwen/Qwen2.5-7B-Instruct,qwen,R8D1*,1,R8,S09,T138,table,0,1792,1790
Qwen/Qwen2.5-7B-Instruct,qwen,R8D1*,1,R8,S09,T139,table,1,492,492
Qwen/Qwen2.5-7B-Instruct,qwen,R8D1*,1,R8,S09,T140,table,0,760,459
Qwen/Qwen2.5-7B-Instruct,qwen,R8D1*,1,R8,S09,T141,table,1,473,473
Qwen/Qwen2.5-7B-Instruct,qwen,R8D1*,1,R8,S09,T142,table,0,Central,North
Qwen/Qwen2.5-7B-Instruct,qwen,R8D1*,1,R8,S09,T143,table,1,South,South
Qwen/Qwen2.5-7B-Instruct,qwen,R8D1*,1,R8,S09,T144,table,0,294,394
Qwen/Qwen2.5-7B-Instruct,qwen,R8D1*,1,R8,S09,T145,table,1,160,160
Qwen/Qwen2.5-7B-Instruct,qwen,R8D1*,1,R8,S09,T146,logic,0,Devon,2
Qwen/Qwen2.5-7B-Instruct,qwen,R8D1*,1,R8,S09,T147,logic,0,Alex,Gray
Qwen/Qwen2.5-7B-Instruct,qwen,R8D1*,1,R8,S09,T148,logic,1,Gray,Gray
Qwen/Qwen2.5-7B-Instruct,qwen,R8D1*,1,R8,S09,T149,logic,1,Frankie,Frankie
Qwen/Qwen2.5-7B-Instruct,qwen,R8D1*,1,R8,S09,T150,logic,1,Casey,Casey
Qwen/Qwen2.5-7B-Instruct,qwen,R8D1*,1,R8,S09,T151,logic,0,Devon,2
Qwen/Qwen2.5-7B-Instruct,qwen,R8D1*,1,R8,S09,T152,logic,0,Gray,Ellis
Qwen/Qwen2.5-7B-Instruct,qwen,R8D1*,1,R8,S09,T153,logic,0,Casey,Ellis
Qwen/Qwen2.5-7B-Instruct,qwen,R8D1*,1,R8,S09,T154,logic,1,Gray,Gray
Qwen/Qwen2.5-7B-Instruct,qwen,R8D1*,1,R8,S09,T155,logic,0,Alex,Gray
Qwen/Qwen2.5-7B-Instruct,qwen,R8D1*,1,R8,S09,T156,logic,1,Bailey,Bailey
Qwen/Qwen2.5-7B-Instruct,qwen,R8D1*,1,R8,S09,T157,logic,1,Bailey,Bailey
Qwen/Qwen2.5-7B-Instruct,qwen,R8D1*,1,R8,S09,T158,logic,0,Devon,Frankie
Qwen/Qwen2.5-7B-Instruct,qwen,R8D1*,1,R8,S09,T159,logic,1,Alex,Alex
Qwen/Qwen2.5-7B-Instruct,qwen,R8D1*,1,R8,S09,T160,logic,0,Bailey,2
Qwen/Qwen2.5-7B-Instruct,qwen,R8D1*,1,R8,S09,T161,logic,0,Devon,Casey
Qwen/Qwen2.5-7B-Instruct,qwen,R8D1*,1,R8,S09,T162,logic,1,Alex,Alex
Qwen/Qwen2.5-7B-Instruct,qwen,R8D1*,1,R8,S09,T163,logic,0,Frankie,Alex
Qwen/Qwen2.5-7B-Instruct,qwen,R8D1*,1,R8,S09,T164,logic,1,Bailey,Bailey
Qwen/Qwen2.5-7B-Instruct,qwen,R8D1*,1,R8,S09,T165,logic,0,Bailey,Frankie
Qwen/Qwen2.5-7B-Instruct,qwen,R8D1*,1,R8,S09,T166,logic,1,Gray,Gray
Qwen/Qwen2.5-7B-Instruct,qwen,R8D1*,1,R8,S09,T167,logic,0,Alex,Gray
Qwen/Qwen2.5-7B-Instruct,qwen,R8D1*,1,R8,S09,T168,logic,1,Casey,Casey
Qwen/Qwen2.5-7B-Instruct,qwen,R8D1*,1,R8,S09,T169,logic,1,Bailey,Bailey
Qwen/Qwen2.5-7B-Instruct,qwen,R8D1*,1,R8,S09,T170,logic,1,Bailey,Bailey
Qwen/Qwen2.5-7B-Instruct,qwen,R8D1*,1,R8,S09,T171,rate,1,2,2
Qwen/Qwen2.5-7B-Instruct,qwen,R8D1*,1,R8,S09,T172,rate,1,10,10
Qwen/Qwen2.5-7B-Instruct,qwen,R8D1*,1,R8,S09,T173,rate,1,4,4
Qwen/Qwen2.5-7B-Instruct,qwen,R8D1*,1,R8,S09,T174,rate,0,3.33333,3.33
Qwen/Qwen2.5-7B-Instruct,qwen,R8D1*,1,R8,S09,T175,rate,1,180,180
Qwen/Qwen2.5-7B-Instruct,qwen,R8D1*,1,R8,S09,T176,rate,1,1.2,1.2
Qwen/Qwen2.5-7B-Instruct,qwen,R8D1*,1,R8,S09,T177,rate,1,30,30
Qwen/Qwen2.5-7B-Instruct,qwen,R8D1*,1,R8,S09,T178,rate,1,90,90
Qwen/Qwen2.5-7B-Instruct,qwen,R8D1*,1,R8,S09,T179,rate,1,3,3
Qwen/Qwen2.5-7B-Instruct,qwen,R8D1*,1,R8,S09,T180,rate,1,4,4
Qwen/Qwen2.5-7B-Instruct,qwen,R8D1*,1,R8,S09,T181,rate,1,3.2,3.2
Qwen/Qwen2.5-7B-Instruct,qwen,R8D1*,1,R8,S09,T182,rate,1,40,40
Qwen/Qwen2.5-7B-Instruct,qwen,R8D1*,1,R8,S09,T183,rate,0,3.33333,3.33
Qwen/Qwen2.5-7B-Instruct,qwen,R8D1*,1,R8,S09,T184,rate,1,150,150
Qwen/Qwen2.5-7B-Instruct,qwen,R8D1*,1,R8,S09,T185,rate,1,90,90
Qwen/Qwen2.5-7B-Instruct,qwen,R8D1*,1,R8,S09,T186,rate,1,45,45
Qwen/Qwen2.5-7B-Instruct,qwen,R8D1*,1,R8,S09,T187,rate,1,5,5
Qwen/Qwen2.5-7B-Instruct,qwen,R8D1*,1,R8,S09,T188,rate,1,60,60
Qwen/Qwen2.5-7B-Instruct,qwen,R8D1*,1,R8,S09,T189,rate,0,3.33333,3.33
Qwen/Qwen2.5-7B-Instruct,qwen,R8D1*,1,R8,S09,T190,rate,1,270,270
Qwen/Qwen2.5-7B-Instruct,qwen,R8D1*,1,R8,S09,T191,rate,0,5.33333,5.33
Qwen/Qwen2.5-7B-Instruct,qwen,R8D1*,1,R8,S09,T192,rate,1,45,45
Qwen/Qwen2.5-7B-Instruct,qwen,R8D1*,1,R8,S09,T193,rate,0,2.66667,2.67
Qwen/Qwen2.5-7B-Instruct,qwen,R8D1*,1,R8,S09,T194,rate,0,5.33333,5.33
Qwen/Qwen2.5-7B-Instruct,qwen,R8D1*,1,R8,S09,T195,rate,1,30,30
Qwen/Qwen2.5-7B-Instruct,qwen,R8D1*,1,R8,S09,T196,rate,1,4.5,4.5
Qwen/Qwen2.5-7B-Instruct,qwen,R8D1*,1,R8,S09,T197,rate,1,30,30
Qwen/Qwen2.5-7B-Instruct,qwen,R8D1*,1,R8,S09,T198,rate,1,60,60
Qwen/Qwen2.5-7B-Instruct,qwen,R8D1*,1,R8,S09,T199,rate,1,270,270
Qwen/Qwen2.5-7B-Instruct,qwen,R8D1*,1,R8,S09,T200,rate,1,40,40
Qwen/Qwen2.5-7B-Instruct,qwen,R8D2,2,R8,S09+S10,T001,percentage,0,3480,2760
Qwen/Qwen2.5-7B-Instruct,qwen,R8D2,2,R8,S09+S10,T002,percentage,1,312.5,312.5
Qwen/Qwen2.5-7B-Instruct,qwen,R8D2,2,R8,S09+S10,T003,percentage,1,288,288
Qwen/Qwen2.5-7B-Instruct,qwen,R8D2,2,R8,S09+S10,T004,percentage,1,1044,1044
Qwen/Qwen2.5-7B-Instruct,qwen,R8D2,2,R8,S09+S10,T005,percentage,1,500,500
Qwen/Qwen2.5-7B-Instruct,qwen,R8D2,2,R8,S09+S10,T006,percentage,1,26.4,26.4
Qwen/Qwen2.5-7B-Instruct,qwen,R8D2,2,R8,S09+S10,T007,percentage,0,697,683
Qwen/Qwen2.5-7B-Instruct,qwen,R8D2,2,R8,S09+S10,T008,percentage,1,540,540
Qwen/Qwen2.5-7B-Instruct,qwen,R8D2,2,R8,S09+S10,T009,percentage,1,127.5,127.5
Qwen/Qwen2.5-7B-Instruct,qwen,R8D2,2,R8,S09+S10,T010,percentage,1,150,150
Qwen/Qwen2.5-7B-Instruct,qwen,R8D2,2,R8,S09+S10,T011,percentage,1,1408,1408
Qwen/Qwen2.5-7B-Instruct,qwen,R8D2,2,R8,S09+S10,T012,percentage,1,119,119
Qwen/Qwen2.5-7B-Instruct,qwen,R8D2,2,R8,S09+S10,T013,percentage,1,528,528
Qwen/Qwen2.5-7B-Instruct,qwen,R8D2,2,R8,S09+S10,T014,percentage,1,30,30
Qwen/Qwen2.5-7B-Instruct,qwen,R8D2,2,R8,S09+S10,T015,percentage,0,552.5,555
Qwen/Qwen2.5-7B-Instruct,qwen,R8D2,2,R8,S09+S10,T016,percentage,1,672,672
Qwen/Qwen2.5-7B-Instruct,qwen,R8D2,2,R8,S09+S10,T017,percentage,1,2560,2560
Qwen/Qwen2.5-7B-Instruct,qwen,R8D2,2,R8,S09+S10,T018,percentage,1,422.4,422.4
Qwen/Qwen2.5-7B-Instruct,qwen,R8D2,2,R8,S09+S10,T019,percentage,1,192,192
Qwen/Qwen2.5-7B-Instruct,qwen,R8D2,2,R8,S09+S10,T020,percentage,1,30,30
Qwen/Qwen2.5-7B-Instruct,qwen,R8D2,2,R8,S09+S10,T021,percentage,1,108,108
Qwen/Qwen2.5-7B-Instruct,qwen,R8D2,2,R8,S09+S10,T022,percentage,0,196.8,200
Qwen/Qwen2.5-7B-Instruct,qwen,R8D2,2,R8,S09+S10,T023,percentage,1,225,225
Qwen/Qwen2.5-7B-Instruct,qwen,R8D2,2,R8,S09+S10,T024,percentage,1,90,90
Qwen/Qwen2.5-7B-Instruct,qwen,R8D2,2,R8,S09+S10,T025,percentage,1,500,500
Qwen/Qwen2.5-7B-Instruct,qwen,R8D2,2,R8,S09+S10,T026,percentage,1,352,352
Qwen/Qwen2.5-7B-Instruct,qwen,R8D2,2,R8,S09+S10,T027,percentage,1,960,960
Qwen/Qwen2.5-7B-Instruct,qwen,R8D2,2,R8,S09+S10,T028,percentage,1,324,324
Qwen/Qwen2.5-7B-Instruct,qwen,R8D2,2,R8,S09+S10,T029,percentage,1,420,420
Qwen/Qwen2.5-7B-Instruct,qwen,R8D2,2,R8,S09+S10,T030,percentage,0,849.6,846
Qwen/Qwen2.5-7B-Instruct,qwen,R8D2,2,R8,S09+S10,T031,percentage,0,476,472
Qwen/Qwen2.5-7B-Instruct,qwen,R8D2,2,R8,S09+S10,T032,percentage,1,1100,1100
Qwen/Qwen2.5-7B-Instruct,qwen,R8D2,2,R8,S09+S10,T033,percentage,1,1560,1560
Qwen/Qwen2.5-7B-Instruct,qwen,R8D2,2,R8,S09+S10,T034,percentage,1,196,196
Qwen/Qwen2.5-7B-Instruct,qwen,R8D2,2,R8,S09+S10,T035,percentage,1,156,156
Qwen/Qwen2.5-7B-Instruct,qwen,R8D2,2,R8,S09+S10,T036,word_problem,0,4374,486
Qwen/Qwen2.5-7B-Instruct,qwen,R8D2,2,R8,S09+S10,T037,word_problem,1,3500,3500
Qwen/Qwen2.5-7B-Instruct,qwen,R8D2,2,R8,S09+S10,T038,word_problem,0,3360,840
Qwen/Qwen2.5-7B-Instruct,qwen,R8D2,2,R8,S09+S10,T039,word_problem,0,4200,1470
Qwen/Qwen2.5-7B-Instruct,qwen,R8D2,2,R8,S09+S10,T040,word_problem,0,1728,576
Qwen/Qwen2.5-7B-Instruct,qwen,R8D2,2,R8,S09+S10,T041,word_problem,1,3600,3600
Qwen/Qwen2.5-7B-Instruct,qwen,R8D2,2,R8,S09+S10,T042,word_problem,0,12600,1470
Qwen/Qwen2.5-7B-Instruct,qwen,R8D2,2,R8,S09+S10,T043,word_problem,0,3630,3850
Qwen/Qwen2.5-7B-Instruct,qwen,R8D2,2,R8,S09+S10,T044,word_problem,0,8064,3360
Qwen/Qwen2.5-7B-Instruct,qwen,R8D2,2,R8,S09+S10,T045,word_problem,0,12600,9450
Qwen/Qwen2.5-7B-Instruct,qwen,R8D2,2,R8,S09+S10,T046,word_problem,0,7840,11960
Qwen/Qwen2.5-7B-Instruct,qwen,R8D2,2,R8,S09+S10,T047,word_problem,0,6720,1680
Qwen/Qwen2.5-7B-Instruct,qwen,R8D2,2,R8,S09+S10,T048,word_problem,0,6000,600
Qwen/Qwen2.5-7B-Instruct,qwen,R8D2,2,R8,S09+S10,T049,word_problem,0,6480,720
Qwen/Qwen2.5-7B-Instruct,qwen,R8D2,2,R8,S09+S10,T050,word_problem,0,4375,1750
Qwen/Qwen2.5-7B-Instruct,qwen,R8D2,2,R8,S09+S10,T051,word_problem,0,2700,450
Qwen/Qwen2.5-7B-Instruct,qwen,R8D2,2,R8,S09+S10,T052,word_problem,0,1680,840
Qwen/Qwen2.5-7B-Instruct,qwen,R8D2,2,R8,S09+S10,T053,word_problem,0,6930,7140
Qwen/Qwen2.5-7B-Instruct,qwen,R8D2,2,R8,S09+S10,T054,word_problem,0,4752,4356
Qwen/Qwen2.5-7B-Instruct,qwen,R8D2,2,R8,S09+S10,T055,word_problem,0,6480,540
Qwen/Qwen2.5-7B-Instruct,qwen,R8D2,2,R8,S09+S10,T056,word_problem,0,2916,3402
Qwen/Qwen2.5-7B-Instruct,qwen,R8D2,2,R8,S09+S10,T057,word_problem,0,3456,576
Qwen/Qwen2.5-7B-Instruct,qwen,R8D2,2,R8,S09+S10,T058,word_problem,0,4800,1200
Qwen/Qwen2.5-7B-Instruct,qwen,R8D2,2,R8,S09+S10,T059,word_problem,1,4200,4200
Qwen/Qwen2.5-7B-Instruct,qwen,R8D2,2,R8,S09+S10,T060,word_problem,0,5250,4250
Qwen/Qwen2.5-7B-Instruct,qwen,R8D2,2,R8,S09+S10,T061,word_problem,0,4410,1190
Qwen/Qwen2.5-7B-Instruct,qwen,R8D2,2,R8,S09+S10,T062,word_problem,0,4752,4356
Qwen/Qwen2.5-7B-Instruct,qwen,R8D2,2,R8,S09+S10,T063,word_problem,0,6000,600
Qwen/Qwen2.5-7B-Instruct,qwen,R8D2,2,R8,S09+S10,T064,word_problem,0,5000,5250
Qwen/Qwen2.5-7B-Instruct,qwen,R8D2,2,R8,S09+S10,T065,word_problem,0,10080,840
Qwen/Qwen2.5-7B-Instruct,qwen,R8D2,2,R8,S09+S10,T066,conversion,1,2160,2160
Qwen/Qwen2.5-7B-Instruct,qwen,R8D2,2,R8,S09+S10,T067,conversion,0,1152,384
Qwen/Qwen2.5-7B-Instruct,qwen,R8D2,2,R8,S09+S10,T068,conversion,1,630,630
Qwen/Qwen2.5-7B-Instruct,qwen,R8D2,2,R8,S09+S10,T069,conversion,1,48000,48000
Qwen/Qwen2.5-7B-Instruct,qwen,R8D2,2,R8,S09+S10,T070,conversion,1,900,900
Qwen/Qwen2.5-7B-Instruct,qwen,R8D2,2,R8,S09+S10,T071,conversion,1,720,720
Qwen/Qwen2.5-7B-Instruct,qwen,R8D2,2,R8,S09+S10,T072,conversion,1,125000,125000
Qwen/Qwen2.5-7B-Instruct,qwen,R8D2,2,R8,S09+S10,T073,conversion,1,1440,1440
Qwen/Qwen2.5-7B-Instruct,qwen,R8D2,2,R8,S09+S10,T074,conversion,0,864,288
Qwen/Qwen2.5-7B-Instruct,qwen,R8D2,2,R8,S09+S10,T075,conversion,1,12000,12000
Qwen/Qwen2.5-7B-Instruct,qwen,R8D2,2,R8,S09+S10,T076,conversion,1,24000,24000
Qwen/Qwen2.5-7B-Instruct,qwen,R8D2,2,R8,S09+S10,T077,conversion,1,125000,125000
Qwen/Qwen2.5-7B-Instruct,qwen,R8D2,2,R8,S09+S10,T078,conversion,1,3000,3000
Qwen/Qwen2.5-7B-Instruct,qwen,R8D2,2,R8,S09+S10,T079,conversion,1,720,720
Qwen/Qwen2.5-7B-Instruct,qwen,R8D2,2,R8,S09+S10,T080,conversion,1,3000,3000
Qwen/Qwen2.5-7B-Instruct,qwen,R8D2,2,R8,S09+S10,T081,conversion,0,60000,6000
Qwen/Qwen2.5-7B-Instruct,qwen,R8D2,2,R8,S09+S10,T082,conversion,1,36000,36000
Qwen/Qwen2.5-7B-Instruct,qwen,R8D2,2,R8,S09+S10,T083,conversion,1,15000,15000
Qwen/Qwen2.5-7B-Instruct,qwen,R8D2,2,R8,S09+S10,T084,conversion,1,12000,12000
Qwen/Qwen2.5-7B-Instruct,qwen,R8D2,2,R8,S09+S10,T085,conversion,1,105,105
Qwen/Qwen2.5-7B-Instruct,qwen,R8D2,2,R8,S09+S10,T086,conversion,1,360,360
Qwen/Qwen2.5-7B-Instruct,qwen,R8D2,2,R8,S09+S10,T087,conversion,1,7000,7000
Qwen/Qwen2.5-7B-Instruct,qwen,R8D2,2,R8,S09+S10,T088,conversion,1,72,72
Qwen/Qwen2.5-7B-Instruct,qwen,R8D2,2,R8,S09+S10,T089,conversion,1,48000,48000
Qwen/Qwen2.5-7B-Instruct,qwen,R8D2,2,R8,S09+S10,T090,conversion,1,720,720
Qwen/Qwen2.5-7B-Instruct,qwen,R8D2,2,R8,S09+S10,T091,date,0,25 April 2026,30 April 2026
Qwen/Qwen2.5-7B-Instruct,qwen,R8D2,2,R8,S09+S10,T092,date,0,10 June 2026,30 June 2026
Qwen/Qwen2.5-7B-Instruct,qwen,R8D2,2,R8,S09+S10,T093,date,0,27 April 2026,01 May 2026
Qwen/Qwen2.5-7B-Instruct,qwen,R8D2,2,R8,S09+S10,T094,date,0,26 November 2026,25 November 2026
Qwen/Qwen2.5-7B-Instruct,qwen,R8D2,2,R8,S09+S10,T095,date,0,08 October 2026,30 October 2026
Qwen/Qwen2.5-7B-Instruct,qwen,R8D2,2,R8,S09+S10,T096,date,0,11 November 2026,10 November 2026
Qwen/Qwen2.5-7B-Instruct,qwen,R8D2,2,R8,S09+S10,T097,date,0,16 March 2026,23 March 2026
Qwen/Qwen2.5-7B-Instruct,qwen,R8D2,2,R8,S09+S10,T098,date,0,01 June 2026,30 June 2026
Qwen/Qwen2.5-7B-Instruct,qwen,R8D2,2,R8,S09+S10,T099,date,0,16 October 2026,30 October 2026
Qwen/Qwen2.5-7B-Instruct,qwen,R8D2,2,R8,S09+S10,T100,date,0,12 June 2026,13 June 2026
Qwen/Qwen2.5-7B-Instruct,qwen,R8D2,2,R8,S09+S10,T101,date,1,24 June 2026,24 June 2026
Qwen/Qwen2.5-7B-Instruct,qwen,R8D2,2,R8,S09+S10,T102,date,0,25 July 2026,24 July 2026
Qwen/Qwen2.5-7B-Instruct,qwen,R8D2,2,R8,S09+S10,T103,date,0,14 November 2026,13 November 2026
Qwen/Qwen2.5-7B-Instruct,qwen,R8D2,2,R8,S09+S10,T104,date,0,06 February 2027,14 February 2027
Qwen/Qwen2.5-7B-Instruct,qwen,R8D2,2,R8,S09+S10,T105,date,0,08 May 2026,30 May 2026
Qwen/Qwen2.5-7B-Instruct,qwen,R8D2,2,R8,S09+S10,T106,date,1,30 October 2026,30 October 2026
Qwen/Qwen2.5-7B-Instruct,qwen,R8D2,2,R8,S09+S10,T107,date,0,05 June 2026,30 May 2026
Qwen/Qwen2.5-7B-Instruct,qwen,R8D2,2,R8,S09+S10,T108,date,0,08 October 2026,14 October 2026
Qwen/Qwen2.5-7B-Instruct,qwen,R8D2,2,R8,S09+S10,T109,date,0,10 August 2026,14 September 2026
Qwen/Qwen2.5-7B-Instruct,qwen,R8D2,2,R8,S09+S10,T110,date,0,17 December 2026,28 December 2026
Qwen/Qwen2.5-7B-Instruct,qwen,R8D2,2,R8,S09+S10,T111,date,1,13 January 2027,13 January 2027
Qwen/Qwen2.5-7B-Instruct,qwen,R8D2,2,R8,S09+S10,T112,date,0,07 October 2026,30 October 2026
Qwen/Qwen2.5-7B-Instruct,qwen,R8D2,2,R8,S09+S10,T113,date,0,26 August 2026,30 August 2026
Qwen/Qwen2.5-7B-Instruct,qwen,R8D2,2,R8,S09+S10,T114,date,0,26 January 2026,25 January 2026
Qwen/Qwen2.5-7B-Instruct,qwen,R8D2,2,R8,S09+S10,T115,date,0,18 September 2026,17 September 2026
Qwen/Qwen2.5-7B-Instruct,qwen,R8D2,2,R8,S09+S10,T116,table,1,North,North
Qwen/Qwen2.5-7B-Instruct,qwen,R8D2,2,R8,S09+S10,T117,table,0,1669,1679
Qwen/Qwen2.5-7B-Instruct,qwen,R8D2,2,R8,S09+S10,T118,table,1,West,West
Qwen/Qwen2.5-7B-Instruct,qwen,R8D2,2,R8,S09+S10,T119,table,1,North,North
Qwen/Qwen2.5-7B-Instruct,qwen,R8D2,2,R8,S09+S10,T120,table,1,West,West
Qwen/Qwen2.5-7B-Instruct,qwen,R8D2,2,R8,S09+S10,T121,table,0,503,502
Qwen/Qwen2.5-7B-Instruct,qwen,R8D2,2,R8,S09+S10,T122,table,1,Central,Central
Qwen/Qwen2.5-7B-Instruct,qwen,R8D2,2,R8,S09+S10,T123,table,1,South,South
Qwen/Qwen2.5-7B-Instruct,qwen,R8D2,2,R8,S09+S10,T124,table,1,1914,1914
Qwen/Qwen2.5-7B-Instruct,qwen,R8D2,2,R8,S09+S10,T125,table,0,499,316
Qwen/Qwen2.5-7B-Instruct,qwen,R8D2,2,R8,S09+S10,T126,table,1,1865,1865
Qwen/Qwen2.5-7B-Instruct,qwen,R8D2,2,R8,S09+S10,T127,table,1,Central,Central
Qwen/Qwen2.5-7B-Instruct,qwen,R8D2,2,R8,S09+S10,T128,table,1,2623,2623
Qwen/Qwen2.5-7B-Instruct,qwen,R8D2,2,R8,S09+S10,T129,table,1,617,617
Qwen/Qwen2.5-7B-Instruct,qwen,R8D2,2,R8,S09+S10,T130,table,1,West,West
Qwen/Qwen2.5-7B-Instruct,qwen,R8D2,2,R8,S09+S10,T131,table,0,529,429
Qwen/Qwen2.5-7B-Instruct,qwen,R8D2,2,R8,S09+S10,T132,table,0,2156,2056
Qwen/Qwen2.5-7B-Instruct,qwen,R8D2,2,R8,S09+S10,T133,table,1,East,East
Qwen/Qwen2.5-7B-Instruct,qwen,R8D2,2,R8,S09+S10,T134,table,0,504,184
Qwen/Qwen2.5-7B-Instruct,qwen,R8D2,2,R8,S09+S10,T135,table,0,South,East
Qwen/Qwen2.5-7B-Instruct,qwen,R8D2,2,R8,S09+S10,T136,table,0,637,237
Qwen/Qwen2.5-7B-Instruct,qwen,R8D2,2,R8,S09+S10,T137,table,0,479,283
Qwen/Qwen2.5-7B-Instruct,qwen,R8D2,2,R8,S09+S10,T138,table,0,1792,1790
Qwen/Qwen2.5-7B-Instruct,qwen,R8D2,2,R8,S09+S10,T139,table,1,492,492
Qwen/Qwen2.5-7B-Instruct,qwen,R8D2,2,R8,S09+S10,T140,table,0,760,457
Qwen/Qwen2.5-7B-Instruct,qwen,R8D2,2,R8,S09+S10,T141,table,1,473,473
Qwen/Qwen2.5-7B-Instruct,qwen,R8D2,2,R8,S09+S10,T142,table,0,Central,North
Qwen/Qwen2.5-7B-Instruct,qwen,R8D2,2,R8,S09+S10,T143,table,1,South,South: 265
Qwen/Qwen2.5-7B-Instruct,qwen,R8D2,2,R8,S09+S10,T144,table,1,294,294
Qwen/Qwen2.5-7B-Instruct,qwen,R8D2,2,R8,S09+S10,T145,table,1,160,160
Qwen/Qwen2.5-7B-Instruct,qwen,R8D2,2,R8,S09+S10,T146,logic,0,Devon,2
Qwen/Qwen2.5-7B-Instruct,qwen,R8D2,2,R8,S09+S10,T147,logic,0,Alex,Gray
Qwen/Qwen2.5-7B-Instruct,qwen,R8D2,2,R8,S09+S10,T148,logic,1,Gray,Gray
Qwen/Qwen2.5-7B-Instruct,qwen,R8D2,2,R8,S09+S10,T149,logic,1,Frankie,Frankie
Qwen/Qwen2.5-7B-Instruct,qwen,R8D2,2,R8,S09+S10,T150,logic,1,Casey,Casey
Qwen/Qwen2.5-7B-Instruct,qwen,R8D2,2,R8,S09+S10,T151,logic,0,Devon,Alex
Qwen/Qwen2.5-7B-Instruct,qwen,R8D2,2,R8,S09+S10,T152,logic,1,Gray,Gray
Qwen/Qwen2.5-7B-Instruct,qwen,R8D2,2,R8,S09+S10,T153,logic,0,Casey,Ellis
Qwen/Qwen2.5-7B-Instruct,qwen,R8D2,2,R8,S09+S10,T154,logic,1,Gray,Gray
Qwen/Qwen2.5-7B-Instruct,qwen,R8D2,2,R8,S09+S10,T155,logic,0,Alex,Gray
Qwen/Qwen2.5-7B-Instruct,qwen,R8D2,2,R8,S09+S10,T156,logic,1,Bailey,Bailey
Qwen/Qwen2.5-7B-Instruct,qwen,R8D2,2,R8,S09+S10,T157,logic,1,Bailey,Bailey
Qwen/Qwen2.5-7B-Instruct,qwen,R8D2,2,R8,S09+S10,T158,logic,0,Devon,Frankie
Qwen/Qwen2.5-7B-Instruct,qwen,R8D2,2,R8,S09+S10,T159,logic,1,Alex,Alex
Qwen/Qwen2.5-7B-Instruct,qwen,R8D2,2,R8,S09+S10,T160,logic,0,Bailey,Casey
Qwen/Qwen2.5-7B-Instruct,qwen,R8D2,2,R8,S09+S10,T161,logic,0,Devon,Casey
Qwen/Qwen2.5-7B-Instruct,qwen,R8D2,2,R8,S09+S10,T162,logic,1,Alex,Alex
Qwen/Qwen2.5-7B-Instruct,qwen,R8D2,2,R8,S09+S10,T163,logic,0,Frankie,Alex
Qwen/Qwen2.5-7B-Instruct,qwen,R8D2,2,R8,S09+S10,T164,logic,1,Bailey,Bailey
Qwen/Qwen2.5-7B-Instruct,qwen,R8D2,2,R8,S09+S10,T165,logic,0,Bailey,Frankie
Qwen/Qwen2.5-7B-Instruct,qwen,R8D2,2,R8,S09+S10,T166,logic,1,Gray,Gray
Qwen/Qwen2.5-7B-Instruct,qwen,R8D2,2,R8,S09+S10,T167,logic,0,Alex,Gray
Qwen/Qwen2.5-7B-Instruct,qwen,R8D2,2,R8,S09+S10,T168,logic,1,Casey,Casey
Qwen/Qwen2.5-7B-Instruct,qwen,R8D2,2,R8,S09+S10,T169,logic,1,Bailey,Bailey
Qwen/Qwen2.5-7B-Instruct,qwen,R8D2,2,R8,S09+S10,T170,logic,1,Bailey,Bailey
Qwen/Qwen2.5-7B-Instruct,qwen,R8D2,2,R8,S09+S10,T171,rate,1,2,2
Qwen/Qwen2.5-7B-Instruct,qwen,R8D2,2,R8,S09+S10,T172,rate,1,10,10
Qwen/Qwen2.5-7B-Instruct,qwen,R8D2,2,R8,S09+S10,T173,rate,1,4,4
Qwen/Qwen2.5-7B-Instruct,qwen,R8D2,2,R8,S09+S10,T174,rate,0,3.33333,3.33
Qwen/Qwen2.5-7B-Instruct,qwen,R8D2,2,R8,S09+S10,T175,rate,1,180,180
Qwen/Qwen2.5-7B-Instruct,qwen,R8D2,2,R8,S09+S10,T176,rate,1,1.2,1.2
Qwen/Qwen2.5-7B-Instruct,qwen,R8D2,2,R8,S09+S10,T177,rate,1,30,30
Qwen/Qwen2.5-7B-Instruct,qwen,R8D2,2,R8,S09+S10,T178,rate,1,90,90
Qwen/Qwen2.5-7B-Instruct,qwen,R8D2,2,R8,S09+S10,T179,rate,1,3,3
Qwen/Qwen2.5-7B-Instruct,qwen,R8D2,2,R8,S09+S10,T180,rate,1,4,4
Qwen/Qwen2.5-7B-Instruct,qwen,R8D2,2,R8,S09+S10,T181,rate,1,3.2,3.2
Qwen/Qwen2.5-7B-Instruct,qwen,R8D2,2,R8,S09+S10,T182,rate,1,40,40
Qwen/Qwen2.5-7B-Instruct,qwen,R8D2,2,R8,S09+S10,T183,rate,0,3.33333,3.33
Qwen/Qwen2.5-7B-Instruct,qwen,R8D2,2,R8,S09+S10,T184,rate,1,150,150
Qwen/Qwen2.5-7B-Instruct,qwen,R8D2,2,R8,S09+S10,T185,rate,1,90,90
Qwen/Qwen2.5-7B-Instruct,qwen,R8D2,2,R8,S09+S10,T186,rate,1,45,45
Qwen/Qwen2.5-7B-Instruct,qwen,R8D2,2,R8,S09+S10,T187,rate,1,5,5
Qwen/Qwen2.5-7B-Instruct,qwen,R8D2,2,R8,S09+S10,T188,rate,1,60,60
Qwen/Qwen2.5-7B-Instruct,qwen,R8D2,2,R8,S09+S10,T189,rate,0,3.33333,3.33
Qwen/Qwen2.5-7B-Instruct,qwen,R8D2,2,R8,S09+S10,T190,rate,1,270,270
Qwen/Qwen2.5-7B-Instruct,qwen,R8D2,2,R8,S09+S10,T191,rate,0,5.33333,5
Qwen/Qwen2.5-7B-Instruct,qwen,R8D2,2,R8,S09+S10,T192,rate,1,45,45
Qwen/Qwen2.5-7B-Instruct,qwen,R8D2,2,R8,S09+S10,T193,rate,0,2.66667,2.67
Qwen/Qwen2.5-7B-Instruct,qwen,R8D2,2,R8,S09+S10,T194,rate,0,5.33333,5
Qwen/Qwen2.5-7B-Instruct,qwen,R8D2,2,R8,S09+S10,T195,rate,1,30,30
Qwen/Qwen2.5-7B-Instruct,qwen,R8D2,2,R8,S09+S10,T196,rate,1,4.5,4.5
Qwen/Qwen2.5-7B-Instruct,qwen,R8D2,2,R8,S09+S10,T197,rate,1,30,30
Qwen/Qwen2.5-7B-Instruct,qwen,R8D2,2,R8,S09+S10,T198,rate,1,60,60
Qwen/Qwen2.5-7B-Instruct,qwen,R8D2,2,R8,S09+S10,T199,rate,1,270,270
Qwen/Qwen2.5-7B-Instruct,qwen,R8D2,2,R8,S09+S10,T200,rate,1,40,40
Qwen/Qwen2.5-7B-Instruct,qwen,R8D3,3,R8,S09+S10+S04,T001,percentage,0,3480,3360
Qwen/Qwen2.5-7B-Instruct,qwen,R8D3,3,R8,S09+S10+S04,T002,percentage,1,312.5,312.5
Qwen/Qwen2.5-7B-Instruct,qwen,R8D3,3,R8,S09+S10+S04,T003,percentage,1,288,288
Qwen/Qwen2.5-7B-Instruct,qwen,R8D3,3,R8,S09+S10+S04,T004,percentage,0,1044,1053
Qwen/Qwen2.5-7B-Instruct,qwen,R8D3,3,R8,S09+S10+S04,T005,percentage,1,500,500
Qwen/Qwen2.5-7B-Instruct,qwen,R8D3,3,R8,S09+S10+S04,T006,percentage,1,26.4,26.4
Qwen/Qwen2.5-7B-Instruct,qwen,R8D3,3,R8,S09+S10+S04,T007,percentage,0,697,687
Qwen/Qwen2.5-7B-Instruct,qwen,R8D3,3,R8,S09+S10+S04,T008,percentage,1,540,540
Qwen/Qwen2.5-7B-Instruct,qwen,R8D3,3,R8,S09+S10+S04,T009,percentage,1,127.5,127.5
Qwen/Qwen2.5-7B-Instruct,qwen,R8D3,3,R8,S09+S10+S04,T010,percentage,1,150,150
Qwen/Qwen2.5-7B-Instruct,qwen,R8D3,3,R8,S09+S10+S04,T011,percentage,1,1408,1408
Qwen/Qwen2.5-7B-Instruct,qwen,R8D3,3,R8,S09+S10+S04,T012,percentage,1,119,119
Qwen/Qwen2.5-7B-Instruct,qwen,R8D3,3,R8,S09+S10+S04,T013,percentage,1,528,528
Qwen/Qwen2.5-7B-Instruct,qwen,R8D3,3,R8,S09+S10+S04,T014,percentage,1,30,30
Qwen/Qwen2.5-7B-Instruct,qwen,R8D3,3,R8,S09+S10+S04,T015,percentage,0,552.5,555
Qwen/Qwen2.5-7B-Instruct,qwen,R8D3,3,R8,S09+S10+S04,T016,percentage,1,672,672
Qwen/Qwen2.5-7B-Instruct,qwen,R8D3,3,R8,S09+S10+S04,T017,percentage,1,2560,2560
Qwen/Qwen2.5-7B-Instruct,qwen,R8D3,3,R8,S09+S10+S04,T018,percentage,1,422.4,422.4
Qwen/Qwen2.5-7B-Instruct,qwen,R8D3,3,R8,S09+S10+S04,T019,percentage,1,192,192
Qwen/Qwen2.5-7B-Instruct,qwen,R8D3,3,R8,S09+S10+S04,T020,percentage,1,30,30
Qwen/Qwen2.5-7B-Instruct,qwen,R8D3,3,R8,S09+S10+S04,T021,percentage,1,108,108
Qwen/Qwen2.5-7B-Instruct,qwen,R8D3,3,R8,S09+S10+S04,T022,percentage,0,196.8,194.4
Qwen/Qwen2.5-7B-Instruct,qwen,R8D3,3,R8,S09+S10+S04,T023,percentage,1,225,225
Qwen/Qwen2.5-7B-Instruct,qwen,R8D3,3,R8,S09+S10+S04,T024,percentage,1,90,90
Qwen/Qwen2.5-7B-Instruct,qwen,R8D3,3,R8,S09+S10+S04,T025,percentage,1,500,500
Qwen/Qwen2.5-7B-Instruct,qwen,R8D3,3,R8,S09+S10+S04,T026,percentage,1,352,352
Qwen/Qwen2.5-7B-Instruct,qwen,R8D3,3,R8,S09+S10+S04,T027,percentage,1,960,960
Qwen/Qwen2.5-7B-Instruct,qwen,R8D3,3,R8,S09+S10+S04,T028,percentage,1,324,324
Qwen/Qwen2.5-7B-Instruct,qwen,R8D3,3,R8,S09+S10+S04,T029,percentage,1,420,420
Qwen/Qwen2.5-7B-Instruct,qwen,R8D3,3,R8,S09+S10+S04,T030,percentage,0,849.6,850
Qwen/Qwen2.5-7B-Instruct,qwen,R8D3,3,R8,S09+S10+S04,T031,percentage,0,476,472
Qwen/Qwen2.5-7B-Instruct,qwen,R8D3,3,R8,S09+S10+S04,T032,percentage,0,1100,1105
Qwen/Qwen2.5-7B-Instruct,qwen,R8D3,3,R8,S09+S10+S04,T033,percentage,1,1560,1560
Qwen/Qwen2.5-7B-Instruct,qwen,R8D3,3,R8,S09+S10+S04,T034,percentage,1,196,196
Qwen/Qwen2.5-7B-Instruct,qwen,R8D3,3,R8,S09+S10+S04,T035,percentage,1,156,156
Qwen/Qwen2.5-7B-Instruct,qwen,R8D3,3,R8,S09+S10+S04,T036,word_problem,0,4374,486
Qwen/Qwen2.5-7B-Instruct,qwen,R8D3,3,R8,S09+S10+S04,T037,word_problem,1,3500,3500
Qwen/Qwen2.5-7B-Instruct,qwen,R8D3,3,R8,S09+S10+S04,T038,word_problem,0,3360,840
Qwen/Qwen2.5-7B-Instruct,qwen,R8D3,3,R8,S09+S10+S04,T039,word_problem,0,4200,1470
Qwen/Qwen2.5-7B-Instruct,qwen,R8D3,3,R8,S09+S10+S04,T040,word_problem,0,1728,576
Qwen/Qwen2.5-7B-Instruct,qwen,R8D3,3,R8,S09+S10+S04,T041,word_problem,0,3600,900
Qwen/Qwen2.5-7B-Instruct,qwen,R8D3,3,R8,S09+S10+S04,T042,word_problem,0,12600,14700
Qwen/Qwen2.5-7B-Instruct,qwen,R8D3,3,R8,S09+S10+S04,T043,word_problem,0,3630,3850
Qwen/Qwen2.5-7B-Instruct,qwen,R8D3,3,R8,S09+S10+S04,T044,word_problem,0,8064,3360
Qwen/Qwen2.5-7B-Instruct,qwen,R8D3,3,R8,S09+S10+S04,T045,word_problem,0,12600,10500
Qwen/Qwen2.5-7B-Instruct,qwen,R8D3,3,R8,S09+S10+S04,T046,word_problem,0,7840,11960
Qwen/Qwen2.5-7B-Instruct,qwen,R8D3,3,R8,S09+S10+S04,T047,word_problem,0,6720,1680
Qwen/Qwen2.5-7B-Instruct,qwen,R8D3,3,R8,S09+S10+S04,T048,word_problem,1,6000,6000
Qwen/Qwen2.5-7B-Instruct,qwen,R8D3,3,R8,S09+S10+S04,T049,word_problem,0,6480,720
Qwen/Qwen2.5-7B-Instruct,qwen,R8D3,3,R8,S09+S10+S04,T050,word_problem,0,4375,1750
Qwen/Qwen2.5-7B-Instruct,qwen,R8D3,3,R8,S09+S10+S04,T051,word_problem,0,2700,450
Qwen/Qwen2.5-7B-Instruct,qwen,R8D3,3,R8,S09+S10+S04,T052,word_problem,0,1680,840
Qwen/Qwen2.5-7B-Instruct,qwen,R8D3,3,R8,S09+S10+S04,T053,word_problem,0,6930,7140
Qwen/Qwen2.5-7B-Instruct,qwen,R8D3,3,R8,S09+S10+S04,T054,word_problem,0,4752,4356
Qwen/Qwen2.5-7B-Instruct,qwen,R8D3,3,R8,S09+S10+S04,T055,word_problem,0,6480,540
Qwen/Qwen2.5-7B-Instruct,qwen,R8D3,3,R8,S09+S10+S04,T056,word_problem,0,2916,3402
Qwen/Qwen2.5-7B-Instruct,qwen,R8D3,3,R8,S09+S10+S04,T057,word_problem,0,3456,576
Qwen/Qwen2.5-7B-Instruct,qwen,R8D3,3,R8,S09+S10+S04,T058,word_problem,0,4800,1200
Qwen/Qwen2.5-7B-Instruct,qwen,R8D3,3,R8,S09+S10+S04,T059,word_problem,1,4200,4200
Qwen/Qwen2.5-7B-Instruct,qwen,R8D3,3,R8,S09+S10+S04,T060,word_problem,0,5250,4250
Qwen/Qwen2.5-7B-Instruct,qwen,R8D3,3,R8,S09+S10+S04,T061,word_problem,0,4410,1190
Qwen/Qwen2.5-7B-Instruct,qwen,R8D3,3,R8,S09+S10+S04,T062,word_problem,0,4752,4356
Qwen/Qwen2.5-7B-Instruct,qwen,R8D3,3,R8,S09+S10+S04,T063,word_problem,0,6000,600
Qwen/Qwen2.5-7B-Instruct,qwen,R8D3,3,R8,S09+S10+S04,T064,word_problem,0,5000,500
Qwen/Qwen2.5-7B-Instruct,qwen,R8D3,3,R8,S09+S10+S04,T065,word_problem,0,10080,840
Qwen/Qwen2.5-7B-Instruct,qwen,R8D3,3,R8,S09+S10+S04,T066,conversion,1,2160,2160
Qwen/Qwen2.5-7B-Instruct,qwen,R8D3,3,R8,S09+S10+S04,T067,conversion,0,1152,3552
Qwen/Qwen2.5-7B-Instruct,qwen,R8D3,3,R8,S09+S10+S04,T068,conversion,1,630,630
Qwen/Qwen2.5-7B-Instruct,qwen,R8D3,3,R8,S09+S10+S04,T069,conversion,1,48000,48000
Qwen/Qwen2.5-7B-Instruct,qwen,R8D3,3,R8,S09+S10+S04,T070,conversion,1,900,900
Qwen/Qwen2.5-7B-Instruct,qwen,R8D3,3,R8,S09+S10+S04,T071,conversion,1,720,720
Qwen/Qwen2.5-7B-Instruct,qwen,R8D3,3,R8,S09+S10+S04,T072,conversion,1,125000,125000
Qwen/Qwen2.5-7B-Instruct,qwen,R8D3,3,R8,S09+S10+S04,T073,conversion,1,1440,1440
Qwen/Qwen2.5-7B-Instruct,qwen,R8D3,3,R8,S09+S10+S04,T074,conversion,0,864,288
Qwen/Qwen2.5-7B-Instruct,qwen,R8D3,3,R8,S09+S10+S04,T075,conversion,1,12000,12000
Qwen/Qwen2.5-7B-Instruct,qwen,R8D3,3,R8,S09+S10+S04,T076,conversion,1,24000,24000
Qwen/Qwen2.5-7B-Instruct,qwen,R8D3,3,R8,S09+S10+S04,T077,conversion,1,125000,125000
Qwen/Qwen2.5-7B-Instruct,qwen,R8D3,3,R8,S09+S10+S04,T078,conversion,1,3000,3000
Qwen/Qwen2.5-7B-Instruct,qwen,R8D3,3,R8,S09+S10+S04,T079,conversion,1,720,720
Qwen/Qwen2.5-7B-Instruct,qwen,R8D3,3,R8,S09+S10+S04,T080,conversion,1,3000,3000
Qwen/Qwen2.5-7B-Instruct,qwen,R8D3,3,R8,S09+S10+S04,T081,conversion,0,60000,6000
Qwen/Qwen2.5-7B-Instruct,qwen,R8D3,3,R8,S09+S10+S04,T082,conversion,1,36000,36000
Qwen/Qwen2.5-7B-Instruct,qwen,R8D3,3,R8,S09+S10+S04,T083,conversion,1,15000,15000
Qwen/Qwen2.5-7B-Instruct,qwen,R8D3,3,R8,S09+S10+S04,T084,conversion,1,12000,12000
Qwen/Qwen2.5-7B-Instruct,qwen,R8D3,3,R8,S09+S10+S04,T085,conversion,1,105,105
Qwen/Qwen2.5-7B-Instruct,qwen,R8D3,3,R8,S09+S10+S04,T086,conversion,1,360,360
Qwen/Qwen2.5-7B-Instruct,qwen,R8D3,3,R8,S09+S10+S04,T087,conversion,1,7000,7000
Qwen/Qwen2.5-7B-Instruct,qwen,R8D3,3,R8,S09+S10+S04,T088,conversion,1,72,72
Qwen/Qwen2.5-7B-Instruct,qwen,R8D3,3,R8,S09+S10+S04,T089,conversion,1,48000,48000
Qwen/Qwen2.5-7B-Instruct,qwen,R8D3,3,R8,S09+S10+S04,T090,conversion,1,720,720
Qwen/Qwen2.5-7B-Instruct,qwen,R8D3,3,R8,S09+S10+S04,T091,date,1,25 April 2026,25 April 2026
Qwen/Qwen2.5-7B-Instruct,qwen,R8D3,3,R8,S09+S10+S04,T092,date,0,10 June 2026,30 June 2026
Qwen/Qwen2.5-7B-Instruct,qwen,R8D3,3,R8,S09+S10+S04,T093,date,0,27 April 2026,01 May 2026
Qwen/Qwen2.5-7B-Instruct,qwen,R8D3,3,R8,S09+S10+S04,T094,date,0,26 November 2026,25 November 2026
Qwen/Qwen2.5-7B-Instruct,qwen,R8D3,3,R8,S09+S10+S04,T095,date,0,08 October 2026,30 October 2026
Qwen/Qwen2.5-7B-Instruct,qwen,R8D3,3,R8,S09+S10+S04,T096,date,0,11 November 2026,10 November 2026
Qwen/Qwen2.5-7B-Instruct,qwen,R8D3,3,R8,S09+S10+S04,T097,date,0,16 March 2026,23 March 2026
Qwen/Qwen2.5-7B-Instruct,qwen,R8D3,3,R8,S09+S10+S04,T098,date,0,01 June 2026,30 June 2026
Qwen/Qwen2.5-7B-Instruct,qwen,R8D3,3,R8,S09+S10+S04,T099,date,0,16 October 2026,30 October 2026
Qwen/Qwen2.5-7B-Instruct,qwen,R8D3,3,R8,S09+S10+S04,T100,date,0,12 June 2026,13 June 2026
Qwen/Qwen2.5-7B-Instruct,qwen,R8D3,3,R8,S09+S10+S04,T101,date,1,24 June 2026,24 June 2026
Qwen/Qwen2.5-7B-Instruct,qwen,R8D3,3,R8,S09+S10+S04,T102,date,0,25 July 2026,24 July 2026
Qwen/Qwen2.5-7B-Instruct,qwen,R8D3,3,R8,S09+S10+S04,T103,date,0,14 November 2026,13 November 2026
Qwen/Qwen2.5-7B-Instruct,qwen,R8D3,3,R8,S09+S10+S04,T104,date,0,06 February 2027,14 February 2027
Qwen/Qwen2.5-7B-Instruct,qwen,R8D3,3,R8,S09+S10+S04,T105,date,0,08 May 2026,30 May 2026
Qwen/Qwen2.5-7B-Instruct,qwen,R8D3,3,R8,S09+S10+S04,T106,date,1,30 October 2026,30 October 2026
Qwen/Qwen2.5-7B-Instruct,qwen,R8D3,3,R8,S09+S10+S04,T107,date,0,05 June 2026,30 May 2026
Qwen/Qwen2.5-7B-Instruct,qwen,R8D3,3,R8,S09+S10+S04,T108,date,0,08 October 2026,14 October 2026
Qwen/Qwen2.5-7B-Instruct,qwen,R8D3,3,R8,S09+S10+S04,T109,date,0,10 August 2026,21 August 2026
Qwen/Qwen2.5-7B-Instruct,qwen,R8D3,3,R8,S09+S10+S04,T110,date,0,17 December 2026,28 December 2026
Qwen/Qwen2.5-7B-Instruct,qwen,R8D3,3,R8,S09+S10+S04,T111,date,1,13 January 2027,13 January 2027
Qwen/Qwen2.5-7B-Instruct,qwen,R8D3,3,R8,S09+S10+S04,T112,date,0,07 October 2026,30 October 2026
Qwen/Qwen2.5-7B-Instruct,qwen,R8D3,3,R8,S09+S10+S04,T113,date,0,26 August 2026,30 August 2026
Qwen/Qwen2.5-7B-Instruct,qwen,R8D3,3,R8,S09+S10+S04,T114,date,0,26 January 2026,24 February 2026
Qwen/Qwen2.5-7B-Instruct,qwen,R8D3,3,R8,S09+S10+S04,T115,date,0,18 September 2026,17 September 2026
Qwen/Qwen2.5-7B-Instruct,qwen,R8D3,3,R8,S09+S10+S04,T116,table,1,North,North
Qwen/Qwen2.5-7B-Instruct,qwen,R8D3,3,R8,S09+S10+S04,T117,table,0,1669,1679
Qwen/Qwen2.5-7B-Instruct,qwen,R8D3,3,R8,S09+S10+S04,T118,table,1,West,West
Qwen/Qwen2.5-7B-Instruct,qwen,R8D3,3,R8,S09+S10+S04,T119,table,1,North,North
Qwen/Qwen2.5-7B-Instruct,qwen,R8D3,3,R8,S09+S10+S04,T120,table,1,West,West
Qwen/Qwen2.5-7B-Instruct,qwen,R8D3,3,R8,S09+S10+S04,T121,table,0,503,502
Qwen/Qwen2.5-7B-Instruct,qwen,R8D3,3,R8,S09+S10+S04,T122,table,1,Central,Central
Qwen/Qwen2.5-7B-Instruct,qwen,R8D3,3,R8,S09+S10+S04,T123,table,1,South,South
Qwen/Qwen2.5-7B-Instruct,qwen,R8D3,3,R8,S09+S10+S04,T124,table,1,1914,1914
Qwen/Qwen2.5-7B-Instruct,qwen,R8D3,3,R8,S09+S10+S04,T125,table,0,499,316
Qwen/Qwen2.5-7B-Instruct,qwen,R8D3,3,R8,S09+S10+S04,T126,table,1,1865,1865
Qwen/Qwen2.5-7B-Instruct,qwen,R8D3,3,R8,S09+S10+S04,T127,table,0,Central,South
Qwen/Qwen2.5-7B-Instruct,qwen,R8D3,3,R8,S09+S10+S04,T128,table,1,2623,2623
Qwen/Qwen2.5-7B-Instruct,qwen,R8D3,3,R8,S09+S10+S04,T129,table,1,617,617
Qwen/Qwen2.5-7B-Instruct,qwen,R8D3,3,R8,S09+S10+S04,T130,table,1,West,West
Qwen/Qwen2.5-7B-Instruct,qwen,R8D3,3,R8,S09+S10+S04,T131,table,1,529,529
Qwen/Qwen2.5-7B-Instruct,qwen,R8D3,3,R8,S09+S10+S04,T132,table,0,2156,2056
Qwen/Qwen2.5-7B-Instruct,qwen,R8D3,3,R8,S09+S10+S04,T133,table,1,East,East
Qwen/Qwen2.5-7B-Instruct,qwen,R8D3,3,R8,S09+S10+S04,T134,table,0,504,404
Qwen/Qwen2.5-7B-Instruct,qwen,R8D3,3,R8,S09+S10+S04,T135,table,0,South,East
Qwen/Qwen2.5-7B-Instruct,qwen,R8D3,3,R8,S09+S10+S04,T136,table,0,637,717
Qwen/Qwen2.5-7B-Instruct,qwen,R8D3,3,R8,S09+S10+S04,T137,table,0,479,483
Qwen/Qwen2.5-7B-Instruct,qwen,R8D3,3,R8,S09+S10+S04,T138,table,0,1792,1790
Qwen/Qwen2.5-7B-Instruct,qwen,R8D3,3,R8,S09+S10+S04,T139,table,1,492,492
Qwen/Qwen2.5-7B-Instruct,qwen,R8D3,3,R8,S09+S10+S04,T140,table,0,760,457
Qwen/Qwen2.5-7B-Instruct,qwen,R8D3,3,R8,S09+S10+S04,T141,table,1,473,473
Qwen/Qwen2.5-7B-Instruct,qwen,R8D3,3,R8,S09+S10+S04,T142,table,0,Central,North
Qwen/Qwen2.5-7B-Instruct,qwen,R8D3,3,R8,S09+S10+S04,T143,table,1,South,South: 265
Qwen/Qwen2.5-7B-Instruct,qwen,R8D3,3,R8,S09+S10+S04,T144,table,0,294,314
Qwen/Qwen2.5-7B-Instruct,qwen,R8D3,3,R8,S09+S10+S04,T145,table,1,160,160
Qwen/Qwen2.5-7B-Instruct,qwen,R8D3,3,R8,S09+S10+S04,T146,logic,0,Devon,2
Qwen/Qwen2.5-7B-Instruct,qwen,R8D3,3,R8,S09+S10+S04,T147,logic,0,Alex,Gray
Qwen/Qwen2.5-7B-Instruct,qwen,R8D3,3,R8,S09+S10+S04,T148,logic,1,Gray,Gray
Qwen/Qwen2.5-7B-Instruct,qwen,R8D3,3,R8,S09+S10+S04,T149,logic,1,Frankie,Frankie
Qwen/Qwen2.5-7B-Instruct,qwen,R8D3,3,R8,S09+S10+S04,T150,logic,1,Casey,Casey
Qwen/Qwen2.5-7B-Instruct,qwen,R8D3,3,R8,S09+S10+S04,T151,logic,0,Devon,Alex
Qwen/Qwen2.5-7B-Instruct,qwen,R8D3,3,R8,S09+S10+S04,T152,logic,1,Gray,Gray
Qwen/Qwen2.5-7B-Instruct,qwen,R8D3,3,R8,S09+S10+S04,T153,logic,0,Casey,Ellis
Qwen/Qwen2.5-7B-Instruct,qwen,R8D3,3,R8,S09+S10+S04,T154,logic,1,Gray,Gray
Qwen/Qwen2.5-7B-Instruct,qwen,R8D3,3,R8,S09+S10+S04,T155,logic,0,Alex,Gray
Qwen/Qwen2.5-7B-Instruct,qwen,R8D3,3,R8,S09+S10+S04,T156,logic,1,Bailey,Bailey
Qwen/Qwen2.5-7B-Instruct,qwen,R8D3,3,R8,S09+S10+S04,T157,logic,1,Bailey,Bailey
Qwen/Qwen2.5-7B-Instruct,qwen,R8D3,3,R8,S09+S10+S04,T158,logic,0,Devon,Frankie
Qwen/Qwen2.5-7B-Instruct,qwen,R8D3,3,R8,S09+S10+S04,T159,logic,1,Alex,Alex
Qwen/Qwen2.5-7B-Instruct,qwen,R8D3,3,R8,S09+S10+S04,T160,logic,0,Bailey,2
Qwen/Qwen2.5-7B-Instruct,qwen,R8D3,3,R8,S09+S10+S04,T161,logic,0,Devon,Casey
Qwen/Qwen2.5-7B-Instruct,qwen,R8D3,3,R8,S09+S10+S04,T162,logic,1,Alex,Alex
Qwen/Qwen2.5-7B-Instruct,qwen,R8D3,3,R8,S09+S10+S04,T163,logic,0,Frankie,Alex
Qwen/Qwen2.5-7B-Instruct,qwen,R8D3,3,R8,S09+S10+S04,T164,logic,1,Bailey,Bailey
Qwen/Qwen2.5-7B-Instruct,qwen,R8D3,3,R8,S09+S10+S04,T165,logic,0,Bailey,Frankie
Qwen/Qwen2.5-7B-Instruct,qwen,R8D3,3,R8,S09+S10+S04,T166,logic,1,Gray,Gray
Qwen/Qwen2.5-7B-Instruct,qwen,R8D3,3,R8,S09+S10+S04,T167,logic,0,Alex,Gray
Qwen/Qwen2.5-7B-Instruct,qwen,R8D3,3,R8,S09+S10+S04,T168,logic,1,Casey,Casey
Qwen/Qwen2.5-7B-Instruct,qwen,R8D3,3,R8,S09+S10+S04,T169,logic,1,Bailey,Bailey
Qwen/Qwen2.5-7B-Instruct,qwen,R8D3,3,R8,S09+S10+S04,T170,logic,1,Bailey,Bailey
Qwen/Qwen2.5-7B-Instruct,qwen,R8D3,3,R8,S09+S10+S04,T171,rate,1,2,2
Qwen/Qwen2.5-7B-Instruct,qwen,R8D3,3,R8,S09+S10+S04,T172,rate,1,10,10
Qwen/Qwen2.5-7B-Instruct,qwen,R8D3,3,R8,S09+S10+S04,T173,rate,1,4,4
Qwen/Qwen2.5-7B-Instruct,qwen,R8D3,3,R8,S09+S10+S04,T174,rate,0,3.33333,3.33
Qwen/Qwen2.5-7B-Instruct,qwen,R8D3,3,R8,S09+S10+S04,T175,rate,1,180,180
Qwen/Qwen2.5-7B-Instruct,qwen,R8D3,3,R8,S09+S10+S04,T176,rate,1,1.2,1.2
Qwen/Qwen2.5-7B-Instruct,qwen,R8D3,3,R8,S09+S10+S04,T177,rate,1,30,30
Qwen/Qwen2.5-7B-Instruct,qwen,R8D3,3,R8,S09+S10+S04,T178,rate,1,90,90
Qwen/Qwen2.5-7B-Instruct,qwen,R8D3,3,R8,S09+S10+S04,T179,rate,1,3,3
Qwen/Qwen2.5-7B-Instruct,qwen,R8D3,3,R8,S09+S10+S04,T180,rate,1,4,4
Qwen/Qwen2.5-7B-Instruct,qwen,R8D3,3,R8,S09+S10+S04,T181,rate,1,3.2,3.2
Qwen/Qwen2.5-7B-Instruct,qwen,R8D3,3,R8,S09+S10+S04,T182,rate,1,40,40
Qwen/Qwen2.5-7B-Instruct,qwen,R8D3,3,R8,S09+S10+S04,T183,rate,0,3.33333,3.33
Qwen/Qwen2.5-7B-Instruct,qwen,R8D3,3,R8,S09+S10+S04,T184,rate,1,150,150
Qwen/Qwen2.5-7B-Instruct,qwen,R8D3,3,R8,S09+S10+S04,T185,rate,1,90,90
Qwen/Qwen2.5-7B-Instruct,qwen,R8D3,3,R8,S09+S10+S04,T186,rate,1,45,45
Qwen/Qwen2.5-7B-Instruct,qwen,R8D3,3,R8,S09+S10+S04,T187,rate,1,5,5
Qwen/Qwen2.5-7B-Instruct,qwen,R8D3,3,R8,S09+S10+S04,T188,rate,1,60,60
Qwen/Qwen2.5-7B-Instruct,qwen,R8D3,3,R8,S09+S10+S04,T189,rate,0,3.33333,3.33
Qwen/Qwen2.5-7B-Instruct,qwen,R8D3,3,R8,S09+S10+S04,T190,rate,1,270,270
Qwen/Qwen2.5-7B-Instruct,qwen,R8D3,3,R8,S09+S10+S04,T191,rate,0,5.33333,5.33
Qwen/Qwen2.5-7B-Instruct,qwen,R8D3,3,R8,S09+S10+S04,T192,rate,1,45,45
Qwen/Qwen2.5-7B-Instruct,qwen,R8D3,3,R8,S09+S10+S04,T193,rate,0,2.66667,2.67
Qwen/Qwen2.5-7B-Instruct,qwen,R8D3,3,R8,S09+S10+S04,T194,rate,0,5.33333,5.33
Qwen/Qwen2.5-7B-Instruct,qwen,R8D3,3,R8,S09+S10+S04,T195,rate,1,30,30
Qwen/Qwen2.5-7B-Instruct,qwen,R8D3,3,R8,S09+S10+S04,T196,rate,1,4.5,4.5
Qwen/Qwen2.5-7B-Instruct,qwen,R8D3,3,R8,S09+S10+S04,T197,rate,1,30,30
Qwen/Qwen2.5-7B-Instruct,qwen,R8D3,3,R8,S09+S10+S04,T198,rate,1,60,60
Qwen/Qwen2.5-7B-Instruct,qwen,R8D3,3,R8,S09+S10+S04,T199,rate,1,270,270
Qwen/Qwen2.5-7B-Instruct,qwen,R8D3,3,R8,S09+S10+S04,T200,rate,1,40,40
