judge,judge_key,answer_model,question_id,comparison,order,lp_A,lp_B,letter_mass,words_changed,words_reference
mistralai/Mistral-7B-Instruct-v0.3,mistral,qwen,Q001,IDENTITY,chg_A,-1.157937,-5.220437,0.319538,268,268
mistralai/Mistral-7B-Instruct-v0.3,mistral,qwen,Q001,IDENTITY,chg_B,-1.157937,-5.220437,0.319538,268,268
mistralai/Mistral-7B-Instruct-v0.3,mistral,qwen,Q001,NONE_vs_CONTROL,chg_A,-1.450442,-4.950442,0.241547,262,268
mistralai/Mistral-7B-Instruct-v0.3,mistral,qwen,Q001,NONE_vs_CONTROL,chg_B,-1.309567,-4.497067,0.281079,262,268
mistralai/Mistral-7B-Instruct-v0.3,mistral,qwen,Q001,SCREEN,chg_A,-1.117443,-5.429943,0.331499,261,268
mistralai/Mistral-7B-Instruct-v0.3,mistral,qwen,Q001,SCREEN,chg_B,-2.221484,-6.221484,0.110434,261,268
mistralai/Mistral-7B-Instruct-v0.3,mistral,qwen,Q001,AGE,chg_A,-1.494047,-4.494047,0.235638,265,268
mistralai/Mistral-7B-Instruct-v0.3,mistral,qwen,Q001,AGE,chg_B,-1.596629,-6.784129,0.203710,265,268
mistralai/Mistral-7B-Instruct-v0.3,mistral,qwen,Q001,ADHD,chg_A,-0.618432,-4.868432,0.546474,262,268
mistralai/Mistral-7B-Instruct-v0.3,mistral,qwen,Q001,ADHD,chg_B,-0.531015,-5.906014,0.590731,262,268
mistralai/Mistral-7B-Instruct-v0.3,mistral,qwen,Q002,IDENTITY,chg_A,-2.125237,-6.875237,0.120438,230,230
mistralai/Mistral-7B-Instruct-v0.3,mistral,qwen,Q002,IDENTITY,chg_B,-2.125237,-6.875237,0.120438,230,230
mistralai/Mistral-7B-Instruct-v0.3,mistral,qwen,Q002,NONE_vs_CONTROL,chg_A,-2.928080,-6.178080,0.055574,220,230
mistralai/Mistral-7B-Instruct-v0.3,mistral,qwen,Q002,NONE_vs_CONTROL,chg_B,-2.709949,-5.584949,0.070294,220,230
mistralai/Mistral-7B-Instruct-v0.3,mistral,qwen,Q002,SCREEN,chg_A,-2.136344,-6.011344,0.120537,228,230
mistralai/Mistral-7B-Instruct-v0.3,mistral,qwen,Q002,SCREEN,chg_B,-0.329439,-5.954439,0.721922,228,230
mistralai/Mistral-7B-Instruct-v0.3,mistral,qwen,Q002,AGE,chg_A,-2.640494,-5.890494,0.074092,233,230
mistralai/Mistral-7B-Instruct-v0.3,mistral,qwen,Q002,AGE,chg_B,-1.584933,-8.272433,0.205217,233,230
mistralai/Mistral-7B-Instruct-v0.3,mistral,qwen,Q002,ADHD,chg_A,-2.538359,-7.288359,0.079679,200,230
mistralai/Mistral-7B-Instruct-v0.3,mistral,qwen,Q002,ADHD,chg_B,-1.984721,-8.547221,0.137613,200,230
mistralai/Mistral-7B-Instruct-v0.3,mistral,qwen,Q003,IDENTITY,chg_A,-2.828214,-6.515714,0.060598,233,233
mistralai/Mistral-7B-Instruct-v0.3,mistral,qwen,Q003,IDENTITY,chg_B,-2.828214,-6.515714,0.060598,233,233
mistralai/Mistral-7B-Instruct-v0.3,mistral,qwen,Q003,NONE_vs_CONTROL,chg_A,-2.774340,-7.274340,0.063084,240,233
mistralai/Mistral-7B-Instruct-v0.3,mistral,qwen,Q003,NONE_vs_CONTROL,chg_B,-2.087010,-5.962010,0.126632,240,233
mistralai/Mistral-7B-Instruct-v0.3,mistral,qwen,Q003,SCREEN,chg_A,-2.765257,-8.077757,0.063270,235,233
mistralai/Mistral-7B-Instruct-v0.3,mistral,qwen,Q003,SCREEN,chg_B,-1.326563,-4.764063,0.273919,235,233
mistralai/Mistral-7B-Instruct-v0.3,mistral,qwen,Q003,AGE,chg_A,-1.844913,-4.157413,0.173687,259,233
mistralai/Mistral-7B-Instruct-v0.3,mistral,qwen,Q003,AGE,chg_B,-2.948557,-9.198557,0.052516,259,233
mistralai/Mistral-7B-Instruct-v0.3,mistral,qwen,Q003,ADHD,chg_A,-2.244469,-6.556969,0.107404,222,233
mistralai/Mistral-7B-Instruct-v0.3,mistral,qwen,Q003,ADHD,chg_B,-1.886688,-4.761688,0.160124,222,233
mistralai/Mistral-7B-Instruct-v0.3,mistral,qwen,Q004,IDENTITY,chg_A,-2.977496,-7.039996,0.051796,246,246
mistralai/Mistral-7B-Instruct-v0.3,mistral,qwen,Q004,IDENTITY,chg_B,-2.977496,-7.039996,0.051796,246,246
mistralai/Mistral-7B-Instruct-v0.3,mistral,qwen,Q004,NONE_vs_CONTROL,chg_A,-2.743523,-7.618523,0.064835,245,246
mistralai/Mistral-7B-Instruct-v0.3,mistral,qwen,Q004,NONE_vs_CONTROL,chg_B,-2.407059,-6.844560,0.091145,245,246
mistralai/Mistral-7B-Instruct-v0.3,mistral,qwen,Q004,SCREEN,chg_A,-1.444765,-8.132265,0.236095,242,246
mistralai/Mistral-7B-Instruct-v0.3,mistral,qwen,Q004,SCREEN,chg_B,-1.087204,-9.837204,0.337211,242,246
mistralai/Mistral-7B-Instruct-v0.3,mistral,qwen,Q004,AGE,chg_A,-2.109459,-6.109459,0.123525,243,246
mistralai/Mistral-7B-Instruct-v0.3,mistral,qwen,Q004,AGE,chg_B,-1.281210,-9.031210,0.277821,243,246
mistralai/Mistral-7B-Instruct-v0.3,mistral,qwen,Q004,ADHD,chg_A,-1.962779,-8.150279,0.140756,254,246
mistralai/Mistral-7B-Instruct-v0.3,mistral,qwen,Q004,ADHD,chg_B,-1.015376,-7.015376,0.363164,254,246
mistralai/Mistral-7B-Instruct-v0.3,mistral,qwen,Q005,IDENTITY,chg_A,-2.658936,-7.283936,0.070709,249,249
mistralai/Mistral-7B-Instruct-v0.3,mistral,qwen,Q005,IDENTITY,chg_B,-2.658936,-7.283936,0.070709,249,249
mistralai/Mistral-7B-Instruct-v0.3,mistral,qwen,Q005,NONE_vs_CONTROL,chg_A,-2.356837,-7.544336,0.095248,249,249
mistralai/Mistral-7B-Instruct-v0.3,mistral,qwen,Q005,NONE_vs_CONTROL,chg_B,-2.154756,-7.717256,0.116377,249,249
mistralai/Mistral-7B-Instruct-v0.3,mistral,qwen,Q005,SCREEN,chg_A,-1.706980,-5.769480,0.184534,256,249
mistralai/Mistral-7B-Instruct-v0.3,mistral,qwen,Q005,SCREEN,chg_B,-1.443568,-7.381068,0.236707,256,249
mistralai/Mistral-7B-Instruct-v0.3,mistral,qwen,Q005,AGE,chg_A,-2.259356,-6.884356,0.105441,247,249
mistralai/Mistral-7B-Instruct-v0.3,mistral,qwen,Q005,AGE,chg_B,-2.188182,-7.500682,0.112673,247,249
mistralai/Mistral-7B-Instruct-v0.3,mistral,qwen,Q005,ADHD,chg_A,-1.944249,-6.569249,0.144498,228,249
mistralai/Mistral-7B-Instruct-v0.3,mistral,qwen,Q005,ADHD,chg_B,-1.580755,-4.080755,0.222714,228,249
mistralai/Mistral-7B-Instruct-v0.3,mistral,qwen,Q006,IDENTITY,chg_A,-4.135254,-8.072754,0.016311,236,236
mistralai/Mistral-7B-Instruct-v0.3,mistral,qwen,Q006,IDENTITY,chg_B,-4.135254,-8.072754,0.016311,236,236
mistralai/Mistral-7B-Instruct-v0.3,mistral,qwen,Q006,NONE_vs_CONTROL,chg_A,-4.786889,-9.411889,0.008420,228,236
mistralai/Mistral-7B-Instruct-v0.3,mistral,qwen,Q006,NONE_vs_CONTROL,chg_B,-3.296653,-6.921652,0.037993,228,236
mistralai/Mistral-7B-Instruct-v0.3,mistral,qwen,Q006,SCREEN,chg_A,-3.811265,-8.811266,0.022269,228,236
mistralai/Mistral-7B-Instruct-v0.3,mistral,qwen,Q006,SCREEN,chg_B,-2.370757,-7.308257,0.094080,228,236
mistralai/Mistral-7B-Instruct-v0.3,mistral,qwen,Q006,AGE,chg_A,-4.194245,-8.006744,0.015415,225,236
mistralai/Mistral-7B-Instruct-v0.3,mistral,qwen,Q006,AGE,chg_B,-4.569131,-8.069131,0.010680,225,236
mistralai/Mistral-7B-Instruct-v0.3,mistral,qwen,Q006,ADHD,chg_A,-4.503945,-8.753945,0.011223,220,236
mistralai/Mistral-7B-Instruct-v0.3,mistral,qwen,Q006,ADHD,chg_B,-3.679832,-7.679832,0.025689,220,236
mistralai/Mistral-7B-Instruct-v0.3,mistral,qwen,Q007,IDENTITY,chg_A,-2.824840,-8.824841,0.059465,249,249
mistralai/Mistral-7B-Instruct-v0.3,mistral,qwen,Q007,IDENTITY,chg_B,-2.824840,-8.824841,0.059465,249,249
mistralai/Mistral-7B-Instruct-v0.3,mistral,qwen,Q007,NONE_vs_CONTROL,chg_A,-1.619848,-9.744848,0.197987,244,249
mistralai/Mistral-7B-Instruct-v0.3,mistral,qwen,Q007,NONE_vs_CONTROL,chg_B,-2.149862,-8.837362,0.116645,244,249
mistralai/Mistral-7B-Instruct-v0.3,mistral,qwen,Q007,SCREEN,chg_A,-1.042048,-7.604548,0.353230,253,249
mistralai/Mistral-7B-Instruct-v0.3,mistral,qwen,Q007,SCREEN,chg_B,-1.617994,-9.680494,0.198359,253,249
mistralai/Mistral-7B-Instruct-v0.3,mistral,qwen,Q007,AGE,chg_A,-1.030563,-7.155563,0.357586,236,249
mistralai/Mistral-7B-Instruct-v0.3,mistral,qwen,Q007,AGE,chg_B,-1.422610,-11.047609,0.241100,236,249
mistralai/Mistral-7B-Instruct-v0.3,mistral,qwen,Q007,ADHD,chg_A,-1.220283,-7.532783,0.295682,252,249
mistralai/Mistral-7B-Instruct-v0.3,mistral,qwen,Q007,ADHD,chg_B,-1.544818,-7.419818,0.213950,252,249
mistralai/Mistral-7B-Instruct-v0.3,mistral,qwen,Q008,IDENTITY,chg_A,-2.655196,-7.280196,0.070974,249,249
mistralai/Mistral-7B-Instruct-v0.3,mistral,qwen,Q008,IDENTITY,chg_B,-2.655196,-7.280196,0.070974,249,249
mistralai/Mistral-7B-Instruct-v0.3,mistral,qwen,Q008,NONE_vs_CONTROL,chg_A,-2.059125,-6.371625,0.129275,242,249
mistralai/Mistral-7B-Instruct-v0.3,mistral,qwen,Q008,NONE_vs_CONTROL,chg_B,-2.226709,-6.914209,0.108876,242,249
mistralai/Mistral-7B-Instruct-v0.3,mistral,qwen,Q008,SCREEN,chg_A,-1.622768,-5.372768,0.201993,242,249
mistralai/Mistral-7B-Instruct-v0.3,mistral,qwen,Q008,SCREEN,chg_B,-0.921900,-5.546900,0.401662,242,249
mistralai/Mistral-7B-Instruct-v0.3,mistral,qwen,Q008,AGE,chg_A,-2.688332,-6.938332,0.068964,226,249
mistralai/Mistral-7B-Instruct-v0.3,mistral,qwen,Q008,AGE,chg_B,-2.309355,-6.996855,0.100240,226,249
mistralai/Mistral-7B-Instruct-v0.3,mistral,qwen,Q008,ADHD,chg_A,-2.404452,-6.654452,0.091603,253,249
mistralai/Mistral-7B-Instruct-v0.3,mistral,qwen,Q008,ADHD,chg_B,-1.817953,-4.755453,0.170962,253,249
mistralai/Mistral-7B-Instruct-v0.3,mistral,qwen,Q009,IDENTITY,chg_A,-1.466137,-6.153637,0.232941,262,262
mistralai/Mistral-7B-Instruct-v0.3,mistral,qwen,Q009,IDENTITY,chg_B,-1.466137,-6.153637,0.232941,262,262
mistralai/Mistral-7B-Instruct-v0.3,mistral,qwen,Q009,NONE_vs_CONTROL,chg_A,-1.888324,-5.825824,0.154276,228,262
mistralai/Mistral-7B-Instruct-v0.3,mistral,qwen,Q009,NONE_vs_CONTROL,chg_B,-2.972893,-7.347893,0.051799,228,262
mistralai/Mistral-7B-Instruct-v0.3,mistral,qwen,Q009,SCREEN,chg_A,-1.316495,-6.003995,0.270542,248,262
mistralai/Mistral-7B-Instruct-v0.3,mistral,qwen,Q009,SCREEN,chg_B,-1.503852,-3.816352,0.244280,248,262
mistralai/Mistral-7B-Instruct-v0.3,mistral,qwen,Q009,AGE,chg_A,-1.530587,-5.780587,0.219496,244,262
mistralai/Mistral-7B-Instruct-v0.3,mistral,qwen,Q009,AGE,chg_B,-1.764397,-5.514397,0.175318,244,262
mistralai/Mistral-7B-Instruct-v0.3,mistral,qwen,Q009,ADHD,chg_A,-1.476440,-4.976440,0.235348,239,262
mistralai/Mistral-7B-Instruct-v0.3,mistral,qwen,Q009,ADHD,chg_B,-1.962642,-7.775142,0.140907,239,262
mistralai/Mistral-7B-Instruct-v0.3,mistral,qwen,Q010,IDENTITY,chg_A,-3.715071,-8.402572,0.024578,250,250
mistralai/Mistral-7B-Instruct-v0.3,mistral,qwen,Q010,IDENTITY,chg_B,-3.715071,-8.402572,0.024578,250,250
mistralai/Mistral-7B-Instruct-v0.3,mistral,qwen,Q010,NONE_vs_CONTROL,chg_A,-2.602556,-7.727556,0.074524,241,250
mistralai/Mistral-7B-Instruct-v0.3,mistral,qwen,Q010,NONE_vs_CONTROL,chg_B,-2.960679,-7.960679,0.052133,241,250
mistralai/Mistral-7B-Instruct-v0.3,mistral,qwen,Q010,SCREEN,chg_A,-2.081362,-7.706362,0.125210,252,250
mistralai/Mistral-7B-Instruct-v0.3,mistral,qwen,Q010,SCREEN,chg_B,-1.022957,-9.460457,0.359608,252,250
mistralai/Mistral-7B-Instruct-v0.3,mistral,qwen,Q010,AGE,chg_A,-3.733442,-8.045941,0.024231,236,250
mistralai/Mistral-7B-Instruct-v0.3,mistral,qwen,Q010,AGE,chg_B,-2.532663,-8.907663,0.079582,236,250
mistralai/Mistral-7B-Instruct-v0.3,mistral,qwen,Q010,ADHD,chg_A,-3.081234,-8.331234,0.046143,247,250
mistralai/Mistral-7B-Instruct-v0.3,mistral,qwen,Q010,ADHD,chg_B,-2.723797,-9.973797,0.065672,247,250
mistralai/Mistral-7B-Instruct-v0.3,mistral,qwen,Q011,IDENTITY,chg_A,-2.558233,-7.808233,0.077848,246,246
mistralai/Mistral-7B-Instruct-v0.3,mistral,qwen,Q011,IDENTITY,chg_B,-2.558233,-7.808233,0.077848,246,246
mistralai/Mistral-7B-Instruct-v0.3,mistral,qwen,Q011,NONE_vs_CONTROL,chg_A,-2.910073,-5.597573,0.058179,246,246
mistralai/Mistral-7B-Instruct-v0.3,mistral,qwen,Q011,NONE_vs_CONTROL,chg_B,-2.599582,-9.224582,0.074403,246,246
mistralai/Mistral-7B-Instruct-v0.3,mistral,qwen,Q011,SCREEN,chg_A,-2.915450,-6.602950,0.055536,240,246
mistralai/Mistral-7B-Instruct-v0.3,mistral,qwen,Q011,SCREEN,chg_B,-1.982172,-6.732172,0.138962,240,246
mistralai/Mistral-7B-Instruct-v0.3,mistral,qwen,Q011,AGE,chg_A,-3.220387,-7.532887,0.040475,249,246
mistralai/Mistral-7B-Instruct-v0.3,mistral,qwen,Q011,AGE,chg_B,-1.944892,-8.194892,0.143279,249,246
mistralai/Mistral-7B-Instruct-v0.3,mistral,qwen,Q011,ADHD,chg_A,-3.312495,-6.999995,0.037337,259,246
mistralai/Mistral-7B-Instruct-v0.3,mistral,qwen,Q011,ADHD,chg_B,-1.442067,-10.754567,0.236460,259,246
mistralai/Mistral-7B-Instruct-v0.3,mistral,qwen,Q012,IDENTITY,chg_A,-3.354441,-7.791941,0.035342,257,257
mistralai/Mistral-7B-Instruct-v0.3,mistral,qwen,Q012,IDENTITY,chg_B,-3.354441,-7.791941,0.035342,257,257
mistralai/Mistral-7B-Instruct-v0.3,mistral,qwen,Q012,NONE_vs_CONTROL,chg_A,-2.770689,-7.833189,0.063015,255,257
mistralai/Mistral-7B-Instruct-v0.3,mistral,qwen,Q012,NONE_vs_CONTROL,chg_B,-2.199292,-6.824292,0.111969,255,257
mistralai/Mistral-7B-Instruct-v0.3,mistral,qwen,Q012,SCREEN,chg_A,-1.354466,-6.416966,0.259719,262,257
mistralai/Mistral-7B-Instruct-v0.3,mistral,qwen,Q012,SCREEN,chg_B,-0.661833,-8.786833,0.516058,262,257
mistralai/Mistral-7B-Instruct-v0.3,mistral,qwen,Q012,AGE,chg_A,-2.864781,-5.739780,0.060211,252,257
mistralai/Mistral-7B-Instruct-v0.3,mistral,qwen,Q012,AGE,chg_B,-1.009327,-10.384327,0.364495,252,257
mistralai/Mistral-7B-Instruct-v0.3,mistral,qwen,Q012,ADHD,chg_A,-1.526189,-5.651189,0.220876,251,257
mistralai/Mistral-7B-Instruct-v0.3,mistral,qwen,Q012,ADHD,chg_B,-1.111004,-8.673504,0.329399,251,257
mistralai/Mistral-7B-Instruct-v0.3,mistral,qwen,Q013,IDENTITY,chg_A,-2.323215,-7.573215,0.098472,232,232
mistralai/Mistral-7B-Instruct-v0.3,mistral,qwen,Q013,IDENTITY,chg_B,-2.323215,-7.573215,0.098472,232,232
mistralai/Mistral-7B-Instruct-v0.3,mistral,qwen,Q013,NONE_vs_CONTROL,chg_A,-2.902485,-7.464985,0.055459,243,232
mistralai/Mistral-7B-Instruct-v0.3,mistral,qwen,Q013,NONE_vs_CONTROL,chg_B,-2.619452,-6.869452,0.073882,243,232
mistralai/Mistral-7B-Instruct-v0.3,mistral,qwen,Q013,SCREEN,chg_A,-2.299173,-8.424173,0.100561,235,232
mistralai/Mistral-7B-Instruct-v0.3,mistral,qwen,Q013,SCREEN,chg_B,-2.023870,-8.336370,0.132383,235,232
mistralai/Mistral-7B-Instruct-v0.3,mistral,qwen,Q013,AGE,chg_A,-3.344294,-7.906794,0.035653,228,232
mistralai/Mistral-7B-Instruct-v0.3,mistral,qwen,Q013,AGE,chg_B,-3.280880,-8.218380,0.037865,228,232
mistralai/Mistral-7B-Instruct-v0.3,mistral,qwen,Q013,ADHD,chg_A,-2.527606,-6.465106,0.081407,236,232
mistralai/Mistral-7B-Instruct-v0.3,mistral,qwen,Q013,ADHD,chg_B,-3.002124,-9.752124,0.049740,236,232
mistralai/Mistral-7B-Instruct-v0.3,mistral,qwen,Q014,IDENTITY,chg_A,-7.285485,-8.410485,0.000908,247,247
mistralai/Mistral-7B-Instruct-v0.3,mistral,qwen,Q014,IDENTITY,chg_B,-7.285485,-8.410485,0.000908,247,247
mistralai/Mistral-7B-Instruct-v0.3,mistral,qwen,Q014,NONE_vs_CONTROL,chg_A,-4.169975,-7.919975,0.015816,251,247
mistralai/Mistral-7B-Instruct-v0.3,mistral,qwen,Q014,NONE_vs_CONTROL,chg_B,-4.959920,-8.647421,0.007189,251,247
mistralai/Mistral-7B-Instruct-v0.3,mistral,qwen,Q014,SCREEN,chg_A,-3.961321,-8.273822,0.019293,248,247
mistralai/Mistral-7B-Instruct-v0.3,mistral,qwen,Q014,SCREEN,chg_B,-3.605180,-8.730180,0.027344,248,247
mistralai/Mistral-7B-Instruct-v0.3,mistral,qwen,Q014,AGE,chg_A,-3.696349,-7.446349,0.025398,254,247
mistralai/Mistral-7B-Instruct-v0.3,mistral,qwen,Q014,AGE,chg_B,-1.239736,-10.052236,0.289504,254,247
mistralai/Mistral-7B-Instruct-v0.3,mistral,qwen,Q014,ADHD,chg_A,-4.734787,-8.297287,0.009034,239,247
mistralai/Mistral-7B-Instruct-v0.3,mistral,qwen,Q014,ADHD,chg_B,-4.074464,-9.074464,0.017116,239,247
mistralai/Mistral-7B-Instruct-v0.3,mistral,qwen,Q015,IDENTITY,chg_A,-2.966956,-7.716956,0.051905,242,242
mistralai/Mistral-7B-Instruct-v0.3,mistral,qwen,Q015,IDENTITY,chg_B,-2.966956,-7.716956,0.051905,242,242
mistralai/Mistral-7B-Instruct-v0.3,mistral,qwen,Q015,NONE_vs_CONTROL,chg_A,-3.187649,-7.375149,0.041895,237,242
mistralai/Mistral-7B-Instruct-v0.3,mistral,qwen,Q015,NONE_vs_CONTROL,chg_B,-3.726573,-5.101573,0.030162,237,242
mistralai/Mistral-7B-Instruct-v0.3,mistral,qwen,Q015,SCREEN,chg_A,-1.661014,-6.598515,0.191309,225,242
mistralai/Mistral-7B-Instruct-v0.3,mistral,qwen,Q015,SCREEN,chg_B,-2.442531,-1.505031,0.308951,225,242
mistralai/Mistral-7B-Instruct-v0.3,mistral,qwen,Q015,AGE,chg_A,-2.260602,-6.885602,0.105310,246,242
mistralai/Mistral-7B-Instruct-v0.3,mistral,qwen,Q015,AGE,chg_B,-2.376101,-6.813601,0.094011,246,242
mistralai/Mistral-7B-Instruct-v0.3,mistral,qwen,Q015,ADHD,chg_A,-1.917204,-5.854704,0.149884,255,242
mistralai/Mistral-7B-Instruct-v0.3,mistral,qwen,Q015,ADHD,chg_B,-1.315107,-5.065107,0.274759,255,242
mistralai/Mistral-7B-Instruct-v0.3,mistral,qwen,Q016,IDENTITY,chg_A,-2.436911,-7.811911,0.087835,247,247
mistralai/Mistral-7B-Instruct-v0.3,mistral,qwen,Q016,IDENTITY,chg_B,-2.436911,-7.811911,0.087835,247,247
mistralai/Mistral-7B-Instruct-v0.3,mistral,qwen,Q016,NONE_vs_CONTROL,chg_A,-2.768866,-7.581366,0.063243,240,247
mistralai/Mistral-7B-Instruct-v0.3,mistral,qwen,Q016,NONE_vs_CONTROL,chg_B,-2.122644,-7.372644,0.120343,240,247
mistralai/Mistral-7B-Instruct-v0.3,mistral,qwen,Q016,SCREEN,chg_A,-1.788615,-6.851115,0.168250,251,247
mistralai/Mistral-7B-Instruct-v0.3,mistral,qwen,Q016,SCREEN,chg_B,-0.608956,-7.733955,0.544356,251,247
mistralai/Mistral-7B-Instruct-v0.3,mistral,qwen,Q016,AGE,chg_A,-1.577845,-7.515345,0.206964,244,247
mistralai/Mistral-7B-Instruct-v0.3,mistral,qwen,Q016,AGE,chg_B,-5.099331,-7.849331,0.006491,244,247
mistralai/Mistral-7B-Instruct-v0.3,mistral,qwen,Q016,ADHD,chg_A,-2.734026,-7.609026,0.065453,249,247
mistralai/Mistral-7B-Instruct-v0.3,mistral,qwen,Q016,ADHD,chg_B,-2.540431,-7.352931,0.079473,249,247
mistralai/Mistral-7B-Instruct-v0.3,mistral,qwen,Q017,IDENTITY,chg_A,-3.935252,-7.935252,0.019899,242,242
mistralai/Mistral-7B-Instruct-v0.3,mistral,qwen,Q017,IDENTITY,chg_B,-3.935252,-7.935252,0.019899,242,242
mistralai/Mistral-7B-Instruct-v0.3,mistral,qwen,Q017,NONE_vs_CONTROL,chg_A,-4.456133,-8.706133,0.011773,231,242
mistralai/Mistral-7B-Instruct-v0.3,mistral,qwen,Q017,NONE_vs_CONTROL,chg_B,-3.974977,-7.224977,0.019508,231,242
mistralai/Mistral-7B-Instruct-v0.3,mistral,qwen,Q017,SCREEN,chg_A,-3.037837,-9.350337,0.048025,248,242
mistralai/Mistral-7B-Instruct-v0.3,mistral,qwen,Q017,SCREEN,chg_B,-1.651105,-7.588605,0.192344,248,242
mistralai/Mistral-7B-Instruct-v0.3,mistral,qwen,Q017,AGE,chg_A,-2.582492,-5.769992,0.078705,237,242
mistralai/Mistral-7B-Instruct-v0.3,mistral,qwen,Q017,AGE,chg_B,-3.674015,-10.986515,0.025391,237,242
mistralai/Mistral-7B-Instruct-v0.3,mistral,qwen,Q017,ADHD,chg_A,-2.997073,-8.622073,0.050113,256,242
mistralai/Mistral-7B-Instruct-v0.3,mistral,qwen,Q017,ADHD,chg_B,-2.588101,-8.338100,0.075402,256,242
mistralai/Mistral-7B-Instruct-v0.3,mistral,qwen,Q018,IDENTITY,chg_A,-4.690552,-8.503053,0.009384,234,234
mistralai/Mistral-7B-Instruct-v0.3,mistral,qwen,Q018,IDENTITY,chg_B,-4.690552,-8.503053,0.009384,234,234
mistralai/Mistral-7B-Instruct-v0.3,mistral,qwen,Q018,NONE_vs_CONTROL,chg_A,-4.114744,-7.552244,0.016855,219,234
mistralai/Mistral-7B-Instruct-v0.3,mistral,qwen,Q018,NONE_vs_CONTROL,chg_B,-2.994223,-5.494223,0.054186,219,234
mistralai/Mistral-7B-Instruct-v0.3,mistral,qwen,Q018,SCREEN,chg_A,-4.319902,-7.882402,0.013679,240,234
mistralai/Mistral-7B-Instruct-v0.3,mistral,qwen,Q018,SCREEN,chg_B,-1.959609,-3.647109,0.166980,240,234
mistralai/Mistral-7B-Instruct-v0.3,mistral,qwen,Q018,AGE,chg_A,-3.864863,-7.114863,0.021779,230,234
mistralai/Mistral-7B-Instruct-v0.3,mistral,qwen,Q018,AGE,chg_B,-3.177469,-6.239969,0.043641,230,234
mistralai/Mistral-7B-Instruct-v0.3,mistral,qwen,Q018,ADHD,chg_A,-3.835541,-6.335541,0.023362,246,234
mistralai/Mistral-7B-Instruct-v0.3,mistral,qwen,Q018,ADHD,chg_B,-3.234839,-4.922339,0.046649,246,234
mistralai/Mistral-7B-Instruct-v0.3,mistral,qwen,Q019,IDENTITY,chg_A,-1.442568,-7.130068,0.237121,234,234
mistralai/Mistral-7B-Instruct-v0.3,mistral,qwen,Q019,IDENTITY,chg_B,-1.442568,-7.130068,0.237121,234,234
mistralai/Mistral-7B-Instruct-v0.3,mistral,qwen,Q019,NONE_vs_CONTROL,chg_A,-2.173559,-7.361059,0.114408,234,234
mistralai/Mistral-7B-Instruct-v0.3,mistral,qwen,Q019,NONE_vs_CONTROL,chg_B,-2.264663,-5.327163,0.108723,234,234
mistralai/Mistral-7B-Instruct-v0.3,mistral,qwen,Q019,SCREEN,chg_A,-0.839264,-4.651764,0.441573,241,234
mistralai/Mistral-7B-Instruct-v0.3,mistral,qwen,Q019,SCREEN,chg_B,-0.480632,-6.293132,0.620241,241,234
mistralai/Mistral-7B-Instruct-v0.3,mistral,qwen,Q019,AGE,chg_A,-1.324736,-4.074736,0.282870,222,234
mistralai/Mistral-7B-Instruct-v0.3,mistral,qwen,Q019,AGE,chg_B,-1.041088,-9.603588,0.353138,222,234
mistralai/Mistral-7B-Instruct-v0.3,mistral,qwen,Q019,ADHD,chg_A,-0.919811,-3.919811,0.418439,242,234
mistralai/Mistral-7B-Instruct-v0.3,mistral,qwen,Q019,ADHD,chg_B,-1.090015,-4.590015,0.346364,242,234
mistralai/Mistral-7B-Instruct-v0.3,mistral,qwen,Q020,IDENTITY,chg_A,-2.471918,-8.409418,0.084646,248,248
mistralai/Mistral-7B-Instruct-v0.3,mistral,qwen,Q020,IDENTITY,chg_B,-2.471918,-8.409418,0.084646,248,248
mistralai/Mistral-7B-Instruct-v0.3,mistral,qwen,Q020,NONE_vs_CONTROL,chg_A,-2.762976,-8.512976,0.063305,253,248
mistralai/Mistral-7B-Instruct-v0.3,mistral,qwen,Q020,NONE_vs_CONTROL,chg_B,-2.657875,-7.907875,0.070465,253,248
mistralai/Mistral-7B-Instruct-v0.3,mistral,qwen,Q020,SCREEN,chg_A,-3.355257,-6.917757,0.035890,239,248
mistralai/Mistral-7B-Instruct-v0.3,mistral,qwen,Q020,SCREEN,chg_B,-3.204656,-9.829656,0.040627,239,248
mistralai/Mistral-7B-Instruct-v0.3,mistral,qwen,Q020,AGE,chg_A,-3.730387,-7.042887,0.024857,239,248
mistralai/Mistral-7B-Instruct-v0.3,mistral,qwen,Q020,AGE,chg_B,-2.278499,-10.466000,0.102466,239,248
mistralai/Mistral-7B-Instruct-v0.3,mistral,qwen,Q020,ADHD,chg_A,-2.802536,-4.865036,0.068368,251,248
mistralai/Mistral-7B-Instruct-v0.3,mistral,qwen,Q020,ADHD,chg_B,-1.842939,-10.842938,0.158371,251,248
mistralai/Mistral-7B-Instruct-v0.3,mistral,qwen,Q021,IDENTITY,chg_A,-4.317046,-8.254546,0.013599,247,247
mistralai/Mistral-7B-Instruct-v0.3,mistral,qwen,Q021,IDENTITY,chg_B,-4.317046,-8.254546,0.013599,247,247
mistralai/Mistral-7B-Instruct-v0.3,mistral,qwen,Q021,NONE_vs_CONTROL,chg_A,-2.783843,-7.408843,0.062406,247,247
mistralai/Mistral-7B-Instruct-v0.3,mistral,qwen,Q021,NONE_vs_CONTROL,chg_B,-3.776494,-7.776494,0.023322,247,247
mistralai/Mistral-7B-Instruct-v0.3,mistral,qwen,Q021,SCREEN,chg_A,-1.634159,-6.446659,0.196702,242,247
mistralai/Mistral-7B-Instruct-v0.3,mistral,qwen,Q021,SCREEN,chg_B,-2.732280,-8.732281,0.065232,242,247
mistralai/Mistral-7B-Instruct-v0.3,mistral,qwen,Q021,AGE,chg_A,-2.330381,-7.017881,0.098154,246,247
mistralai/Mistral-7B-Instruct-v0.3,mistral,qwen,Q021,AGE,chg_B,-3.406198,-7.031199,0.034051,246,247
mistralai/Mistral-7B-Instruct-v0.3,mistral,qwen,Q021,ADHD,chg_A,-1.720603,-5.658103,0.182447,238,247
mistralai/Mistral-7B-Instruct-v0.3,mistral,qwen,Q021,ADHD,chg_B,-2.313428,-8.188428,0.099199,238,247
mistralai/Mistral-7B-Instruct-v0.3,mistral,qwen,Q022,IDENTITY,chg_A,-2.771125,-8.458625,0.062804,250,250
mistralai/Mistral-7B-Instruct-v0.3,mistral,qwen,Q022,IDENTITY,chg_B,-2.771125,-8.458625,0.062804,250,250
mistralai/Mistral-7B-Instruct-v0.3,mistral,qwen,Q022,NONE_vs_CONTROL,chg_A,-2.706499,-7.393999,0.067385,255,250
mistralai/Mistral-7B-Instruct-v0.3,mistral,qwen,Q022,NONE_vs_CONTROL,chg_B,-2.623548,-8.311049,0.072791,255,250
mistralai/Mistral-7B-Instruct-v0.3,mistral,qwen,Q022,SCREEN,chg_A,-2.002588,-7.690088,0.135443,249,250
mistralai/Mistral-7B-Instruct-v0.3,mistral,qwen,Q022,SCREEN,chg_B,-0.815871,-9.190871,0.442356,249,250
mistralai/Mistral-7B-Instruct-v0.3,mistral,qwen,Q022,AGE,chg_A,-2.579677,-7.767177,0.076222,238,250
mistralai/Mistral-7B-Instruct-v0.3,mistral,qwen,Q022,AGE,chg_B,-3.065424,-8.065424,0.046948,238,250
mistralai/Mistral-7B-Instruct-v0.3,mistral,qwen,Q022,ADHD,chg_A,-1.124943,-5.687443,0.328059,252,250
mistralai/Mistral-7B-Instruct-v0.3,mistral,qwen,Q022,ADHD,chg_B,-1.254459,-9.066959,0.285345,252,250
mistralai/Mistral-7B-Instruct-v0.3,mistral,qwen,Q023,IDENTITY,chg_A,-2.120571,-8.058070,0.120280,249,249
mistralai/Mistral-7B-Instruct-v0.3,mistral,qwen,Q023,IDENTITY,chg_B,-2.120571,-8.058070,0.120280,249,249
mistralai/Mistral-7B-Instruct-v0.3,mistral,qwen,Q023,NONE_vs_CONTROL,chg_A,-2.267105,-7.204605,0.104355,248,249
mistralai/Mistral-7B-Instruct-v0.3,mistral,qwen,Q023,NONE_vs_CONTROL,chg_B,-1.845044,-7.095044,0.158848,248,249
mistralai/Mistral-7B-Instruct-v0.3,mistral,qwen,Q023,SCREEN,chg_A,-1.899277,-7.336777,0.150328,249,249
mistralai/Mistral-7B-Instruct-v0.3,mistral,qwen,Q023,SCREEN,chg_B,-0.436903,-6.374403,0.647738,249,249
mistralai/Mistral-7B-Instruct-v0.3,mistral,qwen,Q023,AGE,chg_A,-2.448296,-8.073297,0.086752,255,249
mistralai/Mistral-7B-Instruct-v0.3,mistral,qwen,Q023,AGE,chg_B,-2.215184,-7.652684,0.109608,255,249
mistralai/Mistral-7B-Instruct-v0.3,mistral,qwen,Q023,ADHD,chg_A,-2.424180,-8.486680,0.088757,236,249
mistralai/Mistral-7B-Instruct-v0.3,mistral,qwen,Q023,ADHD,chg_B,-1.227221,-5.039721,0.299581,236,249
mistralai/Mistral-7B-Instruct-v0.3,mistral,qwen,Q024,IDENTITY,chg_A,-2.652066,-7.464566,0.071078,244,244
mistralai/Mistral-7B-Instruct-v0.3,mistral,qwen,Q024,IDENTITY,chg_B,-2.652066,-7.464566,0.071078,244,244
mistralai/Mistral-7B-Instruct-v0.3,mistral,qwen,Q024,NONE_vs_CONTROL,chg_A,-3.150655,-7.213155,0.043561,223,244
mistralai/Mistral-7B-Instruct-v0.3,mistral,qwen,Q024,NONE_vs_CONTROL,chg_B,-1.826922,-5.451921,0.165196,223,244
mistralai/Mistral-7B-Instruct-v0.3,mistral,qwen,Q024,SCREEN,chg_A,-1.033855,-5.033855,0.362147,236,244
mistralai/Mistral-7B-Instruct-v0.3,mistral,qwen,Q024,SCREEN,chg_B,-0.560179,-4.997680,0.577860,236,244
mistralai/Mistral-7B-Instruct-v0.3,mistral,qwen,Q024,AGE,chg_A,-2.336852,-6.211852,0.098637,245,244
mistralai/Mistral-7B-Instruct-v0.3,mistral,qwen,Q024,AGE,chg_B,-1.291521,-6.604022,0.276207,245,244
mistralai/Mistral-7B-Instruct-v0.3,mistral,qwen,Q024,ADHD,chg_A,-2.708024,-8.708024,0.066834,220,244
mistralai/Mistral-7B-Instruct-v0.3,mistral,qwen,Q024,ADHD,chg_B,-1.585549,-1.585549,0.409670,220,244
mistralai/Mistral-7B-Instruct-v0.3,mistral,qwen,Q025,IDENTITY,chg_A,-1.798546,-7.611046,0.166034,244,244
mistralai/Mistral-7B-Instruct-v0.3,mistral,qwen,Q025,IDENTITY,chg_B,-1.798546,-7.611046,0.166034,244,244
mistralai/Mistral-7B-Instruct-v0.3,mistral,qwen,Q025,NONE_vs_CONTROL,chg_A,-2.239263,-6.926763,0.107518,243,244
mistralai/Mistral-7B-Instruct-v0.3,mistral,qwen,Q025,NONE_vs_CONTROL,chg_B,-1.776037,-7.026037,0.170196,243,244
mistralai/Mistral-7B-Instruct-v0.3,mistral,qwen,Q025,SCREEN,chg_A,-1.441999,-7.691999,0.236911,247,244
mistralai/Mistral-7B-Instruct-v0.3,mistral,qwen,Q025,SCREEN,chg_B,-0.642546,-7.205046,0.526694,247,244
mistralai/Mistral-7B-Instruct-v0.3,mistral,qwen,Q025,AGE,chg_A,-1.599337,-6.911837,0.203026,249,244
mistralai/Mistral-7B-Instruct-v0.3,mistral,qwen,Q025,AGE,chg_B,-1.430393,-6.680393,0.240470,249,244
mistralai/Mistral-7B-Instruct-v0.3,mistral,qwen,Q025,ADHD,chg_A,-1.339908,-6.714909,0.263082,243,244
mistralai/Mistral-7B-Instruct-v0.3,mistral,qwen,Q025,ADHD,chg_B,-0.908070,-5.220571,0.408706,243,244
mistralai/Mistral-7B-Instruct-v0.3,mistral,qwen,Q026,IDENTITY,chg_A,-2.659441,-8.159441,0.070273,257,257
mistralai/Mistral-7B-Instruct-v0.3,mistral,qwen,Q026,IDENTITY,chg_B,-2.659441,-8.159441,0.070273,257,257
mistralai/Mistral-7B-Instruct-v0.3,mistral,qwen,Q026,NONE_vs_CONTROL,chg_A,-2.786455,-8.098955,0.061943,259,257
mistralai/Mistral-7B-Instruct-v0.3,mistral,qwen,Q026,NONE_vs_CONTROL,chg_B,-1.509612,-8.197112,0.221271,259,257
mistralai/Mistral-7B-Instruct-v0.3,mistral,qwen,Q026,SCREEN,chg_A,-2.058780,-7.996280,0.127946,254,257
mistralai/Mistral-7B-Instruct-v0.3,mistral,qwen,Q026,SCREEN,chg_B,-1.108970,-9.233970,0.329996,254,257
mistralai/Mistral-7B-Instruct-v0.3,mistral,qwen,Q026,AGE,chg_A,-2.590798,-7.715798,0.075406,234,257
mistralai/Mistral-7B-Instruct-v0.3,mistral,qwen,Q026,AGE,chg_B,-2.718826,-8.156325,0.066239,234,257
mistralai/Mistral-7B-Instruct-v0.3,mistral,qwen,Q026,ADHD,chg_A,-2.847904,-7.785404,0.058381,234,257
mistralai/Mistral-7B-Instruct-v0.3,mistral,qwen,Q026,ADHD,chg_B,-2.430280,-8.805281,0.088162,234,257
mistralai/Mistral-7B-Instruct-v0.3,mistral,qwen,Q027,IDENTITY,chg_A,-3.922749,-7.797749,0.020197,258,258
mistralai/Mistral-7B-Instruct-v0.3,mistral,qwen,Q027,IDENTITY,chg_B,-3.922749,-7.797749,0.020197,258,258
mistralai/Mistral-7B-Instruct-v0.3,mistral,qwen,Q027,NONE_vs_CONTROL,chg_A,-2.693362,-6.880862,0.068680,246,258
mistralai/Mistral-7B-Instruct-v0.3,mistral,qwen,Q027,NONE_vs_CONTROL,chg_B,-3.550788,-7.363288,0.029336,246,258
mistralai/Mistral-7B-Instruct-v0.3,mistral,qwen,Q027,SCREEN,chg_A,-1.863475,-5.988475,0.157640,263,258
mistralai/Mistral-7B-Instruct-v0.3,mistral,qwen,Q027,SCREEN,chg_B,-0.925153,-7.862653,0.396856,263,258
mistralai/Mistral-7B-Instruct-v0.3,mistral,qwen,Q027,AGE,chg_A,-3.042091,-7.229591,0.048460,259,258
mistralai/Mistral-7B-Instruct-v0.3,mistral,qwen,Q027,AGE,chg_B,-2.883925,-7.071425,0.056764,259,258
mistralai/Mistral-7B-Instruct-v0.3,mistral,qwen,Q027,ADHD,chg_A,-2.343084,-6.718084,0.097240,260,258
mistralai/Mistral-7B-Instruct-v0.3,mistral,qwen,Q027,ADHD,chg_B,-3.156095,-3.906095,0.062711,260,258
mistralai/Mistral-7B-Instruct-v0.3,mistral,qwen,Q028,IDENTITY,chg_A,-2.070621,-7.695621,0.126562,252,252
mistralai/Mistral-7B-Instruct-v0.3,mistral,qwen,Q028,IDENTITY,chg_B,-2.070621,-7.695621,0.126562,252,252
mistralai/Mistral-7B-Instruct-v0.3,mistral,qwen,Q028,NONE_vs_CONTROL,chg_A,-1.840300,-6.277800,0.160647,243,252
mistralai/Mistral-7B-Instruct-v0.3,mistral,qwen,Q028,NONE_vs_CONTROL,chg_B,-1.690851,-6.815851,0.185459,243,252
mistralai/Mistral-7B-Instruct-v0.3,mistral,qwen,Q028,SCREEN,chg_A,-1.518216,-2.643216,0.290235,239,252
mistralai/Mistral-7B-Instruct-v0.3,mistral,qwen,Q028,SCREEN,chg_B,-0.447736,-3.510236,0.668963,239,252
mistralai/Mistral-7B-Instruct-v0.3,mistral,qwen,Q028,AGE,chg_A,-1.566041,-5.816041,0.211850,253,252
mistralai/Mistral-7B-Instruct-v0.3,mistral,qwen,Q028,AGE,chg_B,-1.338794,-7.776294,0.262581,253,252
mistralai/Mistral-7B-Instruct-v0.3,mistral,qwen,Q028,ADHD,chg_A,-1.611101,-5.423601,0.204079,248,252
mistralai/Mistral-7B-Instruct-v0.3,mistral,qwen,Q028,ADHD,chg_B,-1.341047,-2.778547,0.323701,248,252
mistralai/Mistral-7B-Instruct-v0.3,mistral,qwen,Q029,IDENTITY,chg_A,-1.816035,-7.066035,0.163523,240,240
mistralai/Mistral-7B-Instruct-v0.3,mistral,qwen,Q029,IDENTITY,chg_B,-1.816035,-7.066035,0.163523,240,240
mistralai/Mistral-7B-Instruct-v0.3,mistral,qwen,Q029,NONE_vs_CONTROL,chg_A,-2.107778,-6.232778,0.123472,253,240
mistralai/Mistral-7B-Instruct-v0.3,mistral,qwen,Q029,NONE_vs_CONTROL,chg_B,-2.724964,-7.724965,0.065990,253,240
mistralai/Mistral-7B-Instruct-v0.3,mistral,qwen,Q029,SCREEN,chg_A,-1.714213,-6.464213,0.181664,247,240
mistralai/Mistral-7B-Instruct-v0.3,mistral,qwen,Q029,SCREEN,chg_B,-0.628956,-8.753956,0.533306,247,240
mistralai/Mistral-7B-Instruct-v0.3,mistral,qwen,Q029,AGE,chg_A,-1.871404,-7.371404,0.154536,241,240
mistralai/Mistral-7B-Instruct-v0.3,mistral,qwen,Q029,AGE,chg_B,-1.959076,-5.146576,0.146808,241,240
mistralai/Mistral-7B-Instruct-v0.3,mistral,qwen,Q029,ADHD,chg_A,-1.512055,-6.449555,0.222038,250,240
mistralai/Mistral-7B-Instruct-v0.3,mistral,qwen,Q029,ADHD,chg_B,-1.202712,-5.140212,0.306235,250,240
mistralai/Mistral-7B-Instruct-v0.3,mistral,qwen,Q030,IDENTITY,chg_A,-2.555041,-7.055041,0.078552,256,256
mistralai/Mistral-7B-Instruct-v0.3,mistral,qwen,Q030,IDENTITY,chg_B,-2.555041,-7.055041,0.078552,256,256
mistralai/Mistral-7B-Instruct-v0.3,mistral,qwen,Q030,NONE_vs_CONTROL,chg_A,-2.426999,-6.176999,0.090378,255,256
mistralai/Mistral-7B-Instruct-v0.3,mistral,qwen,Q030,NONE_vs_CONTROL,chg_B,-3.866213,-6.803713,0.022047,255,256
mistralai/Mistral-7B-Instruct-v0.3,mistral,qwen,Q030,SCREEN,chg_A,-1.642200,-4.892200,0.201059,263,256
mistralai/Mistral-7B-Instruct-v0.3,mistral,qwen,Q030,SCREEN,chg_B,-0.672483,-5.609983,0.514101,263,256
mistralai/Mistral-7B-Instruct-v0.3,mistral,qwen,Q030,AGE,chg_A,-2.441968,-2.004468,0.221721,237,256
mistralai/Mistral-7B-Instruct-v0.3,mistral,qwen,Q030,AGE,chg_B,-2.212119,-10.149619,0.109508,237,256
mistralai/Mistral-7B-Instruct-v0.3,mistral,qwen,Q030,ADHD,chg_A,-2.457866,-6.270366,0.087509,247,256
mistralai/Mistral-7B-Instruct-v0.3,mistral,qwen,Q030,ADHD,chg_B,-1.393007,-7.018007,0.249223,247,256
mistralai/Mistral-7B-Instruct-v0.3,mistral,qwen,Q031,IDENTITY,chg_A,-3.499456,-7.499456,0.030767,249,249
mistralai/Mistral-7B-Instruct-v0.3,mistral,qwen,Q031,IDENTITY,chg_B,-3.499456,-7.499456,0.030767,249,249
mistralai/Mistral-7B-Instruct-v0.3,mistral,qwen,Q031,NONE_vs_CONTROL,chg_A,-3.257280,-8.007279,0.038826,216,249
mistralai/Mistral-7B-Instruct-v0.3,mistral,qwen,Q031,NONE_vs_CONTROL,chg_B,-3.638889,-8.513889,0.026482,216,249
mistralai/Mistral-7B-Instruct-v0.3,mistral,qwen,Q031,SCREEN,chg_A,-1.774822,-9.087322,0.169627,243,249
mistralai/Mistral-7B-Instruct-v0.3,mistral,qwen,Q031,SCREEN,chg_B,-0.791459,-7.791459,0.453596,243,249
mistralai/Mistral-7B-Instruct-v0.3,mistral,qwen,Q031,AGE,chg_A,-3.216747,-7.591747,0.040590,233,249
mistralai/Mistral-7B-Instruct-v0.3,mistral,qwen,Q031,AGE,chg_B,-2.448242,-6.885742,0.087468,233,249
mistralai/Mistral-7B-Instruct-v0.3,mistral,qwen,Q031,ADHD,chg_A,-1.944168,-7.381668,0.143729,222,249
mistralai/Mistral-7B-Instruct-v0.3,mistral,qwen,Q031,ADHD,chg_B,-2.064775,-6.314775,0.128656,222,249
mistralai/Mistral-7B-Instruct-v0.3,mistral,qwen,Q032,IDENTITY,chg_A,-2.696336,-7.883836,0.067829,246,246
mistralai/Mistral-7B-Instruct-v0.3,mistral,qwen,Q032,IDENTITY,chg_B,-2.696336,-7.883836,0.067829,246,246
mistralai/Mistral-7B-Instruct-v0.3,mistral,qwen,Q032,NONE_vs_CONTROL,chg_A,-0.867755,-6.242755,0.421837,232,246
mistralai/Mistral-7B-Instruct-v0.3,mistral,qwen,Q032,NONE_vs_CONTROL,chg_B,-0.939287,-5.751787,0.394083,232,246
mistralai/Mistral-7B-Instruct-v0.3,mistral,qwen,Q032,SCREEN,chg_A,-0.662563,-4.787563,0.523861,241,246
mistralai/Mistral-7B-Instruct-v0.3,mistral,qwen,Q032,SCREEN,chg_B,-0.292660,-6.105160,0.748507,241,246
mistralai/Mistral-7B-Instruct-v0.3,mistral,qwen,Q032,AGE,chg_A,-1.068545,-3.443545,0.375459,220,246
mistralai/Mistral-7B-Instruct-v0.3,mistral,qwen,Q032,AGE,chg_B,-0.480173,-9.480173,0.618753,220,246
mistralai/Mistral-7B-Instruct-v0.3,mistral,qwen,Q032,ADHD,chg_A,-1.189267,-7.189267,0.305199,244,246
mistralai/Mistral-7B-Instruct-v0.3,mistral,qwen,Q032,ADHD,chg_B,-1.027424,-3.464924,0.389203,244,246
mistralai/Mistral-7B-Instruct-v0.3,mistral,qwen,Q033,IDENTITY,chg_A,-1.683172,-6.370672,0.187495,259,259
mistralai/Mistral-7B-Instruct-v0.3,mistral,qwen,Q033,IDENTITY,chg_B,-1.683172,-6.370672,0.187495,259,259
mistralai/Mistral-7B-Instruct-v0.3,mistral,qwen,Q033,NONE_vs_CONTROL,chg_A,-1.469495,-4.906995,0.237436,262,259
mistralai/Mistral-7B-Instruct-v0.3,mistral,qwen,Q033,NONE_vs_CONTROL,chg_B,-1.512068,-5.199568,0.225973,262,259
mistralai/Mistral-7B-Instruct-v0.3,mistral,qwen,Q033,SCREEN,chg_A,-0.818914,-3.756414,0.464278,262,259
mistralai/Mistral-7B-Instruct-v0.3,mistral,qwen,Q033,SCREEN,chg_B,-0.526752,-6.589252,0.591895,262,259
mistralai/Mistral-7B-Instruct-v0.3,mistral,qwen,Q033,AGE,chg_A,-1.817983,-4.317983,0.175680,237,259
mistralai/Mistral-7B-Instruct-v0.3,mistral,qwen,Q033,AGE,chg_B,-0.853372,-3.603372,0.453208,237,259
mistralai/Mistral-7B-Instruct-v0.3,mistral,qwen,Q033,ADHD,chg_A,-1.585003,-4.147503,0.220751,252,259
mistralai/Mistral-7B-Instruct-v0.3,mistral,qwen,Q033,ADHD,chg_B,-1.293544,-2.543544,0.352884,252,259
mistralai/Mistral-7B-Instruct-v0.3,mistral,qwen,Q034,IDENTITY,chg_A,-0.904858,-7.092358,0.405431,248,248
mistralai/Mistral-7B-Instruct-v0.3,mistral,qwen,Q034,IDENTITY,chg_B,-0.904858,-7.092358,0.405431,248,248
mistralai/Mistral-7B-Instruct-v0.3,mistral,qwen,Q034,NONE_vs_CONTROL,chg_A,-1.386315,-6.198815,0.252027,245,248
mistralai/Mistral-7B-Instruct-v0.3,mistral,qwen,Q034,NONE_vs_CONTROL,chg_B,-1.330419,-5.205419,0.269853,245,248
mistralai/Mistral-7B-Instruct-v0.3,mistral,qwen,Q034,SCREEN,chg_A,-0.768831,-4.456331,0.475160,224,248
mistralai/Mistral-7B-Instruct-v0.3,mistral,qwen,Q034,SCREEN,chg_B,-0.668218,-6.855718,0.513675,224,248
mistralai/Mistral-7B-Instruct-v0.3,mistral,qwen,Q034,AGE,chg_A,-1.152579,-7.027579,0.316708,252,248
mistralai/Mistral-7B-Instruct-v0.3,mistral,qwen,Q034,AGE,chg_B,-1.704879,-5.892379,0.184555,252,248
mistralai/Mistral-7B-Instruct-v0.3,mistral,qwen,Q034,ADHD,chg_A,-0.529096,-4.341596,0.602153,239,248
mistralai/Mistral-7B-Instruct-v0.3,mistral,qwen,Q034,ADHD,chg_B,-0.427979,-4.802979,0.660031,239,248
mistralai/Mistral-7B-Instruct-v0.3,mistral,qwen,Q035,IDENTITY,chg_A,-1.750177,-7.562677,0.174263,240,240
mistralai/Mistral-7B-Instruct-v0.3,mistral,qwen,Q035,IDENTITY,chg_B,-1.750177,-7.562677,0.174263,240,240
mistralai/Mistral-7B-Instruct-v0.3,mistral,qwen,Q035,NONE_vs_CONTROL,chg_A,-1.858796,-7.108796,0.156678,249,240
mistralai/Mistral-7B-Instruct-v0.3,mistral,qwen,Q035,NONE_vs_CONTROL,chg_B,-2.332674,-7.332674,0.097690,249,240
mistralai/Mistral-7B-Instruct-v0.3,mistral,qwen,Q035,SCREEN,chg_A,-1.270813,-7.020813,0.281497,235,240
mistralai/Mistral-7B-Instruct-v0.3,mistral,qwen,Q035,SCREEN,chg_B,-0.456224,-8.268723,0.633929,235,240
mistralai/Mistral-7B-Instruct-v0.3,mistral,qwen,Q035,AGE,chg_A,-1.563713,-6.563714,0.210768,247,240
mistralai/Mistral-7B-Instruct-v0.3,mistral,qwen,Q035,AGE,chg_B,-1.714215,-10.526715,0.180132,247,240
mistralai/Mistral-7B-Instruct-v0.3,mistral,qwen,Q035,ADHD,chg_A,-2.268549,-8.081049,0.103772,251,240
mistralai/Mistral-7B-Instruct-v0.3,mistral,qwen,Q035,ADHD,chg_B,-2.055676,-8.555676,0.128199,251,240
mistralai/Mistral-7B-Instruct-v0.3,mistral,qwen,Q036,IDENTITY,chg_A,-4.079009,-7.891509,0.017298,250,250
mistralai/Mistral-7B-Instruct-v0.3,mistral,qwen,Q036,IDENTITY,chg_B,-4.079009,-7.891509,0.017298,250,250
mistralai/Mistral-7B-Instruct-v0.3,mistral,qwen,Q036,NONE_vs_CONTROL,chg_A,-3.161272,-7.223772,0.043101,231,250
mistralai/Mistral-7B-Instruct-v0.3,mistral,qwen,Q036,NONE_vs_CONTROL,chg_B,-2.796596,-8.296596,0.061267,231,250
mistralai/Mistral-7B-Instruct-v0.3,mistral,qwen,Q036,SCREEN,chg_A,-3.556552,-8.744052,0.028696,244,250
mistralai/Mistral-7B-Instruct-v0.3,mistral,qwen,Q036,SCREEN,chg_B,-0.776144,-6.338644,0.461944,244,250
mistralai/Mistral-7B-Instruct-v0.3,mistral,qwen,Q036,AGE,chg_A,-3.328226,-7.015726,0.036754,232,250
mistralai/Mistral-7B-Instruct-v0.3,mistral,qwen,Q036,AGE,chg_B,-3.134156,-9.946656,0.043584,232,250
mistralai/Mistral-7B-Instruct-v0.3,mistral,qwen,Q036,ADHD,chg_A,-3.810317,-8.310317,0.022387,232,250
mistralai/Mistral-7B-Instruct-v0.3,mistral,qwen,Q036,ADHD,chg_B,-2.814200,-6.939200,0.060922,232,250
mistralai/Mistral-7B-Instruct-v0.3,mistral,qwen,Q037,IDENTITY,chg_A,-5.006736,-7.319236,0.007355,247,247
mistralai/Mistral-7B-Instruct-v0.3,mistral,qwen,Q037,IDENTITY,chg_B,-5.006736,-7.319236,0.007355,247,247
mistralai/Mistral-7B-Instruct-v0.3,mistral,qwen,Q037,NONE_vs_CONTROL,chg_A,-4.557922,-8.370422,0.010715,253,247
mistralai/Mistral-7B-Instruct-v0.3,mistral,qwen,Q037,NONE_vs_CONTROL,chg_B,-3.601929,-6.664429,0.028547,253,247
mistralai/Mistral-7B-Instruct-v0.3,mistral,qwen,Q037,SCREEN,chg_A,-3.995137,-8.370137,0.018637,250,247
mistralai/Mistral-7B-Instruct-v0.3,mistral,qwen,Q037,SCREEN,chg_B,-2.182495,-2.619995,0.185563,250,247
mistralai/Mistral-7B-Instruct-v0.3,mistral,qwen,Q037,AGE,chg_A,-3.707808,-5.770308,0.027650,253,247
mistralai/Mistral-7B-Instruct-v0.3,mistral,qwen,Q037,AGE,chg_B,-1.766439,-10.016438,0.170985,253,247
mistralai/Mistral-7B-Instruct-v0.3,mistral,qwen,Q037,ADHD,chg_A,-3.092467,-7.654967,0.045864,239,247
mistralai/Mistral-7B-Instruct-v0.3,mistral,qwen,Q037,ADHD,chg_B,-1.922673,-3.110173,0.190809,239,247
mistralai/Mistral-7B-Instruct-v0.3,mistral,qwen,Q038,IDENTITY,chg_A,-4.169043,-8.106543,0.015769,251,251
mistralai/Mistral-7B-Instruct-v0.3,mistral,qwen,Q038,IDENTITY,chg_B,-4.169043,-8.106543,0.015769,251,251
mistralai/Mistral-7B-Instruct-v0.3,mistral,qwen,Q038,NONE_vs_CONTROL,chg_A,-6.037422,-9.474922,0.002464,252,251
mistralai/Mistral-7B-Instruct-v0.3,mistral,qwen,Q038,NONE_vs_CONTROL,chg_B,-2.168308,-5.793308,0.117419,252,251
mistralai/Mistral-7B-Instruct-v0.3,mistral,qwen,Q038,SCREEN,chg_A,-3.082581,-8.707581,0.046006,229,251
mistralai/Mistral-7B-Instruct-v0.3,mistral,qwen,Q038,SCREEN,chg_B,-1.542728,-5.167728,0.219494,229,251
mistralai/Mistral-7B-Instruct-v0.3,mistral,qwen,Q038,AGE,chg_A,-5.793706,-8.231206,0.003313,248,251
mistralai/Mistral-7B-Instruct-v0.3,mistral,qwen,Q038,AGE,chg_B,-2.180056,-6.805056,0.114143,248,251
mistralai/Mistral-7B-Instruct-v0.3,mistral,qwen,Q038,ADHD,chg_A,-4.078708,-6.641208,0.018235,240,251
mistralai/Mistral-7B-Instruct-v0.3,mistral,qwen,Q038,ADHD,chg_B,-1.436744,-9.811745,0.237755,240,251
mistralai/Mistral-7B-Instruct-v0.3,mistral,qwen,Q039,IDENTITY,chg_A,-2.448841,-7.511341,0.086941,257,257
mistralai/Mistral-7B-Instruct-v0.3,mistral,qwen,Q039,IDENTITY,chg_B,-2.448841,-7.511341,0.086941,257,257
mistralai/Mistral-7B-Instruct-v0.3,mistral,qwen,Q039,NONE_vs_CONTROL,chg_A,-1.581734,-5.581734,0.209384,249,257
mistralai/Mistral-7B-Instruct-v0.3,mistral,qwen,Q039,NONE_vs_CONTROL,chg_B,-1.424362,-6.611862,0.242006,249,257
mistralai/Mistral-7B-Instruct-v0.3,mistral,qwen,Q039,SCREEN,chg_A,-1.813413,-2.375913,0.256026,227,257
mistralai/Mistral-7B-Instruct-v0.3,mistral,qwen,Q039,SCREEN,chg_B,-0.343176,-8.530676,0.709710,227,257
mistralai/Mistral-7B-Instruct-v0.3,mistral,qwen,Q039,AGE,chg_A,-2.242432,-5.617432,0.109834,243,257
mistralai/Mistral-7B-Instruct-v0.3,mistral,qwen,Q039,AGE,chg_B,-1.603024,-9.040524,0.201406,243,257
mistralai/Mistral-7B-Instruct-v0.3,mistral,qwen,Q039,ADHD,chg_A,-1.700769,-6.388269,0.184224,237,257
mistralai/Mistral-7B-Instruct-v0.3,mistral,qwen,Q039,ADHD,chg_B,-1.077366,-5.577366,0.344274,237,257
mistralai/Mistral-7B-Instruct-v0.3,mistral,qwen,Q040,IDENTITY,chg_A,-3.681354,-7.306354,0.025860,260,260
mistralai/Mistral-7B-Instruct-v0.3,mistral,qwen,Q040,IDENTITY,chg_B,-3.681354,-7.306354,0.025860,260,260
mistralai/Mistral-7B-Instruct-v0.3,mistral,qwen,Q040,NONE_vs_CONTROL,chg_A,-2.198905,-6.198905,0.112956,251,260
mistralai/Mistral-7B-Instruct-v0.3,mistral,qwen,Q040,NONE_vs_CONTROL,chg_B,-2.221045,-4.846045,0.116355,251,260
mistralai/Mistral-7B-Instruct-v0.3,mistral,qwen,Q040,SCREEN,chg_A,-2.765347,-6.890347,0.063972,231,260
mistralai/Mistral-7B-Instruct-v0.3,mistral,qwen,Q040,SCREEN,chg_B,-1.464593,-6.839593,0.232243,231,260
mistralai/Mistral-7B-Instruct-v0.3,mistral,qwen,Q040,AGE,chg_A,-2.338716,-6.213716,0.098453,247,260
mistralai/Mistral-7B-Instruct-v0.3,mistral,qwen,Q040,AGE,chg_B,-3.551180,-4.676180,0.038005,247,260
mistralai/Mistral-7B-Instruct-v0.3,mistral,qwen,Q040,ADHD,chg_A,-2.100113,-4.787612,0.130775,255,260
mistralai/Mistral-7B-Instruct-v0.3,mistral,qwen,Q040,ADHD,chg_B,-2.055018,-7.992518,0.128428,255,260
mistralai/Mistral-7B-Instruct-v0.3,mistral,qwen,Q041,IDENTITY,chg_A,-2.878559,-6.816059,0.057312,236,236
mistralai/Mistral-7B-Instruct-v0.3,mistral,qwen,Q041,IDENTITY,chg_B,-2.878559,-6.816059,0.057312,236,236
mistralai/Mistral-7B-Instruct-v0.3,mistral,qwen,Q041,NONE_vs_CONTROL,chg_A,-2.367022,-6.492022,0.095275,227,236
mistralai/Mistral-7B-Instruct-v0.3,mistral,qwen,Q041,NONE_vs_CONTROL,chg_B,-4.292352,-7.417352,0.014273,227,236
mistralai/Mistral-7B-Instruct-v0.3,mistral,qwen,Q041,SCREEN,chg_A,-3.477097,-7.164597,0.031670,231,236
mistralai/Mistral-7B-Instruct-v0.3,mistral,qwen,Q041,SCREEN,chg_B,-2.150191,-4.400191,0.128737,231,236
mistralai/Mistral-7B-Instruct-v0.3,mistral,qwen,Q041,AGE,chg_A,-2.853431,-4.915931,0.064975,225,236
mistralai/Mistral-7B-Instruct-v0.3,mistral,qwen,Q041,AGE,chg_B,-2.254920,-6.004920,0.107348,225,236
mistralai/Mistral-7B-Instruct-v0.3,mistral,qwen,Q041,ADHD,chg_A,-3.075619,-7.575619,0.046674,247,236
mistralai/Mistral-7B-Instruct-v0.3,mistral,qwen,Q041,ADHD,chg_B,-3.714659,-7.027159,0.025251,247,236
mistralai/Mistral-7B-Instruct-v0.3,mistral,qwen,Q042,IDENTITY,chg_A,-4.295599,-7.670599,0.014095,188,188
mistralai/Mistral-7B-Instruct-v0.3,mistral,qwen,Q042,IDENTITY,chg_B,-4.295599,-7.670599,0.014095,188,188
mistralai/Mistral-7B-Instruct-v0.3,mistral,qwen,Q042,NONE_vs_CONTROL,chg_A,-4.082642,-7.582642,0.017372,188,188
mistralai/Mistral-7B-Instruct-v0.3,mistral,qwen,Q042,NONE_vs_CONTROL,chg_B,-3.806644,-7.556644,0.022745,188,188
mistralai/Mistral-7B-Instruct-v0.3,mistral,qwen,Q042,SCREEN,chg_A,-2.844116,-6.594116,0.059554,192,188
mistralai/Mistral-7B-Instruct-v0.3,mistral,qwen,Q042,SCREEN,chg_B,-1.894978,-7.332478,0.150976,192,188
mistralai/Mistral-7B-Instruct-v0.3,mistral,qwen,Q042,AGE,chg_A,-2.386261,-6.636261,0.093285,200,188
mistralai/Mistral-7B-Instruct-v0.3,mistral,qwen,Q042,AGE,chg_B,-3.353561,-7.853561,0.035348,200,188
mistralai/Mistral-7B-Instruct-v0.3,mistral,qwen,Q042,ADHD,chg_A,-3.432966,-7.432966,0.032882,213,188
mistralai/Mistral-7B-Instruct-v0.3,mistral,qwen,Q042,ADHD,chg_B,-2.349983,-5.412483,0.099831,213,188
mistralai/Mistral-7B-Instruct-v0.3,mistral,qwen,Q043,IDENTITY,chg_A,-5.470771,-8.283271,0.004461,228,228
mistralai/Mistral-7B-Instruct-v0.3,mistral,qwen,Q043,IDENTITY,chg_B,-5.470771,-8.283271,0.004461,228,228
mistralai/Mistral-7B-Instruct-v0.3,mistral,qwen,Q043,NONE_vs_CONTROL,chg_A,-5.225471,-7.662971,0.005848,236,228
mistralai/Mistral-7B-Instruct-v0.3,mistral,qwen,Q043,NONE_vs_CONTROL,chg_B,-5.976662,-7.664162,0.003007,236,228
mistralai/Mistral-7B-Instruct-v0.3,mistral,qwen,Q043,SCREEN,chg_A,-4.271375,-7.458875,0.014539,236,228
mistralai/Mistral-7B-Instruct-v0.3,mistral,qwen,Q043,SCREEN,chg_B,-3.637665,-7.137665,0.027108,236,228
mistralai/Mistral-7B-Instruct-v0.3,mistral,qwen,Q043,AGE,chg_A,-4.715749,-7.090749,0.009786,221,228
mistralai/Mistral-7B-Instruct-v0.3,mistral,qwen,Q043,AGE,chg_B,-4.318572,-7.943572,0.013674,221,228
mistralai/Mistral-7B-Instruct-v0.3,mistral,qwen,Q043,ADHD,chg_A,-2.563138,-6.063138,0.079390,244,228
mistralai/Mistral-7B-Instruct-v0.3,mistral,qwen,Q043,ADHD,chg_B,-2.646596,-7.209096,0.071632,244,228
mistralai/Mistral-7B-Instruct-v0.3,mistral,qwen,Q044,IDENTITY,chg_A,-4.820426,-7.757926,0.008491,241,241
mistralai/Mistral-7B-Instruct-v0.3,mistral,qwen,Q044,IDENTITY,chg_B,-4.820426,-7.757926,0.008491,241,241
mistralai/Mistral-7B-Instruct-v0.3,mistral,qwen,Q044,NONE_vs_CONTROL,chg_A,-2.594152,-6.594152,0.076078,246,241
mistralai/Mistral-7B-Instruct-v0.3,mistral,qwen,Q044,NONE_vs_CONTROL,chg_B,-3.134736,-7.759736,0.043938,246,241
mistralai/Mistral-7B-Instruct-v0.3,mistral,qwen,Q044,SCREEN,chg_A,-4.113016,-9.550515,0.016430,254,241
mistralai/Mistral-7B-Instruct-v0.3,mistral,qwen,Q044,SCREEN,chg_B,-2.708237,-1.520737,0.285205,254,241
mistralai/Mistral-7B-Instruct-v0.3,mistral,qwen,Q044,AGE,chg_A,-2.677985,-7.490485,0.069260,255,241
mistralai/Mistral-7B-Instruct-v0.3,mistral,qwen,Q044,AGE,chg_B,-2.226845,-5.476845,0.112051,255,241
mistralai/Mistral-7B-Instruct-v0.3,mistral,qwen,Q044,ADHD,chg_A,-3.097825,-7.472825,0.045716,229,241
mistralai/Mistral-7B-Instruct-v0.3,mistral,qwen,Q044,ADHD,chg_B,-1.679705,-5.054705,0.192808,229,241
mistralai/Mistral-7B-Instruct-v0.3,mistral,qwen,Q045,IDENTITY,chg_A,-3.315012,-7.565012,0.036852,246,246
mistralai/Mistral-7B-Instruct-v0.3,mistral,qwen,Q045,IDENTITY,chg_B,-3.315012,-7.565012,0.036852,246,246
mistralai/Mistral-7B-Instruct-v0.3,mistral,qwen,Q045,NONE_vs_CONTROL,chg_A,-2.197386,-7.322386,0.111754,240,246
mistralai/Mistral-7B-Instruct-v0.3,mistral,qwen,Q045,NONE_vs_CONTROL,chg_B,-2.589704,-7.027205,0.075930,240,246
mistralai/Mistral-7B-Instruct-v0.3,mistral,qwen,Q045,SCREEN,chg_A,-2.554684,-7.804684,0.078125,251,246
mistralai/Mistral-7B-Instruct-v0.3,mistral,qwen,Q045,SCREEN,chg_B,-0.786186,-5.161186,0.461314,251,246
mistralai/Mistral-7B-Instruct-v0.3,mistral,qwen,Q045,AGE,chg_A,-1.670681,-7.858181,0.188506,237,246
mistralai/Mistral-7B-Instruct-v0.3,mistral,qwen,Q045,AGE,chg_B,-1.863898,-6.676397,0.156327,237,246
mistralai/Mistral-7B-Instruct-v0.3,mistral,qwen,Q045,ADHD,chg_A,-1.105075,-5.855075,0.334051,243,246
mistralai/Mistral-7B-Instruct-v0.3,mistral,qwen,Q045,ADHD,chg_B,-0.614448,-9.551949,0.541010,243,246
mistralai/Mistral-7B-Instruct-v0.3,mistral,qwen,Q046,IDENTITY,chg_A,-3.975310,-7.537810,0.019306,237,237
mistralai/Mistral-7B-Instruct-v0.3,mistral,qwen,Q046,IDENTITY,chg_B,-3.975310,-7.537810,0.019306,237,237
mistralai/Mistral-7B-Instruct-v0.3,mistral,qwen,Q046,NONE_vs_CONTROL,chg_A,-4.553479,-6.740979,0.011712,240,237
mistralai/Mistral-7B-Instruct-v0.3,mistral,qwen,Q046,NONE_vs_CONTROL,chg_B,-3.246259,-6.871259,0.039957,240,237
mistralai/Mistral-7B-Instruct-v0.3,mistral,qwen,Q046,SCREEN,chg_A,-3.433376,-6.183376,0.034341,233,237
mistralai/Mistral-7B-Instruct-v0.3,mistral,qwen,Q046,SCREEN,chg_B,-2.048034,-1.173034,0.438415,233,237
mistralai/Mistral-7B-Instruct-v0.3,mistral,qwen,Q046,AGE,chg_A,-5.146040,-7.396040,0.006436,233,237
mistralai/Mistral-7B-Instruct-v0.3,mistral,qwen,Q046,AGE,chg_B,-1.764655,-4.264655,0.185303,233,237
mistralai/Mistral-7B-Instruct-v0.3,mistral,qwen,Q046,ADHD,chg_A,-3.731882,-6.294382,0.025794,215,237
mistralai/Mistral-7B-Instruct-v0.3,mistral,qwen,Q046,ADHD,chg_B,-1.486006,-3.798506,0.248679,215,237
mistralai/Mistral-7B-Instruct-v0.3,mistral,qwen,Q047,IDENTITY,chg_A,-2.687190,-7.437190,0.068661,236,236
mistralai/Mistral-7B-Instruct-v0.3,mistral,qwen,Q047,IDENTITY,chg_B,-2.687190,-7.437190,0.068661,236,236
mistralai/Mistral-7B-Instruct-v0.3,mistral,qwen,Q047,NONE_vs_CONTROL,chg_A,-0.924204,-5.174204,0.402508,260,236
mistralai/Mistral-7B-Instruct-v0.3,mistral,qwen,Q047,NONE_vs_CONTROL,chg_B,-1.052852,-6.052852,0.351292,260,236
mistralai/Mistral-7B-Instruct-v0.3,mistral,qwen,Q047,SCREEN,chg_A,-0.692454,-2.192454,0.611989,253,236
mistralai/Mistral-7B-Instruct-v0.3,mistral,qwen,Q047,SCREEN,chg_B,-0.093295,-8.718295,0.911088,253,236
mistralai/Mistral-7B-Instruct-v0.3,mistral,qwen,Q047,AGE,chg_A,-1.185743,-5.623243,0.309132,262,236
mistralai/Mistral-7B-Instruct-v0.3,mistral,qwen,Q047,AGE,chg_B,-1.173435,-6.735935,0.310490,262,236
mistralai/Mistral-7B-Instruct-v0.3,mistral,qwen,Q047,ADHD,chg_A,-1.229401,-5.291901,0.297500,240,236
mistralai/Mistral-7B-Instruct-v0.3,mistral,qwen,Q047,ADHD,chg_B,-0.807045,-3.057045,0.493201,240,236
mistralai/Mistral-7B-Instruct-v0.3,mistral,qwen,Q048,IDENTITY,chg_A,-5.105144,-8.042645,0.006387,253,253
mistralai/Mistral-7B-Instruct-v0.3,mistral,qwen,Q048,IDENTITY,chg_B,-5.105144,-8.042645,0.006387,253,253
mistralai/Mistral-7B-Instruct-v0.3,mistral,qwen,Q048,NONE_vs_CONTROL,chg_A,-3.447425,-8.697425,0.031995,246,253
mistralai/Mistral-7B-Instruct-v0.3,mistral,qwen,Q048,NONE_vs_CONTROL,chg_B,-3.229189,-8.416690,0.039811,246,253
mistralai/Mistral-7B-Instruct-v0.3,mistral,qwen,Q048,SCREEN,chg_A,-2.560969,-6.560969,0.078644,229,253
mistralai/Mistral-7B-Instruct-v0.3,mistral,qwen,Q048,SCREEN,chg_B,-1.441351,-6.066350,0.238928,229,253
mistralai/Mistral-7B-Instruct-v0.3,mistral,qwen,Q048,AGE,chg_A,-2.058412,-7.245912,0.128370,245,253
mistralai/Mistral-7B-Instruct-v0.3,mistral,qwen,Q048,AGE,chg_B,-2.944097,-7.506597,0.053199,245,253
mistralai/Mistral-7B-Instruct-v0.3,mistral,qwen,Q048,ADHD,chg_A,-2.358826,-6.546326,0.095967,239,253
mistralai/Mistral-7B-Instruct-v0.3,mistral,qwen,Q048,ADHD,chg_B,-1.065099,-11.252599,0.344707,239,253
mistralai/Mistral-7B-Instruct-v0.3,mistral,qwen,Q049,IDENTITY,chg_A,-6.036460,-9.098960,0.002502,244,244
mistralai/Mistral-7B-Instruct-v0.3,mistral,qwen,Q049,IDENTITY,chg_B,-6.036460,-9.098960,0.002502,244,244
mistralai/Mistral-7B-Instruct-v0.3,mistral,qwen,Q049,NONE_vs_CONTROL,chg_A,-6.161216,-10.161216,0.002148,239,244
mistralai/Mistral-7B-Instruct-v0.3,mistral,qwen,Q049,NONE_vs_CONTROL,chg_B,-3.564126,-7.001626,0.029232,239,244
mistralai/Mistral-7B-Instruct-v0.3,mistral,qwen,Q049,SCREEN,chg_A,-4.120793,-9.808293,0.016287,247,244
mistralai/Mistral-7B-Instruct-v0.3,mistral,qwen,Q049,SCREEN,chg_B,-3.099018,-7.286518,0.045778,247,244
mistralai/Mistral-7B-Instruct-v0.3,mistral,qwen,Q049,AGE,chg_A,-4.099555,-5.849555,0.019461,251,244
mistralai/Mistral-7B-Instruct-v0.3,mistral,qwen,Q049,AGE,chg_B,-3.066286,-10.878786,0.046613,251,244
mistralai/Mistral-7B-Instruct-v0.3,mistral,qwen,Q049,ADHD,chg_A,-3.086776,-7.899276,0.046020,259,244
mistralai/Mistral-7B-Instruct-v0.3,mistral,qwen,Q049,ADHD,chg_B,-1.480132,-4.542632,0.238253,259,244
mistralai/Mistral-7B-Instruct-v0.3,mistral,qwen,Q050,IDENTITY,chg_A,-3.339807,-7.839807,0.035838,255,255
mistralai/Mistral-7B-Instruct-v0.3,mistral,qwen,Q050,IDENTITY,chg_B,-3.339807,-7.839807,0.035838,255,255
mistralai/Mistral-7B-Instruct-v0.3,mistral,qwen,Q050,NONE_vs_CONTROL,chg_A,-2.634840,-6.322340,0.073526,264,255
mistralai/Mistral-7B-Instruct-v0.3,mistral,qwen,Q050,NONE_vs_CONTROL,chg_B,-2.888469,-8.325969,0.055904,264,255
mistralai/Mistral-7B-Instruct-v0.3,mistral,qwen,Q050,SCREEN,chg_A,-1.237119,-6.987119,0.291143,259,255
mistralai/Mistral-7B-Instruct-v0.3,mistral,qwen,Q050,SCREEN,chg_B,-0.984904,-9.109904,0.373586,259,255
mistralai/Mistral-7B-Instruct-v0.3,mistral,qwen,Q050,AGE,chg_A,-2.278163,-6.215663,0.104470,263,255
mistralai/Mistral-7B-Instruct-v0.3,mistral,qwen,Q050,AGE,chg_B,-4.785225,-9.035225,0.008471,263,255
mistralai/Mistral-7B-Instruct-v0.3,mistral,qwen,Q050,ADHD,chg_A,-0.935534,-5.810534,0.395372,261,255
mistralai/Mistral-7B-Instruct-v0.3,mistral,qwen,Q050,ADHD,chg_B,-1.443788,-9.131288,0.236140,261,255
mistralai/Mistral-7B-Instruct-v0.3,mistral,qwen,Q051,IDENTITY,chg_A,-3.491244,-7.928744,0.030823,235,235
mistralai/Mistral-7B-Instruct-v0.3,mistral,qwen,Q051,IDENTITY,chg_B,-3.491244,-7.928744,0.030823,235,235
mistralai/Mistral-7B-Instruct-v0.3,mistral,qwen,Q051,NONE_vs_CONTROL,chg_A,-3.844571,-7.094571,0.022225,250,235
mistralai/Mistral-7B-Instruct-v0.3,mistral,qwen,Q051,NONE_vs_CONTROL,chg_B,-2.837964,-6.462964,0.060105,250,235
mistralai/Mistral-7B-Instruct-v0.3,mistral,qwen,Q051,SCREEN,chg_A,-0.917755,-5.792756,0.402464,257,235
mistralai/Mistral-7B-Instruct-v0.3,mistral,qwen,Q051,SCREEN,chg_B,-0.346164,-3.846164,0.728758,257,235
mistralai/Mistral-7B-Instruct-v0.3,mistral,qwen,Q051,AGE,chg_A,-2.726267,-5.351267,0.070205,256,235
mistralai/Mistral-7B-Instruct-v0.3,mistral,qwen,Q051,AGE,chg_B,-1.065799,-8.065800,0.344767,256,235
mistralai/Mistral-7B-Instruct-v0.3,mistral,qwen,Q051,ADHD,chg_A,-1.718296,-6.030796,0.181775,253,235
mistralai/Mistral-7B-Instruct-v0.3,mistral,qwen,Q051,ADHD,chg_B,-1.026029,-6.963529,0.359373,253,235
mistralai/Mistral-7B-Instruct-v0.3,mistral,qwen,Q052,IDENTITY,chg_A,-3.624311,-8.311811,0.026913,251,251
mistralai/Mistral-7B-Instruct-v0.3,mistral,qwen,Q052,IDENTITY,chg_B,-3.624311,-8.311811,0.026913,251,251
mistralai/Mistral-7B-Instruct-v0.3,mistral,qwen,Q052,NONE_vs_CONTROL,chg_A,-1.795779,-7.545779,0.166526,254,251
mistralai/Mistral-7B-Instruct-v0.3,mistral,qwen,Q052,NONE_vs_CONTROL,chg_B,-2.433888,-7.496388,0.088250,254,251
mistralai/Mistral-7B-Instruct-v0.3,mistral,qwen,Q052,SCREEN,chg_A,-3.349942,-4.912442,0.042441,251,251
mistralai/Mistral-7B-Instruct-v0.3,mistral,qwen,Q052,SCREEN,chg_B,-3.257432,-7.444932,0.039072,251,251
mistralai/Mistral-7B-Instruct-v0.3,mistral,qwen,Q052,AGE,chg_A,-2.488241,-7.988241,0.083395,249,251
mistralai/Mistral-7B-Instruct-v0.3,mistral,qwen,Q052,AGE,chg_B,-2.869202,-8.119202,0.057042,249,251
mistralai/Mistral-7B-Instruct-v0.3,mistral,qwen,Q052,ADHD,chg_A,-2.945199,-4.507699,0.063615,240,251
mistralai/Mistral-7B-Instruct-v0.3,mistral,qwen,Q052,ADHD,chg_B,-1.015056,-7.577556,0.362894,240,251
mistralai/Mistral-7B-Instruct-v0.3,mistral,qwen,Q053,IDENTITY,chg_A,-3.742585,-7.867585,0.024076,257,257
mistralai/Mistral-7B-Instruct-v0.3,mistral,qwen,Q053,IDENTITY,chg_B,-3.742585,-7.867585,0.024076,257,257
mistralai/Mistral-7B-Instruct-v0.3,mistral,qwen,Q053,NONE_vs_CONTROL,chg_A,-2.621144,-6.996144,0.073635,256,257
mistralai/Mistral-7B-Instruct-v0.3,mistral,qwen,Q053,NONE_vs_CONTROL,chg_B,-2.887762,-7.200262,0.056447,256,257
mistralai/Mistral-7B-Instruct-v0.3,mistral,qwen,Q053,SCREEN,chg_A,-2.482358,-6.044858,0.085916,243,257
mistralai/Mistral-7B-Instruct-v0.3,mistral,qwen,Q053,SCREEN,chg_B,-1.626982,-8.501983,0.196725,243,257
mistralai/Mistral-7B-Instruct-v0.3,mistral,qwen,Q053,AGE,chg_A,-3.895360,-7.020360,0.021230,253,257
mistralai/Mistral-7B-Instruct-v0.3,mistral,qwen,Q053,AGE,chg_B,-4.889389,-8.764389,0.007682,253,257
mistralai/Mistral-7B-Instruct-v0.3,mistral,qwen,Q053,ADHD,chg_A,-2.502265,-6.627264,0.083223,249,257
mistralai/Mistral-7B-Instruct-v0.3,mistral,qwen,Q053,ADHD,chg_B,-1.594663,-6.719663,0.204184,249,257
mistralai/Mistral-7B-Instruct-v0.3,mistral,qwen,Q054,IDENTITY,chg_A,-6.169970,-9.294970,0.002183,253,253
mistralai/Mistral-7B-Instruct-v0.3,mistral,qwen,Q054,IDENTITY,chg_B,-6.169970,-9.294970,0.002183,253,253
mistralai/Mistral-7B-Instruct-v0.3,mistral,qwen,Q054,NONE_vs_CONTROL,chg_A,-5.478062,-9.790562,0.004233,254,253
mistralai/Mistral-7B-Instruct-v0.3,mistral,qwen,Q054,NONE_vs_CONTROL,chg_B,-4.251509,-8.814010,0.014391,254,253
mistralai/Mistral-7B-Instruct-v0.3,mistral,qwen,Q054,SCREEN,chg_A,-2.387203,-8.574703,0.092075,173,253
mistralai/Mistral-7B-Instruct-v0.3,mistral,qwen,Q054,SCREEN,chg_B,-2.379683,-10.504683,0.092607,173,253
mistralai/Mistral-7B-Instruct-v0.3,mistral,qwen,Q054,AGE,chg_A,-4.205859,-8.830859,0.015054,248,253
mistralai/Mistral-7B-Instruct-v0.3,mistral,qwen,Q054,AGE,chg_B,-3.009463,-8.696962,0.049485,248,253
mistralai/Mistral-7B-Instruct-v0.3,mistral,qwen,Q054,ADHD,chg_A,-3.363263,-8.238263,0.034886,263,253
mistralai/Mistral-7B-Instruct-v0.3,mistral,qwen,Q054,ADHD,chg_B,-4.922954,-9.860454,0.007330,263,253
mistralai/Mistral-7B-Instruct-v0.3,mistral,qwen,Q055,IDENTITY,chg_A,-4.448013,-8.073013,0.012014,228,228
mistralai/Mistral-7B-Instruct-v0.3,mistral,qwen,Q055,IDENTITY,chg_B,-4.448013,-8.073013,0.012014,228,228
mistralai/Mistral-7B-Instruct-v0.3,mistral,qwen,Q055,NONE_vs_CONTROL,chg_A,-4.084964,-7.897464,0.017195,250,228
mistralai/Mistral-7B-Instruct-v0.3,mistral,qwen,Q055,NONE_vs_CONTROL,chg_B,-4.066502,-8.066502,0.017451,250,228
mistralai/Mistral-7B-Instruct-v0.3,mistral,qwen,Q055,SCREEN,chg_A,-2.443854,-6.381354,0.088518,243,228
mistralai/Mistral-7B-Instruct-v0.3,mistral,qwen,Q055,SCREEN,chg_B,-2.570333,-5.257833,0.081717,243,228
mistralai/Mistral-7B-Instruct-v0.3,mistral,qwen,Q055,AGE,chg_A,-3.118631,-7.556131,0.044741,246,228
mistralai/Mistral-7B-Instruct-v0.3,mistral,qwen,Q055,AGE,chg_B,-3.192844,-7.755344,0.041483,246,228
mistralai/Mistral-7B-Instruct-v0.3,mistral,qwen,Q055,ADHD,chg_A,-2.513204,-6.763204,0.082164,258,228
mistralai/Mistral-7B-Instruct-v0.3,mistral,qwen,Q055,ADHD,chg_B,-4.096752,-8.471752,0.016836,258,228
mistralai/Mistral-7B-Instruct-v0.3,mistral,qwen,Q056,IDENTITY,chg_A,-6.988936,-8.551436,0.001115,231,231
mistralai/Mistral-7B-Instruct-v0.3,mistral,qwen,Q056,IDENTITY,chg_B,-6.988936,-8.551436,0.001115,231,231
mistralai/Mistral-7B-Instruct-v0.3,mistral,qwen,Q056,NONE_vs_CONTROL,chg_A,-4.380970,-7.568470,0.013030,249,231
mistralai/Mistral-7B-Instruct-v0.3,mistral,qwen,Q056,NONE_vs_CONTROL,chg_B,-4.788429,-7.913429,0.008691,249,231
mistralai/Mistral-7B-Instruct-v0.3,mistral,qwen,Q056,SCREEN,chg_A,-5.779426,-7.966926,0.003437,252,231
mistralai/Mistral-7B-Instruct-v0.3,mistral,qwen,Q056,SCREEN,chg_B,-3.829679,-8.642179,0.021893,252,231
mistralai/Mistral-7B-Instruct-v0.3,mistral,qwen,Q056,AGE,chg_A,-5.946031,-7.633531,0.003100,236,231
mistralai/Mistral-7B-Instruct-v0.3,mistral,qwen,Q056,AGE,chg_B,-4.922872,-9.422872,0.007359,236,231
mistralai/Mistral-7B-Instruct-v0.3,mistral,qwen,Q056,ADHD,chg_A,-5.147369,-6.397369,0.007481,238,231
mistralai/Mistral-7B-Instruct-v0.3,mistral,qwen,Q056,ADHD,chg_B,-3.900785,-8.838285,0.020371,238,231
mistralai/Mistral-7B-Instruct-v0.3,mistral,qwen,Q057,IDENTITY,chg_A,-1.919508,-7.544508,0.147208,253,253
mistralai/Mistral-7B-Instruct-v0.3,mistral,qwen,Q057,IDENTITY,chg_B,-1.919508,-7.544508,0.147208,253,253
mistralai/Mistral-7B-Instruct-v0.3,mistral,qwen,Q057,NONE_vs_CONTROL,chg_A,-1.375743,-7.625743,0.253140,243,253
mistralai/Mistral-7B-Instruct-v0.3,mistral,qwen,Q057,NONE_vs_CONTROL,chg_B,-1.495748,-7.495748,0.224636,243,253
mistralai/Mistral-7B-Instruct-v0.3,mistral,qwen,Q057,SCREEN,chg_A,-1.045603,-6.545603,0.352916,259,253
mistralai/Mistral-7B-Instruct-v0.3,mistral,qwen,Q057,SCREEN,chg_B,-0.623625,-8.686126,0.536167,259,253
mistralai/Mistral-7B-Instruct-v0.3,mistral,qwen,Q057,AGE,chg_A,-1.244718,-5.682219,0.291428,253,253
mistralai/Mistral-7B-Instruct-v0.3,mistral,qwen,Q057,AGE,chg_B,-1.897559,-10.022559,0.149978,253,253
mistralai/Mistral-7B-Instruct-v0.3,mistral,qwen,Q057,ADHD,chg_A,-0.731978,-4.981978,0.487817,255,253
mistralai/Mistral-7B-Instruct-v0.3,mistral,qwen,Q057,ADHD,chg_B,-2.238230,-6.675730,0.107908,255,253
mistralai/Mistral-7B-Instruct-v0.3,mistral,qwen,Q058,IDENTITY,chg_A,-7.578838,-8.953837,0.000640,263,263
mistralai/Mistral-7B-Instruct-v0.3,mistral,qwen,Q058,IDENTITY,chg_B,-7.578838,-8.953837,0.000640,263,263
mistralai/Mistral-7B-Instruct-v0.3,mistral,qwen,Q058,NONE_vs_CONTROL,chg_A,-3.566516,-7.691516,0.028711,251,263
mistralai/Mistral-7B-Instruct-v0.3,mistral,qwen,Q058,NONE_vs_CONTROL,chg_B,-3.696557,-8.259057,0.025068,251,263
mistralai/Mistral-7B-Instruct-v0.3,mistral,qwen,Q058,SCREEN,chg_A,-2.270197,-6.582697,0.104676,256,263
mistralai/Mistral-7B-Instruct-v0.3,mistral,qwen,Q058,SCREEN,chg_B,-2.755958,-9.505958,0.063623,256,263
mistralai/Mistral-7B-Instruct-v0.3,mistral,qwen,Q058,AGE,chg_A,-6.491447,-8.366447,0.001749,256,263
mistralai/Mistral-7B-Instruct-v0.3,mistral,qwen,Q058,AGE,chg_B,-5.293895,-10.731395,0.005044,256,263
mistralai/Mistral-7B-Instruct-v0.3,mistral,qwen,Q058,ADHD,chg_A,-4.892828,-8.517828,0.007700,265,263
mistralai/Mistral-7B-Instruct-v0.3,mistral,qwen,Q058,ADHD,chg_B,-5.891801,-8.704301,0.002928,265,263
mistralai/Mistral-7B-Instruct-v0.3,mistral,qwen,Q059,IDENTITY,chg_A,-2.032774,-7.407774,0.131578,252,252
mistralai/Mistral-7B-Instruct-v0.3,mistral,qwen,Q059,IDENTITY,chg_B,-2.032774,-7.407774,0.131578,252,252
mistralai/Mistral-7B-Instruct-v0.3,mistral,qwen,Q059,NONE_vs_CONTROL,chg_A,-1.635294,-6.510294,0.196383,255,252
mistralai/Mistral-7B-Instruct-v0.3,mistral,qwen,Q059,NONE_vs_CONTROL,chg_B,-2.581508,-7.269008,0.076357,255,252
mistralai/Mistral-7B-Instruct-v0.3,mistral,qwen,Q059,SCREEN,chg_A,-0.541449,-5.853950,0.584773,250,252
mistralai/Mistral-7B-Instruct-v0.3,mistral,qwen,Q059,SCREEN,chg_B,-1.034722,-9.472221,0.355402,250,252
mistralai/Mistral-7B-Instruct-v0.3,mistral,qwen,Q059,AGE,chg_A,-2.392799,-7.017799,0.092269,256,252
mistralai/Mistral-7B-Instruct-v0.3,mistral,qwen,Q059,AGE,chg_B,-2.685004,-7.560004,0.068742,256,252
mistralai/Mistral-7B-Instruct-v0.3,mistral,qwen,Q059,ADHD,chg_A,-0.986323,-5.048823,0.379362,244,252
mistralai/Mistral-7B-Instruct-v0.3,mistral,qwen,Q059,ADHD,chg_B,-1.104888,-6.979888,0.332178,244,252
mistralai/Mistral-7B-Instruct-v0.3,mistral,qwen,Q060,IDENTITY,chg_A,-2.225969,-8.100969,0.108266,251,251
mistralai/Mistral-7B-Instruct-v0.3,mistral,qwen,Q060,IDENTITY,chg_B,-2.225969,-8.100969,0.108266,251,251
mistralai/Mistral-7B-Instruct-v0.3,mistral,qwen,Q060,NONE_vs_CONTROL,chg_A,-3.202415,-7.514915,0.041209,246,251
mistralai/Mistral-7B-Instruct-v0.3,mistral,qwen,Q060,NONE_vs_CONTROL,chg_B,-1.107298,-6.857297,0.331503,246,251
mistralai/Mistral-7B-Instruct-v0.3,mistral,qwen,Q060,SCREEN,chg_A,-2.705886,-7.143386,0.067601,254,251
mistralai/Mistral-7B-Instruct-v0.3,mistral,qwen,Q060,SCREEN,chg_B,-0.799041,-8.049042,0.450079,254,251
mistralai/Mistral-7B-Instruct-v0.3,mistral,qwen,Q060,AGE,chg_A,-2.055732,-7.305733,0.128671,256,251
mistralai/Mistral-7B-Instruct-v0.3,mistral,qwen,Q060,AGE,chg_B,-1.000756,-7.500756,0.368154,256,251
mistralai/Mistral-7B-Instruct-v0.3,mistral,qwen,Q060,ADHD,chg_A,-4.615222,-3.490223,0.040394,246,251
mistralai/Mistral-7B-Instruct-v0.3,mistral,qwen,Q060,ADHD,chg_B,-1.274836,-8.274836,0.279732,246,251
mistralai/Mistral-7B-Instruct-v0.3,mistral,llama,Q001,IDENTITY,chg_A,-2.457629,-7.082629,0.086477,257,257
mistralai/Mistral-7B-Instruct-v0.3,mistral,llama,Q001,IDENTITY,chg_B,-2.457629,-7.082629,0.086477,257,257
mistralai/Mistral-7B-Instruct-v0.3,mistral,llama,Q001,NONE_vs_CONTROL,chg_A,-1.675617,-5.613117,0.190842,255,257
mistralai/Mistral-7B-Instruct-v0.3,mistral,llama,Q001,NONE_vs_CONTROL,chg_B,-2.063168,-7.625668,0.127539,255,257
mistralai/Mistral-7B-Instruct-v0.3,mistral,llama,Q001,SCREEN,chg_A,-1.864957,-5.427457,0.159297,255,257
mistralai/Mistral-7B-Instruct-v0.3,mistral,llama,Q001,SCREEN,chg_B,-2.064243,-7.314243,0.127580,255,257
mistralai/Mistral-7B-Instruct-v0.3,mistral,llama,Q001,AGE,chg_A,-1.040232,-3.915232,0.373309,255,257
mistralai/Mistral-7B-Instruct-v0.3,mistral,llama,Q001,AGE,chg_B,-0.998328,-4.310828,0.381917,255,257
mistralai/Mistral-7B-Instruct-v0.3,mistral,llama,Q001,ADHD,chg_A,-1.123055,-4.498055,0.336415,250,257
mistralai/Mistral-7B-Instruct-v0.3,mistral,llama,Q001,ADHD,chg_B,-1.528306,-9.965805,0.216950,250,257
mistralai/Mistral-7B-Instruct-v0.3,mistral,llama,Q002,IDENTITY,chg_A,-5.804301,-8.054301,0.003332,188,188
mistralai/Mistral-7B-Instruct-v0.3,mistral,llama,Q002,IDENTITY,chg_B,-5.804301,-8.054301,0.003332,188,188
mistralai/Mistral-7B-Instruct-v0.3,mistral,llama,Q002,NONE_vs_CONTROL,chg_A,-5.727653,-7.602653,0.003754,187,188
mistralai/Mistral-7B-Instruct-v0.3,mistral,llama,Q002,NONE_vs_CONTROL,chg_B,-5.867559,-7.680059,0.003292,187,188
mistralai/Mistral-7B-Instruct-v0.3,mistral,llama,Q002,SCREEN,chg_A,-5.728362,-7.353362,0.003893,192,188
mistralai/Mistral-7B-Instruct-v0.3,mistral,llama,Q002,SCREEN,chg_B,-5.436569,-7.374069,0.004982,192,188
mistralai/Mistral-7B-Instruct-v0.3,mistral,llama,Q002,AGE,chg_A,-5.516684,-6.516684,0.005498,192,188
mistralai/Mistral-7B-Instruct-v0.3,mistral,llama,Q002,AGE,chg_B,-4.709922,-10.084922,0.009047,192,188
mistralai/Mistral-7B-Instruct-v0.3,mistral,llama,Q002,ADHD,chg_A,-5.448751,-8.448750,0.004516,233,188
mistralai/Mistral-7B-Instruct-v0.3,mistral,llama,Q002,ADHD,chg_B,-2.209203,-2.646703,0.180673,233,188
mistralai/Mistral-7B-Instruct-v0.3,mistral,llama,Q003,IDENTITY,chg_A,-2.534952,-7.472452,0.079834,230,230
mistralai/Mistral-7B-Instruct-v0.3,mistral,llama,Q003,IDENTITY,chg_B,-2.534952,-7.472452,0.079834,230,230
mistralai/Mistral-7B-Instruct-v0.3,mistral,llama,Q003,NONE_vs_CONTROL,chg_A,-2.781174,-7.343674,0.062612,222,230
mistralai/Mistral-7B-Instruct-v0.3,mistral,llama,Q003,NONE_vs_CONTROL,chg_B,-1.994550,-5.807050,0.139081,222,230
mistralai/Mistral-7B-Instruct-v0.3,mistral,llama,Q003,SCREEN,chg_A,-1.535285,-7.472785,0.215963,242,230
mistralai/Mistral-7B-Instruct-v0.3,mistral,llama,Q003,SCREEN,chg_B,-1.956322,-5.518822,0.145388,242,230
mistralai/Mistral-7B-Instruct-v0.3,mistral,llama,Q003,AGE,chg_A,-0.972537,-5.972538,0.380670,243,230
mistralai/Mistral-7B-Instruct-v0.3,mistral,llama,Q003,AGE,chg_B,-1.264823,-7.389823,0.282907,243,230
mistralai/Mistral-7B-Instruct-v0.3,mistral,llama,Q003,ADHD,chg_A,-1.906590,-6.594090,0.149955,251,230
mistralai/Mistral-7B-Instruct-v0.3,mistral,llama,Q003,ADHD,chg_B,-1.515388,-3.827888,0.241479,251,230
mistralai/Mistral-7B-Instruct-v0.3,mistral,llama,Q004,IDENTITY,chg_A,-1.399332,-7.586832,0.247269,243,243
mistralai/Mistral-7B-Instruct-v0.3,mistral,llama,Q004,IDENTITY,chg_B,-1.399332,-7.586832,0.247269,243,243
mistralai/Mistral-7B-Instruct-v0.3,mistral,llama,Q004,NONE_vs_CONTROL,chg_A,-2.348997,-5.473997,0.099659,247,243
mistralai/Mistral-7B-Instruct-v0.3,mistral,llama,Q004,NONE_vs_CONTROL,chg_B,-1.570635,-8.258135,0.208172,247,243
mistralai/Mistral-7B-Instruct-v0.3,mistral,llama,Q004,SCREEN,chg_A,-1.709472,-5.146973,0.186778,247,243
mistralai/Mistral-7B-Instruct-v0.3,mistral,llama,Q004,SCREEN,chg_B,-1.444107,-9.319106,0.236046,247,243
mistralai/Mistral-7B-Instruct-v0.3,mistral,llama,Q004,AGE,chg_A,-1.826667,-4.514167,0.171902,243,243
mistralai/Mistral-7B-Instruct-v0.3,mistral,llama,Q004,AGE,chg_B,-1.254765,-9.254765,0.285238,243,243
mistralai/Mistral-7B-Instruct-v0.3,mistral,llama,Q004,ADHD,chg_A,-1.213053,-5.400553,0.301802,244,243
mistralai/Mistral-7B-Instruct-v0.3,mistral,llama,Q004,ADHD,chg_B,-0.868825,-9.306325,0.419535,244,243
mistralai/Mistral-7B-Instruct-v0.3,mistral,llama,Q005,IDENTITY,chg_A,-1.511216,-7.698717,0.221095,251,251
mistralai/Mistral-7B-Instruct-v0.3,mistral,llama,Q005,IDENTITY,chg_B,-1.511216,-7.698717,0.221095,251,251
mistralai/Mistral-7B-Instruct-v0.3,mistral,llama,Q005,NONE_vs_CONTROL,chg_A,-1.513082,-5.763082,0.223372,254,251
mistralai/Mistral-7B-Instruct-v0.3,mistral,llama,Q005,NONE_vs_CONTROL,chg_B,-1.561657,-8.124157,0.210085,254,251
mistralai/Mistral-7B-Instruct-v0.3,mistral,llama,Q005,SCREEN,chg_A,-1.003601,-5.878602,0.369356,256,251
mistralai/Mistral-7B-Instruct-v0.3,mistral,llama,Q005,SCREEN,chg_B,-0.709331,-8.459332,0.492185,256,251
mistralai/Mistral-7B-Instruct-v0.3,mistral,llama,Q005,AGE,chg_A,-1.436710,-5.749210,0.240894,252,251
mistralai/Mistral-7B-Instruct-v0.3,mistral,llama,Q005,AGE,chg_B,-0.907094,-5.719594,0.406977,252,251
mistralai/Mistral-7B-Instruct-v0.3,mistral,llama,Q005,ADHD,chg_A,-1.334675,-7.022175,0.264136,237,251
mistralai/Mistral-7B-Instruct-v0.3,mistral,llama,Q005,ADHD,chg_B,-1.293454,-7.480954,0.274885,237,251
mistralai/Mistral-7B-Instruct-v0.3,mistral,llama,Q006,IDENTITY,chg_A,-3.690695,-6.503195,0.026453,224,224
mistralai/Mistral-7B-Instruct-v0.3,mistral,llama,Q006,IDENTITY,chg_B,-3.690695,-6.503195,0.026453,224,224
mistralai/Mistral-7B-Instruct-v0.3,mistral,llama,Q006,NONE_vs_CONTROL,chg_A,-2.819428,-5.319428,0.064536,216,224
mistralai/Mistral-7B-Instruct-v0.3,mistral,llama,Q006,NONE_vs_CONTROL,chg_B,-3.427845,-7.240345,0.033174,216,224
mistralai/Mistral-7B-Instruct-v0.3,mistral,llama,Q006,SCREEN,chg_A,-2.638859,-6.263859,0.073347,234,224
mistralai/Mistral-7B-Instruct-v0.3,mistral,llama,Q006,SCREEN,chg_B,-0.971280,-4.846280,0.386456,234,224
mistralai/Mistral-7B-Instruct-v0.3,mistral,llama,Q006,AGE,chg_A,-3.873687,-6.436187,0.022384,225,224
mistralai/Mistral-7B-Instruct-v0.3,mistral,llama,Q006,AGE,chg_B,-2.289674,-6.039674,0.103682,225,224
mistralai/Mistral-7B-Instruct-v0.3,mistral,llama,Q006,ADHD,chg_A,-2.289275,-5.789275,0.104400,229,224
mistralai/Mistral-7B-Instruct-v0.3,mistral,llama,Q006,ADHD,chg_B,-2.264274,-6.639274,0.105213,229,224
mistralai/Mistral-7B-Instruct-v0.3,mistral,llama,Q007,IDENTITY,chg_A,-1.942806,-7.692806,0.143757,243,243
mistralai/Mistral-7B-Instruct-v0.3,mistral,llama,Q007,IDENTITY,chg_B,-1.942806,-7.692806,0.143757,243,243
mistralai/Mistral-7B-Instruct-v0.3,mistral,llama,Q007,NONE_vs_CONTROL,chg_A,-1.787656,-6.412656,0.168993,232,243
mistralai/Mistral-7B-Instruct-v0.3,mistral,llama,Q007,NONE_vs_CONTROL,chg_B,-2.384632,-6.509633,0.093612,232,243
mistralai/Mistral-7B-Instruct-v0.3,mistral,llama,Q007,SCREEN,chg_A,-1.536429,-6.348929,0.216897,241,243
mistralai/Mistral-7B-Instruct-v0.3,mistral,llama,Q007,SCREEN,chg_B,-2.653097,-7.215597,0.071168,241,243
mistralai/Mistral-7B-Instruct-v0.3,mistral,llama,Q007,AGE,chg_A,-1.399559,-4.399559,0.258988,248,243
mistralai/Mistral-7B-Instruct-v0.3,mistral,llama,Q007,AGE,chg_B,-1.711749,-11.961749,0.180556,248,243
mistralai/Mistral-7B-Instruct-v0.3,mistral,llama,Q007,ADHD,chg_A,-2.257915,-6.195415,0.106607,245,243
mistralai/Mistral-7B-Instruct-v0.3,mistral,llama,Q007,ADHD,chg_B,-2.198756,-5.948757,0.113550,245,243
mistralai/Mistral-7B-Instruct-v0.3,mistral,llama,Q008,IDENTITY,chg_A,-4.500376,-6.187876,0.013159,245,245
mistralai/Mistral-7B-Instruct-v0.3,mistral,llama,Q008,IDENTITY,chg_B,-4.500376,-6.187876,0.013159,245,245
mistralai/Mistral-7B-Instruct-v0.3,mistral,llama,Q008,NONE_vs_CONTROL,chg_A,-5.087526,-7.087526,0.007009,238,245
mistralai/Mistral-7B-Instruct-v0.3,mistral,llama,Q008,NONE_vs_CONTROL,chg_B,-3.112250,-3.487250,0.075086,238,245
mistralai/Mistral-7B-Instruct-v0.3,mistral,llama,Q008,SCREEN,chg_A,-3.497993,-6.247993,0.032192,258,245
mistralai/Mistral-7B-Instruct-v0.3,mistral,llama,Q008,SCREEN,chg_B,-1.773040,-1.523040,0.387864,258,245
mistralai/Mistral-7B-Instruct-v0.3,mistral,llama,Q008,AGE,chg_A,-2.644607,-4.332107,0.084173,243,245
mistralai/Mistral-7B-Instruct-v0.3,mistral,llama,Q008,AGE,chg_B,-2.270728,-8.270728,0.103493,243,245
mistralai/Mistral-7B-Instruct-v0.3,mistral,llama,Q008,ADHD,chg_A,-4.949965,-7.512465,0.007630,235,245
mistralai/Mistral-7B-Instruct-v0.3,mistral,llama,Q008,ADHD,chg_B,-3.257664,-2.320164,0.136736,235,245
mistralai/Mistral-7B-Instruct-v0.3,mistral,llama,Q009,IDENTITY,chg_A,-1.633062,-7.570562,0.195846,248,248
mistralai/Mistral-7B-Instruct-v0.3,mistral,llama,Q009,IDENTITY,chg_B,-1.633062,-7.570562,0.195846,248,248
mistralai/Mistral-7B-Instruct-v0.3,mistral,llama,Q009,NONE_vs_CONTROL,chg_A,-1.644116,-8.206616,0.193456,240,248
mistralai/Mistral-7B-Instruct-v0.3,mistral,llama,Q009,NONE_vs_CONTROL,chg_B,-1.240899,-3.428399,0.321563,240,248
mistralai/Mistral-7B-Instruct-v0.3,mistral,llama,Q009,SCREEN,chg_A,-0.808583,-7.183583,0.446248,252,248
mistralai/Mistral-7B-Instruct-v0.3,mistral,llama,Q009,SCREEN,chg_B,-0.822692,-5.510192,0.443293,252,248
mistralai/Mistral-7B-Instruct-v0.3,mistral,llama,Q009,AGE,chg_A,-1.504467,-4.691967,0.231304,229,248
mistralai/Mistral-7B-Instruct-v0.3,mistral,llama,Q009,AGE,chg_B,-1.275558,-6.650558,0.280569,229,248
mistralai/Mistral-7B-Instruct-v0.3,mistral,llama,Q009,ADHD,chg_A,-0.846820,-7.034320,0.429657,257,248
mistralai/Mistral-7B-Instruct-v0.3,mistral,llama,Q009,ADHD,chg_B,-0.724550,-9.162050,0.484648,257,248
mistralai/Mistral-7B-Instruct-v0.3,mistral,llama,Q010,IDENTITY,chg_A,-3.389320,-8.514320,0.033932,252,252
mistralai/Mistral-7B-Instruct-v0.3,mistral,llama,Q010,IDENTITY,chg_B,-3.389320,-8.514320,0.033932,252,252
mistralai/Mistral-7B-Instruct-v0.3,mistral,llama,Q010,NONE_vs_CONTROL,chg_A,-4.163952,-8.601452,0.015730,258,252
mistralai/Mistral-7B-Instruct-v0.3,mistral,llama,Q010,NONE_vs_CONTROL,chg_B,-4.785516,-8.535517,0.008546,258,252
mistralai/Mistral-7B-Instruct-v0.3,mistral,llama,Q010,SCREEN,chg_A,-3.806055,-8.806055,0.022386,255,252
mistralai/Mistral-7B-Instruct-v0.3,mistral,llama,Q010,SCREEN,chg_B,-2.296640,-6.359140,0.102327,255,252
mistralai/Mistral-7B-Instruct-v0.3,mistral,llama,Q010,AGE,chg_A,-4.157177,-9.719678,0.015712,243,252
mistralai/Mistral-7B-Instruct-v0.3,mistral,llama,Q010,AGE,chg_B,-3.349008,-3.724008,0.059256,243,252
mistralai/Mistral-7B-Instruct-v0.3,mistral,llama,Q010,ADHD,chg_A,-3.676166,-8.988667,0.025445,247,252
mistralai/Mistral-7B-Instruct-v0.3,mistral,llama,Q010,ADHD,chg_B,-2.274185,-8.961685,0.103009,247,252
mistralai/Mistral-7B-Instruct-v0.3,mistral,llama,Q011,IDENTITY,chg_A,-4.420308,-7.170308,0.012800,247,247
mistralai/Mistral-7B-Instruct-v0.3,mistral,llama,Q011,IDENTITY,chg_B,-4.420308,-7.170308,0.012800,247,247
mistralai/Mistral-7B-Instruct-v0.3,mistral,llama,Q011,NONE_vs_CONTROL,chg_A,-3.181734,-6.556734,0.042934,247,247
mistralai/Mistral-7B-Instruct-v0.3,mistral,llama,Q011,NONE_vs_CONTROL,chg_B,-4.275568,-5.213068,0.019349,247,247
mistralai/Mistral-7B-Instruct-v0.3,mistral,llama,Q011,SCREEN,chg_A,-3.360662,-7.548162,0.035239,244,247
mistralai/Mistral-7B-Instruct-v0.3,mistral,llama,Q011,SCREEN,chg_B,-4.002188,-4.252188,0.032509,244,247
mistralai/Mistral-7B-Instruct-v0.3,mistral,llama,Q011,AGE,chg_A,-2.551231,-5.488731,0.082119,257,247
mistralai/Mistral-7B-Instruct-v0.3,mistral,llama,Q011,AGE,chg_B,-3.208668,-8.833668,0.040556,257,247
mistralai/Mistral-7B-Instruct-v0.3,mistral,llama,Q011,ADHD,chg_A,-2.752036,-6.877036,0.064829,230,247
mistralai/Mistral-7B-Instruct-v0.3,mistral,llama,Q011,ADHD,chg_B,-1.706314,-6.768814,0.182683,230,247
mistralai/Mistral-7B-Instruct-v0.3,mistral,llama,Q012,IDENTITY,chg_A,-2.992005,-8.054504,0.050504,248,248
mistralai/Mistral-7B-Instruct-v0.3,mistral,llama,Q012,IDENTITY,chg_B,-2.992005,-8.054504,0.050504,248,248
mistralai/Mistral-7B-Instruct-v0.3,mistral,llama,Q012,NONE_vs_CONTROL,chg_A,-2.218065,-7.093065,0.109650,249,248
mistralai/Mistral-7B-Instruct-v0.3,mistral,llama,Q012,NONE_vs_CONTROL,chg_B,-2.389770,-7.764770,0.092075,249,248
mistralai/Mistral-7B-Instruct-v0.3,mistral,llama,Q012,SCREEN,chg_A,-1.277808,-5.152808,0.284431,249,248
mistralai/Mistral-7B-Instruct-v0.3,mistral,llama,Q012,SCREEN,chg_B,-0.674591,-9.174591,0.509468,249,248
mistralai/Mistral-7B-Instruct-v0.3,mistral,llama,Q012,AGE,chg_A,-1.549513,-6.987013,0.213275,251,248
mistralai/Mistral-7B-Instruct-v0.3,mistral,llama,Q012,AGE,chg_B,-2.620134,-8.057633,0.073110,251,248
mistralai/Mistral-7B-Instruct-v0.3,mistral,llama,Q012,ADHD,chg_A,-2.062466,-6.624967,0.128467,237,248
mistralai/Mistral-7B-Instruct-v0.3,mistral,llama,Q012,ADHD,chg_B,-2.539377,-7.851877,0.079305,237,248
mistralai/Mistral-7B-Instruct-v0.3,mistral,llama,Q013,IDENTITY,chg_A,-4.019390,-7.644390,0.018443,213,213
mistralai/Mistral-7B-Instruct-v0.3,mistral,llama,Q013,IDENTITY,chg_B,-4.019390,-7.644390,0.018443,213,213
mistralai/Mistral-7B-Instruct-v0.3,mistral,llama,Q013,NONE_vs_CONTROL,chg_A,-5.056529,-8.744029,0.006527,210,213
mistralai/Mistral-7B-Instruct-v0.3,mistral,llama,Q013,NONE_vs_CONTROL,chg_B,-3.354103,-7.854103,0.035329,210,213
mistralai/Mistral-7B-Instruct-v0.3,mistral,llama,Q013,SCREEN,chg_A,-3.378404,-7.940905,0.034458,227,213
mistralai/Mistral-7B-Instruct-v0.3,mistral,llama,Q013,SCREEN,chg_B,-1.659068,-7.409068,0.190922,227,213
mistralai/Mistral-7B-Instruct-v0.3,mistral,llama,Q013,AGE,chg_A,-2.554466,-5.116966,0.083728,224,213
mistralai/Mistral-7B-Instruct-v0.3,mistral,llama,Q013,AGE,chg_B,-3.305864,-11.243364,0.036681,224,213
mistralai/Mistral-7B-Instruct-v0.3,mistral,llama,Q013,ADHD,chg_A,-3.648425,-7.585926,0.026540,222,213
mistralai/Mistral-7B-Instruct-v0.3,mistral,llama,Q013,ADHD,chg_B,-2.911276,-8.161276,0.054692,222,213
mistralai/Mistral-7B-Instruct-v0.3,mistral,llama,Q014,IDENTITY,chg_A,-7.357782,-8.795282,0.000789,249,249
mistralai/Mistral-7B-Instruct-v0.3,mistral,llama,Q014,IDENTITY,chg_B,-7.357782,-8.795282,0.000789,249,249
mistralai/Mistral-7B-Instruct-v0.3,mistral,llama,Q014,NONE_vs_CONTROL,chg_A,-4.775506,-8.400506,0.008659,243,249
mistralai/Mistral-7B-Instruct-v0.3,mistral,llama,Q014,NONE_vs_CONTROL,chg_B,-3.335154,-7.210154,0.036348,243,249
mistralai/Mistral-7B-Instruct-v0.3,mistral,llama,Q014,SCREEN,chg_A,-5.471760,-8.346761,0.004441,256,249
mistralai/Mistral-7B-Instruct-v0.3,mistral,llama,Q014,SCREEN,chg_B,-6.555944,-8.743444,0.001581,256,249
mistralai/Mistral-7B-Instruct-v0.3,mistral,llama,Q014,AGE,chg_A,-3.956201,-8.143701,0.019426,246,249
mistralai/Mistral-7B-Instruct-v0.3,mistral,llama,Q014,AGE,chg_B,-4.116818,-7.991818,0.016634,246,249
mistralai/Mistral-7B-Instruct-v0.3,mistral,llama,Q014,ADHD,chg_A,-5.025612,-8.088112,0.006875,247,249
mistralai/Mistral-7B-Instruct-v0.3,mistral,llama,Q014,ADHD,chg_B,-4.376893,-8.251893,0.012825,247,249
mistralai/Mistral-7B-Instruct-v0.3,mistral,llama,Q015,IDENTITY,chg_A,-2.218441,-4.780941,0.117167,245,245
mistralai/Mistral-7B-Instruct-v0.3,mistral,llama,Q015,IDENTITY,chg_B,-2.218441,-4.780941,0.117167,245,245
mistralai/Mistral-7B-Instruct-v0.3,mistral,llama,Q015,NONE_vs_CONTROL,chg_A,-2.871285,-4.933785,0.063825,236,245
mistralai/Mistral-7B-Instruct-v0.3,mistral,llama,Q015,NONE_vs_CONTROL,chg_B,-2.172043,-7.297043,0.114622,236,245
mistralai/Mistral-7B-Instruct-v0.3,mistral,llama,Q015,SCREEN,chg_A,-2.201670,-4.326670,0.123830,242,245
mistralai/Mistral-7B-Instruct-v0.3,mistral,llama,Q015,SCREEN,chg_B,-0.597023,-3.284523,0.587906,242,245
mistralai/Mistral-7B-Instruct-v0.3,mistral,llama,Q015,AGE,chg_A,-2.124607,-3.249607,0.158269,239,245
mistralai/Mistral-7B-Instruct-v0.3,mistral,llama,Q015,AGE,chg_B,-1.770032,-7.582531,0.170837,239,245
mistralai/Mistral-7B-Instruct-v0.3,mistral,llama,Q015,ADHD,chg_A,-2.437141,-3.937141,0.106914,254,245
mistralai/Mistral-7B-Instruct-v0.3,mistral,llama,Q015,ADHD,chg_B,-0.895649,-3.833149,0.429984,254,245
mistralai/Mistral-7B-Instruct-v0.3,mistral,llama,Q016,IDENTITY,chg_A,-2.036367,-8.473866,0.130711,248,248
mistralai/Mistral-7B-Instruct-v0.3,mistral,llama,Q016,IDENTITY,chg_B,-2.036367,-8.473866,0.130711,248,248
mistralai/Mistral-7B-Instruct-v0.3,mistral,llama,Q016,NONE_vs_CONTROL,chg_A,-2.152859,-7.590359,0.116657,234,248
mistralai/Mistral-7B-Instruct-v0.3,mistral,llama,Q016,NONE_vs_CONTROL,chg_B,-1.233736,-7.483736,0.291765,234,248
mistralai/Mistral-7B-Instruct-v0.3,mistral,llama,Q016,SCREEN,chg_A,-1.208789,-7.521289,0.299100,248,248
mistralai/Mistral-7B-Instruct-v0.3,mistral,llama,Q016,SCREEN,chg_B,-0.318831,-9.631330,0.727064,248,248
mistralai/Mistral-7B-Instruct-v0.3,mistral,llama,Q016,AGE,chg_A,-1.808381,-7.620881,0.164409,247,248
mistralai/Mistral-7B-Instruct-v0.3,mistral,llama,Q016,AGE,chg_B,-2.018981,-7.893981,0.133164,247,248
mistralai/Mistral-7B-Instruct-v0.3,mistral,llama,Q016,ADHD,chg_A,-1.434972,-6.559972,0.239538,246,248
mistralai/Mistral-7B-Instruct-v0.3,mistral,llama,Q016,ADHD,chg_B,-1.183517,-10.058517,0.306243,246,248
mistralai/Mistral-7B-Instruct-v0.3,mistral,llama,Q017,IDENTITY,chg_A,-4.359524,-7.922024,0.013147,234,234
mistralai/Mistral-7B-Instruct-v0.3,mistral,llama,Q017,IDENTITY,chg_B,-4.359524,-7.922024,0.013147,234,234
mistralai/Mistral-7B-Instruct-v0.3,mistral,llama,Q017,NONE_vs_CONTROL,chg_A,-5.651787,-7.151787,0.004295,227,234
mistralai/Mistral-7B-Instruct-v0.3,mistral,llama,Q017,NONE_vs_CONTROL,chg_B,-3.417889,-8.167890,0.033065,227,234
mistralai/Mistral-7B-Instruct-v0.3,mistral,llama,Q017,SCREEN,chg_A,-2.749014,-5.999014,0.066472,257,234
mistralai/Mistral-7B-Instruct-v0.3,mistral,llama,Q017,SCREEN,chg_B,-1.484694,-9.422194,0.226653,257,234
mistralai/Mistral-7B-Instruct-v0.3,mistral,llama,Q017,AGE,chg_A,-3.284975,-3.722475,0.061616,248,234
mistralai/Mistral-7B-Instruct-v0.3,mistral,llama,Q017,AGE,chg_B,-3.116060,-10.053560,0.044375,248,234
mistralai/Mistral-7B-Instruct-v0.3,mistral,llama,Q017,ADHD,chg_A,-2.589178,-4.589178,0.085243,235,234
mistralai/Mistral-7B-Instruct-v0.3,mistral,llama,Q017,ADHD,chg_B,-1.027234,-7.714734,0.358442,235,234
mistralai/Mistral-7B-Instruct-v0.3,mistral,llama,Q018,IDENTITY,chg_A,-3.417387,-6.479887,0.034332,237,237
mistralai/Mistral-7B-Instruct-v0.3,mistral,llama,Q018,IDENTITY,chg_B,-3.417387,-6.479887,0.034332,237,237
mistralai/Mistral-7B-Instruct-v0.3,mistral,llama,Q018,NONE_vs_CONTROL,chg_A,-2.724752,-5.474752,0.069754,242,237
mistralai/Mistral-7B-Instruct-v0.3,mistral,llama,Q018,NONE_vs_CONTROL,chg_B,-2.299497,-5.299497,0.105303,242,237
mistralai/Mistral-7B-Instruct-v0.3,mistral,llama,Q018,SCREEN,chg_A,-1.918457,-5.043457,0.153285,235,237
mistralai/Mistral-7B-Instruct-v0.3,mistral,llama,Q018,SCREEN,chg_B,-1.177947,-2.302947,0.407874,235,237
mistralai/Mistral-7B-Instruct-v0.3,mistral,llama,Q018,AGE,chg_A,-2.505954,-5.068454,0.087890,246,237
mistralai/Mistral-7B-Instruct-v0.3,mistral,llama,Q018,AGE,chg_B,-1.703707,-6.016207,0.184446,246,237
mistralai/Mistral-7B-Instruct-v0.3,mistral,llama,Q018,ADHD,chg_A,-2.587036,-5.587036,0.078989,245,237
mistralai/Mistral-7B-Instruct-v0.3,mistral,llama,Q018,ADHD,chg_B,-1.078040,-4.203040,0.355212,245,237
mistralai/Mistral-7B-Instruct-v0.3,mistral,llama,Q019,IDENTITY,chg_A,-1.743169,-7.555669,0.175488,251,251
mistralai/Mistral-7B-Instruct-v0.3,mistral,llama,Q019,IDENTITY,chg_B,-1.743169,-7.555669,0.175488,251,251
mistralai/Mistral-7B-Instruct-v0.3,mistral,llama,Q019,NONE_vs_CONTROL,chg_A,-1.197151,-7.572151,0.302568,241,251
mistralai/Mistral-7B-Instruct-v0.3,mistral,llama,Q019,NONE_vs_CONTROL,chg_B,-0.688311,-5.313312,0.507349,241,251
mistralai/Mistral-7B-Instruct-v0.3,mistral,llama,Q019,SCREEN,chg_A,-1.164688,-6.289688,0.313875,246,251
mistralai/Mistral-7B-Instruct-v0.3,mistral,llama,Q019,SCREEN,chg_B,-1.142045,-6.704545,0.320391,246,251
mistralai/Mistral-7B-Instruct-v0.3,mistral,llama,Q019,AGE,chg_A,-1.223730,-5.161230,0.299866,243,251
mistralai/Mistral-7B-Instruct-v0.3,mistral,llama,Q019,AGE,chg_B,-0.734973,-7.609973,0.480014,243,251
mistralai/Mistral-7B-Instruct-v0.3,mistral,llama,Q019,ADHD,chg_A,-1.423359,-4.985858,0.247737,236,251
mistralai/Mistral-7B-Instruct-v0.3,mistral,llama,Q019,ADHD,chg_B,-0.346642,-7.096642,0.707887,236,251
mistralai/Mistral-7B-Instruct-v0.3,mistral,llama,Q020,IDENTITY,chg_A,-2.584872,-8.147371,0.075695,253,253
mistralai/Mistral-7B-Instruct-v0.3,mistral,llama,Q020,IDENTITY,chg_B,-2.584872,-8.147371,0.075695,253,253
mistralai/Mistral-7B-Instruct-v0.3,mistral,llama,Q020,NONE_vs_CONTROL,chg_A,-2.952057,-7.639557,0.052713,249,253
mistralai/Mistral-7B-Instruct-v0.3,mistral,llama,Q020,NONE_vs_CONTROL,chg_B,-3.702626,-8.202626,0.024933,249,253
mistralai/Mistral-7B-Instruct-v0.3,mistral,llama,Q020,SCREEN,chg_A,-1.736668,-7.861669,0.176491,259,253
mistralai/Mistral-7B-Instruct-v0.3,mistral,llama,Q020,SCREEN,chg_B,-2.620719,-9.245719,0.072847,259,253
mistralai/Mistral-7B-Instruct-v0.3,mistral,llama,Q020,AGE,chg_A,-2.473400,-6.035900,0.086689,249,253
mistralai/Mistral-7B-Instruct-v0.3,mistral,llama,Q020,AGE,chg_B,-2.486120,-10.486120,0.083260,249,253
mistralai/Mistral-7B-Instruct-v0.3,mistral,llama,Q020,ADHD,chg_A,-1.738796,-5.988796,0.178238,249,253
mistralai/Mistral-7B-Instruct-v0.3,mistral,llama,Q020,ADHD,chg_B,-2.853504,-10.041004,0.057686,249,253
mistralai/Mistral-7B-Instruct-v0.3,mistral,llama,Q021,IDENTITY,chg_A,-3.579951,-7.704951,0.028328,244,244
mistralai/Mistral-7B-Instruct-v0.3,mistral,llama,Q021,IDENTITY,chg_B,-3.579951,-7.704951,0.028328,244,244
mistralai/Mistral-7B-Instruct-v0.3,mistral,llama,Q021,NONE_vs_CONTROL,chg_A,-3.208836,-6.333837,0.042179,238,244
mistralai/Mistral-7B-Instruct-v0.3,mistral,llama,Q021,NONE_vs_CONTROL,chg_B,-1.925645,-5.675644,0.149210,238,244
mistralai/Mistral-7B-Instruct-v0.3,mistral,llama,Q021,SCREEN,chg_A,-2.789060,-5.789060,0.064540,247,244
mistralai/Mistral-7B-Instruct-v0.3,mistral,llama,Q021,SCREEN,chg_B,-2.130754,-6.568254,0.120152,247,244
mistralai/Mistral-7B-Instruct-v0.3,mistral,llama,Q021,AGE,chg_A,-2.446824,-5.509324,0.090617,251,244
mistralai/Mistral-7B-Instruct-v0.3,mistral,llama,Q021,AGE,chg_B,-1.303950,-8.928950,0.271590,251,244
mistralai/Mistral-7B-Instruct-v0.3,mistral,llama,Q021,ADHD,chg_A,-1.996192,-6.308692,0.137672,244,244
mistralai/Mistral-7B-Instruct-v0.3,mistral,llama,Q021,ADHD,chg_B,-0.775221,-6.837721,0.461674,244,244
mistralai/Mistral-7B-Instruct-v0.3,mistral,llama,Q022,IDENTITY,chg_A,-3.862125,-7.799625,0.021433,249,249
mistralai/Mistral-7B-Instruct-v0.3,mistral,llama,Q022,IDENTITY,chg_B,-3.862125,-7.799625,0.021433,249,249
mistralai/Mistral-7B-Instruct-v0.3,mistral,llama,Q022,NONE_vs_CONTROL,chg_A,-3.075277,-7.450276,0.046758,240,249
mistralai/Mistral-7B-Instruct-v0.3,mistral,llama,Q022,NONE_vs_CONTROL,chg_B,-3.687338,-7.124838,0.025843,240,249
mistralai/Mistral-7B-Instruct-v0.3,mistral,llama,Q022,SCREEN,chg_A,-1.505378,-5.817878,0.224907,246,249
mistralai/Mistral-7B-Instruct-v0.3,mistral,llama,Q022,SCREEN,chg_B,-1.661891,-8.411891,0.190002,246,249
mistralai/Mistral-7B-Instruct-v0.3,mistral,llama,Q022,AGE,chg_A,-1.341960,-5.216960,0.266757,251,249
mistralai/Mistral-7B-Instruct-v0.3,mistral,llama,Q022,AGE,chg_B,-2.073860,-8.198860,0.125975,251,249
mistralai/Mistral-7B-Instruct-v0.3,mistral,llama,Q022,ADHD,chg_A,-2.672062,-6.422062,0.070735,245,249
mistralai/Mistral-7B-Instruct-v0.3,mistral,llama,Q022,ADHD,chg_B,-4.042525,-7.292525,0.018234,245,249
mistralai/Mistral-7B-Instruct-v0.3,mistral,llama,Q023,IDENTITY,chg_A,-3.390521,-9.078021,0.033805,264,264
mistralai/Mistral-7B-Instruct-v0.3,mistral,llama,Q023,IDENTITY,chg_B,-3.390521,-9.078021,0.033805,264,264
mistralai/Mistral-7B-Instruct-v0.3,mistral,llama,Q023,NONE_vs_CONTROL,chg_A,-3.444398,-8.631898,0.032102,248,264
mistralai/Mistral-7B-Instruct-v0.3,mistral,llama,Q023,NONE_vs_CONTROL,chg_B,-1.661002,-5.223502,0.195337,248,264
mistralai/Mistral-7B-Instruct-v0.3,mistral,llama,Q023,SCREEN,chg_A,-1.971233,-6.971233,0.140224,257,264
mistralai/Mistral-7B-Instruct-v0.3,mistral,llama,Q023,SCREEN,chg_B,-3.136117,-8.073617,0.043763,257,264
mistralai/Mistral-7B-Instruct-v0.3,mistral,llama,Q023,AGE,chg_A,-2.624633,-8.374634,0.072697,254,264
mistralai/Mistral-7B-Instruct-v0.3,mistral,llama,Q023,AGE,chg_B,-2.193915,-7.318915,0.112142,254,264
mistralai/Mistral-7B-Instruct-v0.3,mistral,llama,Q023,ADHD,chg_A,-2.519289,-8.519289,0.080716,249,264
mistralai/Mistral-7B-Instruct-v0.3,mistral,llama,Q023,ADHD,chg_B,-3.911878,-1.349378,0.279404,249,264
mistralai/Mistral-7B-Instruct-v0.3,mistral,llama,Q024,IDENTITY,chg_A,-1.447794,-6.947794,0.236049,254,254
mistralai/Mistral-7B-Instruct-v0.3,mistral,llama,Q024,IDENTITY,chg_B,-1.447794,-6.947794,0.236049,254,254
mistralai/Mistral-7B-Instruct-v0.3,mistral,llama,Q024,NONE_vs_CONTROL,chg_A,-0.606166,-5.606166,0.549113,257,254
mistralai/Mistral-7B-Instruct-v0.3,mistral,llama,Q024,NONE_vs_CONTROL,chg_B,-0.636748,-5.199247,0.534531,257,254
mistralai/Mistral-7B-Instruct-v0.3,mistral,llama,Q024,SCREEN,chg_A,-0.405357,-8.030356,0.667064,249,254
mistralai/Mistral-7B-Instruct-v0.3,mistral,llama,Q024,SCREEN,chg_B,-0.472240,-2.784739,0.685349,249,254
mistralai/Mistral-7B-Instruct-v0.3,mistral,llama,Q024,AGE,chg_A,-0.641669,-4.766669,0.534922,254,254
mistralai/Mistral-7B-Instruct-v0.3,mistral,llama,Q024,AGE,chg_B,-0.606519,-8.794019,0.545397,254,254
mistralai/Mistral-7B-Instruct-v0.3,mistral,llama,Q024,ADHD,chg_A,-0.539312,-5.289312,0.588194,250,254
mistralai/Mistral-7B-Instruct-v0.3,mistral,llama,Q024,ADHD,chg_B,-0.766259,-2.766259,0.527645,250,254
mistralai/Mistral-7B-Instruct-v0.3,mistral,llama,Q025,IDENTITY,chg_A,-1.503072,-7.315572,0.223111,248,248
mistralai/Mistral-7B-Instruct-v0.3,mistral,llama,Q025,IDENTITY,chg_B,-1.503072,-7.315572,0.223111,248,248
mistralai/Mistral-7B-Instruct-v0.3,mistral,llama,Q025,NONE_vs_CONTROL,chg_A,-1.707280,-6.894780,0.182371,247,248
mistralai/Mistral-7B-Instruct-v0.3,mistral,llama,Q025,NONE_vs_CONTROL,chg_B,-1.925176,-5.737676,0.149072,247,248
mistralai/Mistral-7B-Instruct-v0.3,mistral,llama,Q025,SCREEN,chg_A,-1.559692,-6.497192,0.211708,255,248
mistralai/Mistral-7B-Instruct-v0.3,mistral,llama,Q025,SCREEN,chg_B,-1.184519,-5.997019,0.308380,255,248
mistralai/Mistral-7B-Instruct-v0.3,mistral,llama,Q025,AGE,chg_A,-2.257862,-7.320362,0.105236,248,248
mistralai/Mistral-7B-Instruct-v0.3,mistral,llama,Q025,AGE,chg_B,-1.765567,-7.265567,0.171789,248,248
mistralai/Mistral-7B-Instruct-v0.3,mistral,llama,Q025,ADHD,chg_A,-1.491365,-6.741364,0.226246,244,248
mistralai/Mistral-7B-Instruct-v0.3,mistral,llama,Q025,ADHD,chg_B,-1.205496,-4.767996,0.308041,244,248
mistralai/Mistral-7B-Instruct-v0.3,mistral,llama,Q026,IDENTITY,chg_A,-1.545935,-7.920935,0.213476,237,237
mistralai/Mistral-7B-Instruct-v0.3,mistral,llama,Q026,IDENTITY,chg_B,-1.545935,-7.920935,0.213476,237,237
mistralai/Mistral-7B-Instruct-v0.3,mistral,llama,Q026,NONE_vs_CONTROL,chg_A,-1.345493,-7.595493,0.260914,231,237
mistralai/Mistral-7B-Instruct-v0.3,mistral,llama,Q026,NONE_vs_CONTROL,chg_B,-2.834389,-8.521890,0.058953,231,237
mistralai/Mistral-7B-Instruct-v0.3,mistral,llama,Q026,SCREEN,chg_A,-0.933723,-5.371223,0.397736,230,237
mistralai/Mistral-7B-Instruct-v0.3,mistral,llama,Q026,SCREEN,chg_B,-2.264868,-11.452369,0.103854,230,237
mistralai/Mistral-7B-Instruct-v0.3,mistral,llama,Q026,AGE,chg_A,-1.813511,-4.376011,0.175656,233,237
mistralai/Mistral-7B-Instruct-v0.3,mistral,llama,Q026,AGE,chg_B,-2.874320,-10.249320,0.056490,233,237
mistralai/Mistral-7B-Instruct-v0.3,mistral,llama,Q026,ADHD,chg_A,-1.257428,-6.194928,0.286424,234,237
mistralai/Mistral-7B-Instruct-v0.3,mistral,llama,Q026,ADHD,chg_B,-1.100370,-10.787870,0.332768,234,237
mistralai/Mistral-7B-Instruct-v0.3,mistral,llama,Q027,IDENTITY,chg_A,-2.036083,-7.473583,0.131107,246,246
mistralai/Mistral-7B-Instruct-v0.3,mistral,llama,Q027,IDENTITY,chg_B,-2.036083,-7.473583,0.131107,246,246
mistralai/Mistral-7B-Instruct-v0.3,mistral,llama,Q027,NONE_vs_CONTROL,chg_A,-1.848041,-4.785541,0.165895,248,246
mistralai/Mistral-7B-Instruct-v0.3,mistral,llama,Q027,NONE_vs_CONTROL,chg_B,-1.839002,-6.026502,0.161390,248,246
mistralai/Mistral-7B-Instruct-v0.3,mistral,llama,Q027,SCREEN,chg_A,-2.082326,-7.957325,0.124990,250,246
mistralai/Mistral-7B-Instruct-v0.3,mistral,llama,Q027,SCREEN,chg_B,-1.034216,-7.096716,0.356333,250,246
mistralai/Mistral-7B-Instruct-v0.3,mistral,llama,Q027,AGE,chg_A,-2.901842,-8.089341,0.055229,246,246
mistralai/Mistral-7B-Instruct-v0.3,mistral,llama,Q027,AGE,chg_B,-2.434759,-6.872259,0.088655,246,246
mistralai/Mistral-7B-Instruct-v0.3,mistral,llama,Q027,ADHD,chg_A,-1.729426,-7.416926,0.177987,255,246
mistralai/Mistral-7B-Instruct-v0.3,mistral,llama,Q027,ADHD,chg_B,-2.592472,-4.029972,0.092610,255,246
mistralai/Mistral-7B-Instruct-v0.3,mistral,llama,Q028,IDENTITY,chg_A,-2.416026,-8.103525,0.089578,245,245
mistralai/Mistral-7B-Instruct-v0.3,mistral,llama,Q028,IDENTITY,chg_B,-2.416026,-8.103525,0.089578,245,245
mistralai/Mistral-7B-Instruct-v0.3,mistral,llama,Q028,NONE_vs_CONTROL,chg_A,-2.577679,-7.640179,0.076431,252,245
mistralai/Mistral-7B-Instruct-v0.3,mistral,llama,Q028,NONE_vs_CONTROL,chg_B,-1.070115,-5.757615,0.346128,252,245
mistralai/Mistral-7B-Instruct-v0.3,mistral,llama,Q028,SCREEN,chg_A,-0.790777,-5.853277,0.456363,250,245
mistralai/Mistral-7B-Instruct-v0.3,mistral,llama,Q028,SCREEN,chg_B,-0.812259,-2.187259,0.556078,250,245
mistralai/Mistral-7B-Instruct-v0.3,mistral,llama,Q028,AGE,chg_A,-1.442116,-6.504616,0.237923,252,245
mistralai/Mistral-7B-Instruct-v0.3,mistral,llama,Q028,AGE,chg_B,-2.070597,-9.383098,0.126195,252,245
mistralai/Mistral-7B-Instruct-v0.3,mistral,llama,Q028,ADHD,chg_A,-1.220859,-5.658359,0.298465,247,245
mistralai/Mistral-7B-Instruct-v0.3,mistral,llama,Q028,ADHD,chg_B,-0.722546,-4.597546,0.495591,247,245
mistralai/Mistral-7B-Instruct-v0.3,mistral,llama,Q029,IDENTITY,chg_A,-1.502053,-6.252053,0.224599,248,248
mistralai/Mistral-7B-Instruct-v0.3,mistral,llama,Q029,IDENTITY,chg_B,-1.502053,-6.252053,0.224599,248,248
mistralai/Mistral-7B-Instruct-v0.3,mistral,llama,Q029,NONE_vs_CONTROL,chg_A,-1.567960,-5.130460,0.214384,243,248
mistralai/Mistral-7B-Instruct-v0.3,mistral,llama,Q029,NONE_vs_CONTROL,chg_B,-1.301177,-5.551177,0.276094,243,248
mistralai/Mistral-7B-Instruct-v0.3,mistral,llama,Q029,SCREEN,chg_A,-1.454873,-4.829873,0.241418,245,248
mistralai/Mistral-7B-Instruct-v0.3,mistral,llama,Q029,SCREEN,chg_B,-0.573139,-5.010639,0.570420,245,248
mistralai/Mistral-7B-Instruct-v0.3,mistral,llama,Q029,AGE,chg_A,-1.161452,-5.223952,0.318417,259,248
mistralai/Mistral-7B-Instruct-v0.3,mistral,llama,Q029,AGE,chg_B,-0.911291,-6.411291,0.403648,259,248
mistralai/Mistral-7B-Instruct-v0.3,mistral,llama,Q029,ADHD,chg_A,-1.343006,-4.530506,0.271835,243,248
mistralai/Mistral-7B-Instruct-v0.3,mistral,llama,Q029,ADHD,chg_B,-0.706360,-7.331360,0.494092,243,248
mistralai/Mistral-7B-Instruct-v0.3,mistral,llama,Q030,IDENTITY,chg_A,-4.091913,-7.904413,0.017076,245,245
mistralai/Mistral-7B-Instruct-v0.3,mistral,llama,Q030,IDENTITY,chg_B,-4.091913,-7.904413,0.017076,245,245
mistralai/Mistral-7B-Instruct-v0.3,mistral,llama,Q030,NONE_vs_CONTROL,chg_A,-1.962490,-6.212490,0.142512,242,245
mistralai/Mistral-7B-Instruct-v0.3,mistral,llama,Q030,NONE_vs_CONTROL,chg_B,-2.512223,-5.637223,0.084651,242,245
mistralai/Mistral-7B-Instruct-v0.3,mistral,llama,Q030,SCREEN,chg_A,-2.179323,-6.429323,0.114732,251,245
mistralai/Mistral-7B-Instruct-v0.3,mistral,llama,Q030,SCREEN,chg_B,-1.927123,-8.614623,0.145748,251,245
mistralai/Mistral-7B-Instruct-v0.3,mistral,llama,Q030,AGE,chg_A,-3.348333,-6.348333,0.036893,204,245
mistralai/Mistral-7B-Instruct-v0.3,mistral,llama,Q030,AGE,chg_B,-2.156760,-8.344260,0.115937,204,245
mistralai/Mistral-7B-Instruct-v0.3,mistral,llama,Q030,ADHD,chg_A,-2.534373,-6.971873,0.080249,223,245
mistralai/Mistral-7B-Instruct-v0.3,mistral,llama,Q030,ADHD,chg_B,-2.967202,-6.717202,0.052657,223,245
mistralai/Mistral-7B-Instruct-v0.3,mistral,llama,Q031,IDENTITY,chg_A,-3.372560,-7.685060,0.034761,225,225
mistralai/Mistral-7B-Instruct-v0.3,mistral,llama,Q031,IDENTITY,chg_B,-3.372560,-7.685060,0.034761,225,225
mistralai/Mistral-7B-Instruct-v0.3,mistral,llama,Q031,NONE_vs_CONTROL,chg_A,-3.000045,-7.687545,0.050243,221,225
mistralai/Mistral-7B-Instruct-v0.3,mistral,llama,Q031,NONE_vs_CONTROL,chg_B,-2.593511,-7.031011,0.075641,221,225
mistralai/Mistral-7B-Instruct-v0.3,mistral,llama,Q031,SCREEN,chg_A,-2.012671,-7.450171,0.134213,225,225
mistralai/Mistral-7B-Instruct-v0.3,mistral,llama,Q031,SCREEN,chg_B,-1.571042,-9.008542,0.207951,225,225
mistralai/Mistral-7B-Instruct-v0.3,mistral,llama,Q031,AGE,chg_A,-3.123255,-8.185755,0.044292,225,225
mistralai/Mistral-7B-Instruct-v0.3,mistral,llama,Q031,AGE,chg_B,-3.447475,-9.947474,0.031874,225,225
mistralai/Mistral-7B-Instruct-v0.3,mistral,llama,Q031,ADHD,chg_A,-2.552978,-7.302979,0.078523,235,225
mistralai/Mistral-7B-Instruct-v0.3,mistral,llama,Q031,ADHD,chg_B,-2.025201,-7.775201,0.132387,235,225
mistralai/Mistral-7B-Instruct-v0.3,mistral,llama,Q032,IDENTITY,chg_A,-2.782175,-7.219675,0.062636,230,230
mistralai/Mistral-7B-Instruct-v0.3,mistral,llama,Q032,IDENTITY,chg_B,-2.782175,-7.219675,0.062636,230,230
mistralai/Mistral-7B-Instruct-v0.3,mistral,llama,Q032,NONE_vs_CONTROL,chg_A,-2.928507,-7.053507,0.054341,224,230
mistralai/Mistral-7B-Instruct-v0.3,mistral,llama,Q032,NONE_vs_CONTROL,chg_B,-2.533127,-7.220627,0.080142,224,230
mistralai/Mistral-7B-Instruct-v0.3,mistral,llama,Q032,SCREEN,chg_A,-0.585476,-3.647976,0.582885,248,230
mistralai/Mistral-7B-Instruct-v0.3,mistral,llama,Q032,SCREEN,chg_B,-0.243548,-7.243548,0.784557,248,230
mistralai/Mistral-7B-Instruct-v0.3,mistral,llama,Q032,AGE,chg_A,-1.254825,-5.442325,0.289455,241,230
mistralai/Mistral-7B-Instruct-v0.3,mistral,llama,Q032,AGE,chg_B,-0.684175,-6.996675,0.505421,241,230
mistralai/Mistral-7B-Instruct-v0.3,mistral,llama,Q032,ADHD,chg_A,-2.419306,-7.419306,0.089583,242,230
mistralai/Mistral-7B-Instruct-v0.3,mistral,llama,Q032,ADHD,chg_B,-2.510876,-1.823376,0.242677,242,230
mistralai/Mistral-7B-Instruct-v0.3,mistral,llama,Q033,IDENTITY,chg_A,-1.638977,-6.888977,0.195197,254,254
mistralai/Mistral-7B-Instruct-v0.3,mistral,llama,Q033,IDENTITY,chg_B,-1.638977,-6.888977,0.195197,254,254
mistralai/Mistral-7B-Instruct-v0.3,mistral,llama,Q033,NONE_vs_CONTROL,chg_A,-0.626603,-5.064103,0.540724,246,254
mistralai/Mistral-7B-Instruct-v0.3,mistral,llama,Q033,NONE_vs_CONTROL,chg_B,-1.054101,-2.491601,0.431283,246,254
mistralai/Mistral-7B-Instruct-v0.3,mistral,llama,Q033,SCREEN,chg_A,-1.140983,-3.890983,0.339930,235,254
mistralai/Mistral-7B-Instruct-v0.3,mistral,llama,Q033,SCREEN,chg_B,-0.575255,-7.325255,0.563220,235,254
mistralai/Mistral-7B-Instruct-v0.3,mistral,llama,Q033,AGE,chg_A,-0.739203,-3.551703,0.506170,232,254
mistralai/Mistral-7B-Instruct-v0.3,mistral,llama,Q033,AGE,chg_B,-0.302426,-5.364926,0.743701,232,254
mistralai/Mistral-7B-Instruct-v0.3,mistral,llama,Q033,ADHD,chg_A,-0.806207,-4.556207,0.457050,237,254
mistralai/Mistral-7B-Instruct-v0.3,mistral,llama,Q033,ADHD,chg_B,-0.989127,-3.864126,0.392883,237,254
mistralai/Mistral-7B-Instruct-v0.3,mistral,llama,Q034,IDENTITY,chg_A,-0.927081,-7.177082,0.396471,245,245
mistralai/Mistral-7B-Instruct-v0.3,mistral,llama,Q034,IDENTITY,chg_B,-0.927081,-7.177082,0.396471,245,245
mistralai/Mistral-7B-Instruct-v0.3,mistral,llama,Q034,NONE_vs_CONTROL,chg_A,-1.447045,-7.134545,0.236062,252,245
mistralai/Mistral-7B-Instruct-v0.3,mistral,llama,Q034,NONE_vs_CONTROL,chg_B,-0.655433,-7.030433,0.520102,252,245
mistralai/Mistral-7B-Instruct-v0.3,mistral,llama,Q034,SCREEN,chg_A,-0.456666,-5.081666,0.639601,242,245
mistralai/Mistral-7B-Instruct-v0.3,mistral,llama,Q034,SCREEN,chg_B,-0.152605,-8.965105,0.858597,242,245
mistralai/Mistral-7B-Instruct-v0.3,mistral,llama,Q034,AGE,chg_A,-1.402988,-5.715488,0.249156,252,245
mistralai/Mistral-7B-Instruct-v0.3,mistral,llama,Q034,AGE,chg_B,-0.110030,-10.797530,0.895828,252,245
mistralai/Mistral-7B-Instruct-v0.3,mistral,llama,Q034,ADHD,chg_A,-1.792277,-6.417276,0.168214,252,245
mistralai/Mistral-7B-Instruct-v0.3,mistral,llama,Q034,ADHD,chg_B,-0.206507,-6.456507,0.814991,252,245
mistralai/Mistral-7B-Instruct-v0.3,mistral,llama,Q035,IDENTITY,chg_A,-2.104148,-7.854148,0.122338,233,233
mistralai/Mistral-7B-Instruct-v0.3,mistral,llama,Q035,IDENTITY,chg_B,-2.104148,-7.854148,0.122338,233,233
mistralai/Mistral-7B-Instruct-v0.3,mistral,llama,Q035,NONE_vs_CONTROL,chg_A,-3.150182,-6.525182,0.044310,223,233
mistralai/Mistral-7B-Instruct-v0.3,mistral,llama,Q035,NONE_vs_CONTROL,chg_B,-3.227353,-7.852353,0.040051,223,233
mistralai/Mistral-7B-Instruct-v0.3,mistral,llama,Q035,SCREEN,chg_A,-2.133267,-4.195767,0.133509,226,233
mistralai/Mistral-7B-Instruct-v0.3,mistral,llama,Q035,SCREEN,chg_B,-0.876504,-8.751504,0.416394,226,233
mistralai/Mistral-7B-Instruct-v0.3,mistral,llama,Q035,AGE,chg_A,-2.311717,-5.624217,0.102700,227,233
mistralai/Mistral-7B-Instruct-v0.3,mistral,llama,Q035,AGE,chg_B,-2.715482,-10.090482,0.066215,227,233
mistralai/Mistral-7B-Instruct-v0.3,mistral,llama,Q035,ADHD,chg_A,-3.854981,-6.167481,0.023271,205,233
mistralai/Mistral-7B-Instruct-v0.3,mistral,llama,Q035,ADHD,chg_B,-4.399255,-8.336756,0.012526,205,233
mistralai/Mistral-7B-Instruct-v0.3,mistral,llama,Q036,IDENTITY,chg_A,-3.689461,-7.876961,0.025365,235,235
mistralai/Mistral-7B-Instruct-v0.3,mistral,llama,Q036,IDENTITY,chg_B,-3.689461,-7.876961,0.025365,235,235
mistralai/Mistral-7B-Instruct-v0.3,mistral,llama,Q036,NONE_vs_CONTROL,chg_A,-2.342621,-5.655121,0.099575,248,235
mistralai/Mistral-7B-Instruct-v0.3,mistral,llama,Q036,NONE_vs_CONTROL,chg_B,-1.816955,-7.316955,0.163184,248,235
mistralai/Mistral-7B-Instruct-v0.3,mistral,llama,Q036,SCREEN,chg_A,-1.413994,-7.288994,0.243853,233,235
mistralai/Mistral-7B-Instruct-v0.3,mistral,llama,Q036,SCREEN,chg_B,-0.661173,-7.098673,0.517072,233,235
mistralai/Mistral-7B-Instruct-v0.3,mistral,llama,Q036,AGE,chg_A,-2.466595,-5.966595,0.087436,237,235
mistralai/Mistral-7B-Instruct-v0.3,mistral,llama,Q036,AGE,chg_B,-1.723694,-6.473694,0.179949,237,235
mistralai/Mistral-7B-Instruct-v0.3,mistral,llama,Q036,ADHD,chg_A,-2.024508,-6.274508,0.133943,232,235
mistralai/Mistral-7B-Instruct-v0.3,mistral,llama,Q036,ADHD,chg_B,-1.033995,-6.408995,0.357230,232,235
mistralai/Mistral-7B-Instruct-v0.3,mistral,llama,Q037,IDENTITY,chg_A,-3.106506,-7.169006,0.045527,240,240
mistralai/Mistral-7B-Instruct-v0.3,mistral,llama,Q037,IDENTITY,chg_B,-3.106506,-7.169006,0.045527,240,240
mistralai/Mistral-7B-Instruct-v0.3,mistral,llama,Q037,NONE_vs_CONTROL,chg_A,-1.884732,-5.822232,0.154831,234,240
mistralai/Mistral-7B-Instruct-v0.3,mistral,llama,Q037,NONE_vs_CONTROL,chg_B,-2.178709,-5.991209,0.115688,234,240
mistralai/Mistral-7B-Instruct-v0.3,mistral,llama,Q037,SCREEN,chg_A,-1.849896,-7.662396,0.157724,244,240
mistralai/Mistral-7B-Instruct-v0.3,mistral,llama,Q037,SCREEN,chg_B,-1.140273,-4.202773,0.334686,244,240
mistralai/Mistral-7B-Instruct-v0.3,mistral,llama,Q037,AGE,chg_A,-2.511387,-6.011387,0.083606,258,240
mistralai/Mistral-7B-Instruct-v0.3,mistral,llama,Q037,AGE,chg_B,-1.880157,-6.505157,0.154062,258,240
mistralai/Mistral-7B-Instruct-v0.3,mistral,llama,Q037,ADHD,chg_A,-2.629842,-5.754842,0.075257,253,240
mistralai/Mistral-7B-Instruct-v0.3,mistral,llama,Q037,ADHD,chg_B,-2.256639,-5.256639,0.109915,253,240
mistralai/Mistral-7B-Instruct-v0.3,mistral,llama,Q038,IDENTITY,chg_A,-2.540002,-7.165002,0.079639,247,247
mistralai/Mistral-7B-Instruct-v0.3,mistral,llama,Q038,IDENTITY,chg_B,-2.540002,-7.165002,0.079639,247,247
mistralai/Mistral-7B-Instruct-v0.3,mistral,llama,Q038,NONE_vs_CONTROL,chg_A,-3.014817,-6.452317,0.050632,248,247
mistralai/Mistral-7B-Instruct-v0.3,mistral,llama,Q038,NONE_vs_CONTROL,chg_B,-3.133662,-6.196162,0.045595,248,247
mistralai/Mistral-7B-Instruct-v0.3,mistral,llama,Q038,SCREEN,chg_A,-2.316813,-6.254313,0.100509,236,247
mistralai/Mistral-7B-Instruct-v0.3,mistral,llama,Q038,SCREEN,chg_B,-2.435242,-6.122742,0.089769,236,247
mistralai/Mistral-7B-Instruct-v0.3,mistral,llama,Q038,AGE,chg_A,-2.989503,-6.802003,0.051424,241,247
mistralai/Mistral-7B-Instruct-v0.3,mistral,llama,Q038,AGE,chg_B,-3.172792,-7.235292,0.042607,241,247
mistralai/Mistral-7B-Instruct-v0.3,mistral,llama,Q038,ADHD,chg_A,-1.475301,-4.225301,0.243331,214,247
mistralai/Mistral-7B-Instruct-v0.3,mistral,llama,Q038,ADHD,chg_B,-1.237578,-10.175078,0.290124,214,247
mistralai/Mistral-7B-Instruct-v0.3,mistral,llama,Q039,IDENTITY,chg_A,-5.277317,-8.152316,0.005394,231,231
mistralai/Mistral-7B-Instruct-v0.3,mistral,llama,Q039,IDENTITY,chg_B,-5.277317,-8.152316,0.005394,231,231
mistralai/Mistral-7B-Instruct-v0.3,mistral,llama,Q039,NONE_vs_CONTROL,chg_A,-4.479599,-7.604599,0.011836,249,231
mistralai/Mistral-7B-Instruct-v0.3,mistral,llama,Q039,NONE_vs_CONTROL,chg_B,-2.370093,-6.182593,0.095537,249,231
mistralai/Mistral-7B-Instruct-v0.3,mistral,llama,Q039,SCREEN,chg_A,-2.006604,-4.256605,0.148615,252,231
mistralai/Mistral-7B-Instruct-v0.3,mistral,llama,Q039,SCREEN,chg_B,-2.774443,-7.336944,0.063035,252,231
mistralai/Mistral-7B-Instruct-v0.3,mistral,llama,Q039,AGE,chg_A,-1.714343,-4.651843,0.189626,239,231
mistralai/Mistral-7B-Instruct-v0.3,mistral,llama,Q039,AGE,chg_B,-1.180962,-6.430962,0.308594,239,231
mistralai/Mistral-7B-Instruct-v0.3,mistral,llama,Q039,ADHD,chg_A,-2.613755,-5.801255,0.076283,236,231
mistralai/Mistral-7B-Instruct-v0.3,mistral,llama,Q039,ADHD,chg_B,-1.298057,-5.423057,0.277475,236,231
mistralai/Mistral-7B-Instruct-v0.3,mistral,llama,Q040,IDENTITY,chg_A,-3.004946,-6.879946,0.050570,260,260
mistralai/Mistral-7B-Instruct-v0.3,mistral,llama,Q040,IDENTITY,chg_B,-3.004946,-6.879946,0.050570,260,260
mistralai/Mistral-7B-Instruct-v0.3,mistral,llama,Q040,NONE_vs_CONTROL,chg_A,-3.676835,-7.489335,0.025862,255,260
mistralai/Mistral-7B-Instruct-v0.3,mistral,llama,Q040,NONE_vs_CONTROL,chg_B,-3.714381,-4.339381,0.037415,255,260
mistralai/Mistral-7B-Instruct-v0.3,mistral,llama,Q040,SCREEN,chg_A,-4.404964,-9.279964,0.012310,254,260
mistralai/Mistral-7B-Instruct-v0.3,mistral,llama,Q040,SCREEN,chg_B,-5.466806,-7.591806,0.004729,254,260
mistralai/Mistral-7B-Instruct-v0.3,mistral,llama,Q040,AGE,chg_A,-4.039953,-8.477452,0.017806,251,260
mistralai/Mistral-7B-Instruct-v0.3,mistral,llama,Q040,AGE,chg_B,-2.510214,-5.760214,0.084401,251,260
mistralai/Mistral-7B-Instruct-v0.3,mistral,llama,Q040,ADHD,chg_A,-3.911271,-9.536271,0.020087,252,260
mistralai/Mistral-7B-Instruct-v0.3,mistral,llama,Q040,ADHD,chg_B,-3.025972,-1.775972,0.217829,252,260
mistralai/Mistral-7B-Instruct-v0.3,mistral,llama,Q041,IDENTITY,chg_A,-3.542369,-7.854869,0.029333,245,245
mistralai/Mistral-7B-Instruct-v0.3,mistral,llama,Q041,IDENTITY,chg_B,-3.542369,-7.854869,0.029333,245,245
mistralai/Mistral-7B-Instruct-v0.3,mistral,llama,Q041,NONE_vs_CONTROL,chg_A,-2.847056,-6.409556,0.059661,245,245
mistralai/Mistral-7B-Instruct-v0.3,mistral,llama,Q041,NONE_vs_CONTROL,chg_B,-3.591520,-8.654020,0.027731,245,245
mistralai/Mistral-7B-Instruct-v0.3,mistral,llama,Q041,SCREEN,chg_A,-2.311141,-8.123641,0.099445,233,245
mistralai/Mistral-7B-Instruct-v0.3,mistral,llama,Q041,SCREEN,chg_B,-0.782496,-2.657496,0.527387,233,245
mistralai/Mistral-7B-Instruct-v0.3,mistral,llama,Q041,AGE,chg_A,-3.096381,-7.158881,0.045990,245,245
mistralai/Mistral-7B-Instruct-v0.3,mistral,llama,Q041,AGE,chg_B,-2.893312,-7.018312,0.056288,245,245
mistralai/Mistral-7B-Instruct-v0.3,mistral,llama,Q041,ADHD,chg_A,-2.740595,-8.115595,0.064831,233,245
mistralai/Mistral-7B-Instruct-v0.3,mistral,llama,Q041,ADHD,chg_B,-1.262229,-8.512229,0.283224,233,245
mistralai/Mistral-7B-Instruct-v0.3,mistral,llama,Q042,IDENTITY,chg_A,-3.264065,-6.951565,0.039190,192,192
mistralai/Mistral-7B-Instruct-v0.3,mistral,llama,Q042,IDENTITY,chg_B,-3.264065,-6.951565,0.039190,192,192
mistralai/Mistral-7B-Instruct-v0.3,mistral,llama,Q042,NONE_vs_CONTROL,chg_A,-2.149753,-6.212254,0.118518,218,192
mistralai/Mistral-7B-Instruct-v0.3,mistral,llama,Q042,NONE_vs_CONTROL,chg_B,-2.569253,-6.694253,0.077831,218,192
mistralai/Mistral-7B-Instruct-v0.3,mistral,llama,Q042,SCREEN,chg_A,-1.693531,-7.193531,0.184621,237,192
mistralai/Mistral-7B-Instruct-v0.3,mistral,llama,Q042,SCREEN,chg_B,-0.819567,-3.507067,0.470607,237,192
mistralai/Mistral-7B-Instruct-v0.3,mistral,llama,Q042,AGE,chg_A,-1.917893,-5.042893,0.153371,175,192
mistralai/Mistral-7B-Instruct-v0.3,mistral,llama,Q042,AGE,chg_B,-3.213737,-8.588737,0.040392,175,192
mistralai/Mistral-7B-Instruct-v0.3,mistral,llama,Q042,ADHD,chg_A,-1.942982,-6.630482,0.144596,202,192
mistralai/Mistral-7B-Instruct-v0.3,mistral,llama,Q042,ADHD,chg_B,-1.904067,-4.966567,0.155929,202,192
mistralai/Mistral-7B-Instruct-v0.3,mistral,llama,Q043,IDENTITY,chg_A,-5.766056,-8.328556,0.003374,197,197
mistralai/Mistral-7B-Instruct-v0.3,mistral,llama,Q043,IDENTITY,chg_B,-5.766056,-8.328556,0.003374,197,197
mistralai/Mistral-7B-Instruct-v0.3,mistral,llama,Q043,NONE_vs_CONTROL,chg_A,-4.137242,-7.199742,0.016714,243,197
mistralai/Mistral-7B-Instruct-v0.3,mistral,llama,Q043,NONE_vs_CONTROL,chg_B,-5.174228,-4.986728,0.012489,243,197
mistralai/Mistral-7B-Instruct-v0.3,mistral,llama,Q043,SCREEN,chg_A,-3.939183,-9.001683,0.019587,219,197
mistralai/Mistral-7B-Instruct-v0.3,mistral,llama,Q043,SCREEN,chg_B,-2.615595,-5.615595,0.076765,219,197
mistralai/Mistral-7B-Instruct-v0.3,mistral,llama,Q043,AGE,chg_A,-3.363218,-7.488217,0.035183,221,197
mistralai/Mistral-7B-Instruct-v0.3,mistral,llama,Q043,AGE,chg_B,-3.584823,-5.834823,0.030666,221,197
mistralai/Mistral-7B-Instruct-v0.3,mistral,llama,Q043,ADHD,chg_A,-3.639991,-8.764991,0.026409,203,197
mistralai/Mistral-7B-Instruct-v0.3,mistral,llama,Q043,ADHD,chg_B,-3.333220,-4.145720,0.051510,203,197
mistralai/Mistral-7B-Instruct-v0.3,mistral,llama,Q044,IDENTITY,chg_A,-2.506065,-7.193565,0.082340,233,233
mistralai/Mistral-7B-Instruct-v0.3,mistral,llama,Q044,IDENTITY,chg_B,-2.506065,-7.193565,0.082340,233,233
mistralai/Mistral-7B-Instruct-v0.3,mistral,llama,Q044,NONE_vs_CONTROL,chg_A,-3.289276,-4.414276,0.049384,229,233
mistralai/Mistral-7B-Instruct-v0.3,mistral,llama,Q044,NONE_vs_CONTROL,chg_B,-2.560168,-5.497668,0.081388,229,233
mistralai/Mistral-7B-Instruct-v0.3,mistral,llama,Q044,SCREEN,chg_A,-2.513842,-6.513842,0.082439,240,233
mistralai/Mistral-7B-Instruct-v0.3,mistral,llama,Q044,SCREEN,chg_B,-1.253295,-1.753295,0.458765,240,233
mistralai/Mistral-7B-Instruct-v0.3,mistral,llama,Q044,AGE,chg_A,-2.889528,-5.014528,0.062243,229,233
mistralai/Mistral-7B-Instruct-v0.3,mistral,llama,Q044,AGE,chg_B,-3.935545,-7.623045,0.020024,229,233
mistralai/Mistral-7B-Instruct-v0.3,mistral,llama,Q044,ADHD,chg_A,-3.108048,-7.108048,0.045507,217,233
mistralai/Mistral-7B-Instruct-v0.3,mistral,llama,Q044,ADHD,chg_B,-2.291710,-6.541709,0.102535,217,233
mistralai/Mistral-7B-Instruct-v0.3,mistral,llama,Q045,IDENTITY,chg_A,-2.152004,-7.777004,0.116670,242,242
mistralai/Mistral-7B-Instruct-v0.3,mistral,llama,Q045,IDENTITY,chg_B,-2.152004,-7.777004,0.116670,242,242
mistralai/Mistral-7B-Instruct-v0.3,mistral,llama,Q045,NONE_vs_CONTROL,chg_A,-1.153185,-5.090685,0.321784,226,242
mistralai/Mistral-7B-Instruct-v0.3,mistral,llama,Q045,NONE_vs_CONTROL,chg_B,-2.546443,-7.421443,0.078958,226,242
mistralai/Mistral-7B-Instruct-v0.3,mistral,llama,Q045,SCREEN,chg_A,-1.709668,-6.209668,0.182936,225,242
mistralai/Mistral-7B-Instruct-v0.3,mistral,llama,Q045,SCREEN,chg_B,-0.806910,-8.619410,0.446415,225,242
mistralai/Mistral-7B-Instruct-v0.3,mistral,llama,Q045,AGE,chg_A,-1.066698,-5.816698,0.347121,236,242
mistralai/Mistral-7B-Instruct-v0.3,mistral,llama,Q045,AGE,chg_B,-0.851516,-9.226517,0.426866,236,242
mistralai/Mistral-7B-Instruct-v0.3,mistral,llama,Q045,ADHD,chg_A,-1.198732,-6.011232,0.304027,243,242
mistralai/Mistral-7B-Instruct-v0.3,mistral,llama,Q045,ADHD,chg_B,-1.010750,-8.573250,0.364135,243,242
mistralai/Mistral-7B-Instruct-v0.3,mistral,llama,Q046,IDENTITY,chg_A,-5.324800,-8.137300,0.005162,231,231
mistralai/Mistral-7B-Instruct-v0.3,mistral,llama,Q046,IDENTITY,chg_B,-5.324800,-8.137300,0.005162,231,231
mistralai/Mistral-7B-Instruct-v0.3,mistral,llama,Q046,NONE_vs_CONTROL,chg_A,-5.153430,-8.028429,0.006106,241,231
mistralai/Mistral-7B-Instruct-v0.3,mistral,llama,Q046,NONE_vs_CONTROL,chg_B,-5.316958,-8.441958,0.005123,241,231
mistralai/Mistral-7B-Instruct-v0.3,mistral,llama,Q046,SCREEN,chg_A,-5.330313,-7.767813,0.005266,233,231
mistralai/Mistral-7B-Instruct-v0.3,mistral,llama,Q046,SCREEN,chg_B,-2.374254,-3.374254,0.127327,233,231
mistralai/Mistral-7B-Instruct-v0.3,mistral,llama,Q046,AGE,chg_A,-4.287604,-7.100104,0.014563,245,231
mistralai/Mistral-7B-Instruct-v0.3,mistral,llama,Q046,AGE,chg_B,-2.521329,-7.396329,0.080966,245,231
mistralai/Mistral-7B-Instruct-v0.3,mistral,llama,Q046,ADHD,chg_A,-4.856058,-7.106058,0.008601,243,231
mistralai/Mistral-7B-Instruct-v0.3,mistral,llama,Q046,ADHD,chg_B,-3.447717,-6.447717,0.033402,243,231
mistralai/Mistral-7B-Instruct-v0.3,mistral,llama,Q047,IDENTITY,chg_A,-3.549791,-7.299790,0.029406,230,230
mistralai/Mistral-7B-Instruct-v0.3,mistral,llama,Q047,IDENTITY,chg_B,-3.549791,-7.299790,0.029406,230,230
mistralai/Mistral-7B-Instruct-v0.3,mistral,llama,Q047,NONE_vs_CONTROL,chg_A,-2.107057,-5.732057,0.124836,220,230
mistralai/Mistral-7B-Instruct-v0.3,mistral,llama,Q047,NONE_vs_CONTROL,chg_B,-2.347882,-5.722882,0.098842,220,230
mistralai/Mistral-7B-Instruct-v0.3,mistral,llama,Q047,SCREEN,chg_A,-0.969919,-4.469919,0.390562,237,230
mistralai/Mistral-7B-Instruct-v0.3,mistral,llama,Q047,SCREEN,chg_B,-0.685421,-3.185421,0.545239,237,230
mistralai/Mistral-7B-Instruct-v0.3,mistral,llama,Q047,AGE,chg_A,-1.154589,-5.529589,0.319155,244,230
mistralai/Mistral-7B-Instruct-v0.3,mistral,llama,Q047,AGE,chg_B,-2.096219,-6.846219,0.123984,244,230
mistralai/Mistral-7B-Instruct-v0.3,mistral,llama,Q047,ADHD,chg_A,-1.475951,-5.600951,0.232256,239,230
mistralai/Mistral-7B-Instruct-v0.3,mistral,llama,Q047,ADHD,chg_B,-2.079287,-2.016787,0.258102,239,230
mistralai/Mistral-7B-Instruct-v0.3,mistral,llama,Q048,IDENTITY,chg_A,-1.872998,-7.747998,0.154094,241,241
mistralai/Mistral-7B-Instruct-v0.3,mistral,llama,Q048,IDENTITY,chg_B,-1.872998,-7.747998,0.154094,241,241
mistralai/Mistral-7B-Instruct-v0.3,mistral,llama,Q048,NONE_vs_CONTROL,chg_A,-1.413869,-7.976369,0.243544,241,241
mistralai/Mistral-7B-Instruct-v0.3,mistral,llama,Q048,NONE_vs_CONTROL,chg_B,-2.209931,-6.459931,0.111273,241,241
mistralai/Mistral-7B-Instruct-v0.3,mistral,llama,Q048,SCREEN,chg_A,-0.983610,-6.671110,0.375226,235,241
mistralai/Mistral-7B-Instruct-v0.3,mistral,llama,Q048,SCREEN,chg_B,-0.735450,-6.860450,0.480338,235,241
mistralai/Mistral-7B-Instruct-v0.3,mistral,llama,Q048,AGE,chg_A,-1.740442,-6.302942,0.177274,232,241
mistralai/Mistral-7B-Instruct-v0.3,mistral,llama,Q048,AGE,chg_B,-0.551028,-9.301028,0.576448,232,241
mistralai/Mistral-7B-Instruct-v0.3,mistral,llama,Q048,ADHD,chg_A,-1.135638,-4.135638,0.337210,230,241
mistralai/Mistral-7B-Instruct-v0.3,mistral,llama,Q048,ADHD,chg_B,-1.623869,-9.748869,0.197193,230,241
mistralai/Mistral-7B-Instruct-v0.3,mistral,llama,Q049,IDENTITY,chg_A,-4.664941,-7.289941,0.010102,224,224
mistralai/Mistral-7B-Instruct-v0.3,mistral,llama,Q049,IDENTITY,chg_B,-4.664941,-7.289941,0.010102,224,224
mistralai/Mistral-7B-Instruct-v0.3,mistral,llama,Q049,NONE_vs_CONTROL,chg_A,-4.501771,-8.251772,0.011350,242,224
mistralai/Mistral-7B-Instruct-v0.3,mistral,llama,Q049,NONE_vs_CONTROL,chg_B,-3.652458,-6.714958,0.027140,242,224
mistralai/Mistral-7B-Instruct-v0.3,mistral,llama,Q049,SCREEN,chg_A,-3.792909,-8.917909,0.022664,240,224
mistralai/Mistral-7B-Instruct-v0.3,mistral,llama,Q049,SCREEN,chg_B,-3.507329,-6.132329,0.032148,240,224
mistralai/Mistral-7B-Instruct-v0.3,mistral,llama,Q049,AGE,chg_A,-4.874692,-8.374692,0.007868,235,224
mistralai/Mistral-7B-Instruct-v0.3,mistral,llama,Q049,AGE,chg_B,-3.095488,-7.907988,0.045621,235,224
mistralai/Mistral-7B-Instruct-v0.3,mistral,llama,Q049,ADHD,chg_A,-4.388028,-7.638028,0.012907,245,224
mistralai/Mistral-7B-Instruct-v0.3,mistral,llama,Q049,ADHD,chg_B,-3.562721,-10.125220,0.028402,245,224
mistralai/Mistral-7B-Instruct-v0.3,mistral,llama,Q050,IDENTITY,chg_A,-4.581443,-7.831443,0.010637,255,255
mistralai/Mistral-7B-Instruct-v0.3,mistral,llama,Q050,IDENTITY,chg_B,-4.581443,-7.831443,0.010637,255,255
mistralai/Mistral-7B-Instruct-v0.3,mistral,llama,Q050,NONE_vs_CONTROL,chg_A,-4.196266,-8.258765,0.015311,244,255
mistralai/Mistral-7B-Instruct-v0.3,mistral,llama,Q050,NONE_vs_CONTROL,chg_B,-3.940457,-7.752957,0.019869,244,255
mistralai/Mistral-7B-Instruct-v0.3,mistral,llama,Q050,SCREEN,chg_A,-1.794147,-5.856647,0.169130,249,255
mistralai/Mistral-7B-Instruct-v0.3,mistral,llama,Q050,SCREEN,chg_B,-2.173665,-8.361165,0.113994,249,255
mistralai/Mistral-7B-Instruct-v0.3,mistral,llama,Q050,AGE,chg_A,-3.437479,-7.562479,0.032665,253,255
mistralai/Mistral-7B-Instruct-v0.3,mistral,llama,Q050,AGE,chg_B,-3.220290,-7.970290,0.040289,253,255
mistralai/Mistral-7B-Instruct-v0.3,mistral,llama,Q050,ADHD,chg_A,-1.380605,-7.505605,0.251976,257,255
mistralai/Mistral-7B-Instruct-v0.3,mistral,llama,Q050,ADHD,chg_B,-0.780077,-5.967577,0.460931,257,255
mistralai/Mistral-7B-Instruct-v0.3,mistral,llama,Q051,IDENTITY,chg_A,-2.544174,-7.044174,0.079410,242,242
mistralai/Mistral-7B-Instruct-v0.3,mistral,llama,Q051,IDENTITY,chg_B,-2.544174,-7.044174,0.079410,242,242
mistralai/Mistral-7B-Instruct-v0.3,mistral,llama,Q051,NONE_vs_CONTROL,chg_A,-1.942624,-4.255124,0.157519,252,242
mistralai/Mistral-7B-Instruct-v0.3,mistral,llama,Q051,NONE_vs_CONTROL,chg_B,-2.089683,-7.714683,0.124173,252,242
mistralai/Mistral-7B-Instruct-v0.3,mistral,llama,Q051,SCREEN,chg_A,-2.262808,-5.137808,0.109928,225,242
mistralai/Mistral-7B-Instruct-v0.3,mistral,llama,Q051,SCREEN,chg_B,-1.968347,-6.718347,0.140896,225,242
mistralai/Mistral-7B-Instruct-v0.3,mistral,llama,Q051,AGE,chg_A,-1.924887,-3.549887,0.174620,248,242
mistralai/Mistral-7B-Instruct-v0.3,mistral,llama,Q051,AGE,chg_B,-1.051054,-9.176054,0.349673,248,242
mistralai/Mistral-7B-Instruct-v0.3,mistral,llama,Q051,ADHD,chg_A,-1.746904,-4.871904,0.181972,244,242
mistralai/Mistral-7B-Instruct-v0.3,mistral,llama,Q051,ADHD,chg_B,-1.159820,-5.534820,0.317490,244,242
mistralai/Mistral-7B-Instruct-v0.3,mistral,llama,Q052,IDENTITY,chg_A,-3.162400,-7.662400,0.042794,241,241
mistralai/Mistral-7B-Instruct-v0.3,mistral,llama,Q052,IDENTITY,chg_B,-3.162400,-7.662400,0.042794,241,241
mistralai/Mistral-7B-Instruct-v0.3,mistral,llama,Q052,NONE_vs_CONTROL,chg_A,-3.079566,-6.454566,0.047553,247,241
mistralai/Mistral-7B-Instruct-v0.3,mistral,llama,Q052,NONE_vs_CONTROL,chg_B,-2.085723,-6.773223,0.125361,247,241
mistralai/Mistral-7B-Instruct-v0.3,mistral,llama,Q052,SCREEN,chg_A,-1.344165,-2.906665,0.315415,251,241
mistralai/Mistral-7B-Instruct-v0.3,mistral,llama,Q052,SCREEN,chg_B,-0.584849,-7.709849,0.557638,251,241
mistralai/Mistral-7B-Instruct-v0.3,mistral,llama,Q052,AGE,chg_A,-1.677693,-5.677693,0.190226,246,241
mistralai/Mistral-7B-Instruct-v0.3,mistral,llama,Q052,AGE,chg_B,-1.845029,-6.157529,0.160138,246,241
mistralai/Mistral-7B-Instruct-v0.3,mistral,llama,Q052,ADHD,chg_A,-2.792264,-4.604764,0.071286,245,241
mistralai/Mistral-7B-Instruct-v0.3,mistral,llama,Q052,ADHD,chg_B,-1.569880,-4.382380,0.220566,245,241
mistralai/Mistral-7B-Instruct-v0.3,mistral,llama,Q053,IDENTITY,chg_A,-2.743785,-7.743785,0.064760,253,253
mistralai/Mistral-7B-Instruct-v0.3,mistral,llama,Q053,IDENTITY,chg_B,-2.743785,-7.743785,0.064760,253,253
mistralai/Mistral-7B-Instruct-v0.3,mistral,llama,Q053,NONE_vs_CONTROL,chg_A,-1.538857,-6.601357,0.215985,251,253
mistralai/Mistral-7B-Instruct-v0.3,mistral,llama,Q053,NONE_vs_CONTROL,chg_B,-2.557082,-6.494582,0.079042,251,253
mistralai/Mistral-7B-Instruct-v0.3,mistral,llama,Q053,SCREEN,chg_A,-0.343139,-4.655639,0.719047,245,253
mistralai/Mistral-7B-Instruct-v0.3,mistral,llama,Q053,SCREEN,chg_B,-0.185796,-5.998296,0.832926,245,253
mistralai/Mistral-7B-Instruct-v0.3,mistral,llama,Q053,AGE,chg_A,-1.179945,-6.804945,0.308404,246,253
mistralai/Mistral-7B-Instruct-v0.3,mistral,llama,Q053,AGE,chg_B,-1.904533,-5.654532,0.152394,246,253
mistralai/Mistral-7B-Instruct-v0.3,mistral,llama,Q053,ADHD,chg_A,-1.489431,-4.301931,0.239043,250,253
mistralai/Mistral-7B-Instruct-v0.3,mistral,llama,Q053,ADHD,chg_B,-0.995022,-5.120022,0.375691,250,253
mistralai/Mistral-7B-Instruct-v0.3,mistral,llama,Q054,IDENTITY,chg_A,-6.570663,-9.383162,0.001485,245,245
mistralai/Mistral-7B-Instruct-v0.3,mistral,llama,Q054,IDENTITY,chg_B,-6.570663,-9.383162,0.001485,245,245
mistralai/Mistral-7B-Instruct-v0.3,mistral,llama,Q054,NONE_vs_CONTROL,chg_A,-5.428043,-8.740543,0.004552,251,245
mistralai/Mistral-7B-Instruct-v0.3,mistral,llama,Q054,NONE_vs_CONTROL,chg_B,-3.311245,-9.123746,0.036580,251,245
mistralai/Mistral-7B-Instruct-v0.3,mistral,llama,Q054,SCREEN,chg_A,-5.267526,-9.080026,0.005270,259,245
mistralai/Mistral-7B-Instruct-v0.3,mistral,llama,Q054,SCREEN,chg_B,-1.687157,-10.124657,0.185085,259,245
mistralai/Mistral-7B-Instruct-v0.3,mistral,llama,Q054,AGE,chg_A,-5.158250,-7.845750,0.006143,250,245
mistralai/Mistral-7B-Instruct-v0.3,mistral,llama,Q054,AGE,chg_B,-3.060365,-10.935365,0.046888,250,245
mistralai/Mistral-7B-Instruct-v0.3,mistral,llama,Q054,ADHD,chg_A,-5.832495,-7.519995,0.003473,255,245
mistralai/Mistral-7B-Instruct-v0.3,mistral,llama,Q054,ADHD,chg_B,-3.923364,-10.923365,0.019792,255,245
mistralai/Mistral-7B-Instruct-v0.3,mistral,llama,Q055,IDENTITY,chg_A,-3.652688,-7.465188,0.026494,241,241
mistralai/Mistral-7B-Instruct-v0.3,mistral,llama,Q055,IDENTITY,chg_B,-3.652688,-7.465188,0.026494,241,241
mistralai/Mistral-7B-Instruct-v0.3,mistral,llama,Q055,NONE_vs_CONTROL,chg_A,-2.915343,-7.290343,0.054868,244,241
mistralai/Mistral-7B-Instruct-v0.3,mistral,llama,Q055,NONE_vs_CONTROL,chg_B,-2.970899,-7.658400,0.051729,244,241
mistralai/Mistral-7B-Instruct-v0.3,mistral,llama,Q055,SCREEN,chg_A,-1.457686,-5.707686,0.236095,250,241
mistralai/Mistral-7B-Instruct-v0.3,mistral,llama,Q055,SCREEN,chg_B,-2.848703,-10.098703,0.057961,250,241
mistralai/Mistral-7B-Instruct-v0.3,mistral,llama,Q055,AGE,chg_A,-2.607087,-7.044587,0.074621,230,241
mistralai/Mistral-7B-Instruct-v0.3,mistral,llama,Q055,AGE,chg_B,-1.566252,-6.378752,0.210524,230,241
mistralai/Mistral-7B-Instruct-v0.3,mistral,llama,Q055,ADHD,chg_A,-2.740362,-6.802862,0.065658,238,241
mistralai/Mistral-7B-Instruct-v0.3,mistral,llama,Q055,ADHD,chg_B,-1.603913,-7.353913,0.201748,238,241
mistralai/Mistral-7B-Instruct-v0.3,mistral,llama,Q056,IDENTITY,chg_A,-4.887611,-7.512611,0.008086,250,250
mistralai/Mistral-7B-Instruct-v0.3,mistral,llama,Q056,IDENTITY,chg_B,-4.887611,-7.512611,0.008086,250,250
mistralai/Mistral-7B-Instruct-v0.3,mistral,llama,Q056,NONE_vs_CONTROL,chg_A,-4.431163,-7.181163,0.012661,245,250
mistralai/Mistral-7B-Instruct-v0.3,mistral,llama,Q056,NONE_vs_CONTROL,chg_B,-5.518044,-7.580544,0.004524,245,250
mistralai/Mistral-7B-Instruct-v0.3,mistral,llama,Q056,SCREEN,chg_A,-2.901123,-5.901123,0.057698,240,250
mistralai/Mistral-7B-Instruct-v0.3,mistral,llama,Q056,SCREEN,chg_B,-2.213161,-8.338161,0.109594,240,250
mistralai/Mistral-7B-Instruct-v0.3,mistral,llama,Q056,AGE,chg_A,-3.840102,-6.402602,0.023149,257,250
mistralai/Mistral-7B-Instruct-v0.3,mistral,llama,Q056,AGE,chg_B,-3.392784,-9.330284,0.033704,257,250
mistralai/Mistral-7B-Instruct-v0.3,mistral,llama,Q056,ADHD,chg_A,-3.572539,-7.135039,0.028881,240,250
mistralai/Mistral-7B-Instruct-v0.3,mistral,llama,Q056,ADHD,chg_B,-4.234500,-7.859500,0.014873,240,250
mistralai/Mistral-7B-Instruct-v0.3,mistral,llama,Q057,IDENTITY,chg_A,-3.141935,-7.704435,0.043650,241,241
mistralai/Mistral-7B-Instruct-v0.3,mistral,llama,Q057,IDENTITY,chg_B,-3.141935,-7.704435,0.043650,241,241
mistralai/Mistral-7B-Instruct-v0.3,mistral,llama,Q057,NONE_vs_CONTROL,chg_A,-1.727414,-6.852414,0.178800,234,241
mistralai/Mistral-7B-Instruct-v0.3,mistral,llama,Q057,NONE_vs_CONTROL,chg_B,-2.290297,-6.915298,0.102229,234,241
mistralai/Mistral-7B-Instruct-v0.3,mistral,llama,Q057,SCREEN,chg_A,-0.894522,-5.332022,0.413637,237,241
mistralai/Mistral-7B-Instruct-v0.3,mistral,llama,Q057,SCREEN,chg_B,-0.332318,-6.519817,0.718733,237,241
mistralai/Mistral-7B-Instruct-v0.3,mistral,llama,Q057,AGE,chg_A,-1.444284,-6.944283,0.236879,244,241
mistralai/Mistral-7B-Instruct-v0.3,mistral,llama,Q057,AGE,chg_B,-1.032778,-10.095278,0.356058,244,241
mistralai/Mistral-7B-Instruct-v0.3,mistral,llama,Q057,ADHD,chg_A,-1.578618,-1.703618,0.388284,242,241
mistralai/Mistral-7B-Instruct-v0.3,mistral,llama,Q057,ADHD,chg_B,-0.940090,-6.752590,0.391760,242,241
mistralai/Mistral-7B-Instruct-v0.3,mistral,llama,Q058,IDENTITY,chg_A,-5.360951,-8.048450,0.005016,258,258
mistralai/Mistral-7B-Instruct-v0.3,mistral,llama,Q058,IDENTITY,chg_B,-5.360951,-8.048450,0.005016,258,258
mistralai/Mistral-7B-Instruct-v0.3,mistral,llama,Q058,NONE_vs_CONTROL,chg_A,-4.135161,-7.885161,0.016376,244,258
mistralai/Mistral-7B-Instruct-v0.3,mistral,llama,Q058,NONE_vs_CONTROL,chg_B,-4.275859,-7.838359,0.014294,244,258
mistralai/Mistral-7B-Instruct-v0.3,mistral,llama,Q058,SCREEN,chg_A,-2.539702,-6.602202,0.080247,260,258
mistralai/Mistral-7B-Instruct-v0.3,mistral,llama,Q058,SCREEN,chg_B,-3.142654,-8.205154,0.043441,260,258
mistralai/Mistral-7B-Instruct-v0.3,mistral,llama,Q058,AGE,chg_A,-3.114995,-4.677495,0.053681,239,258
mistralai/Mistral-7B-Instruct-v0.3,mistral,llama,Q058,AGE,chg_B,-3.318786,-9.881286,0.036248,239,258
mistralai/Mistral-7B-Instruct-v0.3,mistral,llama,Q058,ADHD,chg_A,-3.044584,-4.982084,0.054476,252,258
mistralai/Mistral-7B-Instruct-v0.3,mistral,llama,Q058,ADHD,chg_B,-2.996880,-7.309380,0.050612,252,258
mistralai/Mistral-7B-Instruct-v0.3,mistral,llama,Q059,IDENTITY,chg_A,-1.261559,-7.074059,0.284059,252,252
mistralai/Mistral-7B-Instruct-v0.3,mistral,llama,Q059,IDENTITY,chg_B,-1.261559,-7.074059,0.284059,252,252
mistralai/Mistral-7B-Instruct-v0.3,mistral,llama,Q059,NONE_vs_CONTROL,chg_A,-1.891271,-6.516272,0.152359,251,252
mistralai/Mistral-7B-Instruct-v0.3,mistral,llama,Q059,NONE_vs_CONTROL,chg_B,-1.695083,-5.757583,0.186743,251,252
mistralai/Mistral-7B-Instruct-v0.3,mistral,llama,Q059,SCREEN,chg_A,-2.083070,-6.770570,0.125694,253,252
mistralai/Mistral-7B-Instruct-v0.3,mistral,llama,Q059,SCREEN,chg_B,-1.471402,-6.283902,0.231470,253,252
mistralai/Mistral-7B-Instruct-v0.3,mistral,llama,Q059,AGE,chg_A,-2.080495,-6.455495,0.126440,249,252
mistralai/Mistral-7B-Instruct-v0.3,mistral,llama,Q059,AGE,chg_B,-1.192633,-6.005133,0.305887,249,252
mistralai/Mistral-7B-Instruct-v0.3,mistral,llama,Q059,ADHD,chg_A,-2.081522,-5.581522,0.128507,242,252
mistralai/Mistral-7B-Instruct-v0.3,mistral,llama,Q059,ADHD,chg_B,-0.989682,-6.864682,0.372739,242,252
mistralai/Mistral-7B-Instruct-v0.3,mistral,llama,Q060,IDENTITY,chg_A,-1.918167,-7.980668,0.147218,242,242
mistralai/Mistral-7B-Instruct-v0.3,mistral,llama,Q060,IDENTITY,chg_B,-1.918167,-7.980668,0.147218,242,242
mistralai/Mistral-7B-Instruct-v0.3,mistral,llama,Q060,NONE_vs_CONTROL,chg_A,-1.784746,-6.722246,0.169043,238,242
mistralai/Mistral-7B-Instruct-v0.3,mistral,llama,Q060,NONE_vs_CONTROL,chg_B,-2.456549,-6.394049,0.087402,238,242
mistralai/Mistral-7B-Instruct-v0.3,mistral,llama,Q060,SCREEN,chg_A,-2.675094,-6.612594,0.070244,237,242
mistralai/Mistral-7B-Instruct-v0.3,mistral,llama,Q060,SCREEN,chg_B,-1.540045,-7.290045,0.215054,237,242
mistralai/Mistral-7B-Instruct-v0.3,mistral,llama,Q060,AGE,chg_A,-4.773086,-3.710585,0.032917,237,242
mistralai/Mistral-7B-Instruct-v0.3,mistral,llama,Q060,AGE,chg_B,-0.682495,-8.682495,0.505524,237,242
mistralai/Mistral-7B-Instruct-v0.3,mistral,llama,Q060,ADHD,chg_A,-4.150183,-0.587683,0.571375,252,242
mistralai/Mistral-7B-Instruct-v0.3,mistral,llama,Q060,ADHD,chg_B,-1.292622,-7.792622,0.274963,252,242
mistralai/Mistral-7B-Instruct-v0.3,mistral,mistral,Q001,IDENTITY,chg_A,-3.038111,-7.663111,0.048395,229,229
mistralai/Mistral-7B-Instruct-v0.3,mistral,mistral,Q001,IDENTITY,chg_B,-3.038111,-7.663111,0.048395,229,229
mistralai/Mistral-7B-Instruct-v0.3,mistral,mistral,Q001,NONE_vs_CONTROL,chg_A,-2.688612,-7.251112,0.068685,233,229
mistralai/Mistral-7B-Instruct-v0.3,mistral,mistral,Q001,NONE_vs_CONTROL,chg_B,-2.684899,-6.997399,0.069142,233,229
mistralai/Mistral-7B-Instruct-v0.3,mistral,mistral,Q001,SCREEN,chg_A,-1.612119,-5.112119,0.205488,243,229
mistralai/Mistral-7B-Instruct-v0.3,mistral,mistral,Q001,SCREEN,chg_B,-2.467808,-6.842808,0.085838,243,229
mistralai/Mistral-7B-Instruct-v0.3,mistral,mistral,Q001,AGE,chg_A,-1.581348,-5.706348,0.209022,222,229
mistralai/Mistral-7B-Instruct-v0.3,mistral,mistral,Q001,AGE,chg_B,-1.340942,-6.778442,0.262737,222,229
mistralai/Mistral-7B-Instruct-v0.3,mistral,mistral,Q001,ADHD,chg_A,-2.457521,-7.770021,0.086069,251,229
mistralai/Mistral-7B-Instruct-v0.3,mistral,mistral,Q001,ADHD,chg_B,-1.923553,-4.986053,0.152920,251,229
mistralai/Mistral-7B-Instruct-v0.3,mistral,mistral,Q002,IDENTITY,chg_A,-3.126607,-7.189107,0.044621,207,207
mistralai/Mistral-7B-Instruct-v0.3,mistral,mistral,Q002,IDENTITY,chg_B,-3.126607,-7.189107,0.044621,207,207
mistralai/Mistral-7B-Instruct-v0.3,mistral,mistral,Q002,NONE_vs_CONTROL,chg_A,-2.310399,-7.747899,0.099653,190,207
mistralai/Mistral-7B-Instruct-v0.3,mistral,mistral,Q002,NONE_vs_CONTROL,chg_B,-2.504268,-4.129268,0.097830,190,207
mistralai/Mistral-7B-Instruct-v0.3,mistral,mistral,Q002,SCREEN,chg_A,-3.611082,-7.236083,0.027743,200,207
mistralai/Mistral-7B-Instruct-v0.3,mistral,mistral,Q002,SCREEN,chg_B,-1.862556,-6.237556,0.157230,200,207
mistralai/Mistral-7B-Instruct-v0.3,mistral,mistral,Q002,AGE,chg_A,-2.266351,-4.016351,0.121708,185,207
mistralai/Mistral-7B-Instruct-v0.3,mistral,mistral,Q002,AGE,chg_B,-2.637264,-10.324764,0.071590,185,207
mistralai/Mistral-7B-Instruct-v0.3,mistral,mistral,Q002,ADHD,chg_A,-2.603343,-6.478343,0.075562,193,207
mistralai/Mistral-7B-Instruct-v0.3,mistral,mistral,Q002,ADHD,chg_B,-1.470474,-4.032974,0.247538,193,207
mistralai/Mistral-7B-Instruct-v0.3,mistral,mistral,Q003,IDENTITY,chg_A,-2.759771,-7.822271,0.063707,239,239
mistralai/Mistral-7B-Instruct-v0.3,mistral,mistral,Q003,IDENTITY,chg_B,-2.759771,-7.822271,0.063707,239,239
mistralai/Mistral-7B-Instruct-v0.3,mistral,mistral,Q003,NONE_vs_CONTROL,chg_A,-2.496212,-9.433712,0.082476,238,239
mistralai/Mistral-7B-Instruct-v0.3,mistral,mistral,Q003,NONE_vs_CONTROL,chg_B,-2.986773,-6.299273,0.052288,238,239
mistralai/Mistral-7B-Instruct-v0.3,mistral,mistral,Q003,SCREEN,chg_A,-3.792504,-10.730003,0.022561,224,239
mistralai/Mistral-7B-Instruct-v0.3,mistral,mistral,Q003,SCREEN,chg_B,-1.448491,-4.323491,0.248178,224,239
mistralai/Mistral-7B-Instruct-v0.3,mistral,mistral,Q003,AGE,chg_A,-1.863970,-8.551470,0.155249,242,239
mistralai/Mistral-7B-Instruct-v0.3,mistral,mistral,Q003,AGE,chg_B,-2.161690,-6.661690,0.116409,242,239
mistralai/Mistral-7B-Instruct-v0.3,mistral,mistral,Q003,ADHD,chg_A,-1.958375,-8.520875,0.141287,242,239
mistralai/Mistral-7B-Instruct-v0.3,mistral,mistral,Q003,ADHD,chg_B,-0.910151,-6.410151,0.404108,242,239
mistralai/Mistral-7B-Instruct-v0.3,mistral,mistral,Q004,IDENTITY,chg_A,-2.998997,-7.998997,0.050173,232,232
mistralai/Mistral-7B-Instruct-v0.3,mistral,mistral,Q004,IDENTITY,chg_B,-2.998997,-7.998997,0.050173,232,232
mistralai/Mistral-7B-Instruct-v0.3,mistral,mistral,Q004,NONE_vs_CONTROL,chg_A,-1.970476,-7.157976,0.140169,233,232
mistralai/Mistral-7B-Instruct-v0.3,mistral,mistral,Q004,NONE_vs_CONTROL,chg_B,-1.335006,-9.272506,0.263251,233,232
mistralai/Mistral-7B-Instruct-v0.3,mistral,mistral,Q004,SCREEN,chg_A,-2.148163,-8.898163,0.116835,243,232
mistralai/Mistral-7B-Instruct-v0.3,mistral,mistral,Q004,SCREEN,chg_B,-0.698563,-6.136064,0.499463,243,232
mistralai/Mistral-7B-Instruct-v0.3,mistral,mistral,Q004,AGE,chg_A,-3.485809,-6.735809,0.031817,222,232
mistralai/Mistral-7B-Instruct-v0.3,mistral,mistral,Q004,AGE,chg_B,-1.237106,-10.549606,0.290249,222,232
mistralai/Mistral-7B-Instruct-v0.3,mistral,mistral,Q004,ADHD,chg_A,-2.165680,-6.665680,0.115946,233,232
mistralai/Mistral-7B-Instruct-v0.3,mistral,mistral,Q004,ADHD,chg_B,-0.567881,-9.005381,0.566848,233,232
mistralai/Mistral-7B-Instruct-v0.3,mistral,mistral,Q005,IDENTITY,chg_A,-1.730502,-7.855503,0.177583,228,228
mistralai/Mistral-7B-Instruct-v0.3,mistral,mistral,Q005,IDENTITY,chg_B,-1.730502,-7.855503,0.177583,228,228
mistralai/Mistral-7B-Instruct-v0.3,mistral,mistral,Q005,NONE_vs_CONTROL,chg_A,-0.803539,-7.366038,0.448374,228,228
mistralai/Mistral-7B-Instruct-v0.3,mistral,mistral,Q005,NONE_vs_CONTROL,chg_B,-0.825021,-5.575021,0.442017,228,228
mistralai/Mistral-7B-Instruct-v0.3,mistral,mistral,Q005,SCREEN,chg_A,-1.643226,-6.955726,0.194308,219,228
mistralai/Mistral-7B-Instruct-v0.3,mistral,mistral,Q005,SCREEN,chg_B,-0.997001,-7.247001,0.369697,219,228
mistralai/Mistral-7B-Instruct-v0.3,mistral,mistral,Q005,AGE,chg_A,-3.506240,-7.693740,0.030465,226,228
mistralai/Mistral-7B-Instruct-v0.3,mistral,mistral,Q005,AGE,chg_B,-3.228089,-8.978089,0.039759,226,228
mistralai/Mistral-7B-Instruct-v0.3,mistral,mistral,Q005,ADHD,chg_A,-1.103533,-7.791033,0.332110,228,228
mistralai/Mistral-7B-Instruct-v0.3,mistral,mistral,Q005,ADHD,chg_B,-1.058967,-5.246467,0.352080,228,228
mistralai/Mistral-7B-Instruct-v0.3,mistral,mistral,Q006,IDENTITY,chg_A,-3.325429,-8.200429,0.036232,248,248
mistralai/Mistral-7B-Instruct-v0.3,mistral,mistral,Q006,IDENTITY,chg_B,-3.325429,-8.200429,0.036232,248,248
mistralai/Mistral-7B-Instruct-v0.3,mistral,mistral,Q006,NONE_vs_CONTROL,chg_A,-3.223127,-8.160627,0.040116,237,248
mistralai/Mistral-7B-Instruct-v0.3,mistral,mistral,Q006,NONE_vs_CONTROL,chg_B,-2.675069,-7.362569,0.069537,237,248
mistralai/Mistral-7B-Instruct-v0.3,mistral,mistral,Q006,SCREEN,chg_A,-4.027800,-8.277800,0.018068,224,248
mistralai/Mistral-7B-Instruct-v0.3,mistral,mistral,Q006,SCREEN,chg_B,-2.670941,-6.983441,0.070114,224,248
mistralai/Mistral-7B-Instruct-v0.3,mistral,mistral,Q006,AGE,chg_A,-3.375233,-8.187733,0.034488,216,248
mistralai/Mistral-7B-Instruct-v0.3,mistral,mistral,Q006,AGE,chg_B,-3.084898,-8.022398,0.046063,216,248
mistralai/Mistral-7B-Instruct-v0.3,mistral,mistral,Q006,ADHD,chg_A,-2.769846,-7.832346,0.063068,235,248
mistralai/Mistral-7B-Instruct-v0.3,mistral,mistral,Q006,ADHD,chg_B,-2.732330,-7.732330,0.065506,235,248
mistralai/Mistral-7B-Instruct-v0.3,mistral,mistral,Q007,IDENTITY,chg_A,-2.430800,-7.993300,0.088304,239,239
mistralai/Mistral-7B-Instruct-v0.3,mistral,mistral,Q007,IDENTITY,chg_B,-2.430800,-7.993300,0.088304,239,239
mistralai/Mistral-7B-Instruct-v0.3,mistral,mistral,Q007,NONE_vs_CONTROL,chg_A,-1.786374,-5.723874,0.170834,222,239
mistralai/Mistral-7B-Instruct-v0.3,mistral,mistral,Q007,NONE_vs_CONTROL,chg_B,-2.156256,-7.968756,0.116104,222,239
mistralai/Mistral-7B-Instruct-v0.3,mistral,mistral,Q007,SCREEN,chg_A,-1.162016,-8.037016,0.313178,241,239
mistralai/Mistral-7B-Instruct-v0.3,mistral,mistral,Q007,SCREEN,chg_B,-0.860150,-7.735150,0.423536,241,239
mistralai/Mistral-7B-Instruct-v0.3,mistral,mistral,Q007,AGE,chg_A,-2.652471,-6.152471,0.072605,222,239
mistralai/Mistral-7B-Instruct-v0.3,mistral,mistral,Q007,AGE,chg_B,-2.481456,-8.981456,0.083747,222,239
mistralai/Mistral-7B-Instruct-v0.3,mistral,mistral,Q007,ADHD,chg_A,-2.497629,-8.497628,0.082484,244,239
mistralai/Mistral-7B-Instruct-v0.3,mistral,mistral,Q007,ADHD,chg_B,-1.430640,-8.743139,0.239315,244,239
mistralai/Mistral-7B-Instruct-v0.3,mistral,mistral,Q008,IDENTITY,chg_A,-3.825118,-6.512618,0.023300,214,214
mistralai/Mistral-7B-Instruct-v0.3,mistral,mistral,Q008,IDENTITY,chg_B,-3.825118,-6.512618,0.023300,214,214
mistralai/Mistral-7B-Instruct-v0.3,mistral,mistral,Q008,NONE_vs_CONTROL,chg_A,-2.874019,-4.124019,0.072651,241,214
mistralai/Mistral-7B-Instruct-v0.3,mistral,mistral,Q008,NONE_vs_CONTROL,chg_B,-3.773999,-5.836499,0.025879,241,214
mistralai/Mistral-7B-Instruct-v0.3,mistral,mistral,Q008,SCREEN,chg_A,-1.755880,-3.818380,0.194718,221,214
mistralai/Mistral-7B-Instruct-v0.3,mistral,mistral,Q008,SCREEN,chg_B,-0.443997,-7.131497,0.642267,221,214
mistralai/Mistral-7B-Instruct-v0.3,mistral,mistral,Q008,AGE,chg_A,-1.906903,-5.094402,0.154671,210,214
mistralai/Mistral-7B-Instruct-v0.3,mistral,mistral,Q008,AGE,chg_B,-2.086302,-5.773802,0.127253,210,214
mistralai/Mistral-7B-Instruct-v0.3,mistral,mistral,Q008,ADHD,chg_A,-2.131863,-3.694363,0.143479,236,214
mistralai/Mistral-7B-Instruct-v0.3,mistral,mistral,Q008,ADHD,chg_B,-0.822008,-5.509509,0.443596,236,214
mistralai/Mistral-7B-Instruct-v0.3,mistral,mistral,Q009,IDENTITY,chg_A,-4.069781,-7.382281,0.017703,231,231
mistralai/Mistral-7B-Instruct-v0.3,mistral,mistral,Q009,IDENTITY,chg_B,-4.069781,-7.382281,0.017703,231,231
mistralai/Mistral-7B-Instruct-v0.3,mistral,mistral,Q009,NONE_vs_CONTROL,chg_A,-4.069781,-7.382281,0.017703,231,231
mistralai/Mistral-7B-Instruct-v0.3,mistral,mistral,Q009,NONE_vs_CONTROL,chg_B,-4.069781,-7.382281,0.017703,231,231
mistralai/Mistral-7B-Instruct-v0.3,mistral,mistral,Q009,SCREEN,chg_A,-4.596605,-9.346605,0.010173,242,231
mistralai/Mistral-7B-Instruct-v0.3,mistral,mistral,Q009,SCREEN,chg_B,-0.970296,-1.970296,0.518386,242,231
mistralai/Mistral-7B-Instruct-v0.3,mistral,mistral,Q009,AGE,chg_A,-4.798801,-7.986301,0.008580,228,231
mistralai/Mistral-7B-Instruct-v0.3,mistral,mistral,Q009,AGE,chg_B,-3.321611,-6.759111,0.037255,228,231
mistralai/Mistral-7B-Instruct-v0.3,mistral,mistral,Q009,ADHD,chg_A,-3.598351,-7.973351,0.027713,225,231
mistralai/Mistral-7B-Instruct-v0.3,mistral,mistral,Q009,ADHD,chg_B,-2.653710,-5.778710,0.073482,225,231
mistralai/Mistral-7B-Instruct-v0.3,mistral,mistral,Q010,IDENTITY,chg_A,-5.342895,-8.467895,0.004992,231,231
mistralai/Mistral-7B-Instruct-v0.3,mistral,mistral,Q010,IDENTITY,chg_B,-5.342895,-8.467895,0.004992,231,231
mistralai/Mistral-7B-Instruct-v0.3,mistral,mistral,Q010,NONE_vs_CONTROL,chg_A,-3.904691,-7.717190,0.020592,223,231
mistralai/Mistral-7B-Instruct-v0.3,mistral,mistral,Q010,NONE_vs_CONTROL,chg_B,-4.395466,-8.520467,0.012532,223,231
mistralai/Mistral-7B-Instruct-v0.3,mistral,mistral,Q010,SCREEN,chg_A,-3.725473,-6.725473,0.025302,229,231
mistralai/Mistral-7B-Instruct-v0.3,mistral,mistral,Q010,SCREEN,chg_B,-3.357789,-7.857789,0.035199,229,231
mistralai/Mistral-7B-Instruct-v0.3,mistral,mistral,Q010,AGE,chg_A,-3.981529,-6.981529,0.019586,231,231
mistralai/Mistral-7B-Instruct-v0.3,mistral,mistral,Q010,AGE,chg_B,-5.317997,-9.380497,0.004987,231,231
mistralai/Mistral-7B-Instruct-v0.3,mistral,mistral,Q010,ADHD,chg_A,-2.588372,-5.213372,0.080586,229,231
mistralai/Mistral-7B-Instruct-v0.3,mistral,mistral,Q010,ADHD,chg_B,-4.706553,-11.269053,0.009049,229,231
mistralai/Mistral-7B-Instruct-v0.3,mistral,mistral,Q011,IDENTITY,chg_A,-3.542920,-7.480420,0.029493,229,229
mistralai/Mistral-7B-Instruct-v0.3,mistral,mistral,Q011,IDENTITY,chg_B,-3.542920,-7.480420,0.029493,229,229
mistralai/Mistral-7B-Instruct-v0.3,mistral,mistral,Q011,NONE_vs_CONTROL,chg_A,-3.401022,-6.401021,0.034999,235,229
mistralai/Mistral-7B-Instruct-v0.3,mistral,mistral,Q011,NONE_vs_CONTROL,chg_B,-4.012758,-7.575258,0.018596,235,229
mistralai/Mistral-7B-Instruct-v0.3,mistral,mistral,Q011,SCREEN,chg_A,-2.914944,-6.102444,0.056444,236,229
mistralai/Mistral-7B-Instruct-v0.3,mistral,mistral,Q011,SCREEN,chg_B,-4.074359,-8.699359,0.017170,236,229
mistralai/Mistral-7B-Instruct-v0.3,mistral,mistral,Q011,AGE,chg_A,-2.695675,-6.695675,0.068733,250,229
mistralai/Mistral-7B-Instruct-v0.3,mistral,mistral,Q011,AGE,chg_B,-2.759742,-5.322242,0.068190,250,229
mistralai/Mistral-7B-Instruct-v0.3,mistral,mistral,Q011,ADHD,chg_A,-1.563375,-5.625875,0.213031,237,229
mistralai/Mistral-7B-Instruct-v0.3,mistral,mistral,Q011,ADHD,chg_B,-3.431619,-6.556619,0.033755,237,229
mistralai/Mistral-7B-Instruct-v0.3,mistral,mistral,Q012,IDENTITY,chg_A,-3.359971,-8.047471,0.035056,224,224
mistralai/Mistral-7B-Instruct-v0.3,mistral,mistral,Q012,IDENTITY,chg_B,-3.359971,-8.047471,0.035056,224,224
mistralai/Mistral-7B-Instruct-v0.3,mistral,mistral,Q012,NONE_vs_CONTROL,chg_A,-3.117944,-8.617944,0.044429,237,224
mistralai/Mistral-7B-Instruct-v0.3,mistral,mistral,Q012,NONE_vs_CONTROL,chg_B,-2.016147,-6.266147,0.135067,237,224
mistralai/Mistral-7B-Instruct-v0.3,mistral,mistral,Q012,SCREEN,chg_A,-2.305392,-7.492892,0.100277,219,224
mistralai/Mistral-7B-Instruct-v0.3,mistral,mistral,Q012,SCREEN,chg_B,-0.689269,-6.501769,0.503444,219,224
mistralai/Mistral-7B-Instruct-v0.3,mistral,mistral,Q012,AGE,chg_A,-3.842645,-8.592645,0.021622,206,224
mistralai/Mistral-7B-Instruct-v0.3,mistral,mistral,Q012,AGE,chg_B,-1.971433,-6.471433,0.140804,206,224
mistralai/Mistral-7B-Instruct-v0.3,mistral,mistral,Q012,ADHD,chg_A,-2.521349,-7.396349,0.080965,222,224
mistralai/Mistral-7B-Instruct-v0.3,mistral,mistral,Q012,ADHD,chg_B,-2.192581,-6.505081,0.113124,222,224
mistralai/Mistral-7B-Instruct-v0.3,mistral,mistral,Q013,IDENTITY,chg_A,-4.543086,-8.543086,0.010835,202,202
mistralai/Mistral-7B-Instruct-v0.3,mistral,mistral,Q013,IDENTITY,chg_B,-4.543086,-8.543086,0.010835,202,202
mistralai/Mistral-7B-Instruct-v0.3,mistral,mistral,Q013,NONE_vs_CONTROL,chg_A,-5.177469,-8.552469,0.005835,203,202
mistralai/Mistral-7B-Instruct-v0.3,mistral,mistral,Q013,NONE_vs_CONTROL,chg_B,-4.570080,-7.695080,0.010812,203,202
mistralai/Mistral-7B-Instruct-v0.3,mistral,mistral,Q013,SCREEN,chg_A,-3.511238,-7.448739,0.030442,206,202
mistralai/Mistral-7B-Instruct-v0.3,mistral,mistral,Q013,SCREEN,chg_B,-1.470231,-9.532731,0.229945,206,202
mistralai/Mistral-7B-Instruct-v0.3,mistral,mistral,Q013,AGE,chg_A,-4.837020,-9.399520,0.008013,210,202
mistralai/Mistral-7B-Instruct-v0.3,mistral,mistral,Q013,AGE,chg_B,-4.477428,-8.914928,0.011497,210,202
mistralai/Mistral-7B-Instruct-v0.3,mistral,mistral,Q013,ADHD,chg_A,-3.516480,-7.391480,0.030320,196,202
mistralai/Mistral-7B-Instruct-v0.3,mistral,mistral,Q013,ADHD,chg_B,-3.513425,-8.263425,0.030052,196,202
mistralai/Mistral-7B-Instruct-v0.3,mistral,mistral,Q014,IDENTITY,chg_A,-6.091213,-8.653713,0.002437,250,250
mistralai/Mistral-7B-Instruct-v0.3,mistral,mistral,Q014,IDENTITY,chg_B,-6.091213,-8.653713,0.002437,250,250
mistralai/Mistral-7B-Instruct-v0.3,mistral,mistral,Q014,NONE_vs_CONTROL,chg_A,-3.767128,-8.454628,0.023331,239,250
mistralai/Mistral-7B-Instruct-v0.3,mistral,mistral,Q014,NONE_vs_CONTROL,chg_B,-4.854216,-8.541716,0.007991,239,250
mistralai/Mistral-7B-Instruct-v0.3,mistral,mistral,Q014,SCREEN,chg_A,-4.731781,-5.481781,0.012973,114,250
mistralai/Mistral-7B-Instruct-v0.3,mistral,mistral,Q014,SCREEN,chg_B,-2.531302,-9.343801,0.079643,114,250
mistralai/Mistral-7B-Instruct-v0.3,mistral,mistral,Q014,AGE,chg_A,-3.374306,-7.186807,0.034998,215,250
mistralai/Mistral-7B-Instruct-v0.3,mistral,mistral,Q014,AGE,chg_B,-3.320645,-8.820644,0.036277,215,250
mistralai/Mistral-7B-Instruct-v0.3,mistral,mistral,Q014,ADHD,chg_A,-3.986428,-8.236428,0.018831,228,250
mistralai/Mistral-7B-Instruct-v0.3,mistral,mistral,Q014,ADHD,chg_B,-3.719620,-8.469621,0.024453,228,250
mistralai/Mistral-7B-Instruct-v0.3,mistral,mistral,Q015,IDENTITY,chg_A,-2.714479,-7.589479,0.066745,219,219
mistralai/Mistral-7B-Instruct-v0.3,mistral,mistral,Q015,IDENTITY,chg_B,-2.714479,-7.589479,0.066745,219,219
mistralai/Mistral-7B-Instruct-v0.3,mistral,mistral,Q015,NONE_vs_CONTROL,chg_A,-2.332835,-5.645335,0.100554,235,219
mistralai/Mistral-7B-Instruct-v0.3,mistral,mistral,Q015,NONE_vs_CONTROL,chg_B,-3.492653,-8.117653,0.030718,235,219
mistralai/Mistral-7B-Instruct-v0.3,mistral,mistral,Q015,SCREEN,chg_A,-3.324004,-8.511504,0.036210,234,219
mistralai/Mistral-7B-Instruct-v0.3,mistral,mistral,Q015,SCREEN,chg_B,-1.673263,-4.735764,0.196409,234,219
mistralai/Mistral-7B-Instruct-v0.3,mistral,mistral,Q015,AGE,chg_A,-3.097625,-6.785124,0.046287,222,219
mistralai/Mistral-7B-Instruct-v0.3,mistral,mistral,Q015,AGE,chg_B,-2.339448,-7.651948,0.096856,222,219
mistralai/Mistral-7B-Instruct-v0.3,mistral,mistral,Q015,ADHD,chg_A,-2.516846,-7.579346,0.081225,242,219
mistralai/Mistral-7B-Instruct-v0.3,mistral,mistral,Q015,ADHD,chg_B,-1.777061,-4.652061,0.178676,242,219
mistralai/Mistral-7B-Instruct-v0.3,mistral,mistral,Q016,IDENTITY,chg_A,-4.943973,-8.506474,0.007328,233,233
mistralai/Mistral-7B-Instruct-v0.3,mistral,mistral,Q016,IDENTITY,chg_B,-4.943973,-8.506474,0.007328,233,233
mistralai/Mistral-7B-Instruct-v0.3,mistral,mistral,Q016,NONE_vs_CONTROL,chg_A,-3.054343,-9.179343,0.047257,235,233
mistralai/Mistral-7B-Instruct-v0.3,mistral,mistral,Q016,NONE_vs_CONTROL,chg_B,-1.965685,-7.340685,0.140709,235,233
mistralai/Mistral-7B-Instruct-v0.3,mistral,mistral,Q016,SCREEN,chg_A,-2.745817,-9.245816,0.064292,232,233
mistralai/Mistral-7B-Instruct-v0.3,mistral,mistral,Q016,SCREEN,chg_B,-0.894741,-11.269741,0.408726,232,233
mistralai/Mistral-7B-Instruct-v0.3,mistral,mistral,Q016,AGE,chg_A,-3.707839,-9.520339,0.024604,215,233
mistralai/Mistral-7B-Instruct-v0.3,mistral,mistral,Q016,AGE,chg_B,-1.962605,-7.025105,0.141381,215,233
mistralai/Mistral-7B-Instruct-v0.3,mistral,mistral,Q016,ADHD,chg_A,-2.858699,-9.296199,0.057435,230,233
mistralai/Mistral-7B-Instruct-v0.3,mistral,mistral,Q016,ADHD,chg_B,-1.447660,-6.947660,0.236081,230,233
mistralai/Mistral-7B-Instruct-v0.3,mistral,mistral,Q017,IDENTITY,chg_A,-2.769157,-8.081657,0.063024,223,223
mistralai/Mistral-7B-Instruct-v0.3,mistral,mistral,Q017,IDENTITY,chg_B,-2.769157,-8.081657,0.063024,223,223
mistralai/Mistral-7B-Instruct-v0.3,mistral,mistral,Q017,NONE_vs_CONTROL,chg_A,-3.888957,-7.638957,0.020948,220,223
mistralai/Mistral-7B-Instruct-v0.3,mistral,mistral,Q017,NONE_vs_CONTROL,chg_B,-4.097907,-8.222907,0.016876,220,223
mistralai/Mistral-7B-Instruct-v0.3,mistral,mistral,Q017,SCREEN,chg_A,-2.579935,-6.642435,0.077083,225,223
mistralai/Mistral-7B-Instruct-v0.3,mistral,mistral,Q017,SCREEN,chg_B,-3.227736,-9.040236,0.039766,225,223
mistralai/Mistral-7B-Instruct-v0.3,mistral,mistral,Q017,AGE,chg_A,-3.517663,-7.705163,0.030119,210,223
mistralai/Mistral-7B-Instruct-v0.3,mistral,mistral,Q017,AGE,chg_B,-3.528563,-8.028563,0.029673,210,223
mistralai/Mistral-7B-Instruct-v0.3,mistral,mistral,Q017,ADHD,chg_A,-1.712794,-7.087794,0.181196,229,223
mistralai/Mistral-7B-Instruct-v0.3,mistral,mistral,Q017,ADHD,chg_B,-2.057356,-6.932356,0.128767,229,223
mistralai/Mistral-7B-Instruct-v0.3,mistral,mistral,Q018,IDENTITY,chg_A,-4.138621,-7.888621,0.016320,232,232
mistralai/Mistral-7B-Instruct-v0.3,mistral,mistral,Q018,IDENTITY,chg_B,-4.138621,-7.888621,0.016320,232,232
mistralai/Mistral-7B-Instruct-v0.3,mistral,mistral,Q018,NONE_vs_CONTROL,chg_A,-2.754449,-7.004449,0.064552,213,232
mistralai/Mistral-7B-Instruct-v0.3,mistral,mistral,Q018,NONE_vs_CONTROL,chg_B,-3.262155,-6.699655,0.039537,213,232
mistralai/Mistral-7B-Instruct-v0.3,mistral,mistral,Q018,SCREEN,chg_A,-2.957572,-7.020072,0.052839,222,232
mistralai/Mistral-7B-Instruct-v0.3,mistral,mistral,Q018,SCREEN,chg_B,-1.482604,-2.357604,0.321692,222,232
mistralai/Mistral-7B-Instruct-v0.3,mistral,mistral,Q018,AGE,chg_A,-2.324029,-6.574029,0.099275,217,232
mistralai/Mistral-7B-Instruct-v0.3,mistral,mistral,Q018,AGE,chg_B,-3.148793,-6.898793,0.043913,217,232
mistralai/Mistral-7B-Instruct-v0.3,mistral,mistral,Q018,ADHD,chg_A,-2.856198,-7.043698,0.058360,214,232
mistralai/Mistral-7B-Instruct-v0.3,mistral,mistral,Q018,ADHD,chg_B,-1.730977,-4.355977,0.189941,214,232
mistralai/Mistral-7B-Instruct-v0.3,mistral,mistral,Q019,IDENTITY,chg_A,-0.770160,-7.457660,0.463516,230,230
mistralai/Mistral-7B-Instruct-v0.3,mistral,mistral,Q019,IDENTITY,chg_B,-0.770160,-7.457660,0.463516,230,230
mistralai/Mistral-7B-Instruct-v0.3,mistral,mistral,Q019,NONE_vs_CONTROL,chg_A,-0.467711,-5.342711,0.631217,237,230
mistralai/Mistral-7B-Instruct-v0.3,mistral,mistral,Q019,NONE_vs_CONTROL,chg_B,-0.392899,-7.455399,0.675675,237,230
mistralai/Mistral-7B-Instruct-v0.3,mistral,mistral,Q019,SCREEN,chg_A,-0.543698,-4.356198,0.593424,227,230
mistralai/Mistral-7B-Instruct-v0.3,mistral,mistral,Q019,SCREEN,chg_B,-0.398052,-6.460552,0.673191,227,230
mistralai/Mistral-7B-Instruct-v0.3,mistral,mistral,Q019,AGE,chg_A,-0.448467,-4.573467,0.648928,231,230
mistralai/Mistral-7B-Instruct-v0.3,mistral,mistral,Q019,AGE,chg_B,-0.919788,-6.294788,0.400449,231,230
mistralai/Mistral-7B-Instruct-v0.3,mistral,mistral,Q019,ADHD,chg_A,-1.058261,-5.433261,0.351428,215,230
mistralai/Mistral-7B-Instruct-v0.3,mistral,mistral,Q019,ADHD,chg_B,-0.418802,-8.106302,0.658136,215,230
mistralai/Mistral-7B-Instruct-v0.3,mistral,mistral,Q020,IDENTITY,chg_A,-3.274544,-8.524544,0.038033,236,236
mistralai/Mistral-7B-Instruct-v0.3,mistral,mistral,Q020,IDENTITY,chg_B,-3.274544,-8.524544,0.038033,236,236
mistralai/Mistral-7B-Instruct-v0.3,mistral,mistral,Q020,NONE_vs_CONTROL,chg_A,-3.983364,-8.483364,0.018830,226,236
mistralai/Mistral-7B-Instruct-v0.3,mistral,mistral,Q020,NONE_vs_CONTROL,chg_B,-3.529479,-9.029478,0.029440,226,236
mistralai/Mistral-7B-Instruct-v0.3,mistral,mistral,Q020,SCREEN,chg_A,-2.486514,-7.674015,0.083664,234,236
mistralai/Mistral-7B-Instruct-v0.3,mistral,mistral,Q020,SCREEN,chg_B,-2.952026,-12.139525,0.052239,234,236
mistralai/Mistral-7B-Instruct-v0.3,mistral,mistral,Q020,AGE,chg_A,-3.007723,-8.257723,0.049663,219,236
mistralai/Mistral-7B-Instruct-v0.3,mistral,mistral,Q020,AGE,chg_B,-2.099128,-8.349128,0.122800,219,236
mistralai/Mistral-7B-Instruct-v0.3,mistral,mistral,Q020,ADHD,chg_A,-3.748005,-8.373005,0.023796,227,236
mistralai/Mistral-7B-Instruct-v0.3,mistral,mistral,Q020,ADHD,chg_B,-3.033262,-9.220761,0.048257,227,236
mistralai/Mistral-7B-Instruct-v0.3,mistral,mistral,Q021,IDENTITY,chg_A,-4.443671,-8.506171,0.011955,210,210
mistralai/Mistral-7B-Instruct-v0.3,mistral,mistral,Q021,IDENTITY,chg_B,-4.443671,-8.506171,0.011955,210,210
mistralai/Mistral-7B-Instruct-v0.3,mistral,mistral,Q021,NONE_vs_CONTROL,chg_A,-2.701720,-8.451720,0.067304,235,210
mistralai/Mistral-7B-Instruct-v0.3,mistral,mistral,Q021,NONE_vs_CONTROL,chg_B,-2.157356,-6.907356,0.116631,235,210
mistralai/Mistral-7B-Instruct-v0.3,mistral,mistral,Q021,SCREEN,chg_A,-2.260225,-8.072724,0.104639,209,210
mistralai/Mistral-7B-Instruct-v0.3,mistral,mistral,Q021,SCREEN,chg_B,-1.621245,-8.808745,0.197802,209,210
mistralai/Mistral-7B-Instruct-v0.3,mistral,mistral,Q021,AGE,chg_A,-2.383576,-7.133576,0.093018,218,210
mistralai/Mistral-7B-Instruct-v0.3,mistral,mistral,Q021,AGE,chg_B,-1.882780,-9.757780,0.152224,218,210
mistralai/Mistral-7B-Instruct-v0.3,mistral,mistral,Q021,ADHD,chg_A,-2.527934,-7.340434,0.080473,230,210
mistralai/Mistral-7B-Instruct-v0.3,mistral,mistral,Q021,ADHD,chg_B,-2.204462,-7.891962,0.110684,230,210
mistralai/Mistral-7B-Instruct-v0.3,mistral,mistral,Q022,IDENTITY,chg_A,-3.604839,-8.292339,0.027442,258,258
mistralai/Mistral-7B-Instruct-v0.3,mistral,mistral,Q022,IDENTITY,chg_B,-3.604839,-8.292339,0.027442,258,258
mistralai/Mistral-7B-Instruct-v0.3,mistral,mistral,Q022,NONE_vs_CONTROL,chg_A,-2.998609,-8.623609,0.050036,262,258
mistralai/Mistral-7B-Instruct-v0.3,mistral,mistral,Q022,NONE_vs_CONTROL,chg_B,-4.249468,-8.874468,0.014412,262,258
mistralai/Mistral-7B-Instruct-v0.3,mistral,mistral,Q022,SCREEN,chg_A,-1.318955,-6.256455,0.269333,233,258
mistralai/Mistral-7B-Instruct-v0.3,mistral,mistral,Q022,SCREEN,chg_B,-1.350051,-8.787551,0.259380,233,258
mistralai/Mistral-7B-Instruct-v0.3,mistral,mistral,Q022,AGE,chg_A,-1.866098,-7.991097,0.155065,240,258
mistralai/Mistral-7B-Instruct-v0.3,mistral,mistral,Q022,AGE,chg_B,-2.603511,-9.103511,0.074125,240,258
mistralai/Mistral-7B-Instruct-v0.3,mistral,mistral,Q022,ADHD,chg_A,-1.692086,-8.004586,0.184469,241,258
mistralai/Mistral-7B-Instruct-v0.3,mistral,mistral,Q022,ADHD,chg_B,-1.846633,-7.909133,0.158135,241,258
mistralai/Mistral-7B-Instruct-v0.3,mistral,mistral,Q023,IDENTITY,chg_A,-1.893677,-7.831177,0.150914,239,239
mistralai/Mistral-7B-Instruct-v0.3,mistral,mistral,Q023,IDENTITY,chg_B,-1.893677,-7.831177,0.150914,239,239
mistralai/Mistral-7B-Instruct-v0.3,mistral,mistral,Q023,NONE_vs_CONTROL,chg_A,-2.015903,-7.828403,0.133598,215,239
mistralai/Mistral-7B-Instruct-v0.3,mistral,mistral,Q023,NONE_vs_CONTROL,chg_B,-1.742153,-6.367153,0.176860,215,239
mistralai/Mistral-7B-Instruct-v0.3,mistral,mistral,Q023,SCREEN,chg_A,-0.845768,-5.908268,0.431945,219,239
mistralai/Mistral-7B-Instruct-v0.3,mistral,mistral,Q023,SCREEN,chg_B,-0.305212,-7.117712,0.737777,219,239
mistralai/Mistral-7B-Instruct-v0.3,mistral,mistral,Q023,AGE,chg_A,-1.309785,-7.872285,0.270259,225,239
mistralai/Mistral-7B-Instruct-v0.3,mistral,mistral,Q023,AGE,chg_B,-0.945339,-6.132839,0.390718,225,239
mistralai/Mistral-7B-Instruct-v0.3,mistral,mistral,Q023,ADHD,chg_A,-2.076670,-7.389170,0.125965,218,239
mistralai/Mistral-7B-Instruct-v0.3,mistral,mistral,Q023,ADHD,chg_B,-1.141499,-6.891499,0.320356,218,239
mistralai/Mistral-7B-Instruct-v0.3,mistral,mistral,Q024,IDENTITY,chg_A,-2.089756,-8.027256,0.124044,228,228
mistralai/Mistral-7B-Instruct-v0.3,mistral,mistral,Q024,IDENTITY,chg_B,-2.089756,-8.027256,0.124044,228,228
mistralai/Mistral-7B-Instruct-v0.3,mistral,mistral,Q024,NONE_vs_CONTROL,chg_A,-0.989805,-7.364805,0.372282,232,228
mistralai/Mistral-7B-Instruct-v0.3,mistral,mistral,Q024,NONE_vs_CONTROL,chg_B,-0.562485,-4.624985,0.579595,232,228
mistralai/Mistral-7B-Instruct-v0.3,mistral,mistral,Q024,SCREEN,chg_A,-0.414421,-8.226921,0.660990,235,228
mistralai/Mistral-7B-Instruct-v0.3,mistral,mistral,Q024,SCREEN,chg_B,-0.073647,-7.261147,0.929702,235,228
mistralai/Mistral-7B-Instruct-v0.3,mistral,mistral,Q024,AGE,chg_A,-0.958417,-5.333417,0.388327,230,228
mistralai/Mistral-7B-Instruct-v0.3,mistral,mistral,Q024,AGE,chg_B,-0.337749,-5.462749,0.717616,230,228
mistralai/Mistral-7B-Instruct-v0.3,mistral,mistral,Q024,ADHD,chg_A,-0.551030,-7.363530,0.576990,232,228
mistralai/Mistral-7B-Instruct-v0.3,mistral,mistral,Q024,ADHD,chg_B,-0.222175,-4.409675,0.812934,232,228
mistralai/Mistral-7B-Instruct-v0.3,mistral,mistral,Q025,IDENTITY,chg_A,-2.020585,-7.770585,0.133000,237,237
mistralai/Mistral-7B-Instruct-v0.3,mistral,mistral,Q025,IDENTITY,chg_B,-2.020585,-7.770585,0.133000,237,237
mistralai/Mistral-7B-Instruct-v0.3,mistral,mistral,Q025,NONE_vs_CONTROL,chg_A,-1.710125,-7.085124,0.181681,240,237
mistralai/Mistral-7B-Instruct-v0.3,mistral,mistral,Q025,NONE_vs_CONTROL,chg_B,-0.932806,-6.807806,0.394553,240,237
mistralai/Mistral-7B-Instruct-v0.3,mistral,mistral,Q025,SCREEN,chg_A,-1.524815,-6.774815,0.218803,227,237
mistralai/Mistral-7B-Instruct-v0.3,mistral,mistral,Q025,SCREEN,chg_B,-1.357869,-7.920369,0.257571,227,237
mistralai/Mistral-7B-Instruct-v0.3,mistral,mistral,Q025,AGE,chg_A,-1.277627,-6.715127,0.279910,231,237
mistralai/Mistral-7B-Instruct-v0.3,mistral,mistral,Q025,AGE,chg_B,-0.852497,-7.039997,0.427225,231,237
mistralai/Mistral-7B-Instruct-v0.3,mistral,mistral,Q025,ADHD,chg_A,-0.979895,-5.667395,0.378807,237,237
mistralai/Mistral-7B-Instruct-v0.3,mistral,mistral,Q025,ADHD,chg_B,-0.922630,-5.735130,0.400703,237,237
mistralai/Mistral-7B-Instruct-v0.3,mistral,mistral,Q026,IDENTITY,chg_A,-1.128981,-7.441482,0.323949,241,241
mistralai/Mistral-7B-Instruct-v0.3,mistral,mistral,Q026,IDENTITY,chg_B,-1.128981,-7.441482,0.323949,241,241
mistralai/Mistral-7B-Instruct-v0.3,mistral,mistral,Q026,NONE_vs_CONTROL,chg_A,-2.182482,-8.119982,0.113059,236,241
mistralai/Mistral-7B-Instruct-v0.3,mistral,mistral,Q026,NONE_vs_CONTROL,chg_B,-3.103432,-8.103432,0.045197,236,241
mistralai/Mistral-7B-Instruct-v0.3,mistral,mistral,Q026,SCREEN,chg_A,-1.193120,-8.005620,0.303607,235,241
mistralai/Mistral-7B-Instruct-v0.3,mistral,mistral,Q026,SCREEN,chg_B,-0.156777,-6.469277,0.856445,235,241
mistralai/Mistral-7B-Instruct-v0.3,mistral,mistral,Q026,AGE,chg_A,-1.643129,-8.518128,0.193574,244,241
mistralai/Mistral-7B-Instruct-v0.3,mistral,mistral,Q026,AGE,chg_B,-0.980813,-8.293313,0.375256,244,241
mistralai/Mistral-7B-Instruct-v0.3,mistral,mistral,Q026,ADHD,chg_A,-1.842751,-8.217751,0.158651,231,241
mistralai/Mistral-7B-Instruct-v0.3,mistral,mistral,Q026,ADHD,chg_B,-1.155262,-7.842762,0.315368,231,241
mistralai/Mistral-7B-Instruct-v0.3,mistral,mistral,Q027,IDENTITY,chg_A,-4.128488,-8.440988,0.016323,234,234
mistralai/Mistral-7B-Instruct-v0.3,mistral,mistral,Q027,IDENTITY,chg_B,-4.128488,-8.440988,0.016323,234,234
mistralai/Mistral-7B-Instruct-v0.3,mistral,mistral,Q027,NONE_vs_CONTROL,chg_A,-1.640336,-7.702837,0.194366,228,234
mistralai/Mistral-7B-Instruct-v0.3,mistral,mistral,Q027,NONE_vs_CONTROL,chg_B,-2.311841,-6.999341,0.099991,228,234
mistralai/Mistral-7B-Instruct-v0.3,mistral,mistral,Q027,SCREEN,chg_A,-1.756770,-6.444270,0.174191,234,234
mistralai/Mistral-7B-Instruct-v0.3,mistral,mistral,Q027,SCREEN,chg_B,-1.037435,-7.849935,0.354752,234,234
mistralai/Mistral-7B-Instruct-v0.3,mistral,mistral,Q027,AGE,chg_A,-1.875418,-7.937918,0.153648,236,234
mistralai/Mistral-7B-Instruct-v0.3,mistral,mistral,Q027,AGE,chg_B,-2.566882,-6.254382,0.078697,236,234
mistralai/Mistral-7B-Instruct-v0.3,mistral,mistral,Q027,ADHD,chg_A,-3.269049,-7.206549,0.038784,233,234
mistralai/Mistral-7B-Instruct-v0.3,mistral,mistral,Q027,ADHD,chg_B,-1.978611,-8.103611,0.138564,233,234
mistralai/Mistral-7B-Instruct-v0.3,mistral,mistral,Q028,IDENTITY,chg_A,-1.349022,-7.661521,0.259965,221,221
mistralai/Mistral-7B-Instruct-v0.3,mistral,mistral,Q028,IDENTITY,chg_B,-1.349022,-7.661521,0.259965,221,221
mistralai/Mistral-7B-Instruct-v0.3,mistral,mistral,Q028,NONE_vs_CONTROL,chg_A,-0.615682,-7.928182,0.540633,222,221
mistralai/Mistral-7B-Instruct-v0.3,mistral,mistral,Q028,NONE_vs_CONTROL,chg_B,-0.491965,-7.179465,0.612186,222,221
mistralai/Mistral-7B-Instruct-v0.3,mistral,mistral,Q028,SCREEN,chg_A,-1.060001,-7.372501,0.347084,237,221
mistralai/Mistral-7B-Instruct-v0.3,mistral,mistral,Q028,SCREEN,chg_B,-0.267638,-7.267638,0.765883,237,221
mistralai/Mistral-7B-Instruct-v0.3,mistral,mistral,Q028,AGE,chg_A,-0.277199,-8.777199,0.758058,236,221
mistralai/Mistral-7B-Instruct-v0.3,mistral,mistral,Q028,AGE,chg_B,-0.291672,-9.604172,0.747081,236,221
mistralai/Mistral-7B-Instruct-v0.3,mistral,mistral,Q028,ADHD,chg_A,-0.722269,-7.597269,0.486151,231,221
mistralai/Mistral-7B-Instruct-v0.3,mistral,mistral,Q028,ADHD,chg_B,-1.993979,-1.493979,0.360630,231,221
mistralai/Mistral-7B-Instruct-v0.3,mistral,mistral,Q029,IDENTITY,chg_A,-1.616510,-7.866509,0.198974,225,225
mistralai/Mistral-7B-Instruct-v0.3,mistral,mistral,Q029,IDENTITY,chg_B,-1.616510,-7.866509,0.198974,225,225
mistralai/Mistral-7B-Instruct-v0.3,mistral,mistral,Q029,NONE_vs_CONTROL,chg_A,-0.949092,-6.699092,0.388324,228,225
mistralai/Mistral-7B-Instruct-v0.3,mistral,mistral,Q029,NONE_vs_CONTROL,chg_B,-0.594897,-6.407397,0.553269,228,225
mistralai/Mistral-7B-Instruct-v0.3,mistral,mistral,Q029,SCREEN,chg_A,-1.410102,-4.847602,0.251966,209,225
mistralai/Mistral-7B-Instruct-v0.3,mistral,mistral,Q029,SCREEN,chg_B,-0.213084,-7.463084,0.808662,209,225
mistralai/Mistral-7B-Instruct-v0.3,mistral,mistral,Q029,AGE,chg_A,-1.445311,-6.070311,0.237983,237,225
mistralai/Mistral-7B-Instruct-v0.3,mistral,mistral,Q029,AGE,chg_B,-0.556870,-7.369370,0.573630,237,225
mistralai/Mistral-7B-Instruct-v0.3,mistral,mistral,Q029,ADHD,chg_A,-2.612043,-6.612043,0.074729,207,225
mistralai/Mistral-7B-Instruct-v0.3,mistral,mistral,Q029,ADHD,chg_B,-0.548033,-7.173034,0.578853,207,225
mistralai/Mistral-7B-Instruct-v0.3,mistral,mistral,Q030,IDENTITY,chg_A,-3.886062,-8.323563,0.020769,222,222
mistralai/Mistral-7B-Instruct-v0.3,mistral,mistral,Q030,IDENTITY,chg_B,-3.886062,-8.323563,0.020769,222,222
mistralai/Mistral-7B-Instruct-v0.3,mistral,mistral,Q030,NONE_vs_CONTROL,chg_A,-2.545431,-7.357931,0.079077,224,222
mistralai/Mistral-7B-Instruct-v0.3,mistral,mistral,Q030,NONE_vs_CONTROL,chg_B,-1.376237,-7.376237,0.253153,224,222
mistralai/Mistral-7B-Instruct-v0.3,mistral,mistral,Q030,SCREEN,chg_A,-2.273401,-6.960901,0.103910,218,222
mistralai/Mistral-7B-Instruct-v0.3,mistral,mistral,Q030,SCREEN,chg_B,-0.408962,-7.783962,0.664756,218,222
mistralai/Mistral-7B-Instruct-v0.3,mistral,mistral,Q030,AGE,chg_A,-2.824054,-6.074054,0.061667,220,222
mistralai/Mistral-7B-Instruct-v0.3,mistral,mistral,Q030,AGE,chg_B,-0.791470,-9.103970,0.453290,220,222
mistralai/Mistral-7B-Instruct-v0.3,mistral,mistral,Q030,ADHD,chg_A,-2.901889,-8.214389,0.055190,226,222
mistralai/Mistral-7B-Instruct-v0.3,mistral,mistral,Q030,ADHD,chg_B,-1.865262,-5.177762,0.160496,226,222
mistralai/Mistral-7B-Instruct-v0.3,mistral,mistral,Q031,IDENTITY,chg_A,-3.589074,-8.276574,0.027878,210,210
mistralai/Mistral-7B-Instruct-v0.3,mistral,mistral,Q031,IDENTITY,chg_B,-3.589074,-8.276574,0.027878,210,210
mistralai/Mistral-7B-Instruct-v0.3,mistral,mistral,Q031,NONE_vs_CONTROL,chg_A,-3.631037,-9.256037,0.026584,210,210
mistralai/Mistral-7B-Instruct-v0.3,mistral,mistral,Q031,NONE_vs_CONTROL,chg_B,-3.123661,-5.623661,0.047607,210,210
mistralai/Mistral-7B-Instruct-v0.3,mistral,mistral,Q031,SCREEN,chg_A,-2.509807,-8.509807,0.081485,208,210
mistralai/Mistral-7B-Instruct-v0.3,mistral,mistral,Q031,SCREEN,chg_B,-1.650267,-8.650267,0.192174,208,210
mistralai/Mistral-7B-Instruct-v0.3,mistral,mistral,Q031,AGE,chg_A,-3.877701,-7.502701,0.021250,209,210
mistralai/Mistral-7B-Instruct-v0.3,mistral,mistral,Q031,AGE,chg_B,-1.200694,-8.763194,0.301142,209,210
mistralai/Mistral-7B-Instruct-v0.3,mistral,mistral,Q031,ADHD,chg_A,-4.496243,-10.433743,0.011180,215,210
mistralai/Mistral-7B-Instruct-v0.3,mistral,mistral,Q031,ADHD,chg_B,-2.576083,-2.888583,0.131726,215,210
mistralai/Mistral-7B-Instruct-v0.3,mistral,mistral,Q032,IDENTITY,chg_A,-3.283937,-8.033937,0.037805,229,229
mistralai/Mistral-7B-Instruct-v0.3,mistral,mistral,Q032,IDENTITY,chg_B,-3.283937,-8.033937,0.037805,229,229
mistralai/Mistral-7B-Instruct-v0.3,mistral,mistral,Q032,NONE_vs_CONTROL,chg_A,-2.008176,-8.133176,0.134527,229,229
mistralai/Mistral-7B-Instruct-v0.3,mistral,mistral,Q032,NONE_vs_CONTROL,chg_B,-2.653719,-5.716219,0.073681,229,229
mistralai/Mistral-7B-Instruct-v0.3,mistral,mistral,Q032,SCREEN,chg_A,-1.278786,-7.216286,0.279109,205,229
mistralai/Mistral-7B-Instruct-v0.3,mistral,mistral,Q032,SCREEN,chg_B,-0.409257,-5.221757,0.669541,205,229
mistralai/Mistral-7B-Instruct-v0.3,mistral,mistral,Q032,AGE,chg_A,-1.778837,-5.778837,0.171927,238,229
mistralai/Mistral-7B-Instruct-v0.3,mistral,mistral,Q032,AGE,chg_B,-1.888476,-9.263476,0.151397,238,229
mistralai/Mistral-7B-Instruct-v0.3,mistral,mistral,Q032,ADHD,chg_A,-2.181982,-8.431982,0.113036,236,229
mistralai/Mistral-7B-Instruct-v0.3,mistral,mistral,Q032,ADHD,chg_B,-1.940796,-3.253296,0.182236,236,229
mistralai/Mistral-7B-Instruct-v0.3,mistral,mistral,Q033,IDENTITY,chg_A,-2.037575,-7.600075,0.130845,225,225
mistralai/Mistral-7B-Instruct-v0.3,mistral,mistral,Q033,IDENTITY,chg_B,-2.037575,-7.600075,0.130845,225,225
mistralai/Mistral-7B-Instruct-v0.3,mistral,mistral,Q033,NONE_vs_CONTROL,chg_A,-2.050518,-5.925518,0.131339,214,225
mistralai/Mistral-7B-Instruct-v0.3,mistral,mistral,Q033,NONE_vs_CONTROL,chg_B,-0.789441,-6.851941,0.455156,214,225
mistralai/Mistral-7B-Instruct-v0.3,mistral,mistral,Q033,SCREEN,chg_A,-1.476045,-4.726045,0.237401,241,225
mistralai/Mistral-7B-Instruct-v0.3,mistral,mistral,Q033,SCREEN,chg_B,-0.324160,-7.511660,0.723681,241,225
mistralai/Mistral-7B-Instruct-v0.3,mistral,mistral,Q033,AGE,chg_A,-1.746114,-7.746114,0.174883,218,225
mistralai/Mistral-7B-Instruct-v0.3,mistral,mistral,Q033,AGE,chg_B,-0.587944,-6.462944,0.557028,218,225
mistralai/Mistral-7B-Instruct-v0.3,mistral,mistral,Q033,ADHD,chg_A,-1.272535,-7.585035,0.280629,231,225
mistralai/Mistral-7B-Instruct-v0.3,mistral,mistral,Q033,ADHD,chg_B,-1.202178,-6.014678,0.302982,231,225
mistralai/Mistral-7B-Instruct-v0.3,mistral,mistral,Q034,IDENTITY,chg_A,-2.262913,-7.887913,0.104422,222,222
mistralai/Mistral-7B-Instruct-v0.3,mistral,mistral,Q034,IDENTITY,chg_B,-2.262913,-7.887913,0.104422,222,222
mistralai/Mistral-7B-Instruct-v0.3,mistral,mistral,Q034,NONE_vs_CONTROL,chg_A,-0.966852,-6.904352,0.381282,225,222
mistralai/Mistral-7B-Instruct-v0.3,mistral,mistral,Q034,NONE_vs_CONTROL,chg_B,-0.987448,-6.674948,0.373788,225,222
mistralai/Mistral-7B-Instruct-v0.3,mistral,mistral,Q034,SCREEN,chg_A,-0.671052,-7.671052,0.511637,216,222
mistralai/Mistral-7B-Instruct-v0.3,mistral,mistral,Q034,SCREEN,chg_B,-1.984126,-7.421626,0.138099,216,222
mistralai/Mistral-7B-Instruct-v0.3,mistral,mistral,Q034,AGE,chg_A,-1.302904,-7.052904,0.272606,213,222
mistralai/Mistral-7B-Instruct-v0.3,mistral,mistral,Q034,AGE,chg_B,-1.249910,-6.874910,0.287564,213,222
mistralai/Mistral-7B-Instruct-v0.3,mistral,mistral,Q034,ADHD,chg_A,-1.137151,-7.387151,0.321351,223,222
mistralai/Mistral-7B-Instruct-v0.3,mistral,mistral,Q034,ADHD,chg_B,-0.693409,-7.005908,0.500776,223,222
mistralai/Mistral-7B-Instruct-v0.3,mistral,mistral,Q035,IDENTITY,chg_A,-2.673923,-7.861423,0.069366,225,225
mistralai/Mistral-7B-Instruct-v0.3,mistral,mistral,Q035,IDENTITY,chg_B,-2.673923,-7.861423,0.069366,225,225
mistralai/Mistral-7B-Instruct-v0.3,mistral,mistral,Q035,NONE_vs_CONTROL,chg_A,-1.302449,-6.177449,0.273941,206,225
mistralai/Mistral-7B-Instruct-v0.3,mistral,mistral,Q035,NONE_vs_CONTROL,chg_B,-2.173269,-7.235769,0.114525,206,225
mistralai/Mistral-7B-Instruct-v0.3,mistral,mistral,Q035,SCREEN,chg_A,-0.188762,-5.938762,0.830619,234,225
mistralai/Mistral-7B-Instruct-v0.3,mistral,mistral,Q035,SCREEN,chg_B,-0.700861,-10.888361,0.496177,234,225
mistralai/Mistral-7B-Instruct-v0.3,mistral,mistral,Q035,AGE,chg_A,-1.219543,-4.844543,0.303236,223,225
mistralai/Mistral-7B-Instruct-v0.3,mistral,mistral,Q035,AGE,chg_B,-2.244668,-10.932167,0.105981,223,225
mistralai/Mistral-7B-Instruct-v0.3,mistral,mistral,Q035,ADHD,chg_A,-1.722637,-7.972637,0.178939,219,225
mistralai/Mistral-7B-Instruct-v0.3,mistral,mistral,Q035,ADHD,chg_B,-1.977696,-7.165195,0.139161,219,225
mistralai/Mistral-7B-Instruct-v0.3,mistral,mistral,Q036,IDENTITY,chg_A,-2.547069,-7.359569,0.078947,218,218
mistralai/Mistral-7B-Instruct-v0.3,mistral,mistral,Q036,IDENTITY,chg_B,-2.547069,-7.359569,0.078947,218,218
mistralai/Mistral-7B-Instruct-v0.3,mistral,mistral,Q036,NONE_vs_CONTROL,chg_A,-1.886750,-6.886750,0.152585,228,218
mistralai/Mistral-7B-Instruct-v0.3,mistral,mistral,Q036,NONE_vs_CONTROL,chg_B,-0.948277,-5.510777,0.391451,228,218
mistralai/Mistral-7B-Instruct-v0.3,mistral,mistral,Q036,SCREEN,chg_A,-1.892771,-7.142771,0.151444,214,218
mistralai/Mistral-7B-Instruct-v0.3,mistral,mistral,Q036,SCREEN,chg_B,-0.436943,-9.686943,0.646070,214,218
mistralai/Mistral-7B-Instruct-v0.3,mistral,mistral,Q036,AGE,chg_A,-2.635564,-6.260563,0.073589,222,218
mistralai/Mistral-7B-Instruct-v0.3,mistral,mistral,Q036,AGE,chg_B,-1.270567,-5.833067,0.283602,222,218
mistralai/Mistral-7B-Instruct-v0.3,mistral,mistral,Q036,ADHD,chg_A,-2.442340,-5.879840,0.089752,223,218
mistralai/Mistral-7B-Instruct-v0.3,mistral,mistral,Q036,ADHD,chg_B,-1.413530,-8.288530,0.243534,223,218
mistralai/Mistral-7B-Instruct-v0.3,mistral,mistral,Q037,IDENTITY,chg_A,-1.096984,-6.784484,0.335008,235,235
mistralai/Mistral-7B-Instruct-v0.3,mistral,mistral,Q037,IDENTITY,chg_B,-1.096984,-6.784484,0.335008,235,235
mistralai/Mistral-7B-Instruct-v0.3,mistral,mistral,Q037,NONE_vs_CONTROL,chg_A,-1.820660,-3.758160,0.185245,237,235
mistralai/Mistral-7B-Instruct-v0.3,mistral,mistral,Q037,NONE_vs_CONTROL,chg_B,-0.805169,-6.867669,0.448053,237,235
mistralai/Mistral-7B-Instruct-v0.3,mistral,mistral,Q037,SCREEN,chg_A,-3.017071,-6.767071,0.050095,233,235
mistralai/Mistral-7B-Instruct-v0.3,mistral,mistral,Q037,SCREEN,chg_B,-1.644061,-5.831562,0.196127,233,235
mistralai/Mistral-7B-Instruct-v0.3,mistral,mistral,Q037,AGE,chg_A,-3.455301,-1.892801,0.182227,233,235
mistralai/Mistral-7B-Instruct-v0.3,mistral,mistral,Q037,AGE,chg_B,-2.038299,-10.350800,0.130282,233,235
mistralai/Mistral-7B-Instruct-v0.3,mistral,mistral,Q037,ADHD,chg_A,-3.178443,-6.928443,0.042630,206,235
mistralai/Mistral-7B-Instruct-v0.3,mistral,mistral,Q037,ADHD,chg_B,-2.290196,-6.852696,0.102303,206,235
mistralai/Mistral-7B-Instruct-v0.3,mistral,mistral,Q038,IDENTITY,chg_A,-2.413537,-8.163537,0.089783,197,197
mistralai/Mistral-7B-Instruct-v0.3,mistral,mistral,Q038,IDENTITY,chg_B,-2.413537,-8.163537,0.089783,197,197
mistralai/Mistral-7B-Instruct-v0.3,mistral,mistral,Q038,NONE_vs_CONTROL,chg_A,-2.525532,-8.275532,0.080270,194,197
mistralai/Mistral-7B-Instruct-v0.3,mistral,mistral,Q038,NONE_vs_CONTROL,chg_B,-3.693417,-7.880918,0.025265,194,197
mistralai/Mistral-7B-Instruct-v0.3,mistral,mistral,Q038,SCREEN,chg_A,-2.252588,-7.190087,0.105881,204,197
mistralai/Mistral-7B-Instruct-v0.3,mistral,mistral,Q038,SCREEN,chg_B,-4.720174,-8.907674,0.009049,204,197
mistralai/Mistral-7B-Instruct-v0.3,mistral,mistral,Q038,AGE,chg_A,-2.652087,-7.402087,0.071114,212,197
mistralai/Mistral-7B-Instruct-v0.3,mistral,mistral,Q038,AGE,chg_B,-4.565816,-8.378316,0.010631,212,197
mistralai/Mistral-7B-Instruct-v0.3,mistral,mistral,Q038,ADHD,chg_A,-2.696198,-7.633698,0.067945,225,197
mistralai/Mistral-7B-Instruct-v0.3,mistral,mistral,Q038,ADHD,chg_B,-3.048384,-7.423384,0.048033,225,197
mistralai/Mistral-7B-Instruct-v0.3,mistral,mistral,Q039,IDENTITY,chg_A,-4.512505,-8.700005,0.011138,230,230
mistralai/Mistral-7B-Instruct-v0.3,mistral,mistral,Q039,IDENTITY,chg_B,-4.512505,-8.700005,0.011138,230,230
mistralai/Mistral-7B-Instruct-v0.3,mistral,mistral,Q039,NONE_vs_CONTROL,chg_A,-3.300725,-5.488225,0.040992,227,230
mistralai/Mistral-7B-Instruct-v0.3,mistral,mistral,Q039,NONE_vs_CONTROL,chg_B,-3.304002,-7.991502,0.037074,227,230
mistralai/Mistral-7B-Instruct-v0.3,mistral,mistral,Q039,SCREEN,chg_A,-0.752236,-4.627235,0.481094,241,230
mistralai/Mistral-7B-Instruct-v0.3,mistral,mistral,Q039,SCREEN,chg_B,-0.064277,-11.376777,0.937757,241,230
mistralai/Mistral-7B-Instruct-v0.3,mistral,mistral,Q039,AGE,chg_A,-1.155945,-3.093445,0.360105,222,230
mistralai/Mistral-7B-Instruct-v0.3,mistral,mistral,Q039,AGE,chg_B,-1.068751,-8.006250,0.343771,222,230
mistralai/Mistral-7B-Instruct-v0.3,mistral,mistral,Q039,ADHD,chg_A,-1.328658,-4.703659,0.273894,221,230
mistralai/Mistral-7B-Instruct-v0.3,mistral,mistral,Q039,ADHD,chg_B,-1.023614,-6.211114,0.361301,221,230
mistralai/Mistral-7B-Instruct-v0.3,mistral,mistral,Q040,IDENTITY,chg_A,-2.548074,-6.610574,0.079578,253,253
mistralai/Mistral-7B-Instruct-v0.3,mistral,mistral,Q040,IDENTITY,chg_B,-2.548074,-6.610574,0.079578,253,253
mistralai/Mistral-7B-Instruct-v0.3,mistral,mistral,Q040,NONE_vs_CONTROL,chg_A,-2.304625,-5.804626,0.102810,252,253
mistralai/Mistral-7B-Instruct-v0.3,mistral,mistral,Q040,NONE_vs_CONTROL,chg_B,-2.719236,-6.406736,0.067576,252,253
mistralai/Mistral-7B-Instruct-v0.3,mistral,mistral,Q040,SCREEN,chg_A,-2.756796,-6.881795,0.064521,253,253
mistralai/Mistral-7B-Instruct-v0.3,mistral,mistral,Q040,SCREEN,chg_B,-0.475091,-3.100091,0.666874,253,253
mistralai/Mistral-7B-Instruct-v0.3,mistral,mistral,Q040,AGE,chg_A,-2.320911,-6.008410,0.100642,233,253
mistralai/Mistral-7B-Instruct-v0.3,mistral,mistral,Q040,AGE,chg_B,-1.919076,-9.544076,0.146814,233,253
mistralai/Mistral-7B-Instruct-v0.3,mistral,mistral,Q040,ADHD,chg_A,-3.326499,-7.888999,0.036293,232,253
mistralai/Mistral-7B-Instruct-v0.3,mistral,mistral,Q040,ADHD,chg_B,-1.441620,-4.879120,0.244148,232,253
mistralai/Mistral-7B-Instruct-v0.3,mistral,mistral,Q041,IDENTITY,chg_A,-4.870131,-7.870131,0.008054,205,205
mistralai/Mistral-7B-Instruct-v0.3,mistral,mistral,Q041,IDENTITY,chg_B,-4.870131,-7.870131,0.008054,205,205
mistralai/Mistral-7B-Instruct-v0.3,mistral,mistral,Q041,NONE_vs_CONTROL,chg_A,-3.678846,-7.928846,0.025612,215,205
mistralai/Mistral-7B-Instruct-v0.3,mistral,mistral,Q041,NONE_vs_CONTROL,chg_B,-4.277862,-7.777862,0.014291,215,205
mistralai/Mistral-7B-Instruct-v0.3,mistral,mistral,Q041,SCREEN,chg_A,-3.876043,-7.938543,0.021089,190,205
mistralai/Mistral-7B-Instruct-v0.3,mistral,mistral,Q041,SCREEN,chg_B,-2.776454,-6.776454,0.063399,190,205
mistralai/Mistral-7B-Instruct-v0.3,mistral,mistral,Q041,AGE,chg_A,-4.135801,-7.823301,0.016390,203,205
mistralai/Mistral-7B-Instruct-v0.3,mistral,mistral,Q041,AGE,chg_B,-5.444594,-8.757094,0.004477,203,205
mistralai/Mistral-7B-Instruct-v0.3,mistral,mistral,Q041,ADHD,chg_A,-3.977097,-7.914597,0.019105,218,205
mistralai/Mistral-7B-Instruct-v0.3,mistral,mistral,Q041,ADHD,chg_B,-4.800642,-7.613142,0.008718,218,205
mistralai/Mistral-7B-Instruct-v0.3,mistral,mistral,Q042,IDENTITY,chg_A,-4.471484,-7.658984,0.011902,197,197
mistralai/Mistral-7B-Instruct-v0.3,mistral,mistral,Q042,IDENTITY,chg_B,-4.471484,-7.658984,0.011902,197,197
mistralai/Mistral-7B-Instruct-v0.3,mistral,mistral,Q042,NONE_vs_CONTROL,chg_A,-3.429871,-7.617372,0.032883,207,197
mistralai/Mistral-7B-Instruct-v0.3,mistral,mistral,Q042,NONE_vs_CONTROL,chg_B,-4.122789,-7.247789,0.016911,207,197
mistralai/Mistral-7B-Instruct-v0.3,mistral,mistral,Q042,SCREEN,chg_A,-3.214821,-8.464821,0.040373,183,197
mistralai/Mistral-7B-Instruct-v0.3,mistral,mistral,Q042,SCREEN,chg_B,-2.101140,-7.288640,0.123000,183,197
mistralai/Mistral-7B-Instruct-v0.3,mistral,mistral,Q042,AGE,chg_A,-3.301366,-7.551366,0.037358,189,197
mistralai/Mistral-7B-Instruct-v0.3,mistral,mistral,Q042,AGE,chg_B,-1.461135,-9.461135,0.232051,189,197
mistralai/Mistral-7B-Instruct-v0.3,mistral,mistral,Q042,ADHD,chg_A,-3.210066,-8.460067,0.040566,216,197
mistralai/Mistral-7B-Instruct-v0.3,mistral,mistral,Q042,ADHD,chg_B,-1.614175,-6.051675,0.201409,216,197
mistralai/Mistral-7B-Instruct-v0.3,mistral,mistral,Q043,IDENTITY,chg_A,-4.226607,-8.664106,0.014775,227,227
mistralai/Mistral-7B-Instruct-v0.3,mistral,mistral,Q043,IDENTITY,chg_B,-4.226607,-8.664106,0.014775,227,227
mistralai/Mistral-7B-Instruct-v0.3,mistral,mistral,Q043,NONE_vs_CONTROL,chg_A,-2.222373,-7.909873,0.108719,223,227
mistralai/Mistral-7B-Instruct-v0.3,mistral,mistral,Q043,NONE_vs_CONTROL,chg_B,-4.526455,-8.401455,0.011044,223,227
mistralai/Mistral-7B-Instruct-v0.3,mistral,mistral,Q043,SCREEN,chg_A,-2.764743,-6.952243,0.063949,199,227
mistralai/Mistral-7B-Instruct-v0.3,mistral,mistral,Q043,SCREEN,chg_B,-5.116682,-9.491681,0.006071,199,227
mistralai/Mistral-7B-Instruct-v0.3,mistral,mistral,Q043,AGE,chg_A,-2.461764,-6.149264,0.087419,210,227
mistralai/Mistral-7B-Instruct-v0.3,mistral,mistral,Q043,AGE,chg_B,-2.492337,-9.429837,0.082797,210,227
mistralai/Mistral-7B-Instruct-v0.3,mistral,mistral,Q043,ADHD,chg_A,-2.815209,-9.252708,0.059988,220,227
mistralai/Mistral-7B-Instruct-v0.3,mistral,mistral,Q043,ADHD,chg_B,-3.324066,-9.886566,0.036057,220,227
mistralai/Mistral-7B-Instruct-v0.3,mistral,mistral,Q044,IDENTITY,chg_A,-3.486645,-7.924145,0.030965,215,215
mistralai/Mistral-7B-Instruct-v0.3,mistral,mistral,Q044,IDENTITY,chg_B,-3.486645,-7.924145,0.030965,215,215
mistralai/Mistral-7B-Instruct-v0.3,mistral,mistral,Q044,NONE_vs_CONTROL,chg_A,-1.923517,-5.048517,0.152511,201,215
mistralai/Mistral-7B-Instruct-v0.3,mistral,mistral,Q044,NONE_vs_CONTROL,chg_B,-2.498085,-7.310585,0.082911,201,215
mistralai/Mistral-7B-Instruct-v0.3,mistral,mistral,Q044,SCREEN,chg_A,-2.260225,-9.697724,0.104388,228,215
mistralai/Mistral-7B-Instruct-v0.3,mistral,mistral,Q044,SCREEN,chg_B,-0.841719,-4.154219,0.446667,228,215
mistralai/Mistral-7B-Instruct-v0.3,mistral,mistral,Q044,AGE,chg_A,-1.671723,-5.546723,0.191823,229,215
mistralai/Mistral-7B-Instruct-v0.3,mistral,mistral,Q044,AGE,chg_B,-2.179658,-7.679658,0.113542,229,215
mistralai/Mistral-7B-Instruct-v0.3,mistral,mistral,Q044,ADHD,chg_A,-2.256424,-9.318924,0.104814,231,215
mistralai/Mistral-7B-Instruct-v0.3,mistral,mistral,Q044,ADHD,chg_B,-0.702548,-4.077548,0.512270,231,215
mistralai/Mistral-7B-Instruct-v0.3,mistral,mistral,Q045,IDENTITY,chg_A,-4.047387,-7.922387,0.017830,202,202
mistralai/Mistral-7B-Instruct-v0.3,mistral,mistral,Q045,IDENTITY,chg_B,-4.047387,-7.922387,0.017830,202,202
mistralai/Mistral-7B-Instruct-v0.3,mistral,mistral,Q045,NONE_vs_CONTROL,chg_A,-3.622196,-8.059696,0.027040,215,202
mistralai/Mistral-7B-Instruct-v0.3,mistral,mistral,Q045,NONE_vs_CONTROL,chg_B,-3.128181,-7.815681,0.044201,215,202
mistralai/Mistral-7B-Instruct-v0.3,mistral,mistral,Q045,SCREEN,chg_A,-2.649701,-8.024701,0.071000,216,202
mistralai/Mistral-7B-Instruct-v0.3,mistral,mistral,Q045,SCREEN,chg_B,-3.451717,-7.889217,0.032066,216,202
mistralai/Mistral-7B-Instruct-v0.3,mistral,mistral,Q045,AGE,chg_A,-3.961418,-8.523917,0.019235,213,202
mistralai/Mistral-7B-Instruct-v0.3,mistral,mistral,Q045,AGE,chg_B,-3.848829,-7.848829,0.021695,213,202
mistralai/Mistral-7B-Instruct-v0.3,mistral,mistral,Q045,ADHD,chg_A,-2.197917,-8.135417,0.111327,225,202
mistralai/Mistral-7B-Instruct-v0.3,mistral,mistral,Q045,ADHD,chg_B,-2.715343,-7.652843,0.066657,225,202
mistralai/Mistral-7B-Instruct-v0.3,mistral,mistral,Q046,IDENTITY,chg_A,-5.578734,-8.391234,0.004004,210,210
mistralai/Mistral-7B-Instruct-v0.3,mistral,mistral,Q046,IDENTITY,chg_B,-5.578734,-8.391234,0.004004,210,210
mistralai/Mistral-7B-Instruct-v0.3,mistral,mistral,Q046,NONE_vs_CONTROL,chg_A,-4.924822,-8.674822,0.007435,220,210
mistralai/Mistral-7B-Instruct-v0.3,mistral,mistral,Q046,NONE_vs_CONTROL,chg_B,-3.645305,-7.645305,0.026592,220,210
mistralai/Mistral-7B-Instruct-v0.3,mistral,mistral,Q046,SCREEN,chg_A,-4.394672,-8.519672,0.012542,236,210
mistralai/Mistral-7B-Instruct-v0.3,mistral,mistral,Q046,SCREEN,chg_B,-1.290044,-6.040044,0.277640,236,210
mistralai/Mistral-7B-Instruct-v0.3,mistral,mistral,Q046,AGE,chg_A,-3.467310,-8.217310,0.031471,218,210
mistralai/Mistral-7B-Instruct-v0.3,mistral,mistral,Q046,AGE,chg_B,-2.497690,-7.122690,0.083081,218,210
mistralai/Mistral-7B-Instruct-v0.3,mistral,mistral,Q046,ADHD,chg_A,-3.895972,-8.333472,0.020564,230,210
mistralai/Mistral-7B-Instruct-v0.3,mistral,mistral,Q046,ADHD,chg_B,-0.926855,-5.614355,0.399442,230,210
mistralai/Mistral-7B-Instruct-v0.3,mistral,mistral,Q047,IDENTITY,chg_A,-3.761656,-7.699156,0.023698,256,256
mistralai/Mistral-7B-Instruct-v0.3,mistral,mistral,Q047,IDENTITY,chg_B,-3.761656,-7.699156,0.023698,256,256
mistralai/Mistral-7B-Instruct-v0.3,mistral,mistral,Q047,NONE_vs_CONTROL,chg_A,-1.686450,-6.873950,0.186210,225,256
mistralai/Mistral-7B-Instruct-v0.3,mistral,mistral,Q047,NONE_vs_CONTROL,chg_B,-1.109790,-5.547290,0.333526,225,256
mistralai/Mistral-7B-Instruct-v0.3,mistral,mistral,Q047,SCREEN,chg_A,-1.467400,-7.717400,0.230969,230,256
mistralai/Mistral-7B-Instruct-v0.3,mistral,mistral,Q047,SCREEN,chg_B,-0.588586,-2.838586,0.613620,230,256
mistralai/Mistral-7B-Instruct-v0.3,mistral,mistral,Q047,AGE,chg_A,-1.511116,-7.511116,0.221211,233,256
mistralai/Mistral-7B-Instruct-v0.3,mistral,mistral,Q047,AGE,chg_B,-1.171899,-6.734399,0.310968,233,256
mistralai/Mistral-7B-Instruct-v0.3,mistral,mistral,Q047,ADHD,chg_A,-1.260120,-6.447620,0.285204,230,256
mistralai/Mistral-7B-Instruct-v0.3,mistral,mistral,Q047,ADHD,chg_B,-0.986951,-2.861951,0.429868,230,256
mistralai/Mistral-7B-Instruct-v0.3,mistral,mistral,Q048,IDENTITY,chg_A,-4.048481,-8.235982,0.017714,225,225
mistralai/Mistral-7B-Instruct-v0.3,mistral,mistral,Q048,IDENTITY,chg_B,-4.048481,-8.235982,0.017714,225,225
mistralai/Mistral-7B-Instruct-v0.3,mistral,mistral,Q048,NONE_vs_CONTROL,chg_A,-3.465393,-7.902893,0.031630,224,225
mistralai/Mistral-7B-Instruct-v0.3,mistral,mistral,Q048,NONE_vs_CONTROL,chg_B,-3.270800,-7.958300,0.038326,224,225
mistralai/Mistral-7B-Instruct-v0.3,mistral,mistral,Q048,SCREEN,chg_A,-2.938719,-7.688719,0.053391,216,225
mistralai/Mistral-7B-Instruct-v0.3,mistral,mistral,Q048,SCREEN,chg_B,-0.887608,-6.075108,0.413939,216,225
mistralai/Mistral-7B-Instruct-v0.3,mistral,mistral,Q048,AGE,chg_A,-3.306976,-7.994476,0.036964,221,225
mistralai/Mistral-7B-Instruct-v0.3,mistral,mistral,Q048,AGE,chg_B,-4.804387,-8.866887,0.008335,221,225
mistralai/Mistral-7B-Instruct-v0.3,mistral,mistral,Q048,ADHD,chg_A,-1.094828,-4.469828,0.346046,222,225
mistralai/Mistral-7B-Instruct-v0.3,mistral,mistral,Q048,ADHD,chg_B,-1.823776,-11.511276,0.161425,222,225
mistralai/Mistral-7B-Instruct-v0.3,mistral,mistral,Q049,IDENTITY,chg_A,-5.400859,-7.963359,0.004861,238,238
mistralai/Mistral-7B-Instruct-v0.3,mistral,mistral,Q049,IDENTITY,chg_B,-5.400859,-7.963359,0.004861,238,238
mistralai/Mistral-7B-Instruct-v0.3,mistral,mistral,Q049,NONE_vs_CONTROL,chg_A,-4.760594,-8.198094,0.008836,229,238
mistralai/Mistral-7B-Instruct-v0.3,mistral,mistral,Q049,NONE_vs_CONTROL,chg_B,-5.862610,-8.550111,0.003037,229,238
mistralai/Mistral-7B-Instruct-v0.3,mistral,mistral,Q049,SCREEN,chg_A,-5.287998,-8.225498,0.005320,248,238
mistralai/Mistral-7B-Instruct-v0.3,mistral,mistral,Q049,SCREEN,chg_B,-3.663239,-6.850739,0.026708,248,238
mistralai/Mistral-7B-Instruct-v0.3,mistral,mistral,Q049,AGE,chg_A,-4.832951,-7.957951,0.008313,253,238
mistralai/Mistral-7B-Instruct-v0.3,mistral,mistral,Q049,AGE,chg_B,-4.185064,-7.685064,0.015681,253,238
mistralai/Mistral-7B-Instruct-v0.3,mistral,mistral,Q049,ADHD,chg_A,-3.264820,-6.514820,0.039685,241,238
mistralai/Mistral-7B-Instruct-v0.3,mistral,mistral,Q049,ADHD,chg_B,-5.580835,-11.143335,0.003784,241,238
mistralai/Mistral-7B-Instruct-v0.3,mistral,mistral,Q050,IDENTITY,chg_A,-4.743957,-8.118957,0.009002,234,234
mistralai/Mistral-7B-Instruct-v0.3,mistral,mistral,Q050,IDENTITY,chg_B,-4.743957,-8.118957,0.009002,234,234
mistralai/Mistral-7B-Instruct-v0.3,mistral,mistral,Q050,NONE_vs_CONTROL,chg_A,-5.195149,-9.320149,0.005633,237,234
mistralai/Mistral-7B-Instruct-v0.3,mistral,mistral,Q050,NONE_vs_CONTROL,chg_B,-1.663476,-8.663475,0.189652,237,234
mistralai/Mistral-7B-Instruct-v0.3,mistral,mistral,Q050,SCREEN,chg_A,-5.383840,-9.571340,0.004660,230,234
mistralai/Mistral-7B-Instruct-v0.3,mistral,mistral,Q050,SCREEN,chg_B,-1.389917,-8.014916,0.249427,230,234
mistralai/Mistral-7B-Instruct-v0.3,mistral,mistral,Q050,AGE,chg_A,-5.644648,-9.332148,0.003625,218,234
mistralai/Mistral-7B-Instruct-v0.3,mistral,mistral,Q050,AGE,chg_B,-2.489974,-8.052474,0.083230,218,234
mistralai/Mistral-7B-Instruct-v0.3,mistral,mistral,Q050,ADHD,chg_A,-4.201587,-8.076587,0.015283,232,234
mistralai/Mistral-7B-Instruct-v0.3,mistral,mistral,Q050,ADHD,chg_B,-3.543321,-10.293322,0.028951,232,234
mistralai/Mistral-7B-Instruct-v0.3,mistral,mistral,Q051,IDENTITY,chg_A,-3.763274,-7.888274,0.023583,221,221
mistralai/Mistral-7B-Instruct-v0.3,mistral,mistral,Q051,IDENTITY,chg_B,-3.763274,-7.888274,0.023583,221,221
mistralai/Mistral-7B-Instruct-v0.3,mistral,mistral,Q051,NONE_vs_CONTROL,chg_A,-3.045809,-7.608309,0.048054,210,221
mistralai/Mistral-7B-Instruct-v0.3,mistral,mistral,Q051,NONE_vs_CONTROL,chg_B,-2.745634,-6.120634,0.066405,210,221
mistralai/Mistral-7B-Instruct-v0.3,mistral,mistral,Q051,SCREEN,chg_A,-1.067943,-5.317943,0.348618,239,221
mistralai/Mistral-7B-Instruct-v0.3,mistral,mistral,Q051,SCREEN,chg_B,-1.312258,-7.062258,0.270068,239,221
mistralai/Mistral-7B-Instruct-v0.3,mistral,mistral,Q051,AGE,chg_A,-1.339180,-6.714180,0.263274,236,221
mistralai/Mistral-7B-Instruct-v0.3,mistral,mistral,Q051,AGE,chg_B,-1.031515,-8.844015,0.356611,236,221
mistralai/Mistral-7B-Instruct-v0.3,mistral,mistral,Q051,ADHD,chg_A,-1.499236,-6.186736,0.225357,220,221
mistralai/Mistral-7B-Instruct-v0.3,mistral,mistral,Q051,ADHD,chg_B,-1.810707,-7.498207,0.164093,220,221
mistralai/Mistral-7B-Instruct-v0.3,mistral,mistral,Q052,IDENTITY,chg_A,-5.775962,-8.650963,0.003276,226,226
mistralai/Mistral-7B-Instruct-v0.3,mistral,mistral,Q052,IDENTITY,chg_B,-5.775962,-8.650963,0.003276,226,226
mistralai/Mistral-7B-Instruct-v0.3,mistral,mistral,Q052,NONE_vs_CONTROL,chg_A,-4.091143,-7.716143,0.017166,244,226
mistralai/Mistral-7B-Instruct-v0.3,mistral,mistral,Q052,NONE_vs_CONTROL,chg_B,-3.662929,-8.287929,0.025909,244,226
mistralai/Mistral-7B-Instruct-v0.3,mistral,mistral,Q052,SCREEN,chg_A,-2.650306,-6.462806,0.072190,232,226
mistralai/Mistral-7B-Instruct-v0.3,mistral,mistral,Q052,SCREEN,chg_B,-2.688579,-9.126080,0.068086,232,226
mistralai/Mistral-7B-Instruct-v0.3,mistral,mistral,Q052,AGE,chg_A,-5.233620,-8.733621,0.005495,221,226
mistralai/Mistral-7B-Instruct-v0.3,mistral,mistral,Q052,AGE,chg_B,-4.550071,-8.487571,0.010772,221,226
mistralai/Mistral-7B-Instruct-v0.3,mistral,mistral,Q052,ADHD,chg_A,-6.062722,-6.625222,0.003655,224,226
mistralai/Mistral-7B-Instruct-v0.3,mistral,mistral,Q052,ADHD,chg_B,-1.522909,-9.085409,0.218190,224,226
mistralai/Mistral-7B-Instruct-v0.3,mistral,mistral,Q053,IDENTITY,chg_A,-5.242234,-8.617234,0.005469,220,220
mistralai/Mistral-7B-Instruct-v0.3,mistral,mistral,Q053,IDENTITY,chg_B,-5.242234,-8.617234,0.005469,220,220
mistralai/Mistral-7B-Instruct-v0.3,mistral,mistral,Q053,NONE_vs_CONTROL,chg_A,-3.267321,-8.392321,0.038335,212,220
mistralai/Mistral-7B-Instruct-v0.3,mistral,mistral,Q053,NONE_vs_CONTROL,chg_B,-4.996883,-8.434383,0.006976,212,220
mistralai/Mistral-7B-Instruct-v0.3,mistral,mistral,Q053,SCREEN,chg_A,-2.871658,-7.496658,0.057160,241,220
mistralai/Mistral-7B-Instruct-v0.3,mistral,mistral,Q053,SCREEN,chg_B,-0.349286,-9.849285,0.705245,241,220
mistralai/Mistral-7B-Instruct-v0.3,mistral,mistral,Q053,AGE,chg_A,-2.335799,-6.148299,0.098870,236,220
mistralai/Mistral-7B-Instruct-v0.3,mistral,mistral,Q053,AGE,chg_B,-2.502667,-9.127667,0.081975,236,220
mistralai/Mistral-7B-Instruct-v0.3,mistral,mistral,Q053,ADHD,chg_A,-2.610551,-8.048051,0.073814,248,220
mistralai/Mistral-7B-Instruct-v0.3,mistral,mistral,Q053,ADHD,chg_B,-2.270754,-4.083254,0.120087,248,220
mistralai/Mistral-7B-Instruct-v0.3,mistral,mistral,Q054,IDENTITY,chg_A,-4.166138,-9.041138,0.015630,209,209
mistralai/Mistral-7B-Instruct-v0.3,mistral,mistral,Q054,IDENTITY,chg_B,-4.166138,-9.041138,0.015630,209,209
mistralai/Mistral-7B-Instruct-v0.3,mistral,mistral,Q054,NONE_vs_CONTROL,chg_A,-3.951839,-8.951839,0.019349,162,209
mistralai/Mistral-7B-Instruct-v0.3,mistral,mistral,Q054,NONE_vs_CONTROL,chg_B,-4.304828,-8.679829,0.013673,162,209
mistralai/Mistral-7B-Instruct-v0.3,mistral,mistral,Q054,SCREEN,chg_A,-2.326613,-7.764113,0.098051,206,209
mistralai/Mistral-7B-Instruct-v0.3,mistral,mistral,Q054,SCREEN,chg_B,-1.308403,-8.433403,0.270469,206,209
mistralai/Mistral-7B-Instruct-v0.3,mistral,mistral,Q054,AGE,chg_A,-3.077563,-8.640063,0.046248,237,209
mistralai/Mistral-7B-Instruct-v0.3,mistral,mistral,Q054,AGE,chg_B,-3.411146,-8.598646,0.033188,237,209
mistralai/Mistral-7B-Instruct-v0.3,mistral,mistral,Q054,ADHD,chg_A,-3.433519,-8.558519,0.032465,223,209
mistralai/Mistral-7B-Instruct-v0.3,mistral,mistral,Q054,ADHD,chg_B,-3.245678,-8.495678,0.039147,223,209
mistralai/Mistral-7B-Instruct-v0.3,mistral,mistral,Q055,IDENTITY,chg_A,-5.963023,-8.775523,0.002727,229,229
mistralai/Mistral-7B-Instruct-v0.3,mistral,mistral,Q055,IDENTITY,chg_B,-5.963023,-8.775523,0.002727,229,229
mistralai/Mistral-7B-Instruct-v0.3,mistral,mistral,Q055,NONE_vs_CONTROL,chg_A,-4.380993,-8.255993,0.012773,228,229
mistralai/Mistral-7B-Instruct-v0.3,mistral,mistral,Q055,NONE_vs_CONTROL,chg_B,-3.498018,-8.248018,0.030519,228,229
mistralai/Mistral-7B-Instruct-v0.3,mistral,mistral,Q055,SCREEN,chg_A,-3.116489,-6.678989,0.045570,211,229
mistralai/Mistral-7B-Instruct-v0.3,mistral,mistral,Q055,SCREEN,chg_B,-2.115888,-9.553389,0.120597,211,229
mistralai/Mistral-7B-Instruct-v0.3,mistral,mistral,Q055,AGE,chg_A,-4.292894,-8.855394,0.013808,224,229
mistralai/Mistral-7B-Instruct-v0.3,mistral,mistral,Q055,AGE,chg_B,-2.564829,-8.314829,0.077177,224,229
mistralai/Mistral-7B-Instruct-v0.3,mistral,mistral,Q055,ADHD,chg_A,-2.814482,-8.439482,0.060152,215,229
mistralai/Mistral-7B-Instruct-v0.3,mistral,mistral,Q055,ADHD,chg_B,-1.418148,-9.855648,0.242215,215,229
mistralai/Mistral-7B-Instruct-v0.3,mistral,mistral,Q056,IDENTITY,chg_A,-3.564159,-7.626659,0.028808,235,235
mistralai/Mistral-7B-Instruct-v0.3,mistral,mistral,Q056,IDENTITY,chg_B,-3.564159,-7.626659,0.028808,235,235
mistralai/Mistral-7B-Instruct-v0.3,mistral,mistral,Q056,NONE_vs_CONTROL,chg_A,-3.017228,-7.642228,0.049416,220,235
mistralai/Mistral-7B-Instruct-v0.3,mistral,mistral,Q056,NONE_vs_CONTROL,chg_B,-3.363585,-7.801085,0.035020,220,235
mistralai/Mistral-7B-Instruct-v0.3,mistral,mistral,Q056,SCREEN,chg_A,-2.108020,-6.233020,0.123442,226,235
mistralai/Mistral-7B-Instruct-v0.3,mistral,mistral,Q056,SCREEN,chg_B,-0.790429,-7.915429,0.454015,226,235
mistralai/Mistral-7B-Instruct-v0.3,mistral,mistral,Q056,AGE,chg_A,-2.808669,-6.308669,0.062106,221,235
mistralai/Mistral-7B-Instruct-v0.3,mistral,mistral,Q056,AGE,chg_B,-1.847041,-9.284541,0.157796,221,235
mistralai/Mistral-7B-Instruct-v0.3,mistral,mistral,Q056,ADHD,chg_A,-4.241880,-2.991880,0.064574,211,235
mistralai/Mistral-7B-Instruct-v0.3,mistral,mistral,Q056,ADHD,chg_B,-2.273747,-8.898747,0.103062,211,235
mistralai/Mistral-7B-Instruct-v0.3,mistral,mistral,Q057,IDENTITY,chg_A,-3.606508,-7.981508,0.027488,230,230
mistralai/Mistral-7B-Instruct-v0.3,mistral,mistral,Q057,IDENTITY,chg_B,-3.606508,-7.981508,0.027488,230,230
mistralai/Mistral-7B-Instruct-v0.3,mistral,mistral,Q057,NONE_vs_CONTROL,chg_A,-2.175549,-8.175549,0.113827,229,230
mistralai/Mistral-7B-Instruct-v0.3,mistral,mistral,Q057,NONE_vs_CONTROL,chg_B,-1.886450,-7.636450,0.152092,229,230
mistralai/Mistral-7B-Instruct-v0.3,mistral,mistral,Q057,SCREEN,chg_A,-3.098711,-9.286211,0.045200,246,230
mistralai/Mistral-7B-Instruct-v0.3,mistral,mistral,Q057,SCREEN,chg_B,-1.099236,-6.724236,0.334327,246,230
mistralai/Mistral-7B-Instruct-v0.3,mistral,mistral,Q057,AGE,chg_A,-2.315480,-7.940480,0.099075,218,230
mistralai/Mistral-7B-Instruct-v0.3,mistral,mistral,Q057,AGE,chg_B,-1.298691,-7.111191,0.273705,218,230
mistralai/Mistral-7B-Instruct-v0.3,mistral,mistral,Q057,ADHD,chg_A,-3.117785,-8.180285,0.044535,223,230
mistralai/Mistral-7B-Instruct-v0.3,mistral,mistral,Q057,ADHD,chg_B,-1.375697,-6.563197,0.254075,223,230
mistralai/Mistral-7B-Instruct-v0.3,mistral,mistral,Q058,IDENTITY,chg_A,-4.890449,-8.390449,0.007745,242,242
mistralai/Mistral-7B-Instruct-v0.3,mistral,mistral,Q058,IDENTITY,chg_B,-4.890449,-8.390449,0.007745,242,242
mistralai/Mistral-7B-Instruct-v0.3,mistral,mistral,Q058,NONE_vs_CONTROL,chg_A,-4.581888,-8.206887,0.010508,239,242
mistralai/Mistral-7B-Instruct-v0.3,mistral,mistral,Q058,NONE_vs_CONTROL,chg_B,-3.396224,-8.146224,0.033789,239,242
mistralai/Mistral-7B-Instruct-v0.3,mistral,mistral,Q058,SCREEN,chg_A,-2.488385,-7.675885,0.083508,189,242
mistralai/Mistral-7B-Instruct-v0.3,mistral,mistral,Q058,SCREEN,chg_B,-4.635097,-7.947597,0.010059,189,242
mistralai/Mistral-7B-Instruct-v0.3,mistral,mistral,Q058,AGE,chg_A,-4.121300,-6.308800,0.018044,231,242
mistralai/Mistral-7B-Instruct-v0.3,mistral,mistral,Q058,AGE,chg_B,-5.456168,-10.956168,0.004287,231,242
mistralai/Mistral-7B-Instruct-v0.3,mistral,mistral,Q058,ADHD,chg_A,-2.235048,-7.172548,0.107754,219,242
mistralai/Mistral-7B-Instruct-v0.3,mistral,mistral,Q058,ADHD,chg_B,-2.838689,-7.963689,0.058850,219,242
mistralai/Mistral-7B-Instruct-v0.3,mistral,mistral,Q059,IDENTITY,chg_A,-4.784365,-8.909365,0.008495,228,228
mistralai/Mistral-7B-Instruct-v0.3,mistral,mistral,Q059,IDENTITY,chg_B,-4.784365,-8.909365,0.008495,228,228
mistralai/Mistral-7B-Instruct-v0.3,mistral,mistral,Q059,NONE_vs_CONTROL,chg_A,-2.543610,-7.856110,0.078970,210,228
mistralai/Mistral-7B-Instruct-v0.3,mistral,mistral,Q059,NONE_vs_CONTROL,chg_B,-4.395379,-8.332878,0.012575,210,228
mistralai/Mistral-7B-Instruct-v0.3,mistral,mistral,Q059,SCREEN,chg_A,-0.630598,-4.818098,0.540356,235,228
mistralai/Mistral-7B-Instruct-v0.3,mistral,mistral,Q059,SCREEN,chg_B,-0.526000,-11.713500,0.590972,235,228
mistralai/Mistral-7B-Instruct-v0.3,mistral,mistral,Q059,AGE,chg_A,-1.502143,-6.252143,0.224579,222,228
mistralai/Mistral-7B-Instruct-v0.3,mistral,mistral,Q059,AGE,chg_B,-0.446329,-8.696329,0.640140,222,228
mistralai/Mistral-7B-Instruct-v0.3,mistral,mistral,Q059,ADHD,chg_A,-1.891021,-6.828521,0.152000,227,228
mistralai/Mistral-7B-Instruct-v0.3,mistral,mistral,Q059,ADHD,chg_B,-0.844355,-8.469355,0.430044,227,228
mistralai/Mistral-7B-Instruct-v0.3,mistral,mistral,Q060,IDENTITY,chg_A,-3.575209,-8.575209,0.028198,237,237
mistralai/Mistral-7B-Instruct-v0.3,mistral,mistral,Q060,IDENTITY,chg_B,-3.575209,-8.575209,0.028198,237,237
mistralai/Mistral-7B-Instruct-v0.3,mistral,mistral,Q060,NONE_vs_CONTROL,chg_A,-1.126617,-8.564117,0.324319,228,237
mistralai/Mistral-7B-Instruct-v0.3,mistral,mistral,Q060,NONE_vs_CONTROL,chg_B,-2.840011,-8.277511,0.058679,228,237
mistralai/Mistral-7B-Instruct-v0.3,mistral,mistral,Q060,SCREEN,chg_A,-2.561557,-7.936557,0.077542,207,237
mistralai/Mistral-7B-Instruct-v0.3,mistral,mistral,Q060,SCREEN,chg_B,-2.392531,-8.517530,0.091598,207,237
mistralai/Mistral-7B-Instruct-v0.3,mistral,mistral,Q060,AGE,chg_A,-3.210610,-7.710610,0.040780,207,237
mistralai/Mistral-7B-Instruct-v0.3,mistral,mistral,Q060,AGE,chg_B,-1.158222,-9.345722,0.314131,207,237
mistralai/Mistral-7B-Instruct-v0.3,mistral,mistral,Q060,ADHD,chg_A,-3.698134,-7.635634,0.025253,224,237
mistralai/Mistral-7B-Instruct-v0.3,mistral,mistral,Q060,ADHD,chg_B,-3.095690,-9.720691,0.045304,224,237
