judge,judge_key,answer_model,question_id,comparison,order,lp_A,lp_B,letter_mass,words_changed,words_reference
meta-llama/Llama-3.1-8B-Instruct,llama,qwen,Q001,IDENTITY,chg_A,-0.011627,-5.136627,0.994317,268,268
meta-llama/Llama-3.1-8B-Instruct,llama,qwen,Q001,IDENTITY,chg_B,-0.011627,-5.136627,0.994317,268,268
meta-llama/Llama-3.1-8B-Instruct,llama,qwen,Q001,NONE_vs_CONTROL,chg_A,-0.030731,-4.155730,0.985410,262,268
meta-llama/Llama-3.1-8B-Instruct,llama,qwen,Q001,NONE_vs_CONTROL,chg_B,-0.046497,-4.046496,0.972051,262,268
meta-llama/Llama-3.1-8B-Instruct,llama,qwen,Q001,SCREEN,chg_A,-0.164309,-2.164306,0.963309,261,268
meta-llama/Llama-3.1-8B-Instruct,llama,qwen,Q001,SCREEN,chg_B,-0.108781,-3.108780,0.941582,261,268
meta-llama/Llama-3.1-8B-Instruct,llama,qwen,Q001,AGE,chg_A,-0.095032,-3.095031,0.954617,265,268
meta-llama/Llama-3.1-8B-Instruct,llama,qwen,Q001,AGE,chg_B,-0.064245,-3.689244,0.962766,265,268
meta-llama/Llama-3.1-8B-Instruct,llama,qwen,Q001,ADHD,chg_A,-0.318719,-1.443711,0.963130,262,268
meta-llama/Llama-3.1-8B-Instruct,llama,qwen,Q001,ADHD,chg_B,-0.078054,-3.578052,0.952845,262,268
meta-llama/Llama-3.1-8B-Instruct,llama,qwen,Q002,IDENTITY,chg_A,-0.019189,-4.769189,0.989481,230,230
meta-llama/Llama-3.1-8B-Instruct,llama,qwen,Q002,IDENTITY,chg_B,-0.019189,-4.769189,0.989481,230,230
meta-llama/Llama-3.1-8B-Instruct,llama,qwen,Q002,NONE_vs_CONTROL,chg_A,-0.056347,-3.431345,0.977555,220,230
meta-llama/Llama-3.1-8B-Instruct,llama,qwen,Q002,NONE_vs_CONTROL,chg_B,-0.064389,-3.814388,0.959691,220,230
meta-llama/Llama-3.1-8B-Instruct,llama,qwen,Q002,SCREEN,chg_A,-0.211287,-1.836256,0.968955,228,230
meta-llama/Llama-3.1-8B-Instruct,llama,qwen,Q002,SCREEN,chg_B,-0.025195,-4.025190,0.992980,228,230
meta-llama/Llama-3.1-8B-Instruct,llama,qwen,Q002,AGE,chg_A,-0.178793,-2.303790,0.936159,233,230
meta-llama/Llama-3.1-8B-Instruct,llama,qwen,Q002,AGE,chg_B,-0.054450,-3.679438,0.972243,233,230
meta-llama/Llama-3.1-8B-Instruct,llama,qwen,Q002,ADHD,chg_A,-0.132158,-2.257116,0.980855,200,230
meta-llama/Llama-3.1-8B-Instruct,llama,qwen,Q002,ADHD,chg_B,-0.024345,-4.149307,0.991724,200,230
meta-llama/Llama-3.1-8B-Instruct,llama,qwen,Q003,IDENTITY,chg_A,-0.014603,-5.514602,0.989530,233,233
meta-llama/Llama-3.1-8B-Instruct,llama,qwen,Q003,IDENTITY,chg_B,-0.014603,-5.514602,0.989530,233,233
meta-llama/Llama-3.1-8B-Instruct,llama,qwen,Q003,NONE_vs_CONTROL,chg_A,-0.079761,-2.954757,0.975428,240,233
meta-llama/Llama-3.1-8B-Instruct,llama,qwen,Q003,NONE_vs_CONTROL,chg_B,-0.117327,-2.492307,0.972013,240,233
meta-llama/Llama-3.1-8B-Instruct,llama,qwen,Q003,SCREEN,chg_A,-0.173789,-2.048785,0.969366,235,233
meta-llama/Llama-3.1-8B-Instruct,llama,qwen,Q003,SCREEN,chg_B,-0.058319,-3.183313,0.984797,235,233
meta-llama/Llama-3.1-8B-Instruct,llama,qwen,Q003,AGE,chg_A,-0.116415,-2.491405,0.972899,259,233
meta-llama/Llama-3.1-8B-Instruct,llama,qwen,Q003,AGE,chg_B,-0.057113,-3.807099,0.966700,259,233
meta-llama/Llama-3.1-8B-Instruct,llama,qwen,Q003,ADHD,chg_A,-0.108890,-2.733883,0.961795,222,233
meta-llama/Llama-3.1-8B-Instruct,llama,qwen,Q003,ADHD,chg_B,-0.134006,-2.383984,0.966767,222,233
meta-llama/Llama-3.1-8B-Instruct,llama,qwen,Q004,IDENTITY,chg_A,-0.038860,-5.163860,0.967605,246,246
meta-llama/Llama-3.1-8B-Instruct,llama,qwen,Q004,IDENTITY,chg_B,-0.038860,-5.163860,0.967605,246,246
meta-llama/Llama-3.1-8B-Instruct,llama,qwen,Q004,NONE_vs_CONTROL,chg_A,-0.025906,-5.150906,0.980220,245,246
meta-llama/Llama-3.1-8B-Instruct,llama,qwen,Q004,NONE_vs_CONTROL,chg_B,-0.042127,-3.917127,0.978646,245,246
meta-llama/Llama-3.1-8B-Instruct,llama,qwen,Q004,SCREEN,chg_A,-0.063452,-3.188450,0.979755,242,246
meta-llama/Llama-3.1-8B-Instruct,llama,qwen,Q004,SCREEN,chg_B,-0.027894,-5.652873,0.975999,242,246
meta-llama/Llama-3.1-8B-Instruct,llama,qwen,Q004,AGE,chg_A,-0.047695,-5.172694,0.959094,243,246
meta-llama/Llama-3.1-8B-Instruct,llama,qwen,Q004,AGE,chg_B,-0.061010,-3.936010,0.960340,243,246
meta-llama/Llama-3.1-8B-Instruct,llama,qwen,Q004,ADHD,chg_A,-0.028053,-4.653053,0.981869,254,246
meta-llama/Llama-3.1-8B-Instruct,llama,qwen,Q004,ADHD,chg_B,-0.031201,-5.531201,0.973242,254,246
meta-llama/Llama-3.1-8B-Instruct,llama,qwen,Q005,IDENTITY,chg_A,-0.015219,-5.890219,0.987662,249,249
meta-llama/Llama-3.1-8B-Instruct,llama,qwen,Q005,IDENTITY,chg_B,-0.015219,-5.890219,0.987662,249,249
meta-llama/Llama-3.1-8B-Instruct,llama,qwen,Q005,NONE_vs_CONTROL,chg_A,-0.026732,-3.901731,0.993829,249,249
meta-llama/Llama-3.1-8B-Instruct,llama,qwen,Q005,NONE_vs_CONTROL,chg_B,-0.051891,-3.176877,0.991148,249,249
meta-llama/Llama-3.1-8B-Instruct,llama,qwen,Q005,SCREEN,chg_A,-0.065288,-3.065285,0.983438,256,249
meta-llama/Llama-3.1-8B-Instruct,llama,qwen,Q005,SCREEN,chg_B,-0.075342,-2.825279,0.986719,256,249
meta-llama/Llama-3.1-8B-Instruct,llama,qwen,Q005,AGE,chg_A,-0.099709,-2.599706,0.979396,247,249
meta-llama/Llama-3.1-8B-Instruct,llama,qwen,Q005,AGE,chg_B,-0.064766,-3.189761,0.978468,247,249
meta-llama/Llama-3.1-8B-Instruct,llama,qwen,Q005,ADHD,chg_A,-0.158213,-2.158207,0.969200,228,249
meta-llama/Llama-3.1-8B-Instruct,llama,qwen,Q005,ADHD,chg_B,-0.064376,-3.189300,0.978853,228,249
meta-llama/Llama-3.1-8B-Instruct,llama,qwen,Q006,IDENTITY,chg_A,-0.010580,-5.760577,0.992625,236,236
meta-llama/Llama-3.1-8B-Instruct,llama,qwen,Q006,IDENTITY,chg_B,-0.010580,-5.760577,0.992625,236,236
meta-llama/Llama-3.1-8B-Instruct,llama,qwen,Q006,NONE_vs_CONTROL,chg_A,-0.018458,-4.768443,0.990204,228,236
meta-llama/Llama-3.1-8B-Instruct,llama,qwen,Q006,NONE_vs_CONTROL,chg_B,-0.047447,-3.297418,0.990639,228,236
meta-llama/Llama-3.1-8B-Instruct,llama,qwen,Q006,SCREEN,chg_A,-0.047975,-3.547965,0.981941,228,236
meta-llama/Llama-3.1-8B-Instruct,llama,qwen,Q006,SCREEN,chg_B,-0.049004,-3.299000,0.989097,228,236
meta-llama/Llama-3.1-8B-Instruct,llama,qwen,Q006,AGE,chg_A,-0.055031,-3.430018,0.978842,225,236
meta-llama/Llama-3.1-8B-Instruct,llama,qwen,Q006,AGE,chg_B,-0.051872,-3.301853,0.986265,225,236
meta-llama/Llama-3.1-8B-Instruct,llama,qwen,Q006,ADHD,chg_A,-0.045854,-4.170850,0.970620,220,236
meta-llama/Llama-3.1-8B-Instruct,llama,qwen,Q006,ADHD,chg_B,-0.056157,-3.431139,0.977740,220,236
meta-llama/Llama-3.1-8B-Instruct,llama,qwen,Q007,IDENTITY,chg_A,-0.030070,-4.780070,0.978773,249,249
meta-llama/Llama-3.1-8B-Instruct,llama,qwen,Q007,IDENTITY,chg_B,-0.030070,-4.780070,0.978773,249,249
meta-llama/Llama-3.1-8B-Instruct,llama,qwen,Q007,NONE_vs_CONTROL,chg_A,-0.071613,-3.071610,0.977238,244,249
meta-llama/Llama-3.1-8B-Instruct,llama,qwen,Q007,NONE_vs_CONTROL,chg_B,-0.128946,-2.253909,0.984010,244,249
meta-llama/Llama-3.1-8B-Instruct,llama,qwen,Q007,SCREEN,chg_A,-0.055926,-3.305901,0.982275,253,249
meta-llama/Llama-3.1-8B-Instruct,llama,qwen,Q007,SCREEN,chg_B,-0.028533,-5.403523,0.976371,253,249
meta-llama/Llama-3.1-8B-Instruct,llama,qwen,Q007,AGE,chg_A,-0.135686,-2.260678,0.977396,236,249
meta-llama/Llama-3.1-8B-Instruct,llama,qwen,Q007,AGE,chg_B,-0.102329,-2.727296,0.968129,236,249
meta-llama/Llama-3.1-8B-Instruct,llama,qwen,Q007,ADHD,chg_A,-0.113729,-2.488722,0.975516,252,249
meta-llama/Llama-3.1-8B-Instruct,llama,qwen,Q007,ADHD,chg_B,-0.190208,-1.940189,0.970464,252,249
meta-llama/Llama-3.1-8B-Instruct,llama,qwen,Q008,IDENTITY,chg_A,-0.017880,-5.267880,0.987433,249,249
meta-llama/Llama-3.1-8B-Instruct,llama,qwen,Q008,IDENTITY,chg_B,-0.017880,-5.267880,0.987433,249,249
meta-llama/Llama-3.1-8B-Instruct,llama,qwen,Q008,NONE_vs_CONTROL,chg_A,-0.024912,-4.774912,0.983835,242,249
meta-llama/Llama-3.1-8B-Instruct,llama,qwen,Q008,NONE_vs_CONTROL,chg_B,-0.037537,-4.412537,0.975283,242,249
meta-llama/Llama-3.1-8B-Instruct,llama,qwen,Q008,SCREEN,chg_A,-0.223035,-1.722986,0.978619,242,249
meta-llama/Llama-3.1-8B-Instruct,llama,qwen,Q008,SCREEN,chg_B,-0.047187,-3.297181,0.990896,242,249
meta-llama/Llama-3.1-8B-Instruct,llama,qwen,Q008,AGE,chg_A,-0.133109,-2.258104,0.979918,226,249
meta-llama/Llama-3.1-8B-Instruct,llama,qwen,Q008,AGE,chg_B,-0.064816,-2.939815,0.990115,226,249
meta-llama/Llama-3.1-8B-Instruct,llama,qwen,Q008,ADHD,chg_A,-0.085728,-2.835725,0.976520,253,249
meta-llama/Llama-3.1-8B-Instruct,llama,qwen,Q008,ADHD,chg_B,-0.265670,-1.515665,0.986354,253,249
meta-llama/Llama-3.1-8B-Instruct,llama,qwen,Q009,IDENTITY,chg_A,-0.022628,-4.897628,0.985091,262,262
meta-llama/Llama-3.1-8B-Instruct,llama,qwen,Q009,IDENTITY,chg_B,-0.022628,-4.897628,0.985091,262,262
meta-llama/Llama-3.1-8B-Instruct,llama,qwen,Q009,NONE_vs_CONTROL,chg_A,-0.121865,-2.371862,0.978575,228,262
meta-llama/Llama-3.1-8B-Instruct,llama,qwen,Q009,NONE_vs_CONTROL,chg_B,-0.119319,-2.369311,0.981070,228,262
meta-llama/Llama-3.1-8B-Instruct,llama,qwen,Q009,SCREEN,chg_A,-0.087311,-2.837274,0.974978,248,262
meta-llama/Llama-3.1-8B-Instruct,llama,qwen,Q009,SCREEN,chg_B,-0.101920,-2.601855,0.977237,248,262
meta-llama/Llama-3.1-8B-Instruct,llama,qwen,Q009,AGE,chg_A,-0.082389,-2.957386,0.972869,244,262
meta-llama/Llama-3.1-8B-Instruct,llama,qwen,Q009,AGE,chg_B,-0.141065,-2.266064,0.972153,244,262
meta-llama/Llama-3.1-8B-Instruct,llama,qwen,Q009,ADHD,chg_A,-0.148006,-2.147998,0.979144,239,262
meta-llama/Llama-3.1-8B-Instruct,llama,qwen,Q009,ADHD,chg_B,-0.051646,-3.426642,0.982161,239,262
meta-llama/Llama-3.1-8B-Instruct,llama,qwen,Q010,IDENTITY,chg_A,-0.019147,-5.769147,0.984158,250,250
meta-llama/Llama-3.1-8B-Instruct,llama,qwen,Q010,IDENTITY,chg_B,-0.019147,-5.769147,0.984158,250,250
meta-llama/Llama-3.1-8B-Instruct,llama,qwen,Q010,NONE_vs_CONTROL,chg_A,-0.067265,-3.942264,0.954352,241,250
meta-llama/Llama-3.1-8B-Instruct,llama,qwen,Q010,NONE_vs_CONTROL,chg_B,-0.037486,-4.162486,0.978776,241,250
meta-llama/Llama-3.1-8B-Instruct,llama,qwen,Q010,SCREEN,chg_A,-0.071798,-3.446797,0.962567,252,250
meta-llama/Llama-3.1-8B-Instruct,llama,qwen,Q010,SCREEN,chg_B,-0.018227,-5.268226,0.987091,252,250
meta-llama/Llama-3.1-8B-Instruct,llama,qwen,Q010,AGE,chg_A,-0.029756,-5.654755,0.974183,236,250
meta-llama/Llama-3.1-8B-Instruct,llama,qwen,Q010,AGE,chg_B,-0.112511,-2.612500,0.966939,236,250
meta-llama/Llama-3.1-8B-Instruct,llama,qwen,Q010,ADHD,chg_A,-0.068896,-3.318896,0.969616,247,250
meta-llama/Llama-3.1-8B-Instruct,llama,qwen,Q010,ADHD,chg_B,-0.044874,-6.919874,0.957106,247,250
meta-llama/Llama-3.1-8B-Instruct,llama,qwen,Q011,IDENTITY,chg_A,-0.022415,-5.022415,0.984423,246,246
meta-llama/Llama-3.1-8B-Instruct,llama,qwen,Q011,IDENTITY,chg_B,-0.022415,-5.022415,0.984423,246,246
meta-llama/Llama-3.1-8B-Instruct,llama,qwen,Q011,NONE_vs_CONTROL,chg_A,-0.064728,-3.439727,0.969396,246,246
meta-llama/Llama-3.1-8B-Instruct,llama,qwen,Q011,NONE_vs_CONTROL,chg_B,-0.039581,-4.414575,0.973292,246,246
meta-llama/Llama-3.1-8B-Instruct,llama,qwen,Q011,SCREEN,chg_A,-0.054391,-3.554365,0.975662,240,246
meta-llama/Llama-3.1-8B-Instruct,llama,qwen,Q011,SCREEN,chg_B,-0.032304,-4.782300,0.976589,240,246
meta-llama/Llama-3.1-8B-Instruct,llama,qwen,Q011,AGE,chg_A,-0.066113,-3.691111,0.960970,249,246
meta-llama/Llama-3.1-8B-Instruct,llama,qwen,Q011,AGE,chg_B,-0.053616,-3.553610,0.976418,249,246
meta-llama/Llama-3.1-8B-Instruct,llama,qwen,Q011,ADHD,chg_A,-0.058179,-3.433176,0.975765,259,246
meta-llama/Llama-3.1-8B-Instruct,llama,qwen,Q011,ADHD,chg_B,-0.022282,-6.647282,0.979262,259,246
meta-llama/Llama-3.1-8B-Instruct,llama,qwen,Q012,IDENTITY,chg_A,-0.025095,-6.525094,0.976684,257,257
meta-llama/Llama-3.1-8B-Instruct,llama,qwen,Q012,IDENTITY,chg_B,-0.025095,-6.525094,0.976684,257,257
meta-llama/Llama-3.1-8B-Instruct,llama,qwen,Q012,NONE_vs_CONTROL,chg_A,-0.020619,-6.020618,0.982021,255,257
meta-llama/Llama-3.1-8B-Instruct,llama,qwen,Q012,NONE_vs_CONTROL,chg_B,-0.023281,-5.148281,0.982797,255,257
meta-llama/Llama-3.1-8B-Instruct,llama,qwen,Q012,SCREEN,chg_A,-0.068383,-2.943381,0.986590,262,257
meta-llama/Llama-3.1-8B-Instruct,llama,qwen,Q012,SCREEN,chg_B,-0.030385,-5.030382,0.976608,262,257
meta-llama/Llama-3.1-8B-Instruct,llama,qwen,Q012,AGE,chg_A,-0.112849,-2.612847,0.966611,252,257
meta-llama/Llama-3.1-8B-Instruct,llama,qwen,Q012,AGE,chg_B,-0.011173,-5.886171,0.991667,252,257
meta-llama/Llama-3.1-8B-Instruct,llama,qwen,Q012,ADHD,chg_A,-0.073370,-3.073364,0.975523,251,257
meta-llama/Llama-3.1-8B-Instruct,llama,qwen,Q012,ADHD,chg_B,-0.054385,-4.554372,0.957589,251,257
meta-llama/Llama-3.1-8B-Instruct,llama,qwen,Q013,IDENTITY,chg_A,-0.013926,-5.513925,0.990201,232,232
meta-llama/Llama-3.1-8B-Instruct,llama,qwen,Q013,IDENTITY,chg_B,-0.013926,-5.513925,0.990201,232,232
meta-llama/Llama-3.1-8B-Instruct,llama,qwen,Q013,NONE_vs_CONTROL,chg_A,-0.063609,-3.688605,0.963379,243,232
meta-llama/Llama-3.1-8B-Instruct,llama,qwen,Q013,NONE_vs_CONTROL,chg_B,-0.044280,-3.669252,0.982182,243,232
meta-llama/Llama-3.1-8B-Instruct,llama,qwen,Q013,SCREEN,chg_A,-0.065427,-3.440420,0.968718,235,232
meta-llama/Llama-3.1-8B-Instruct,llama,qwen,Q013,SCREEN,chg_B,-0.081607,-2.831579,0.980554,235,232
meta-llama/Llama-3.1-8B-Instruct,llama,qwen,Q013,AGE,chg_A,-0.062416,-3.937413,0.958991,228,232
meta-llama/Llama-3.1-8B-Instruct,llama,qwen,Q013,AGE,chg_B,-0.034339,-3.909333,0.986297,228,232
meta-llama/Llama-3.1-8B-Instruct,llama,qwen,Q013,ADHD,chg_A,-0.139916,-2.389901,0.961070,236,232
meta-llama/Llama-3.1-8B-Instruct,llama,qwen,Q013,ADHD,chg_B,-0.096619,-2.721611,0.973671,236,232
meta-llama/Llama-3.1-8B-Instruct,llama,qwen,Q014,IDENTITY,chg_A,-0.009750,-6.634750,0.991611,247,247
meta-llama/Llama-3.1-8B-Instruct,llama,qwen,Q014,IDENTITY,chg_B,-0.009750,-6.634750,0.991611,247,247
meta-llama/Llama-3.1-8B-Instruct,llama,qwen,Q014,NONE_vs_CONTROL,chg_A,-0.018208,-5.768205,0.985082,251,247
meta-llama/Llama-3.1-8B-Instruct,llama,qwen,Q014,NONE_vs_CONTROL,chg_B,-0.090866,-2.590859,0.988096,251,247
meta-llama/Llama-3.1-8B-Instruct,llama,qwen,Q014,SCREEN,chg_A,-0.043247,-4.168245,0.973154,248,247
meta-llama/Llama-3.1-8B-Instruct,llama,qwen,Q014,SCREEN,chg_B,-0.052052,-3.427022,0.981763,248,247
meta-llama/Llama-3.1-8B-Instruct,llama,qwen,Q014,AGE,chg_A,-0.039894,-3.789891,0.983489,254,247
meta-llama/Llama-3.1-8B-Instruct,llama,qwen,Q014,AGE,chg_B,-0.053315,-4.303310,0.961605,254,247
meta-llama/Llama-3.1-8B-Instruct,llama,qwen,Q014,ADHD,chg_A,-0.020527,-5.645526,0.983216,239,247
meta-llama/Llama-3.1-8B-Instruct,llama,qwen,Q014,ADHD,chg_B,-0.142704,-2.142606,0.984359,239,247
meta-llama/Llama-3.1-8B-Instruct,llama,qwen,Q015,IDENTITY,chg_A,-0.021520,-5.396518,0.983243,242,242
meta-llama/Llama-3.1-8B-Instruct,llama,qwen,Q015,IDENTITY,chg_B,-0.021520,-5.396518,0.983243,242,242
meta-llama/Llama-3.1-8B-Instruct,llama,qwen,Q015,NONE_vs_CONTROL,chg_A,-0.087938,-3.087890,0.961415,237,242
meta-llama/Llama-3.1-8B-Instruct,llama,qwen,Q015,NONE_vs_CONTROL,chg_B,-0.081008,-3.330977,0.957945,237,242
meta-llama/Llama-3.1-8B-Instruct,llama,qwen,Q015,SCREEN,chg_A,-0.243095,-1.618034,0.982486,225,242
meta-llama/Llama-3.1-8B-Instruct,llama,qwen,Q015,SCREEN,chg_B,-0.053355,-3.803338,0.970340,225,242
meta-llama/Llama-3.1-8B-Instruct,llama,qwen,Q015,AGE,chg_A,-0.119115,-2.369079,0.981272,246,242
meta-llama/Llama-3.1-8B-Instruct,llama,qwen,Q015,AGE,chg_B,-0.069907,-3.569899,0.960639,246,242
meta-llama/Llama-3.1-8B-Instruct,llama,qwen,Q015,ADHD,chg_A,-0.065010,-3.064951,0.983714,255,242
meta-llama/Llama-3.1-8B-Instruct,llama,qwen,Q015,ADHD,chg_B,-0.095537,-2.720507,0.974726,255,242
meta-llama/Llama-3.1-8B-Instruct,llama,qwen,Q016,IDENTITY,chg_A,-0.011560,-6.636560,0.989818,247,247
meta-llama/Llama-3.1-8B-Instruct,llama,qwen,Q016,IDENTITY,chg_B,-0.011560,-6.636560,0.989818,247,247
meta-llama/Llama-3.1-8B-Instruct,llama,qwen,Q016,NONE_vs_CONTROL,chg_A,-0.009885,-6.134885,0.992330,240,247
meta-llama/Llama-3.1-8B-Instruct,llama,qwen,Q016,NONE_vs_CONTROL,chg_B,-0.013803,-6.388803,0.987972,240,247
meta-llama/Llama-3.1-8B-Instruct,llama,qwen,Q016,SCREEN,chg_A,-0.031526,-4.031523,0.986713,251,247
meta-llama/Llama-3.1-8B-Instruct,llama,qwen,Q016,SCREEN,chg_B,-0.023089,-4.398081,0.989477,251,247
meta-llama/Llama-3.1-8B-Instruct,llama,qwen,Q016,AGE,chg_A,-0.013836,-5.388833,0.990827,244,247
meta-llama/Llama-3.1-8B-Instruct,llama,qwen,Q016,AGE,chg_B,-0.061980,-3.061512,0.986719,244,247
meta-llama/Llama-3.1-8B-Instruct,llama,qwen,Q016,ADHD,chg_A,-0.036708,-3.786706,0.986628,249,247
meta-llama/Llama-3.1-8B-Instruct,llama,qwen,Q016,ADHD,chg_B,-0.053986,-5.053985,0.953829,249,247
meta-llama/Llama-3.1-8B-Instruct,llama,qwen,Q017,IDENTITY,chg_A,-0.008153,-7.133153,0.992678,242,242
meta-llama/Llama-3.1-8B-Instruct,llama,qwen,Q017,IDENTITY,chg_B,-0.008153,-7.133153,0.992678,242,242
meta-llama/Llama-3.1-8B-Instruct,llama,qwen,Q017,NONE_vs_CONTROL,chg_A,-0.032555,-4.282554,0.981777,231,242
meta-llama/Llama-3.1-8B-Instruct,llama,qwen,Q017,NONE_vs_CONTROL,chg_B,-0.047413,-3.797412,0.976123,231,242
meta-llama/Llama-3.1-8B-Instruct,llama,qwen,Q017,SCREEN,chg_A,-0.030422,-3.905421,0.990168,248,242
meta-llama/Llama-3.1-8B-Instruct,llama,qwen,Q017,SCREEN,chg_B,-0.022261,-6.772261,0.979130,248,242
meta-llama/Llama-3.1-8B-Instruct,llama,qwen,Q017,AGE,chg_A,-0.040975,-3.790974,0.982427,237,242
meta-llama/Llama-3.1-8B-Instruct,llama,qwen,Q017,AGE,chg_B,-0.022665,-6.772665,0.978734,237,242
meta-llama/Llama-3.1-8B-Instruct,llama,qwen,Q017,ADHD,chg_A,-0.029188,-4.279187,0.985088,256,242
meta-llama/Llama-3.1-8B-Instruct,llama,qwen,Q017,ADHD,chg_B,-0.017470,-5.517470,0.986698,256,242
meta-llama/Llama-3.1-8B-Instruct,llama,qwen,Q018,IDENTITY,chg_A,-0.017976,-5.392975,0.986734,234,234
meta-llama/Llama-3.1-8B-Instruct,llama,qwen,Q018,IDENTITY,chg_B,-0.017976,-5.392975,0.986734,234,234
meta-llama/Llama-3.1-8B-Instruct,llama,qwen,Q018,NONE_vs_CONTROL,chg_A,-0.040790,-4.040789,0.977614,219,234
meta-llama/Llama-3.1-8B-Instruct,llama,qwen,Q018,NONE_vs_CONTROL,chg_B,-0.099488,-2.599486,0.979613,219,234
meta-llama/Llama-3.1-8B-Instruct,llama,qwen,Q018,SCREEN,chg_A,-0.258603,-1.633602,0.967354,240,234
meta-llama/Llama-3.1-8B-Instruct,llama,qwen,Q018,SCREEN,chg_B,-0.056197,-3.306192,0.982009,240,234
meta-llama/Llama-3.1-8B-Instruct,llama,qwen,Q018,AGE,chg_A,-0.044992,-3.544989,0.984874,230,234
meta-llama/Llama-3.1-8B-Instruct,llama,qwen,Q018,AGE,chg_B,-0.109182,-2.484179,0.979961,230,234
meta-llama/Llama-3.1-8B-Instruct,llama,qwen,Q018,ADHD,chg_A,-0.084120,-2.959113,0.971186,246,234
meta-llama/Llama-3.1-8B-Instruct,llama,qwen,Q018,ADHD,chg_B,-0.130991,-2.255984,0.981996,246,234
meta-llama/Llama-3.1-8B-Instruct,llama,qwen,Q019,IDENTITY,chg_A,-0.009250,-6.009249,0.993249,234,234
meta-llama/Llama-3.1-8B-Instruct,llama,qwen,Q019,IDENTITY,chg_B,-0.009250,-6.009249,0.993249,234,234
meta-llama/Llama-3.1-8B-Instruct,llama,qwen,Q019,NONE_vs_CONTROL,chg_A,-0.074256,-3.074251,0.974658,234,234
meta-llama/Llama-3.1-8B-Instruct,llama,qwen,Q019,NONE_vs_CONTROL,chg_B,-0.062547,-3.187544,0.980642,234,234
meta-llama/Llama-3.1-8B-Instruct,llama,qwen,Q019,SCREEN,chg_A,-0.148732,-2.148722,0.978433,241,234
meta-llama/Llama-3.1-8B-Instruct,llama,qwen,Q019,SCREEN,chg_B,-0.132277,-2.382136,0.968451,241,234
meta-llama/Llama-3.1-8B-Instruct,llama,qwen,Q019,AGE,chg_A,-0.106952,-2.606934,0.972329,222,234
meta-llama/Llama-3.1-8B-Instruct,llama,qwen,Q019,AGE,chg_B,-0.044989,-3.669966,0.981486,222,234
meta-llama/Llama-3.1-8B-Instruct,llama,qwen,Q019,ADHD,chg_A,-0.198445,-1.823428,0.981476,242,234
meta-llama/Llama-3.1-8B-Instruct,llama,qwen,Q019,ADHD,chg_B,-0.041072,-3.666052,0.985338,242,234
meta-llama/Llama-3.1-8B-Instruct,llama,qwen,Q020,IDENTITY,chg_A,-0.006983,-7.131983,0.993841,248,248
meta-llama/Llama-3.1-8B-Instruct,llama,qwen,Q020,IDENTITY,chg_B,-0.006983,-7.131983,0.993841,248,248
meta-llama/Llama-3.1-8B-Instruct,llama,qwen,Q020,NONE_vs_CONTROL,chg_A,-0.013894,-5.263893,0.991377,253,248
meta-llama/Llama-3.1-8B-Instruct,llama,qwen,Q020,NONE_vs_CONTROL,chg_B,-0.009031,-5.634031,0.994584,253,248
meta-llama/Llama-3.1-8B-Instruct,llama,qwen,Q020,SCREEN,chg_A,-0.100807,-2.600806,0.978321,239,248
meta-llama/Llama-3.1-8B-Instruct,llama,qwen,Q020,SCREEN,chg_B,-0.020945,-6.270945,0.981163,239,248
meta-llama/Llama-3.1-8B-Instruct,llama,qwen,Q020,AGE,chg_A,-0.097092,-2.597091,0.981962,239,248
meta-llama/Llama-3.1-8B-Instruct,llama,qwen,Q020,AGE,chg_B,-0.028609,-5.528609,0.975767,239,248
meta-llama/Llama-3.1-8B-Instruct,llama,qwen,Q020,ADHD,chg_A,-0.127518,-2.252516,0.985412,251,248
meta-llama/Llama-3.1-8B-Instruct,llama,qwen,Q020,ADHD,chg_B,-0.040905,-6.290905,0.961773,251,248
meta-llama/Llama-3.1-8B-Instruct,llama,qwen,Q021,IDENTITY,chg_A,-0.026609,-5.901608,0.976477,247,247
meta-llama/Llama-3.1-8B-Instruct,llama,qwen,Q021,IDENTITY,chg_B,-0.026609,-5.901608,0.976477,247,247
meta-llama/Llama-3.1-8B-Instruct,llama,qwen,Q021,NONE_vs_CONTROL,chg_A,-0.017084,-6.267084,0.984959,247,247
meta-llama/Llama-3.1-8B-Instruct,llama,qwen,Q021,NONE_vs_CONTROL,chg_B,-0.031836,-4.656836,0.978162,247,247
meta-llama/Llama-3.1-8B-Instruct,llama,qwen,Q021,SCREEN,chg_A,-0.117038,-2.617036,0.962570,242,247
meta-llama/Llama-3.1-8B-Instruct,llama,qwen,Q021,SCREEN,chg_B,-0.032049,-4.782045,0.976838,242,247
meta-llama/Llama-3.1-8B-Instruct,llama,qwen,Q021,AGE,chg_A,-0.069137,-3.319135,0.969383,246,247
meta-llama/Llama-3.1-8B-Instruct,llama,qwen,Q021,AGE,chg_B,-0.050927,-3.550924,0.979046,246,247
meta-llama/Llama-3.1-8B-Instruct,llama,qwen,Q021,ADHD,chg_A,-0.122083,-2.372074,0.978362,238,247
meta-llama/Llama-3.1-8B-Instruct,llama,qwen,Q021,ADHD,chg_B,-0.113500,-2.613497,0.965982,238,247
meta-llama/Llama-3.1-8B-Instruct,llama,qwen,Q022,IDENTITY,chg_A,-0.013538,-5.763538,0.989693,250,250
meta-llama/Llama-3.1-8B-Instruct,llama,qwen,Q022,IDENTITY,chg_B,-0.013538,-5.763538,0.989693,250,250
meta-llama/Llama-3.1-8B-Instruct,llama,qwen,Q022,NONE_vs_CONTROL,chg_A,-0.053492,-4.428491,0.959846,255,250
meta-llama/Llama-3.1-8B-Instruct,llama,qwen,Q022,NONE_vs_CONTROL,chg_B,-0.059566,-4.059566,0.959430,255,250
meta-llama/Llama-3.1-8B-Instruct,llama,qwen,Q022,SCREEN,chg_A,-0.053590,-4.428589,0.959752,249,250
meta-llama/Llama-3.1-8B-Instruct,llama,qwen,Q022,SCREEN,chg_B,-0.035006,-4.035005,0.983285,249,250
meta-llama/Llama-3.1-8B-Instruct,llama,qwen,Q022,AGE,chg_A,-0.046349,-4.296349,0.968327,238,250
meta-llama/Llama-3.1-8B-Instruct,llama,qwen,Q022,AGE,chg_B,-0.116648,-2.491648,0.972672,238,250
meta-llama/Llama-3.1-8B-Instruct,llama,qwen,Q022,ADHD,chg_A,-0.065575,-3.065575,0.983156,252,250
meta-llama/Llama-3.1-8B-Instruct,llama,qwen,Q022,ADHD,chg_B,-0.033135,-4.033134,0.985127,252,250
meta-llama/Llama-3.1-8B-Instruct,llama,qwen,Q023,IDENTITY,chg_A,-0.016556,-6.391556,0.985256,249,249
meta-llama/Llama-3.1-8B-Instruct,llama,qwen,Q023,IDENTITY,chg_B,-0.016556,-6.391556,0.985256,249,249
meta-llama/Llama-3.1-8B-Instruct,llama,qwen,Q023,NONE_vs_CONTROL,chg_A,-0.028397,-5.153396,0.977783,248,249
meta-llama/Llama-3.1-8B-Instruct,llama,qwen,Q023,NONE_vs_CONTROL,chg_B,-0.027769,-5.402769,0.977117,248,249
meta-llama/Llama-3.1-8B-Instruct,llama,qwen,Q023,SCREEN,chg_A,-0.098671,-2.598666,0.980414,249,249
meta-llama/Llama-3.1-8B-Instruct,llama,qwen,Q023,SCREEN,chg_B,-0.025748,-5.150747,0.980376,249,249
meta-llama/Llama-3.1-8B-Instruct,llama,qwen,Q023,AGE,chg_A,-0.023760,-4.773759,0.984969,255,249
meta-llama/Llama-3.1-8B-Instruct,llama,qwen,Q023,AGE,chg_B,-0.018362,-5.393361,0.986352,255,249
meta-llama/Llama-3.1-8B-Instruct,llama,qwen,Q023,ADHD,chg_A,-0.099809,-2.724807,0.970569,236,249
meta-llama/Llama-3.1-8B-Instruct,llama,qwen,Q023,ADHD,chg_B,-0.071559,-3.196555,0.971844,236,249
meta-llama/Llama-3.1-8B-Instruct,llama,qwen,Q024,IDENTITY,chg_A,-0.044294,-4.919294,0.963977,244,244
meta-llama/Llama-3.1-8B-Instruct,llama,qwen,Q024,IDENTITY,chg_B,-0.044294,-4.919294,0.963977,244,244
meta-llama/Llama-3.1-8B-Instruct,llama,qwen,Q024,NONE_vs_CONTROL,chg_A,-0.033938,-4.658936,0.976108,223,244
meta-llama/Llama-3.1-8B-Instruct,llama,qwen,Q024,NONE_vs_CONTROL,chg_B,-0.091647,-2.966646,0.963903,223,244
meta-llama/Llama-3.1-8B-Instruct,llama,qwen,Q024,SCREEN,chg_A,-0.063609,-3.063606,0.985090,236,244
meta-llama/Llama-3.1-8B-Instruct,llama,qwen,Q024,SCREEN,chg_B,-0.016493,-5.016492,0.990270,236,244
meta-llama/Llama-3.1-8B-Instruct,llama,qwen,Q024,AGE,chg_A,-0.040148,-3.790146,0.983240,245,244
meta-llama/Llama-3.1-8B-Instruct,llama,qwen,Q024,AGE,chg_B,-0.029261,-4.279259,0.985016,245,244
meta-llama/Llama-3.1-8B-Instruct,llama,qwen,Q024,ADHD,chg_A,-0.068692,-2.943674,0.986286,220,244
meta-llama/Llama-3.1-8B-Instruct,llama,qwen,Q024,ADHD,chg_B,-0.128298,-2.253287,0.984644,220,244
meta-llama/Llama-3.1-8B-Instruct,llama,qwen,Q025,IDENTITY,chg_A,-0.031034,-5.656034,0.972939,244,244
meta-llama/Llama-3.1-8B-Instruct,llama,qwen,Q025,IDENTITY,chg_B,-0.031034,-5.656034,0.972939,244,244
meta-llama/Llama-3.1-8B-Instruct,llama,qwen,Q025,NONE_vs_CONTROL,chg_A,-0.031219,-5.406219,0.973752,243,244
meta-llama/Llama-3.1-8B-Instruct,llama,qwen,Q025,NONE_vs_CONTROL,chg_B,-0.026252,-4.776252,0.982517,243,244
meta-llama/Llama-3.1-8B-Instruct,llama,qwen,Q025,SCREEN,chg_A,-0.031032,-4.781031,0.977832,247,244
meta-llama/Llama-3.1-8B-Instruct,llama,qwen,Q025,SCREEN,chg_B,-0.033665,-7.158664,0.967674,247,244
meta-llama/Llama-3.1-8B-Instruct,llama,qwen,Q025,AGE,chg_A,-0.029694,-5.029693,0.977284,249,244
meta-llama/Llama-3.1-8B-Instruct,llama,qwen,Q025,AGE,chg_B,-0.046834,-4.296834,0.967857,249,244
meta-llama/Llama-3.1-8B-Instruct,llama,qwen,Q025,ADHD,chg_A,-0.022282,-5.397282,0.982493,243,244
meta-llama/Llama-3.1-8B-Instruct,llama,qwen,Q025,ADHD,chg_B,-0.048301,-3.673300,0.978239,243,244
meta-llama/Llama-3.1-8B-Instruct,llama,qwen,Q026,IDENTITY,chg_A,-0.019469,-4.394465,0.993065,257,257
meta-llama/Llama-3.1-8B-Instruct,llama,qwen,Q026,IDENTITY,chg_B,-0.019469,-4.394465,0.993065,257,257
meta-llama/Llama-3.1-8B-Instruct,llama,qwen,Q026,NONE_vs_CONTROL,chg_A,-0.033142,-3.783135,0.990153,259,257
meta-llama/Llama-3.1-8B-Instruct,llama,qwen,Q026,NONE_vs_CONTROL,chg_B,-0.019751,-4.644749,0.990055,259,257
meta-llama/Llama-3.1-8B-Instruct,llama,qwen,Q026,SCREEN,chg_A,-0.391385,-1.391362,0.924856,254,257
meta-llama/Llama-3.1-8B-Instruct,llama,qwen,Q026,SCREEN,chg_B,-0.305989,-2.180985,0.849325,254,257
meta-llama/Llama-3.1-8B-Instruct,llama,qwen,Q026,AGE,chg_A,-0.199930,-2.074881,0.944360,234,257
meta-llama/Llama-3.1-8B-Instruct,llama,qwen,Q026,AGE,chg_B,-0.104639,-3.104633,0.945490,234,257
meta-llama/Llama-3.1-8B-Instruct,llama,qwen,Q026,ADHD,chg_A,-0.277673,-1.652610,0.949094,234,257
meta-llama/Llama-3.1-8B-Instruct,llama,qwen,Q026,ADHD,chg_B,-0.092487,-3.592479,0.939191,234,257
meta-llama/Llama-3.1-8B-Instruct,llama,qwen,Q027,IDENTITY,chg_A,-0.017409,-5.892409,0.985502,258,258
meta-llama/Llama-3.1-8B-Instruct,llama,qwen,Q027,IDENTITY,chg_B,-0.017409,-5.892409,0.985502,258,258
meta-llama/Llama-3.1-8B-Instruct,llama,qwen,Q027,NONE_vs_CONTROL,chg_A,-0.020294,-6.145294,0.982054,246,258
meta-llama/Llama-3.1-8B-Instruct,llama,qwen,Q027,NONE_vs_CONTROL,chg_B,-0.045803,-4.045803,0.972726,246,258
meta-llama/Llama-3.1-8B-Instruct,llama,qwen,Q027,SCREEN,chg_A,-0.022354,-4.897354,0.985360,263,258
meta-llama/Llama-3.1-8B-Instruct,llama,qwen,Q027,SCREEN,chg_B,-0.032496,-4.907488,0.975418,263,258
meta-llama/Llama-3.1-8B-Instruct,llama,qwen,Q027,AGE,chg_A,-0.028057,-5.278057,0.977435,259,258
meta-llama/Llama-3.1-8B-Instruct,llama,qwen,Q027,AGE,chg_B,-0.031849,-4.531849,0.979414,259,258
meta-llama/Llama-3.1-8B-Instruct,llama,qwen,Q027,ADHD,chg_A,-0.037627,-4.162627,0.978638,260,258
meta-llama/Llama-3.1-8B-Instruct,llama,qwen,Q027,ADHD,chg_B,-0.052740,-3.427736,0.981087,260,258
meta-llama/Llama-3.1-8B-Instruct,llama,qwen,Q028,IDENTITY,chg_A,-0.034721,-6.284721,0.967740,252,252
meta-llama/Llama-3.1-8B-Instruct,llama,qwen,Q028,IDENTITY,chg_B,-0.034721,-6.284721,0.967740,252,252
meta-llama/Llama-3.1-8B-Instruct,llama,qwen,Q028,NONE_vs_CONTROL,chg_A,-0.097114,-4.222112,0.922121,243,252
meta-llama/Llama-3.1-8B-Instruct,llama,qwen,Q028,NONE_vs_CONTROL,chg_B,-0.075328,-3.575327,0.955446,243,252
meta-llama/Llama-3.1-8B-Instruct,llama,qwen,Q028,SCREEN,chg_A,-0.241377,-1.741375,0.960825,239,252
meta-llama/Llama-3.1-8B-Instruct,llama,qwen,Q028,SCREEN,chg_B,-0.032696,-5.282693,0.972911,239,252
meta-llama/Llama-3.1-8B-Instruct,llama,qwen,Q028,AGE,chg_A,-0.101064,-3.976064,0.922634,253,252
meta-llama/Llama-3.1-8B-Instruct,llama,qwen,Q028,AGE,chg_B,-0.053589,-4.803589,0.956022,253,252
meta-llama/Llama-3.1-8B-Instruct,llama,qwen,Q028,ADHD,chg_A,-0.095501,-3.345501,0.944160,248,252
meta-llama/Llama-3.1-8B-Instruct,llama,qwen,Q028,ADHD,chg_B,-0.072799,-3.197798,0.970640,248,252
meta-llama/Llama-3.1-8B-Instruct,llama,qwen,Q029,IDENTITY,chg_A,-0.029429,-6.154428,0.973124,240,240
meta-llama/Llama-3.1-8B-Instruct,llama,qwen,Q029,IDENTITY,chg_B,-0.029429,-6.154428,0.973124,240,240
meta-llama/Llama-3.1-8B-Instruct,llama,qwen,Q029,NONE_vs_CONTROL,chg_A,-0.084582,-2.959582,0.970737,253,240
meta-llama/Llama-3.1-8B-Instruct,llama,qwen,Q029,NONE_vs_CONTROL,chg_B,-0.030562,-4.905562,0.977306,253,240
meta-llama/Llama-3.1-8B-Instruct,llama,qwen,Q029,SCREEN,chg_A,-0.056756,-3.806756,0.967045,247,240
meta-llama/Llama-3.1-8B-Instruct,llama,qwen,Q029,SCREEN,chg_B,-0.011753,-8.386753,0.988544,247,240
meta-llama/Llama-3.1-8B-Instruct,llama,qwen,Q029,AGE,chg_A,-0.022545,-4.897545,0.985172,241,240
meta-llama/Llama-3.1-8B-Instruct,llama,qwen,Q029,AGE,chg_B,-0.035886,-4.660886,0.974208,241,240
meta-llama/Llama-3.1-8B-Instruct,llama,qwen,Q029,ADHD,chg_A,-0.057488,-3.682488,0.969294,250,240
meta-llama/Llama-3.1-8B-Instruct,llama,qwen,Q029,ADHD,chg_B,-0.025788,-6.025787,0.976957,250,240
meta-llama/Llama-3.1-8B-Instruct,llama,qwen,Q030,IDENTITY,chg_A,-0.037933,-4.537932,0.973473,256,256
meta-llama/Llama-3.1-8B-Instruct,llama,qwen,Q030,IDENTITY,chg_B,-0.037933,-4.537932,0.973473,256,256
meta-llama/Llama-3.1-8B-Instruct,llama,qwen,Q030,NONE_vs_CONTROL,chg_A,-0.052881,-3.927877,0.968179,255,256
meta-llama/Llama-3.1-8B-Instruct,llama,qwen,Q030,NONE_vs_CONTROL,chg_B,-0.061846,-3.936845,0.959537,255,256
meta-llama/Llama-3.1-8B-Instruct,llama,qwen,Q030,SCREEN,chg_A,-0.115427,-2.490406,0.973862,263,256
meta-llama/Llama-3.1-8B-Instruct,llama,qwen,Q030,SCREEN,chg_B,-0.028539,-5.028536,0.978413,263,256
meta-llama/Llama-3.1-8B-Instruct,llama,qwen,Q030,AGE,chg_A,-0.130946,-2.380939,0.969728,237,256
meta-llama/Llama-3.1-8B-Instruct,llama,qwen,Q030,AGE,chg_B,-0.068376,-3.193353,0.974943,237,256
meta-llama/Llama-3.1-8B-Instruct,llama,qwen,Q030,ADHD,chg_A,-0.070191,-3.070181,0.978629,247,256
meta-llama/Llama-3.1-8B-Instruct,llama,qwen,Q030,ADHD,chg_B,-0.058093,-3.558077,0.972056,247,256
meta-llama/Llama-3.1-8B-Instruct,llama,qwen,Q031,IDENTITY,chg_A,-0.043988,-4.293988,0.970616,249,249
meta-llama/Llama-3.1-8B-Instruct,llama,qwen,Q031,IDENTITY,chg_B,-0.043988,-4.293988,0.970616,249,249
meta-llama/Llama-3.1-8B-Instruct,llama,qwen,Q031,NONE_vs_CONTROL,chg_A,-0.072443,-3.197440,0.970985,216,249
meta-llama/Llama-3.1-8B-Instruct,llama,qwen,Q031,NONE_vs_CONTROL,chg_B,-0.049265,-3.549263,0.980675,216,249
meta-llama/Llama-3.1-8B-Instruct,llama,qwen,Q031,SCREEN,chg_A,-0.153617,-2.028615,0.989118,243,249
meta-llama/Llama-3.1-8B-Instruct,llama,qwen,Q031,SCREEN,chg_B,-0.032546,-3.782544,0.990743,243,249
meta-llama/Llama-3.1-8B-Instruct,llama,qwen,Q031,AGE,chg_A,-0.097777,-2.722776,0.972543,233,249
meta-llama/Llama-3.1-8B-Instruct,llama,qwen,Q031,AGE,chg_B,-0.041273,-3.541271,0.988544,233,249
meta-llama/Llama-3.1-8B-Instruct,llama,qwen,Q031,ADHD,chg_A,-0.080284,-2.830282,0.981851,222,249
meta-llama/Llama-3.1-8B-Instruct,llama,qwen,Q031,ADHD,chg_B,-0.209960,-1.709953,0.991491,222,249
meta-llama/Llama-3.1-8B-Instruct,llama,qwen,Q032,IDENTITY,chg_A,-0.031489,-4.906489,0.976400,246,246
meta-llama/Llama-3.1-8B-Instruct,llama,qwen,Q032,IDENTITY,chg_B,-0.031489,-4.906489,0.976400,246,246
meta-llama/Llama-3.1-8B-Instruct,llama,qwen,Q032,NONE_vs_CONTROL,chg_A,-0.083062,-2.958059,0.972214,232,246
meta-llama/Llama-3.1-8B-Instruct,llama,qwen,Q032,NONE_vs_CONTROL,chg_B,-0.057660,-3.307658,0.980573,232,246
meta-llama/Llama-3.1-8B-Instruct,llama,qwen,Q032,SCREEN,chg_A,-0.126422,-2.376381,0.974129,241,246
meta-llama/Llama-3.1-8B-Instruct,llama,qwen,Q032,SCREEN,chg_B,-0.045023,-3.294969,0.993045,241,246
meta-llama/Llama-3.1-8B-Instruct,llama,qwen,Q032,AGE,chg_A,-0.078369,-3.078360,0.970658,220,246
meta-llama/Llama-3.1-8B-Instruct,llama,qwen,Q032,AGE,chg_B,-0.060429,-3.560417,0.969787,220,246
meta-llama/Llama-3.1-8B-Instruct,llama,qwen,Q032,ADHD,chg_A,-0.112898,-2.487886,0.976327,244,246
meta-llama/Llama-3.1-8B-Instruct,llama,qwen,Q032,ADHD,chg_B,-0.096927,-2.596895,0.982127,244,246
meta-llama/Llama-3.1-8B-Instruct,llama,qwen,Q033,IDENTITY,chg_A,-0.021457,-6.521456,0.980244,259,259
meta-llama/Llama-3.1-8B-Instruct,llama,qwen,Q033,IDENTITY,chg_B,-0.021457,-6.521456,0.980244,259,259
meta-llama/Llama-3.1-8B-Instruct,llama,qwen,Q033,NONE_vs_CONTROL,chg_A,-0.073919,-3.573918,0.956793,262,259
meta-llama/Llama-3.1-8B-Instruct,llama,qwen,Q033,NONE_vs_CONTROL,chg_B,-0.049761,-3.674760,0.976812,262,259
meta-llama/Llama-3.1-8B-Instruct,llama,qwen,Q033,SCREEN,chg_A,-0.136852,-2.386842,0.964019,262,259
meta-llama/Llama-3.1-8B-Instruct,llama,qwen,Q033,SCREEN,chg_B,-0.039952,-3.914949,0.980777,262,259
meta-llama/Llama-3.1-8B-Instruct,llama,qwen,Q033,AGE,chg_A,-0.212618,-1.837607,0.967663,237,259
meta-llama/Llama-3.1-8B-Instruct,llama,qwen,Q033,AGE,chg_B,-0.079201,-2.829197,0.982915,237,259
meta-llama/Llama-3.1-8B-Instruct,llama,qwen,Q033,ADHD,chg_A,-0.270912,-1.645907,0.955521,252,259
meta-llama/Llama-3.1-8B-Instruct,llama,qwen,Q033,ADHD,chg_B,-0.251631,-1.626551,0.974138,252,259
meta-llama/Llama-3.1-8B-Instruct,llama,qwen,Q034,IDENTITY,chg_A,-0.015774,-6.015773,0.986790,248,248
meta-llama/Llama-3.1-8B-Instruct,llama,qwen,Q034,IDENTITY,chg_B,-0.015774,-6.015773,0.986790,248,248
meta-llama/Llama-3.1-8B-Instruct,llama,qwen,Q034,NONE_vs_CONTROL,chg_A,-0.012412,-5.512412,0.991701,245,248
meta-llama/Llama-3.1-8B-Instruct,llama,qwen,Q034,NONE_vs_CONTROL,chg_B,-0.040022,-3.540022,0.989781,245,248
meta-llama/Llama-3.1-8B-Instruct,llama,qwen,Q034,SCREEN,chg_A,-0.063798,-2.938777,0.991125,224,248
meta-llama/Llama-3.1-8B-Instruct,llama,qwen,Q034,SCREEN,chg_B,-0.047883,-3.172838,0.995130,224,248
meta-llama/Llama-3.1-8B-Instruct,llama,qwen,Q034,AGE,chg_A,-0.027747,-4.402746,0.984879,252,248
meta-llama/Llama-3.1-8B-Instruct,llama,qwen,Q034,AGE,chg_B,-0.094335,-2.594334,0.984674,252,248
meta-llama/Llama-3.1-8B-Instruct,llama,qwen,Q034,ADHD,chg_A,-0.040081,-3.415073,0.993586,239,248
meta-llama/Llama-3.1-8B-Instruct,llama,qwen,Q034,ADHD,chg_B,-0.132035,-2.131980,0.994913,239,248
meta-llama/Llama-3.1-8B-Instruct,llama,qwen,Q035,IDENTITY,chg_A,-0.016519,-5.516519,0.987636,240,240
meta-llama/Llama-3.1-8B-Instruct,llama,qwen,Q035,IDENTITY,chg_B,-0.016519,-5.516519,0.987636,240,240
meta-llama/Llama-3.1-8B-Instruct,llama,qwen,Q035,NONE_vs_CONTROL,chg_A,-0.011466,-5.511465,0.992639,249,240
meta-llama/Llama-3.1-8B-Instruct,llama,qwen,Q035,NONE_vs_CONTROL,chg_B,-0.021272,-4.646272,0.988550,249,240
meta-llama/Llama-3.1-8B-Instruct,llama,qwen,Q035,SCREEN,chg_A,-0.047129,-3.297125,0.990954,235,240
meta-llama/Llama-3.1-8B-Instruct,llama,qwen,Q035,SCREEN,chg_B,-0.015265,-4.640263,0.994506,235,240
meta-llama/Llama-3.1-8B-Instruct,llama,qwen,Q035,AGE,chg_A,-0.122805,-2.247804,0.990067,247,240
meta-llama/Llama-3.1-8B-Instruct,llama,qwen,Q035,AGE,chg_B,-0.007358,-7.757358,0.993097,247,240
meta-llama/Llama-3.1-8B-Instruct,llama,qwen,Q035,ADHD,chg_A,-0.062281,-2.937279,0.992628,251,240
meta-llama/Llama-3.1-8B-Instruct,llama,qwen,Q035,ADHD,chg_B,-0.011076,-5.011076,0.995649,251,240
meta-llama/Llama-3.1-8B-Instruct,llama,qwen,Q036,IDENTITY,chg_A,-0.021757,-6.146757,0.980618,250,250
meta-llama/Llama-3.1-8B-Instruct,llama,qwen,Q036,IDENTITY,chg_B,-0.021757,-6.146757,0.980618,250,250
meta-llama/Llama-3.1-8B-Instruct,llama,qwen,Q036,NONE_vs_CONTROL,chg_A,-0.027613,-3.902612,0.992954,231,250
meta-llama/Llama-3.1-8B-Instruct,llama,qwen,Q036,NONE_vs_CONTROL,chg_B,-0.048580,-3.298579,0.989516,231,250
meta-llama/Llama-3.1-8B-Instruct,llama,qwen,Q036,SCREEN,chg_A,-0.051369,-3.176363,0.991666,244,250
meta-llama/Llama-3.1-8B-Instruct,llama,qwen,Q036,SCREEN,chg_B,-0.046703,-3.546692,0.983191,244,250
meta-llama/Llama-3.1-8B-Instruct,llama,qwen,Q036,AGE,chg_A,-0.038326,-3.663323,0.988047,232,250
meta-llama/Llama-3.1-8B-Instruct,llama,qwen,Q036,AGE,chg_B,-0.044157,-4.169154,0.972269,232,250
meta-llama/Llama-3.1-8B-Instruct,llama,qwen,Q036,ADHD,chg_A,-0.057255,-3.057253,0.991370,232,250
meta-llama/Llama-3.1-8B-Instruct,llama,qwen,Q036,ADHD,chg_B,-0.128789,-2.253782,0.984160,232,250
meta-llama/Llama-3.1-8B-Instruct,llama,qwen,Q037,IDENTITY,chg_A,-0.014254,-5.264254,0.991021,247,247
meta-llama/Llama-3.1-8B-Instruct,llama,qwen,Q037,IDENTITY,chg_B,-0.014254,-5.264254,0.991021,247,247
meta-llama/Llama-3.1-8B-Instruct,llama,qwen,Q037,NONE_vs_CONTROL,chg_A,-0.016342,-5.266343,0.988953,253,247
meta-llama/Llama-3.1-8B-Instruct,llama,qwen,Q037,NONE_vs_CONTROL,chg_B,-0.051937,-3.176937,0.991102,253,247
meta-llama/Llama-3.1-8B-Instruct,llama,qwen,Q037,SCREEN,chg_A,-0.064333,-2.939332,0.990593,250,247
meta-llama/Llama-3.1-8B-Instruct,llama,qwen,Q037,SCREEN,chg_B,-0.021478,-4.771477,0.987219,250,247
meta-llama/Llama-3.1-8B-Instruct,llama,qwen,Q037,AGE,chg_A,-0.049381,-3.299381,0.988725,253,247
meta-llama/Llama-3.1-8B-Instruct,llama,qwen,Q037,AGE,chg_B,-0.025951,-4.650951,0.983935,253,247
meta-llama/Llama-3.1-8B-Instruct,llama,qwen,Q037,ADHD,chg_A,-0.139661,-2.139659,0.987348,239,247
meta-llama/Llama-3.1-8B-Instruct,llama,qwen,Q037,ADHD,chg_B,-0.069146,-2.819143,0.992847,239,247
meta-llama/Llama-3.1-8B-Instruct,llama,qwen,Q038,IDENTITY,chg_A,-0.015555,-6.265555,0.986466,251,251
meta-llama/Llama-3.1-8B-Instruct,llama,qwen,Q038,IDENTITY,chg_B,-0.015555,-6.265555,0.986466,251,251
meta-llama/Llama-3.1-8B-Instruct,llama,qwen,Q038,NONE_vs_CONTROL,chg_A,-0.015702,-5.390701,0.988980,252,251
meta-llama/Llama-3.1-8B-Instruct,llama,qwen,Q038,NONE_vs_CONTROL,chg_B,-0.034723,-4.284723,0.979651,252,251
meta-llama/Llama-3.1-8B-Instruct,llama,qwen,Q038,SCREEN,chg_A,-0.111636,-2.486633,0.977559,229,251
meta-llama/Llama-3.1-8B-Instruct,llama,qwen,Q038,SCREEN,chg_B,-0.035761,-6.535749,0.966321,229,251
meta-llama/Llama-3.1-8B-Instruct,llama,qwen,Q038,AGE,chg_A,-0.024526,-5.024526,0.982347,248,251
meta-llama/Llama-3.1-8B-Instruct,llama,qwen,Q038,AGE,chg_B,-0.033465,-4.158465,0.982720,248,251
meta-llama/Llama-3.1-8B-Instruct,llama,qwen,Q038,ADHD,chg_A,-0.061551,-3.186549,0.981619,240,251
meta-llama/Llama-3.1-8B-Instruct,llama,qwen,Q038,ADHD,chg_B,-0.027460,-7.152459,0.973697,240,251
meta-llama/Llama-3.1-8B-Instruct,llama,qwen,Q039,IDENTITY,chg_A,-0.024342,-5.399342,0.980471,257,257
meta-llama/Llama-3.1-8B-Instruct,llama,qwen,Q039,IDENTITY,chg_B,-0.024342,-5.399342,0.980471,257,257
meta-llama/Llama-3.1-8B-Instruct,llama,qwen,Q039,NONE_vs_CONTROL,chg_A,-0.031534,-4.156530,0.984620,249,257
meta-llama/Llama-3.1-8B-Instruct,llama,qwen,Q039,NONE_vs_CONTROL,chg_B,-0.054668,-3.804667,0.969066,249,257
meta-llama/Llama-3.1-8B-Instruct,llama,qwen,Q039,SCREEN,chg_A,-0.438075,-1.063065,0.990673,227,257
meta-llama/Llama-3.1-8B-Instruct,llama,qwen,Q039,SCREEN,chg_B,-0.011087,-4.886079,0.996525,227,257
meta-llama/Llama-3.1-8B-Instruct,llama,qwen,Q039,AGE,chg_A,-0.024241,-4.274239,0.989973,243,257
meta-llama/Llama-3.1-8B-Instruct,llama,qwen,Q039,AGE,chg_B,-0.060979,-3.310975,0.977324,243,257
meta-llama/Llama-3.1-8B-Instruct,llama,qwen,Q039,ADHD,chg_A,-0.029091,-4.279086,0.985183,237,257
meta-llama/Llama-3.1-8B-Instruct,llama,qwen,Q039,ADHD,chg_B,-0.184013,-1.934002,0.976493,237,257
meta-llama/Llama-3.1-8B-Instruct,llama,qwen,Q040,IDENTITY,chg_A,-0.031350,-4.906350,0.976536,260,260
meta-llama/Llama-3.1-8B-Instruct,llama,qwen,Q040,IDENTITY,chg_B,-0.031350,-4.906350,0.976536,260,260
meta-llama/Llama-3.1-8B-Instruct,llama,qwen,Q040,NONE_vs_CONTROL,chg_A,-0.060954,-3.310951,0.977348,251,260
meta-llama/Llama-3.1-8B-Instruct,llama,qwen,Q040,NONE_vs_CONTROL,chg_B,-0.071401,-3.321399,0.967191,251,260
meta-llama/Llama-3.1-8B-Instruct,llama,qwen,Q040,SCREEN,chg_A,-0.089811,-2.839805,0.972541,231,260
meta-llama/Llama-3.1-8B-Instruct,llama,qwen,Q040,SCREEN,chg_B,-0.068455,-3.568431,0.962036,231,260
meta-llama/Llama-3.1-8B-Instruct,llama,qwen,Q040,AGE,chg_A,-0.052395,-3.552391,0.977610,247,260
meta-llama/Llama-3.1-8B-Instruct,llama,qwen,Q040,AGE,chg_B,-0.094819,-2.719811,0.975425,247,260
meta-llama/Llama-3.1-8B-Instruct,llama,qwen,Q040,ADHD,chg_A,-0.123862,-2.373858,0.976623,255,260
meta-llama/Llama-3.1-8B-Instruct,llama,qwen,Q040,ADHD,chg_B,-0.019448,-5.394445,0.985281,255,260
meta-llama/Llama-3.1-8B-Instruct,llama,qwen,Q041,IDENTITY,chg_A,-0.022792,-4.897788,0.984929,236,236
meta-llama/Llama-3.1-8B-Instruct,llama,qwen,Q041,IDENTITY,chg_B,-0.022792,-4.897788,0.984929,236,236
meta-llama/Llama-3.1-8B-Instruct,llama,qwen,Q041,NONE_vs_CONTROL,chg_A,-0.049616,-3.424600,0.984157,227,236
meta-llama/Llama-3.1-8B-Instruct,llama,qwen,Q041,NONE_vs_CONTROL,chg_B,-0.055460,-3.180457,0.987617,227,236
meta-llama/Llama-3.1-8B-Instruct,llama,qwen,Q041,SCREEN,chg_A,-0.050887,-3.800854,0.972737,231,236
meta-llama/Llama-3.1-8B-Instruct,llama,qwen,Q041,SCREEN,chg_B,-0.064910,-3.189902,0.978327,231,236
meta-llama/Llama-3.1-8B-Instruct,llama,qwen,Q041,AGE,chg_A,-0.077321,-2.827299,0.984765,225,236
meta-llama/Llama-3.1-8B-Instruct,llama,qwen,Q041,AGE,chg_B,-0.040438,-3.665424,0.985962,225,236
meta-llama/Llama-3.1-8B-Instruct,llama,qwen,Q041,ADHD,chg_A,-0.088808,-2.838781,0.973519,247,236
meta-llama/Llama-3.1-8B-Instruct,llama,qwen,Q041,ADHD,chg_B,-0.078919,-2.828916,0.983191,247,236
meta-llama/Llama-3.1-8B-Instruct,llama,qwen,Q042,IDENTITY,chg_A,-0.020817,-5.520817,0.983400,188,188
meta-llama/Llama-3.1-8B-Instruct,llama,qwen,Q042,IDENTITY,chg_B,-0.020817,-5.520817,0.983400,188,188
meta-llama/Llama-3.1-8B-Instruct,llama,qwen,Q042,NONE_vs_CONTROL,chg_A,-0.023271,-5.273271,0.982124,188,188
meta-llama/Llama-3.1-8B-Instruct,llama,qwen,Q042,NONE_vs_CONTROL,chg_B,-0.018925,-5.518925,0.985263,188,188
meta-llama/Llama-3.1-8B-Instruct,llama,qwen,Q042,SCREEN,chg_A,-0.040450,-4.290449,0.974056,192,188
meta-llama/Llama-3.1-8B-Instruct,llama,qwen,Q042,SCREEN,chg_B,-0.042461,-3.542456,0.987370,192,188
meta-llama/Llama-3.1-8B-Instruct,llama,qwen,Q042,AGE,chg_A,-0.088689,-3.338688,0.950614,200,188
meta-llama/Llama-3.1-8B-Instruct,llama,qwen,Q042,AGE,chg_B,-0.136151,-2.261147,0.976941,200,188
meta-llama/Llama-3.1-8B-Instruct,llama,qwen,Q042,ADHD,chg_A,-0.054088,-3.554082,0.975956,213,188
meta-llama/Llama-3.1-8B-Instruct,llama,qwen,Q042,ADHD,chg_B,-0.182926,-1.932920,0.977555,213,188
meta-llama/Llama-3.1-8B-Instruct,llama,qwen,Q043,IDENTITY,chg_A,-0.015987,-5.265985,0.989304,228,228
meta-llama/Llama-3.1-8B-Instruct,llama,qwen,Q043,IDENTITY,chg_B,-0.015987,-5.265985,0.989304,228,228
meta-llama/Llama-3.1-8B-Instruct,llama,qwen,Q043,NONE_vs_CONTROL,chg_A,-0.042615,-3.542610,0.987218,236,228
meta-llama/Llama-3.1-8B-Instruct,llama,qwen,Q043,NONE_vs_CONTROL,chg_B,-0.061047,-3.061041,0.987618,236,228
meta-llama/Llama-3.1-8B-Instruct,llama,qwen,Q043,SCREEN,chg_A,-0.102691,-2.602687,0.976480,236,228
meta-llama/Llama-3.1-8B-Instruct,llama,qwen,Q043,SCREEN,chg_B,-0.146701,-2.146640,0.980428,236,228
meta-llama/Llama-3.1-8B-Instruct,llama,qwen,Q043,AGE,chg_A,-0.099094,-2.724088,0.971263,221,228
meta-llama/Llama-3.1-8B-Instruct,llama,qwen,Q043,AGE,chg_B,-0.079910,-2.829896,0.982218,221,228
meta-llama/Llama-3.1-8B-Instruct,llama,qwen,Q043,ADHD,chg_A,-0.102446,-2.602441,0.976719,244,228
meta-llama/Llama-3.1-8B-Instruct,llama,qwen,Q043,ADHD,chg_B,-0.117583,-2.367540,0.982777,244,228
meta-llama/Llama-3.1-8B-Instruct,llama,qwen,Q044,IDENTITY,chg_A,-0.009787,-6.384786,0.991948,241,241
meta-llama/Llama-3.1-8B-Instruct,llama,qwen,Q044,IDENTITY,chg_B,-0.009787,-6.384786,0.991948,241,241
meta-llama/Llama-3.1-8B-Instruct,llama,qwen,Q044,NONE_vs_CONTROL,chg_A,-0.024870,-4.149870,0.991203,246,241
meta-llama/Llama-3.1-8B-Instruct,llama,qwen,Q044,NONE_vs_CONTROL,chg_B,-0.052818,-3.302818,0.985332,246,241
meta-llama/Llama-3.1-8B-Instruct,llama,qwen,Q044,SCREEN,chg_A,-0.046674,-3.296672,0.991404,254,241
meta-llama/Llama-3.1-8B-Instruct,llama,qwen,Q044,SCREEN,chg_B,-0.081923,-2.831918,0.980242,254,241
meta-llama/Llama-3.1-8B-Instruct,llama,qwen,Q044,AGE,chg_A,-0.156531,-2.031530,0.986240,255,241
meta-llama/Llama-3.1-8B-Instruct,llama,qwen,Q044,AGE,chg_B,-0.050142,-3.550140,0.979815,255,241
meta-llama/Llama-3.1-8B-Instruct,llama,qwen,Q044,ADHD,chg_A,-0.356958,-1.231957,0.991523,229,241
meta-llama/Llama-3.1-8B-Instruct,llama,qwen,Q044,ADHD,chg_B,-0.025648,-4.525644,0.985506,229,241
meta-llama/Llama-3.1-8B-Instruct,llama,qwen,Q045,IDENTITY,chg_A,-0.028219,-5.153219,0.977956,246,246
meta-llama/Llama-3.1-8B-Instruct,llama,qwen,Q045,IDENTITY,chg_B,-0.028219,-5.153219,0.977956,246,246
meta-llama/Llama-3.1-8B-Instruct,llama,qwen,Q045,NONE_vs_CONTROL,chg_A,-0.028160,-5.153160,0.978014,240,246
meta-llama/Llama-3.1-8B-Instruct,llama,qwen,Q045,NONE_vs_CONTROL,chg_B,-0.042087,-3.792086,0.981335,240,246
meta-llama/Llama-3.1-8B-Instruct,llama,qwen,Q045,SCREEN,chg_A,-0.083235,-3.208234,0.960562,251,246
meta-llama/Llama-3.1-8B-Instruct,llama,qwen,Q045,SCREEN,chg_B,-0.037421,-3.912418,0.983263,251,246
meta-llama/Llama-3.1-8B-Instruct,llama,qwen,Q045,AGE,chg_A,-0.029965,-5.029965,0.977018,237,246
meta-llama/Llama-3.1-8B-Instruct,llama,qwen,Q045,AGE,chg_B,-0.047723,-3.547722,0.982188,237,246
meta-llama/Llama-3.1-8B-Instruct,llama,qwen,Q045,ADHD,chg_A,-0.027021,-5.027021,0.979899,243,246
meta-llama/Llama-3.1-8B-Instruct,llama,qwen,Q045,ADHD,chg_B,-0.030555,-4.280549,0.983742,243,246
meta-llama/Llama-3.1-8B-Instruct,llama,qwen,Q046,IDENTITY,chg_A,-0.014669,-5.514669,0.989465,237,237
meta-llama/Llama-3.1-8B-Instruct,llama,qwen,Q046,IDENTITY,chg_B,-0.014669,-5.514669,0.989465,237,237
meta-llama/Llama-3.1-8B-Instruct,llama,qwen,Q046,NONE_vs_CONTROL,chg_A,-0.028644,-4.153644,0.987469,240,237
meta-llama/Llama-3.1-8B-Instruct,llama,qwen,Q046,NONE_vs_CONTROL,chg_B,-0.040968,-4.165968,0.975374,240,237
meta-llama/Llama-3.1-8B-Instruct,llama,qwen,Q046,SCREEN,chg_A,-0.137055,-2.137050,0.989925,233,237
meta-llama/Llama-3.1-8B-Instruct,llama,qwen,Q046,SCREEN,chg_B,-0.212604,-1.712598,0.988873,233,237
meta-llama/Llama-3.1-8B-Instruct,llama,qwen,Q046,AGE,chg_A,-0.193526,-1.818525,0.986314,233,237
meta-llama/Llama-3.1-8B-Instruct,llama,qwen,Q046,AGE,chg_B,-0.105757,-2.730757,0.964813,233,237
meta-llama/Llama-3.1-8B-Instruct,llama,qwen,Q046,ADHD,chg_A,-0.170596,-1.920594,0.989682,215,237
meta-llama/Llama-3.1-8B-Instruct,llama,qwen,Q046,ADHD,chg_B,-0.112819,-2.487818,0.976404,215,237
meta-llama/Llama-3.1-8B-Instruct,llama,qwen,Q047,IDENTITY,chg_A,-0.016731,-6.016731,0.985846,236,236
meta-llama/Llama-3.1-8B-Instruct,llama,qwen,Q047,IDENTITY,chg_B,-0.016731,-6.016731,0.985846,236,236
meta-llama/Llama-3.1-8B-Instruct,llama,qwen,Q047,NONE_vs_CONTROL,chg_A,-0.046701,-4.421700,0.966387,260,236
meta-llama/Llama-3.1-8B-Instruct,llama,qwen,Q047,NONE_vs_CONTROL,chg_B,-0.052182,-4.052182,0.966540,260,236
meta-llama/Llama-3.1-8B-Instruct,llama,qwen,Q047,SCREEN,chg_A,-0.221295,-1.721283,0.980317,253,236
meta-llama/Llama-3.1-8B-Instruct,llama,qwen,Q047,SCREEN,chg_B,-0.057803,-3.182786,0.985306,253,236
meta-llama/Llama-3.1-8B-Instruct,llama,qwen,Q047,AGE,chg_A,-0.055835,-3.805834,0.967936,262,236
meta-llama/Llama-3.1-8B-Instruct,llama,qwen,Q047,AGE,chg_B,-0.036449,-4.286449,0.977961,262,236
meta-llama/Llama-3.1-8B-Instruct,llama,qwen,Q047,ADHD,chg_A,-0.090175,-3.090158,0.959266,240,236
meta-llama/Llama-3.1-8B-Instruct,llama,qwen,Q047,ADHD,chg_B,-0.149402,-2.149376,0.977780,240,236
meta-llama/Llama-3.1-8B-Instruct,llama,qwen,Q048,IDENTITY,chg_A,-0.044476,-5.294475,0.961518,253,253
meta-llama/Llama-3.1-8B-Instruct,llama,qwen,Q048,IDENTITY,chg_B,-0.044476,-5.294475,0.961518,253,253
meta-llama/Llama-3.1-8B-Instruct,llama,qwen,Q048,NONE_vs_CONTROL,chg_A,-0.028547,-4.403546,0.984091,246,253
meta-llama/Llama-3.1-8B-Instruct,llama,qwen,Q048,NONE_vs_CONTROL,chg_B,-0.056981,-3.306979,0.981239,246,253
meta-llama/Llama-3.1-8B-Instruct,llama,qwen,Q048,SCREEN,chg_A,-0.103303,-2.603297,0.975883,229,253
meta-llama/Llama-3.1-8B-Instruct,llama,qwen,Q048,SCREEN,chg_B,-0.221836,-1.721826,0.979786,229,253
meta-llama/Llama-3.1-8B-Instruct,llama,qwen,Q048,AGE,chg_A,-0.029596,-4.154595,0.986530,245,253
meta-llama/Llama-3.1-8B-Instruct,llama,qwen,Q048,AGE,chg_B,-0.096980,-2.471955,0.991994,245,253
meta-llama/Llama-3.1-8B-Instruct,llama,qwen,Q048,ADHD,chg_A,-0.058761,-3.308759,0.979493,239,253
meta-llama/Llama-3.1-8B-Instruct,llama,qwen,Q048,ADHD,chg_B,-0.158888,-2.033871,0.983920,239,253
meta-llama/Llama-3.1-8B-Instruct,llama,qwen,Q049,IDENTITY,chg_A,-0.031488,-5.156488,0.974764,244,244
meta-llama/Llama-3.1-8B-Instruct,llama,qwen,Q049,IDENTITY,chg_B,-0.031488,-5.156488,0.974764,244,244
meta-llama/Llama-3.1-8B-Instruct,llama,qwen,Q049,NONE_vs_CONTROL,chg_A,-0.028988,-5.653987,0.974932,239,244
meta-llama/Llama-3.1-8B-Instruct,llama,qwen,Q049,NONE_vs_CONTROL,chg_B,-0.129390,-2.379387,0.971239,239,244
meta-llama/Llama-3.1-8B-Instruct,llama,qwen,Q049,SCREEN,chg_A,-0.040258,-3.790253,0.983132,247,244
meta-llama/Llama-3.1-8B-Instruct,llama,qwen,Q049,SCREEN,chg_B,-0.214193,-1.839184,0.966139,247,244
meta-llama/Llama-3.1-8B-Instruct,llama,qwen,Q049,AGE,chg_A,-0.110797,-2.610795,0.968596,251,244
meta-llama/Llama-3.1-8B-Instruct,llama,qwen,Q049,AGE,chg_B,-0.081717,-3.206714,0.962023,251,244
meta-llama/Llama-3.1-8B-Instruct,llama,qwen,Q049,ADHD,chg_A,-0.105412,-2.480411,0.983662,259,244
meta-llama/Llama-3.1-8B-Instruct,llama,qwen,Q049,ADHD,chg_B,-0.152828,-2.277815,0.960785,259,244
meta-llama/Llama-3.1-8B-Instruct,llama,qwen,Q050,IDENTITY,chg_A,-0.019847,-5.644846,0.983885,255,255
meta-llama/Llama-3.1-8B-Instruct,llama,qwen,Q050,IDENTITY,chg_B,-0.019847,-5.644846,0.983885,255,255
meta-llama/Llama-3.1-8B-Instruct,llama,qwen,Q050,NONE_vs_CONTROL,chg_A,-0.036674,-4.161673,0.979572,264,255
meta-llama/Llama-3.1-8B-Instruct,llama,qwen,Q050,NONE_vs_CONTROL,chg_B,-0.024240,-5.274240,0.981173,264,255
meta-llama/Llama-3.1-8B-Instruct,llama,qwen,Q050,SCREEN,chg_A,-0.053421,-3.303420,0.984738,259,255
meta-llama/Llama-3.1-8B-Instruct,llama,qwen,Q050,SCREEN,chg_B,-0.078153,-3.328152,0.960682,259,255
meta-llama/Llama-3.1-8B-Instruct,llama,qwen,Q050,AGE,chg_A,-0.019017,-5.269016,0.986311,263,255
meta-llama/Llama-3.1-8B-Instruct,llama,qwen,Q050,AGE,chg_B,-0.072467,-3.197466,0.970962,263,255
meta-llama/Llama-3.1-8B-Instruct,llama,qwen,Q050,ADHD,chg_A,-0.109782,-2.359778,0.990471,261,255
meta-llama/Llama-3.1-8B-Instruct,llama,qwen,Q050,ADHD,chg_B,-0.041226,-3.416225,0.992448,261,255
meta-llama/Llama-3.1-8B-Instruct,llama,qwen,Q051,IDENTITY,chg_A,-0.013223,-6.138222,0.989023,235,235
meta-llama/Llama-3.1-8B-Instruct,llama,qwen,Q051,IDENTITY,chg_B,-0.013223,-6.138222,0.989023,235,235
meta-llama/Llama-3.1-8B-Instruct,llama,qwen,Q051,NONE_vs_CONTROL,chg_A,-0.031569,-4.406569,0.981121,250,235
meta-llama/Llama-3.1-8B-Instruct,llama,qwen,Q051,NONE_vs_CONTROL,chg_B,-0.037945,-4.412943,0.974885,250,235
meta-llama/Llama-3.1-8B-Instruct,llama,qwen,Q051,SCREEN,chg_A,-0.152037,-2.152034,0.975204,257,235
meta-llama/Llama-3.1-8B-Instruct,llama,qwen,Q051,SCREEN,chg_B,-0.050296,-3.800295,0.973312,257,235
meta-llama/Llama-3.1-8B-Instruct,llama,qwen,Q051,AGE,chg_A,-0.132737,-2.507735,0.957148,256,235
meta-llama/Llama-3.1-8B-Instruct,llama,qwen,Q051,AGE,chg_B,-0.035970,-5.410969,0.969136,256,235
meta-llama/Llama-3.1-8B-Instruct,llama,qwen,Q051,ADHD,chg_A,-0.037497,-4.537496,0.973897,253,235
meta-llama/Llama-3.1-8B-Instruct,llama,qwen,Q051,ADHD,chg_B,-0.055591,-4.680589,0.955200,253,235
meta-llama/Llama-3.1-8B-Instruct,llama,qwen,Q052,IDENTITY,chg_A,-0.016063,-6.641062,0.985371,251,251
meta-llama/Llama-3.1-8B-Instruct,llama,qwen,Q052,IDENTITY,chg_B,-0.016063,-6.641062,0.985371,251,251
meta-llama/Llama-3.1-8B-Instruct,llama,qwen,Q052,NONE_vs_CONTROL,chg_A,-0.099674,-3.849673,0.926419,254,251
meta-llama/Llama-3.1-8B-Instruct,llama,qwen,Q052,NONE_vs_CONTROL,chg_B,-0.053668,-4.178668,0.963066,254,251
meta-llama/Llama-3.1-8B-Instruct,llama,qwen,Q052,SCREEN,chg_A,-0.095320,-3.095319,0.954343,251,251
meta-llama/Llama-3.1-8B-Instruct,llama,qwen,Q052,SCREEN,chg_B,-0.058562,-5.183562,0.948727,251,251
meta-llama/Llama-3.1-8B-Instruct,llama,qwen,Q052,AGE,chg_A,-0.070954,-4.070954,0.948565,249,251
meta-llama/Llama-3.1-8B-Instruct,llama,qwen,Q052,AGE,chg_B,-0.030277,-5.530276,0.974142,249,251
meta-llama/Llama-3.1-8B-Instruct,llama,qwen,Q052,ADHD,chg_A,-0.238399,-1.738395,0.963691,240,251
meta-llama/Llama-3.1-8B-Instruct,llama,qwen,Q052,ADHD,chg_B,-0.082469,-4.082459,0.937706,240,251
meta-llama/Llama-3.1-8B-Instruct,llama,qwen,Q053,IDENTITY,chg_A,-0.018030,-6.143030,0.984280,257,257
meta-llama/Llama-3.1-8B-Instruct,llama,qwen,Q053,IDENTITY,chg_B,-0.018030,-6.143030,0.984280,257,257
meta-llama/Llama-3.1-8B-Instruct,llama,qwen,Q053,NONE_vs_CONTROL,chg_A,-0.029704,-5.779704,0.973822,256,257
meta-llama/Llama-3.1-8B-Instruct,llama,qwen,Q053,NONE_vs_CONTROL,chg_B,-0.032157,-5.157156,0.974113,256,257
meta-llama/Llama-3.1-8B-Instruct,llama,qwen,Q053,SCREEN,chg_A,-0.121397,-2.496392,0.968064,243,257
meta-llama/Llama-3.1-8B-Instruct,llama,qwen,Q053,SCREEN,chg_B,-0.026472,-4.651466,0.983423,243,257
meta-llama/Llama-3.1-8B-Instruct,llama,qwen,Q053,AGE,chg_A,-0.055748,-4.430748,0.957683,253,257
meta-llama/Llama-3.1-8B-Instruct,llama,qwen,Q053,AGE,chg_B,-0.024231,-5.149231,0.981864,253,257
meta-llama/Llama-3.1-8B-Instruct,llama,qwen,Q053,ADHD,chg_A,-0.318807,-1.443803,0.963044,249,257
meta-llama/Llama-3.1-8B-Instruct,llama,qwen,Q053,ADHD,chg_B,-0.157333,-2.032311,0.985451,249,257
meta-llama/Llama-3.1-8B-Instruct,llama,qwen,Q054,IDENTITY,chg_A,-0.004604,-7.004604,0.996314,253,253
meta-llama/Llama-3.1-8B-Instruct,llama,qwen,Q054,IDENTITY,chg_B,-0.004604,-7.004604,0.996314,253,253
meta-llama/Llama-3.1-8B-Instruct,llama,qwen,Q054,NONE_vs_CONTROL,chg_A,-0.012192,-6.387191,0.989565,254,253
meta-llama/Llama-3.1-8B-Instruct,llama,qwen,Q054,NONE_vs_CONTROL,chg_B,-0.008481,-6.258480,0.993469,254,253
meta-llama/Llama-3.1-8B-Instruct,llama,qwen,Q054,SCREEN,chg_A,-0.354034,-1.478994,0.929718,173,253
meta-llama/Llama-3.1-8B-Instruct,llama,qwen,Q054,SCREEN,chg_B,-0.074944,-5.699934,0.931142,173,253
meta-llama/Llama-3.1-8B-Instruct,llama,qwen,Q054,AGE,chg_A,-0.049385,-3.674375,0.977180,248,253
meta-llama/Llama-3.1-8B-Instruct,llama,qwen,Q054,AGE,chg_B,-0.050595,-5.050592,0.957069,248,253
meta-llama/Llama-3.1-8B-Instruct,llama,qwen,Q054,ADHD,chg_A,-0.067218,-3.442207,0.966985,263,253
meta-llama/Llama-3.1-8B-Instruct,llama,qwen,Q054,ADHD,chg_B,-0.032548,-4.782542,0.976351,263,253
meta-llama/Llama-3.1-8B-Instruct,llama,qwen,Q055,IDENTITY,chg_A,-0.014075,-5.639075,0.989579,228,228
meta-llama/Llama-3.1-8B-Instruct,llama,qwen,Q055,IDENTITY,chg_B,-0.014075,-5.639075,0.989579,228,228
meta-llama/Llama-3.1-8B-Instruct,llama,qwen,Q055,NONE_vs_CONTROL,chg_A,-0.035550,-3.785548,0.987771,250,228
meta-llama/Llama-3.1-8B-Instruct,llama,qwen,Q055,NONE_vs_CONTROL,chg_B,-0.156371,-2.031354,0.986400,250,228
meta-llama/Llama-3.1-8B-Instruct,llama,qwen,Q055,SCREEN,chg_A,-0.086699,-2.836697,0.975572,243,228
meta-llama/Llama-3.1-8B-Instruct,llama,qwen,Q055,SCREEN,chg_B,-0.050046,-5.675038,0.954617,243,228
meta-llama/Llama-3.1-8B-Instruct,llama,qwen,Q055,AGE,chg_A,-0.053001,-3.553000,0.977018,246,228
meta-llama/Llama-3.1-8B-Instruct,llama,qwen,Q055,AGE,chg_B,-0.080640,-3.330639,0.958296,246,228
meta-llama/Llama-3.1-8B-Instruct,llama,qwen,Q055,ADHD,chg_A,-0.059782,-3.434776,0.974202,258,228
meta-llama/Llama-3.1-8B-Instruct,llama,qwen,Q055,ADHD,chg_B,-0.312551,-1.812551,0.894815,258,228
meta-llama/Llama-3.1-8B-Instruct,llama,qwen,Q056,IDENTITY,chg_A,-0.028976,-6.528976,0.972900,231,231
meta-llama/Llama-3.1-8B-Instruct,llama,qwen,Q056,IDENTITY,chg_B,-0.028976,-6.528976,0.972900,231,231
meta-llama/Llama-3.1-8B-Instruct,llama,qwen,Q056,NONE_vs_CONTROL,chg_A,-0.035021,-6.035021,0.967978,249,231
meta-llama/Llama-3.1-8B-Instruct,llama,qwen,Q056,NONE_vs_CONTROL,chg_B,-0.070736,-5.195736,0.937248,249,231
meta-llama/Llama-3.1-8B-Instruct,llama,qwen,Q056,SCREEN,chg_A,-0.077197,-4.327197,0.938912,252,231
meta-llama/Llama-3.1-8B-Instruct,llama,qwen,Q056,SCREEN,chg_B,-0.085427,-6.960426,0.919069,252,231
meta-llama/Llama-3.1-8B-Instruct,llama,qwen,Q056,AGE,chg_A,-0.087835,-3.587834,0.943571,236,231
meta-llama/Llama-3.1-8B-Instruct,llama,qwen,Q056,AGE,chg_B,-0.109767,-4.734767,0.904827,236,231
meta-llama/Llama-3.1-8B-Instruct,llama,qwen,Q056,ADHD,chg_A,-0.214580,-1.839575,0.965765,238,231
meta-llama/Llama-3.1-8B-Instruct,llama,qwen,Q056,ADHD,chg_B,-0.110333,-5.485332,0.899683,238,231
meta-llama/Llama-3.1-8B-Instruct,llama,qwen,Q057,IDENTITY,chg_A,-0.026628,-5.651628,0.977235,253,253
meta-llama/Llama-3.1-8B-Instruct,llama,qwen,Q057,IDENTITY,chg_B,-0.026628,-5.651628,0.977235,253,253
meta-llama/Llama-3.1-8B-Instruct,llama,qwen,Q057,NONE_vs_CONTROL,chg_A,-0.047217,-4.797217,0.962133,243,253
meta-llama/Llama-3.1-8B-Instruct,llama,qwen,Q057,NONE_vs_CONTROL,chg_B,-0.059089,-3.684088,0.967743,243,253
meta-llama/Llama-3.1-8B-Instruct,llama,qwen,Q057,SCREEN,chg_A,-0.038748,-4.288747,0.975715,259,253
meta-llama/Llama-3.1-8B-Instruct,llama,qwen,Q057,SCREEN,chg_B,-0.039023,-5.539022,0.965659,259,253
meta-llama/Llama-3.1-8B-Instruct,llama,qwen,Q057,AGE,chg_A,-0.067544,-3.567543,0.962912,253,253
meta-llama/Llama-3.1-8B-Instruct,llama,qwen,Q057,AGE,chg_B,-0.055749,-4.055748,0.963099,253,253
meta-llama/Llama-3.1-8B-Instruct,llama,qwen,Q057,ADHD,chg_A,-0.037367,-4.162366,0.978893,255,253
meta-llama/Llama-3.1-8B-Instruct,llama,qwen,Q057,ADHD,chg_B,-0.149006,-2.273999,0.964464,255,253
meta-llama/Llama-3.1-8B-Instruct,llama,qwen,Q058,IDENTITY,chg_A,-0.008596,-6.633596,0.992756,263,263
meta-llama/Llama-3.1-8B-Instruct,llama,qwen,Q058,IDENTITY,chg_B,-0.008596,-6.633596,0.992756,263,263
meta-llama/Llama-3.1-8B-Instruct,llama,qwen,Q058,NONE_vs_CONTROL,chg_A,-0.036874,-4.661874,0.973246,251,263
meta-llama/Llama-3.1-8B-Instruct,llama,qwen,Q058,NONE_vs_CONTROL,chg_B,-0.029377,-4.779377,0.979452,251,263
meta-llama/Llama-3.1-8B-Instruct,llama,qwen,Q058,SCREEN,chg_A,-0.148584,-2.273578,0.964871,256,263
meta-llama/Llama-3.1-8B-Instruct,llama,qwen,Q058,SCREEN,chg_B,-0.038172,-5.663159,0.966019,256,263
meta-llama/Llama-3.1-8B-Instruct,llama,qwen,Q058,AGE,chg_A,-0.105271,-2.730250,0.965284,256,263
meta-llama/Llama-3.1-8B-Instruct,llama,qwen,Q058,AGE,chg_B,-0.069344,-3.319323,0.969183,256,263
meta-llama/Llama-3.1-8B-Instruct,llama,qwen,Q058,ADHD,chg_A,-0.064922,-3.439916,0.969208,265,263
meta-llama/Llama-3.1-8B-Instruct,llama,qwen,Q058,ADHD,chg_B,-0.076041,-3.951013,0.946014,265,263
meta-llama/Llama-3.1-8B-Instruct,llama,qwen,Q059,IDENTITY,chg_A,-0.024759,-6.274759,0.977428,252,252
meta-llama/Llama-3.1-8B-Instruct,llama,qwen,Q059,IDENTITY,chg_B,-0.024759,-6.274759,0.977428,252,252
meta-llama/Llama-3.1-8B-Instruct,llama,qwen,Q059,NONE_vs_CONTROL,chg_A,-0.036387,-4.286385,0.978022,255,252
meta-llama/Llama-3.1-8B-Instruct,llama,qwen,Q059,NONE_vs_CONTROL,chg_B,-0.035197,-4.660197,0.974880,255,252
meta-llama/Llama-3.1-8B-Instruct,llama,qwen,Q059,SCREEN,chg_A,-0.170914,-2.045902,0.972158,250,252
meta-llama/Llama-3.1-8B-Instruct,llama,qwen,Q059,SCREEN,chg_B,-0.046590,-6.046583,0.956845,250,252
meta-llama/Llama-3.1-8B-Instruct,llama,qwen,Q059,AGE,chg_A,-0.134457,-2.509455,0.955503,256,252
meta-llama/Llama-3.1-8B-Instruct,llama,qwen,Q059,AGE,chg_B,-0.094108,-3.344106,0.945476,256,252
meta-llama/Llama-3.1-8B-Instruct,llama,qwen,Q059,ADHD,chg_A,-0.050094,-3.675085,0.976488,244,252
meta-llama/Llama-3.1-8B-Instruct,llama,qwen,Q059,ADHD,chg_B,-0.103821,-2.853816,0.959011,244,252
meta-llama/Llama-3.1-8B-Instruct,llama,qwen,Q060,IDENTITY,chg_A,-0.049477,-5.674477,0.955159,251,251
meta-llama/Llama-3.1-8B-Instruct,llama,qwen,Q060,IDENTITY,chg_B,-0.049477,-5.674477,0.955159,251,251
meta-llama/Llama-3.1-8B-Instruct,llama,qwen,Q060,NONE_vs_CONTROL,chg_A,-0.104503,-3.229502,0.940349,246,251
meta-llama/Llama-3.1-8B-Instruct,llama,qwen,Q060,NONE_vs_CONTROL,chg_B,-0.056221,-4.181220,0.960610,246,251
meta-llama/Llama-3.1-8B-Instruct,llama,qwen,Q060,SCREEN,chg_A,-0.159840,-2.784838,0.914019,254,251
meta-llama/Llama-3.1-8B-Instruct,llama,qwen,Q060,SCREEN,chg_B,-0.040337,-4.665337,0.969881,254,251
meta-llama/Llama-3.1-8B-Instruct,llama,qwen,Q060,AGE,chg_A,-0.106589,-3.606586,0.926039,256,251
meta-llama/Llama-3.1-8B-Instruct,llama,qwen,Q060,AGE,chg_B,-0.053741,-4.178741,0.962995,256,251
meta-llama/Llama-3.1-8B-Instruct,llama,qwen,Q060,ADHD,chg_A,-0.332627,-1.582609,0.922476,246,251
meta-llama/Llama-3.1-8B-Instruct,llama,qwen,Q060,ADHD,chg_B,-0.176837,-3.176825,0.879634,246,251
meta-llama/Llama-3.1-8B-Instruct,llama,llama,Q001,IDENTITY,chg_A,-0.019538,-4.894537,0.988139,257,257
meta-llama/Llama-3.1-8B-Instruct,llama,llama,Q001,IDENTITY,chg_B,-0.019538,-4.894537,0.988139,257,257
meta-llama/Llama-3.1-8B-Instruct,llama,llama,Q001,NONE_vs_CONTROL,chg_A,-0.098122,-3.473117,0.937559,255,257
meta-llama/Llama-3.1-8B-Instruct,llama,llama,Q001,NONE_vs_CONTROL,chg_B,-0.073002,-3.322999,0.965644,255,257
meta-llama/Llama-3.1-8B-Instruct,llama,llama,Q001,SCREEN,chg_A,-0.083147,-3.458141,0.951704,255,257
meta-llama/Llama-3.1-8B-Instruct,llama,llama,Q001,SCREEN,chg_B,-0.060087,-3.560083,0.970119,255,257
meta-llama/Llama-3.1-8B-Instruct,llama,llama,Q001,AGE,chg_A,-0.035869,-4.910865,0.972133,255,257
meta-llama/Llama-3.1-8B-Instruct,llama,llama,Q001,AGE,chg_B,-0.061666,-3.311648,0.976653,255,257
meta-llama/Llama-3.1-8B-Instruct,llama,llama,Q001,ADHD,chg_A,-0.102879,-2.852870,0.959915,250,257
meta-llama/Llama-3.1-8B-Instruct,llama,llama,Q001,ADHD,chg_B,-0.056968,-3.306964,0.981251,250,257
meta-llama/Llama-3.1-8B-Instruct,llama,llama,Q002,IDENTITY,chg_A,-0.030600,-4.530600,0.980638,188,188
meta-llama/Llama-3.1-8B-Instruct,llama,llama,Q002,IDENTITY,chg_B,-0.030600,-4.530600,0.980638,188,188
meta-llama/Llama-3.1-8B-Instruct,llama,llama,Q002,NONE_vs_CONTROL,chg_A,-0.033066,-5.033066,0.973993,187,188
meta-llama/Llama-3.1-8B-Instruct,llama,llama,Q002,NONE_vs_CONTROL,chg_B,-0.043848,-4.168847,0.972570,187,188
meta-llama/Llama-3.1-8B-Instruct,llama,llama,Q002,SCREEN,chg_A,-0.080715,-3.330713,0.958224,192,188
meta-llama/Llama-3.1-8B-Instruct,llama,llama,Q002,SCREEN,chg_B,-0.076140,-3.701137,0.951382,192,188
meta-llama/Llama-3.1-8B-Instruct,llama,llama,Q002,AGE,chg_A,-0.173488,-2.173478,0.954508,192,188
meta-llama/Llama-3.1-8B-Instruct,llama,llama,Q002,AGE,chg_B,-0.067521,-3.192492,0.975778,192,188
meta-llama/Llama-3.1-8B-Instruct,llama,llama,Q002,ADHD,chg_A,-0.195204,-2.695103,0.890203,233,188
meta-llama/Llama-3.1-8B-Instruct,llama,llama,Q002,ADHD,chg_B,-0.257744,-2.132635,0.891318,233,188
meta-llama/Llama-3.1-8B-Instruct,llama,llama,Q003,IDENTITY,chg_A,-0.033992,-5.158983,0.972327,230,230
meta-llama/Llama-3.1-8B-Instruct,llama,llama,Q003,IDENTITY,chg_B,-0.033992,-5.158983,0.972327,230,230
meta-llama/Llama-3.1-8B-Instruct,llama,llama,Q003,NONE_vs_CONTROL,chg_A,-0.109019,-3.233993,0.936113,222,230
meta-llama/Llama-3.1-8B-Instruct,llama,llama,Q003,NONE_vs_CONTROL,chg_B,-0.070906,-3.570841,0.959682,222,230
meta-llama/Llama-3.1-8B-Instruct,llama,llama,Q003,SCREEN,chg_A,-0.072734,-3.947724,0.949146,242,230
meta-llama/Llama-3.1-8B-Instruct,llama,llama,Q003,SCREEN,chg_B,-0.080237,-3.080206,0.968847,242,230
meta-llama/Llama-3.1-8B-Instruct,llama,llama,Q003,AGE,chg_A,-0.236983,-2.361367,0.883296,243,230
meta-llama/Llama-3.1-8B-Instruct,llama,llama,Q003,AGE,chg_B,-0.229124,-3.353788,0.830181,243,230
meta-llama/Llama-3.1-8B-Instruct,llama,llama,Q003,ADHD,chg_A,-0.196443,-2.321192,0.919805,251,230
meta-llama/Llama-3.1-8B-Instruct,llama,llama,Q003,ADHD,chg_B,-0.172888,-2.297751,0.941716,251,230
meta-llama/Llama-3.1-8B-Instruct,llama,llama,Q004,IDENTITY,chg_A,-0.010903,-6.260902,0.991066,243,243
meta-llama/Llama-3.1-8B-Instruct,llama,llama,Q004,IDENTITY,chg_B,-0.010903,-6.260902,0.991066,243,243
meta-llama/Llama-3.1-8B-Instruct,llama,llama,Q004,NONE_vs_CONTROL,chg_A,-0.062133,-4.187133,0.954948,247,243
meta-llama/Llama-3.1-8B-Instruct,llama,llama,Q004,NONE_vs_CONTROL,chg_B,-0.020562,-5.395562,0.984184,247,243
meta-llama/Llama-3.1-8B-Instruct,llama,llama,Q004,SCREEN,chg_A,-0.079133,-3.329127,0.959741,247,243
meta-llama/Llama-3.1-8B-Instruct,llama,llama,Q004,SCREEN,chg_B,-0.013756,-6.388754,0.988019,247,243
meta-llama/Llama-3.1-8B-Instruct,llama,llama,Q004,AGE,chg_A,-0.083760,-2.958755,0.971535,243,243
meta-llama/Llama-3.1-8B-Instruct,llama,llama,Q004,AGE,chg_B,-0.046865,-4.296857,0.967828,243,243
meta-llama/Llama-3.1-8B-Instruct,llama,llama,Q004,ADHD,chg_A,-0.052916,-3.552911,0.977100,244,243
meta-llama/Llama-3.1-8B-Instruct,llama,llama,Q004,ADHD,chg_B,-0.009670,-6.634667,0.991690,244,243
meta-llama/Llama-3.1-8B-Instruct,llama,llama,Q005,IDENTITY,chg_A,-0.012540,-6.762540,0.988694,251,251
meta-llama/Llama-3.1-8B-Instruct,llama,llama,Q005,IDENTITY,chg_B,-0.012540,-6.762540,0.988694,251,251
meta-llama/Llama-3.1-8B-Instruct,llama,llama,Q005,NONE_vs_CONTROL,chg_A,-0.025611,-4.650607,0.984270,254,251
meta-llama/Llama-3.1-8B-Instruct,llama,llama,Q005,NONE_vs_CONTROL,chg_B,-0.043750,-4.543749,0.967826,254,251
meta-llama/Llama-3.1-8B-Instruct,llama,llama,Q005,SCREEN,chg_A,-0.063773,-3.063765,0.984929,256,251
meta-llama/Llama-3.1-8B-Instruct,llama,llama,Q005,SCREEN,chg_B,-0.023431,-5.273428,0.981968,256,251
meta-llama/Llama-3.1-8B-Instruct,llama,llama,Q005,AGE,chg_A,-0.032552,-4.782550,0.976346,252,251
meta-llama/Llama-3.1-8B-Instruct,llama,llama,Q005,AGE,chg_B,-0.041606,-3.916603,0.979156,252,251
meta-llama/Llama-3.1-8B-Instruct,llama,llama,Q005,ADHD,chg_A,-0.094621,-2.594616,0.984392,237,251
meta-llama/Llama-3.1-8B-Instruct,llama,llama,Q005,ADHD,chg_B,-0.028109,-5.278106,0.977384,237,251
meta-llama/Llama-3.1-8B-Instruct,llama,llama,Q006,IDENTITY,chg_A,-0.029668,-6.279667,0.972641,224,224
meta-llama/Llama-3.1-8B-Instruct,llama,llama,Q006,IDENTITY,chg_B,-0.029668,-6.279667,0.972641,224,224
meta-llama/Llama-3.1-8B-Instruct,llama,llama,Q006,NONE_vs_CONTROL,chg_A,-0.042191,-4.417177,0.970755,216,224
meta-llama/Llama-3.1-8B-Instruct,llama,llama,Q006,NONE_vs_CONTROL,chg_B,-0.055945,-4.430924,0.957494,216,224
meta-llama/Llama-3.1-8B-Instruct,llama,llama,Q006,SCREEN,chg_A,-0.060789,-3.810779,0.963153,234,224
meta-llama/Llama-3.1-8B-Instruct,llama,llama,Q006,SCREEN,chg_B,-0.040537,-4.915516,0.967605,234,224
meta-llama/Llama-3.1-8B-Instruct,llama,llama,Q006,AGE,chg_A,-0.042088,-5.542087,0.962704,225,224
meta-llama/Llama-3.1-8B-Instruct,llama,llama,Q006,AGE,chg_B,-0.057762,-3.807741,0.966073,225,224
meta-llama/Llama-3.1-8B-Instruct,llama,llama,Q006,ADHD,chg_A,-0.062457,-3.812452,0.961547,229,224
meta-llama/Llama-3.1-8B-Instruct,llama,llama,Q006,ADHD,chg_B,-0.074245,-3.449239,0.960214,229,224
meta-llama/Llama-3.1-8B-Instruct,llama,llama,Q007,IDENTITY,chg_A,-0.018410,-5.768410,0.984883,243,243
meta-llama/Llama-3.1-8B-Instruct,llama,llama,Q007,IDENTITY,chg_B,-0.018410,-5.768410,0.984883,243,243
meta-llama/Llama-3.1-8B-Instruct,llama,llama,Q007,NONE_vs_CONTROL,chg_A,-0.024872,-4.274861,0.989349,232,243
meta-llama/Llama-3.1-8B-Instruct,llama,llama,Q007,NONE_vs_CONTROL,chg_B,-0.103450,-2.478444,0.985595,232,243
meta-llama/Llama-3.1-8B-Instruct,llama,llama,Q007,SCREEN,chg_A,-0.094644,-2.719619,0.975596,241,243
meta-llama/Llama-3.1-8B-Instruct,llama,llama,Q007,SCREEN,chg_B,-0.057670,-3.307665,0.980563,241,243
meta-llama/Llama-3.1-8B-Instruct,llama,llama,Q007,AGE,chg_A,-0.275548,-1.525501,0.976668,248,243
meta-llama/Llama-3.1-8B-Instruct,llama,llama,Q007,AGE,chg_B,-0.042743,-3.917729,0.978044,248,243
meta-llama/Llama-3.1-8B-Instruct,llama,llama,Q007,ADHD,chg_A,-0.064192,-3.314187,0.974189,245,243
meta-llama/Llama-3.1-8B-Instruct,llama,llama,Q007,ADHD,chg_B,-0.086338,-2.961336,0.969034,245,243
meta-llama/Llama-3.1-8B-Instruct,llama,llama,Q008,IDENTITY,chg_A,-0.018262,-5.143261,0.987743,245,245
meta-llama/Llama-3.1-8B-Instruct,llama,llama,Q008,IDENTITY,chg_B,-0.018262,-5.143261,0.987743,245,245
meta-llama/Llama-3.1-8B-Instruct,llama,llama,Q008,NONE_vs_CONTROL,chg_A,-0.030670,-4.280670,0.983629,238,245
meta-llama/Llama-3.1-8B-Instruct,llama,llama,Q008,NONE_vs_CONTROL,chg_B,-0.120606,-2.370604,0.979808,238,245
meta-llama/Llama-3.1-8B-Instruct,llama,llama,Q008,SCREEN,chg_A,-0.192970,-1.817970,0.986861,258,245
meta-llama/Llama-3.1-8B-Instruct,llama,llama,Q008,SCREEN,chg_B,-0.187311,-1.812305,0.992464,258,245
meta-llama/Llama-3.1-8B-Instruct,llama,llama,Q008,AGE,chg_A,-0.141499,-2.141498,0.985535,243,245
meta-llama/Llama-3.1-8B-Instruct,llama,llama,Q008,AGE,chg_B,-0.328097,-1.328095,0.985275,243,245
meta-llama/Llama-3.1-8B-Instruct,llama,llama,Q008,ADHD,chg_A,-0.040956,-3.665955,0.985451,235,245
meta-llama/Llama-3.1-8B-Instruct,llama,llama,Q008,ADHD,chg_B,-0.355112,-1.230110,0.993355,235,245
meta-llama/Llama-3.1-8B-Instruct,llama,llama,Q009,IDENTITY,chg_A,-0.034573,-4.284573,0.979797,248,248
meta-llama/Llama-3.1-8B-Instruct,llama,llama,Q009,IDENTITY,chg_B,-0.034573,-4.284573,0.979797,248,248
meta-llama/Llama-3.1-8B-Instruct,llama,llama,Q009,NONE_vs_CONTROL,chg_A,-0.051655,-3.801645,0.971991,240,248
meta-llama/Llama-3.1-8B-Instruct,llama,llama,Q009,NONE_vs_CONTROL,chg_B,-0.109611,-2.859585,0.953475,240,248
meta-llama/Llama-3.1-8B-Instruct,llama,llama,Q009,SCREEN,chg_A,-0.049579,-3.424565,0.984193,252,248
meta-llama/Llama-3.1-8B-Instruct,llama,llama,Q009,SCREEN,chg_B,-0.037756,-4.162739,0.978512,252,248
meta-llama/Llama-3.1-8B-Instruct,llama,llama,Q009,AGE,chg_A,-0.231183,-1.731178,0.970670,229,248
meta-llama/Llama-3.1-8B-Instruct,llama,llama,Q009,AGE,chg_B,-0.228927,-1.853917,0.952009,229,248
meta-llama/Llama-3.1-8B-Instruct,llama,llama,Q009,ADHD,chg_A,-0.093011,-2.592996,0.985979,257,248
meta-llama/Llama-3.1-8B-Instruct,llama,llama,Q009,ADHD,chg_B,-0.060303,-3.060295,0.988353,257,248
meta-llama/Llama-3.1-8B-Instruct,llama,llama,Q010,IDENTITY,chg_A,-0.041156,-5.666155,0.963140,252,252
meta-llama/Llama-3.1-8B-Instruct,llama,llama,Q010,IDENTITY,chg_B,-0.041156,-5.666155,0.963140,252,252
meta-llama/Llama-3.1-8B-Instruct,llama,llama,Q010,NONE_vs_CONTROL,chg_A,-0.133972,-2.883961,0.930527,258,252
meta-llama/Llama-3.1-8B-Instruct,llama,llama,Q010,NONE_vs_CONTROL,chg_B,-0.031089,-6.281087,0.971261,258,252
meta-llama/Llama-3.1-8B-Instruct,llama,llama,Q010,SCREEN,chg_A,-0.092982,-4.092977,0.927900,255,252
meta-llama/Llama-3.1-8B-Instruct,llama,llama,Q010,SCREEN,chg_B,-0.054100,-4.304099,0.960850,255,252
meta-llama/Llama-3.1-8B-Instruct,llama,llama,Q010,AGE,chg_A,-0.093694,-3.968682,0.929460,243,252
meta-llama/Llama-3.1-8B-Instruct,llama,llama,Q010,AGE,chg_B,-0.077536,-3.452535,0.957059,243,252
meta-llama/Llama-3.1-8B-Instruct,llama,llama,Q010,ADHD,chg_A,-0.086818,-3.461778,0.948218,247,252
meta-llama/Llama-3.1-8B-Instruct,llama,llama,Q010,ADHD,chg_B,-0.044364,-5.669356,0.960056,247,252
meta-llama/Llama-3.1-8B-Instruct,llama,llama,Q011,IDENTITY,chg_A,-0.029791,-4.404785,0.982867,247,247
meta-llama/Llama-3.1-8B-Instruct,llama,llama,Q011,IDENTITY,chg_B,-0.029791,-4.404785,0.982867,247,247
meta-llama/Llama-3.1-8B-Instruct,llama,llama,Q011,NONE_vs_CONTROL,chg_A,-0.066583,-3.566571,0.963838,247,247
meta-llama/Llama-3.1-8B-Instruct,llama,llama,Q011,NONE_vs_CONTROL,chg_B,-0.071593,-3.571591,0.959021,247,247
meta-llama/Llama-3.1-8B-Instruct,llama,llama,Q011,SCREEN,chg_A,-0.207136,-1.957123,0.954174,244,247
meta-llama/Llama-3.1-8B-Instruct,llama,llama,Q011,SCREEN,chg_B,-0.118946,-2.993939,0.937945,244,247
meta-llama/Llama-3.1-8B-Instruct,llama,llama,Q011,AGE,chg_A,-0.242261,-1.867247,0.939400,257,247
meta-llama/Llama-3.1-8B-Instruct,llama,llama,Q011,AGE,chg_B,-0.198352,-3.573348,0.848143,257,247
meta-llama/Llama-3.1-8B-Instruct,llama,llama,Q011,ADHD,chg_A,-0.216451,-2.091436,0.928881,230,247
meta-llama/Llama-3.1-8B-Instruct,llama,llama,Q011,ADHD,chg_B,-0.324449,-1.949446,0.865278,230,247
meta-llama/Llama-3.1-8B-Instruct,llama,llama,Q012,IDENTITY,chg_A,-0.013038,-7.388038,0.987665,248,248
meta-llama/Llama-3.1-8B-Instruct,llama,llama,Q012,IDENTITY,chg_B,-0.013038,-7.388038,0.987665,248,248
meta-llama/Llama-3.1-8B-Instruct,llama,llama,Q012,NONE_vs_CONTROL,chg_A,-0.010353,-6.510353,0.991188,249,248
meta-llama/Llama-3.1-8B-Instruct,llama,llama,Q012,NONE_vs_CONTROL,chg_B,-0.023128,-5.898128,0.979882,249,248
meta-llama/Llama-3.1-8B-Instruct,llama,llama,Q012,SCREEN,chg_A,-0.036262,-3.536261,0.993510,249,248
meta-llama/Llama-3.1-8B-Instruct,llama,llama,Q012,SCREEN,chg_B,-0.008829,-5.508829,0.995260,249,248
meta-llama/Llama-3.1-8B-Instruct,llama,llama,Q012,AGE,chg_A,-0.017455,-5.267455,0.987853,251,248
meta-llama/Llama-3.1-8B-Instruct,llama,llama,Q012,AGE,chg_B,-0.022095,-5.772092,0.981261,251,248
meta-llama/Llama-3.1-8B-Instruct,llama,llama,Q012,ADHD,chg_A,-0.017969,-5.142968,0.988032,237,248
meta-llama/Llama-3.1-8B-Instruct,llama,llama,Q012,ADHD,chg_B,-0.069586,-3.319582,0.968948,237,248
meta-llama/Llama-3.1-8B-Instruct,llama,llama,Q013,IDENTITY,chg_A,-0.016646,-5.516646,0.987511,213,213
meta-llama/Llama-3.1-8B-Instruct,llama,llama,Q013,IDENTITY,chg_B,-0.016646,-5.516646,0.987511,213,213
meta-llama/Llama-3.1-8B-Instruct,llama,llama,Q013,NONE_vs_CONTROL,chg_A,-0.030290,-5.530288,0.974129,210,213
meta-llama/Llama-3.1-8B-Instruct,llama,llama,Q013,NONE_vs_CONTROL,chg_B,-0.058641,-3.308636,0.979611,210,213
meta-llama/Llama-3.1-8B-Instruct,llama,llama,Q013,SCREEN,chg_A,-0.061239,-3.186231,0.981925,227,213
meta-llama/Llama-3.1-8B-Instruct,llama,llama,Q013,SCREEN,chg_B,-0.029284,-4.278988,0.984997,227,213
meta-llama/Llama-3.1-8B-Instruct,llama,llama,Q013,AGE,chg_A,-0.126113,-2.626109,0.953875,224,213
meta-llama/Llama-3.1-8B-Instruct,llama,llama,Q013,AGE,chg_B,-0.052301,-5.052299,0.955438,224,213
meta-llama/Llama-3.1-8B-Instruct,llama,llama,Q013,ADHD,chg_A,-0.052441,-4.177435,0.964248,222,213
meta-llama/Llama-3.1-8B-Instruct,llama,llama,Q013,ADHD,chg_B,-0.076191,-3.076173,0.972775,222,213
meta-llama/Llama-3.1-8B-Instruct,llama,llama,Q014,IDENTITY,chg_A,-0.021434,-6.896434,0.979806,249,249
meta-llama/Llama-3.1-8B-Instruct,llama,llama,Q014,IDENTITY,chg_B,-0.021434,-6.896434,0.979806,249,249
meta-llama/Llama-3.1-8B-Instruct,llama,llama,Q014,NONE_vs_CONTROL,chg_A,-0.125195,-6.625134,0.883652,243,249
meta-llama/Llama-3.1-8B-Instruct,llama,llama,Q014,NONE_vs_CONTROL,chg_B,-0.175230,-2.300075,0.939515,243,249
meta-llama/Llama-3.1-8B-Instruct,llama,llama,Q014,SCREEN,chg_A,-0.060573,-5.310572,0.946164,256,249
meta-llama/Llama-3.1-8B-Instruct,llama,llama,Q014,SCREEN,chg_B,-0.128842,-2.878840,0.935313,256,249
meta-llama/Llama-3.1-8B-Instruct,llama,llama,Q014,AGE,chg_A,-0.058525,-4.933520,0.950356,246,249
meta-llama/Llama-3.1-8B-Instruct,llama,llama,Q014,AGE,chg_B,-0.071704,-3.696697,0.955612,246,249
meta-llama/Llama-3.1-8B-Instruct,llama,llama,Q014,ADHD,chg_A,-0.068176,-4.943174,0.941228,247,249
meta-llama/Llama-3.1-8B-Instruct,llama,llama,Q014,ADHD,chg_B,-0.057011,-3.806971,0.966799,247,249
meta-llama/Llama-3.1-8B-Instruct,llama,llama,Q015,IDENTITY,chg_A,-0.054972,-3.929969,0.966156,245,245
meta-llama/Llama-3.1-8B-Instruct,llama,llama,Q015,IDENTITY,chg_B,-0.054972,-3.929969,0.966156,245,245
meta-llama/Llama-3.1-8B-Instruct,llama,llama,Q015,NONE_vs_CONTROL,chg_A,-0.323643,-2.323628,0.821426,236,245
meta-llama/Llama-3.1-8B-Instruct,llama,llama,Q015,NONE_vs_CONTROL,chg_B,-0.061168,-4.311155,0.954083,236,245
meta-llama/Llama-3.1-8B-Instruct,llama,llama,Q015,SCREEN,chg_A,-0.251348,-1.876330,0.930903,242,245
meta-llama/Llama-3.1-8B-Instruct,llama,llama,Q015,SCREEN,chg_B,-0.060047,-5.560035,0.945569,242,245
meta-llama/Llama-3.1-8B-Instruct,llama,llama,Q015,AGE,chg_A,-0.311604,-2.186581,0.844572,239,245
meta-llama/Llama-3.1-8B-Instruct,llama,llama,Q015,AGE,chg_B,-0.120833,-3.120781,0.930305,239,245
meta-llama/Llama-3.1-8B-Instruct,llama,llama,Q015,ADHD,chg_A,-0.288136,-1.663104,0.939209,254,245
meta-llama/Llama-3.1-8B-Instruct,llama,llama,Q015,ADHD,chg_B,-0.111097,-2.861068,0.952060,254,245
meta-llama/Llama-3.1-8B-Instruct,llama,llama,Q016,IDENTITY,chg_A,-0.011125,-7.761124,0.989363,248,248
meta-llama/Llama-3.1-8B-Instruct,llama,llama,Q016,IDENTITY,chg_B,-0.011125,-7.761124,0.989363,248,248
meta-llama/Llama-3.1-8B-Instruct,llama,llama,Q016,NONE_vs_CONTROL,chg_A,-0.045231,-5.170226,0.961460,234,248
meta-llama/Llama-3.1-8B-Instruct,llama,llama,Q016,NONE_vs_CONTROL,chg_B,-0.098899,-3.223861,0.945636,234,248
meta-llama/Llama-3.1-8B-Instruct,llama,llama,Q016,SCREEN,chg_A,-0.031488,-4.906484,0.976401,248,248
meta-llama/Llama-3.1-8B-Instruct,llama,llama,Q016,SCREEN,chg_B,-0.028093,-5.028089,0.978850,248,248
meta-llama/Llama-3.1-8B-Instruct,llama,llama,Q016,AGE,chg_A,-0.043727,-4.793724,0.965497,247,248
meta-llama/Llama-3.1-8B-Instruct,llama,llama,Q016,AGE,chg_B,-0.041704,-4.916691,0.966477,247,248
meta-llama/Llama-3.1-8B-Instruct,llama,llama,Q016,ADHD,chg_A,-0.033046,-4.783044,0.975865,246,248
meta-llama/Llama-3.1-8B-Instruct,llama,llama,Q016,ADHD,chg_B,-0.032987,-4.532977,0.978300,246,248
meta-llama/Llama-3.1-8B-Instruct,llama,llama,Q017,IDENTITY,chg_A,-0.019866,-5.769862,0.983451,234,234
meta-llama/Llama-3.1-8B-Instruct,llama,llama,Q017,IDENTITY,chg_B,-0.019866,-5.769862,0.983451,234,234
meta-llama/Llama-3.1-8B-Instruct,llama,llama,Q017,NONE_vs_CONTROL,chg_A,-0.099137,-2.724117,0.971223,227,234
meta-llama/Llama-3.1-8B-Instruct,llama,llama,Q017,NONE_vs_CONTROL,chg_B,-0.063647,-3.938597,0.957812,227,234
meta-llama/Llama-3.1-8B-Instruct,llama,llama,Q017,SCREEN,chg_A,-0.382598,-1.257511,0.966448,257,234
meta-llama/Llama-3.1-8B-Instruct,llama,llama,Q017,SCREEN,chg_B,-0.024800,-7.399791,0.976117,257,234
meta-llama/Llama-3.1-8B-Instruct,llama,llama,Q017,AGE,chg_A,-0.222226,-1.847081,0.958431,248,234
meta-llama/Llama-3.1-8B-Instruct,llama,llama,Q017,AGE,chg_B,-0.049289,-5.549257,0.955796,248,234
meta-llama/Llama-3.1-8B-Instruct,llama,llama,Q017,ADHD,chg_A,-0.273904,-1.773748,0.930101,235,234
meta-llama/Llama-3.1-8B-Instruct,llama,llama,Q017,ADHD,chg_B,-0.068093,-6.068064,0.936489,235,234
meta-llama/Llama-3.1-8B-Instruct,llama,llama,Q018,IDENTITY,chg_A,-0.014182,-6.014181,0.988362,237,237
meta-llama/Llama-3.1-8B-Instruct,llama,llama,Q018,IDENTITY,chg_B,-0.014182,-6.014181,0.988362,237,237
meta-llama/Llama-3.1-8B-Instruct,llama,llama,Q018,NONE_vs_CONTROL,chg_A,-0.039047,-4.289046,0.975424,242,237
meta-llama/Llama-3.1-8B-Instruct,llama,llama,Q018,NONE_vs_CONTROL,chg_B,-0.045905,-3.795904,0.977595,242,237
meta-llama/Llama-3.1-8B-Instruct,llama,llama,Q018,SCREEN,chg_A,-0.053552,-3.678551,0.973116,235,237
meta-llama/Llama-3.1-8B-Instruct,llama,llama,Q018,SCREEN,chg_B,-0.062635,-3.187633,0.980556,235,237
meta-llama/Llama-3.1-8B-Instruct,llama,llama,Q018,AGE,chg_A,-0.104296,-2.729293,0.966224,246,237
meta-llama/Llama-3.1-8B-Instruct,llama,llama,Q018,AGE,chg_B,-0.048768,-4.048766,0.969846,246,237
meta-llama/Llama-3.1-8B-Instruct,llama,llama,Q018,ADHD,chg_A,-0.076018,-3.076004,0.972943,245,237
meta-llama/Llama-3.1-8B-Instruct,llama,llama,Q018,ADHD,chg_B,-0.150556,-2.150552,0.976649,245,237
meta-llama/Llama-3.1-8B-Instruct,llama,llama,Q019,IDENTITY,chg_A,-0.024314,-5.274313,0.981101,251,251
meta-llama/Llama-3.1-8B-Instruct,llama,llama,Q019,IDENTITY,chg_B,-0.024314,-5.274313,0.981101,251,251
meta-llama/Llama-3.1-8B-Instruct,llama,llama,Q019,NONE_vs_CONTROL,chg_A,-0.027990,-4.152986,0.988116,241,251
meta-llama/Llama-3.1-8B-Instruct,llama,llama,Q019,NONE_vs_CONTROL,chg_B,-0.054179,-3.304174,0.983992,241,251
meta-llama/Llama-3.1-8B-Instruct,llama,llama,Q019,SCREEN,chg_A,-0.108282,-2.483279,0.980844,246,251
meta-llama/Llama-3.1-8B-Instruct,llama,llama,Q019,SCREEN,chg_B,-0.031517,-4.031515,0.986722,246,251
meta-llama/Llama-3.1-8B-Instruct,llama,llama,Q019,AGE,chg_A,-0.082059,-2.707055,0.987951,243,251
meta-llama/Llama-3.1-8B-Instruct,llama,llama,Q019,AGE,chg_B,-0.029268,-4.154263,0.986854,243,251
meta-llama/Llama-3.1-8B-Instruct,llama,llama,Q019,ADHD,chg_A,-0.105953,-2.480930,0.983132,236,251
meta-llama/Llama-3.1-8B-Instruct,llama,llama,Q019,ADHD,chg_B,-0.155476,-2.155331,0.971872,236,251
meta-llama/Llama-3.1-8B-Instruct,llama,llama,Q020,IDENTITY,chg_A,-0.012003,-7.012003,0.988969,253,253
meta-llama/Llama-3.1-8B-Instruct,llama,llama,Q020,IDENTITY,chg_B,-0.012003,-7.012003,0.988969,253,253
meta-llama/Llama-3.1-8B-Instruct,llama,llama,Q020,NONE_vs_CONTROL,chg_A,-0.043738,-4.543738,0.967838,249,253
meta-llama/Llama-3.1-8B-Instruct,llama,llama,Q020,NONE_vs_CONTROL,chg_B,-0.034017,-5.659015,0.970041,249,253
meta-llama/Llama-3.1-8B-Instruct,llama,llama,Q020,SCREEN,chg_A,-0.042813,-3.667804,0.983623,259,253
meta-llama/Llama-3.1-8B-Instruct,llama,llama,Q020,SCREEN,chg_B,-0.016346,-6.641340,0.985092,259,253
meta-llama/Llama-3.1-8B-Instruct,llama,llama,Q020,AGE,chg_A,-0.069718,-2.944711,0.985274,249,253
meta-llama/Llama-3.1-8B-Instruct,llama,llama,Q020,AGE,chg_B,-0.026272,-4.526268,0.984891,249,253
meta-llama/Llama-3.1-8B-Instruct,llama,llama,Q020,ADHD,chg_A,-0.072038,-3.071986,0.976825,249,253
meta-llama/Llama-3.1-8B-Instruct,llama,llama,Q020,ADHD,chg_B,-0.063730,-5.688686,0.941642,249,253
meta-llama/Llama-3.1-8B-Instruct,llama,llama,Q021,IDENTITY,chg_A,-0.049908,-6.424896,0.952938,244,244
meta-llama/Llama-3.1-8B-Instruct,llama,llama,Q021,IDENTITY,chg_B,-0.049908,-6.424896,0.952938,244,244
meta-llama/Llama-3.1-8B-Instruct,llama,llama,Q021,NONE_vs_CONTROL,chg_A,-0.187689,-3.312656,0.865292,238,244
meta-llama/Llama-3.1-8B-Instruct,llama,llama,Q021,NONE_vs_CONTROL,chg_B,-0.043517,-4.793478,0.965700,238,244
meta-llama/Llama-3.1-8B-Instruct,llama,llama,Q021,SCREEN,chg_A,-0.158239,-4.158165,0.869282,247,244
meta-llama/Llama-3.1-8B-Instruct,llama,llama,Q021,SCREEN,chg_B,-0.048321,-7.173293,0.953595,247,244
meta-llama/Llama-3.1-8B-Instruct,llama,llama,Q021,AGE,chg_A,-0.232127,-3.232070,0.832321,251,244
meta-llama/Llama-3.1-8B-Instruct,llama,llama,Q021,AGE,chg_B,-0.041012,-4.915946,0.967147,251,244
meta-llama/Llama-3.1-8B-Instruct,llama,llama,Q021,ADHD,chg_A,-0.214397,-2.589294,0.882101,244,244
meta-llama/Llama-3.1-8B-Instruct,llama,llama,Q021,ADHD,chg_B,-0.069690,-4.069608,0.949767,244,244
meta-llama/Llama-3.1-8B-Instruct,llama,llama,Q022,IDENTITY,chg_A,-0.027062,-4.402062,0.985553,249,249
meta-llama/Llama-3.1-8B-Instruct,llama,llama,Q022,IDENTITY,chg_B,-0.027062,-4.402062,0.985553,249,249
meta-llama/Llama-3.1-8B-Instruct,llama,llama,Q022,NONE_vs_CONTROL,chg_A,-0.070590,-3.070589,0.978237,240,249
meta-llama/Llama-3.1-8B-Instruct,llama,llama,Q022,NONE_vs_CONTROL,chg_B,-0.074839,-2.824839,0.987211,240,249
meta-llama/Llama-3.1-8B-Instruct,llama,llama,Q022,SCREEN,chg_A,-0.221941,-1.721938,0.979682,246,249
meta-llama/Llama-3.1-8B-Instruct,llama,llama,Q022,SCREEN,chg_B,-0.112837,-2.362836,0.987449,246,249
meta-llama/Llama-3.1-8B-Instruct,llama,llama,Q022,AGE,chg_A,-0.247168,-1.622167,0.978480,251,249
meta-llama/Llama-3.1-8B-Instruct,llama,llama,Q022,AGE,chg_B,-0.086140,-2.711140,0.983926,251,249
meta-llama/Llama-3.1-8B-Instruct,llama,llama,Q022,ADHD,chg_A,-0.196856,-1.821853,0.983035,245,249
meta-llama/Llama-3.1-8B-Instruct,llama,llama,Q022,ADHD,chg_B,-0.070096,-2.820095,0.991905,245,249
meta-llama/Llama-3.1-8B-Instruct,llama,llama,Q023,IDENTITY,chg_A,-0.013165,-6.638165,0.988230,264,264
meta-llama/Llama-3.1-8B-Instruct,llama,llama,Q023,IDENTITY,chg_B,-0.013165,-6.638165,0.988230,264,264
meta-llama/Llama-3.1-8B-Instruct,llama,llama,Q023,NONE_vs_CONTROL,chg_A,-0.065883,-4.190881,0.951374,248,264
meta-llama/Llama-3.1-8B-Instruct,llama,llama,Q023,NONE_vs_CONTROL,chg_B,-0.060235,-4.310235,0.954973,248,264
meta-llama/Llama-3.1-8B-Instruct,llama,llama,Q023,SCREEN,chg_A,-0.096161,-2.846160,0.966385,257,264
meta-llama/Llama-3.1-8B-Instruct,llama,llama,Q023,SCREEN,chg_B,-0.076464,-3.451458,0.958086,257,264
meta-llama/Llama-3.1-8B-Instruct,llama,llama,Q023,AGE,chg_A,-0.044736,-4.044734,0.973764,254,264
meta-llama/Llama-3.1-8B-Instruct,llama,llama,Q023,AGE,chg_B,-0.028699,-4.278699,0.985570,254,264
meta-llama/Llama-3.1-8B-Instruct,llama,llama,Q023,ADHD,chg_A,-0.096333,-2.721324,0.973949,249,264
meta-llama/Llama-3.1-8B-Instruct,llama,llama,Q023,ADHD,chg_B,-0.077686,-2.827681,0.984404,249,264
meta-llama/Llama-3.1-8B-Instruct,llama,llama,Q024,IDENTITY,chg_A,-0.020131,-5.270131,0.985213,254,254
meta-llama/Llama-3.1-8B-Instruct,llama,llama,Q024,IDENTITY,chg_B,-0.020131,-5.270131,0.985213,254,254
meta-llama/Llama-3.1-8B-Instruct,llama,llama,Q024,NONE_vs_CONTROL,chg_A,-0.039941,-4.289941,0.974552,257,254
meta-llama/Llama-3.1-8B-Instruct,llama,llama,Q024,NONE_vs_CONTROL,chg_B,-0.064570,-3.314569,0.973820,257,254
meta-llama/Llama-3.1-8B-Instruct,llama,llama,Q024,SCREEN,chg_A,-0.136583,-2.136581,0.990392,249,254
meta-llama/Llama-3.1-8B-Instruct,llama,llama,Q024,SCREEN,chg_B,-0.061489,-3.061484,0.987182,249,254
meta-llama/Llama-3.1-8B-Instruct,llama,llama,Q024,AGE,chg_A,-0.066535,-3.441533,0.967646,254,254
meta-llama/Llama-3.1-8B-Instruct,llama,llama,Q024,AGE,chg_B,-0.050452,-3.925451,0.970533,254,254
meta-llama/Llama-3.1-8B-Instruct,llama,llama,Q024,ADHD,chg_A,-0.092395,-2.842391,0.970031,250,254
meta-llama/Llama-3.1-8B-Instruct,llama,llama,Q024,ADHD,chg_B,-0.048469,-3.548461,0.981456,250,254
meta-llama/Llama-3.1-8B-Instruct,llama,llama,Q025,IDENTITY,chg_A,-0.023537,-6.523535,0.978207,248,248
meta-llama/Llama-3.1-8B-Instruct,llama,llama,Q025,IDENTITY,chg_B,-0.023537,-6.523535,0.978207,248,248
meta-llama/Llama-3.1-8B-Instruct,llama,llama,Q025,NONE_vs_CONTROL,chg_A,-0.037670,-4.412668,0.975154,247,248
meta-llama/Llama-3.1-8B-Instruct,llama,llama,Q025,NONE_vs_CONTROL,chg_B,-0.028377,-6.403375,0.973678,247,248
meta-llama/Llama-3.1-8B-Instruct,llama,llama,Q025,SCREEN,chg_A,-0.057606,-3.432599,0.976325,255,248
meta-llama/Llama-3.1-8B-Instruct,llama,llama,Q025,SCREEN,chg_B,-0.020665,-5.770657,0.982665,255,248
meta-llama/Llama-3.1-8B-Instruct,llama,llama,Q025,AGE,chg_A,-0.060973,-3.935970,0.960376,248,248
meta-llama/Llama-3.1-8B-Instruct,llama,llama,Q025,AGE,chg_B,-0.036162,-4.661160,0.973940,248,248
meta-llama/Llama-3.1-8B-Instruct,llama,llama,Q025,ADHD,chg_A,-0.039120,-4.289118,0.975352,244,248
meta-llama/Llama-3.1-8B-Instruct,llama,llama,Q025,ADHD,chg_B,-0.051912,-3.926910,0.969117,244,248
meta-llama/Llama-3.1-8B-Instruct,llama,llama,Q026,IDENTITY,chg_A,-0.047261,-3.547260,0.982642,237,237
meta-llama/Llama-3.1-8B-Instruct,llama,llama,Q026,IDENTITY,chg_B,-0.047261,-3.547260,0.982642,237,237
meta-llama/Llama-3.1-8B-Instruct,llama,llama,Q026,NONE_vs_CONTROL,chg_A,-0.083778,-3.208777,0.960041,231,237
meta-llama/Llama-3.1-8B-Instruct,llama,llama,Q026,NONE_vs_CONTROL,chg_B,-0.070940,-3.445938,0.963393,231,237
meta-llama/Llama-3.1-8B-Instruct,llama,llama,Q026,SCREEN,chg_A,-0.165031,-2.540020,0.926733,230,237
meta-llama/Llama-3.1-8B-Instruct,llama,llama,Q026,SCREEN,chg_B,-0.063879,-4.063859,0.955301,230,237
meta-llama/Llama-3.1-8B-Instruct,llama,llama,Q026,AGE,chg_A,-0.240600,-1.865586,0.940962,233,237
meta-llama/Llama-3.1-8B-Instruct,llama,llama,Q026,AGE,chg_B,-0.052322,-4.177318,0.964363,233,237
meta-llama/Llama-3.1-8B-Instruct,llama,llama,Q026,ADHD,chg_A,-0.288569,-1.913568,0.896888,234,237
meta-llama/Llama-3.1-8B-Instruct,llama,llama,Q026,ADHD,chg_B,-0.129849,-2.379812,0.970796,234,237
meta-llama/Llama-3.1-8B-Instruct,llama,llama,Q027,IDENTITY,chg_A,-0.020398,-6.895398,0.980821,246,246
meta-llama/Llama-3.1-8B-Instruct,llama,llama,Q027,IDENTITY,chg_B,-0.020398,-6.895398,0.980821,246,246
meta-llama/Llama-3.1-8B-Instruct,llama,llama,Q027,NONE_vs_CONTROL,chg_A,-0.047529,-4.297525,0.967185,248,246
meta-llama/Llama-3.1-8B-Instruct,llama,llama,Q027,NONE_vs_CONTROL,chg_B,-0.060253,-3.935251,0.961067,248,246
meta-llama/Llama-3.1-8B-Instruct,llama,llama,Q027,SCREEN,chg_A,-0.116433,-2.491422,0.972882,250,246
meta-llama/Llama-3.1-8B-Instruct,llama,llama,Q027,SCREEN,chg_B,-0.030372,-5.655360,0.973583,250,246
meta-llama/Llama-3.1-8B-Instruct,llama,llama,Q027,AGE,chg_A,-0.021448,-5.521446,0.982781,246,246
meta-llama/Llama-3.1-8B-Instruct,llama,llama,Q027,AGE,chg_B,-0.009618,-6.509617,0.991917,246,246
meta-llama/Llama-3.1-8B-Instruct,llama,llama,Q027,ADHD,chg_A,-0.050647,-4.050644,0.968026,255,246
meta-llama/Llama-3.1-8B-Instruct,llama,llama,Q027,ADHD,chg_B,-0.039850,-3.789846,0.983533,255,246
meta-llama/Llama-3.1-8B-Instruct,llama,llama,Q028,IDENTITY,chg_A,-0.012215,-6.387215,0.989542,245,245
meta-llama/Llama-3.1-8B-Instruct,llama,llama,Q028,IDENTITY,chg_B,-0.012215,-6.387215,0.989542,245,245
meta-llama/Llama-3.1-8B-Instruct,llama,llama,Q028,NONE_vs_CONTROL,chg_A,-0.077959,-3.327958,0.960869,252,245
meta-llama/Llama-3.1-8B-Instruct,llama,llama,Q028,NONE_vs_CONTROL,chg_B,-0.090106,-3.340104,0.949268,252,245
meta-llama/Llama-3.1-8B-Instruct,llama,llama,Q028,SCREEN,chg_A,-0.195281,-1.820276,0.984584,250,245
meta-llama/Llama-3.1-8B-Instruct,llama,llama,Q028,SCREEN,chg_B,-0.029644,-4.279640,0.984639,250,245
meta-llama/Llama-3.1-8B-Instruct,llama,llama,Q028,AGE,chg_A,-0.079971,-2.954963,0.975224,252,245
meta-llama/Llama-3.1-8B-Instruct,llama,llama,Q028,AGE,chg_B,-0.045261,-3.920259,0.975583,252,245
meta-llama/Llama-3.1-8B-Instruct,llama,llama,Q028,ADHD,chg_A,-0.140954,-3.015905,0.917531,247,245
meta-llama/Llama-3.1-8B-Instruct,llama,llama,Q028,ADHD,chg_B,-0.146979,-3.146923,0.906297,247,245
meta-llama/Llama-3.1-8B-Instruct,llama,llama,Q029,IDENTITY,chg_A,-0.035528,-5.035528,0.971598,248,248
meta-llama/Llama-3.1-8B-Instruct,llama,llama,Q029,IDENTITY,chg_B,-0.035528,-5.035528,0.971598,248,248
meta-llama/Llama-3.1-8B-Instruct,llama,llama,Q029,NONE_vs_CONTROL,chg_A,-0.032609,-4.907606,0.975307,243,248
meta-llama/Llama-3.1-8B-Instruct,llama,llama,Q029,NONE_vs_CONTROL,chg_B,-0.052542,-4.052542,0.966192,243,248
meta-llama/Llama-3.1-8B-Instruct,llama,llama,Q029,SCREEN,chg_A,-0.043745,-4.043743,0.974730,245,248
meta-llama/Llama-3.1-8B-Instruct,llama,llama,Q029,SCREEN,chg_B,-0.072114,-3.322114,0.966501,245,248
meta-llama/Llama-3.1-8B-Instruct,llama,llama,Q029,AGE,chg_A,-0.035772,-4.660770,0.974319,259,248
meta-llama/Llama-3.1-8B-Instruct,llama,llama,Q029,AGE,chg_B,-0.072621,-3.072617,0.976253,259,248
meta-llama/Llama-3.1-8B-Instruct,llama,llama,Q029,ADHD,chg_A,-0.059492,-4.059487,0.959501,243,248
meta-llama/Llama-3.1-8B-Instruct,llama,llama,Q029,ADHD,chg_B,-0.102437,-2.602433,0.976728,243,248
meta-llama/Llama-3.1-8B-Instruct,llama,llama,Q030,IDENTITY,chg_A,-0.029063,-5.029062,0.977900,245,245
meta-llama/Llama-3.1-8B-Instruct,llama,llama,Q030,IDENTITY,chg_B,-0.029063,-5.029062,0.977900,245,245
meta-llama/Llama-3.1-8B-Instruct,llama,llama,Q030,NONE_vs_CONTROL,chg_A,-0.052339,-3.927336,0.968703,242,245
meta-llama/Llama-3.1-8B-Instruct,llama,llama,Q030,NONE_vs_CONTROL,chg_B,-0.059271,-4.434267,0.954315,242,245
meta-llama/Llama-3.1-8B-Instruct,llama,llama,Q030,SCREEN,chg_A,-0.137298,-2.387285,0.963589,251,245
meta-llama/Llama-3.1-8B-Instruct,llama,llama,Q030,SCREEN,chg_B,-0.047865,-6.422855,0.954886,251,245
meta-llama/Llama-3.1-8B-Instruct,llama,llama,Q030,AGE,chg_A,-0.259195,-2.134156,0.890017,204,245
meta-llama/Llama-3.1-8B-Instruct,llama,llama,Q030,AGE,chg_B,-0.265989,-3.140692,0.809701,204,245
meta-llama/Llama-3.1-8B-Instruct,llama,llama,Q030,ADHD,chg_A,-0.120783,-2.620763,0.958974,223,245
meta-llama/Llama-3.1-8B-Instruct,llama,llama,Q030,ADHD,chg_B,-0.127926,-2.752834,0.943666,223,245
meta-llama/Llama-3.1-8B-Instruct,llama,llama,Q031,IDENTITY,chg_A,-0.026266,-4.276266,0.987970,225,225
meta-llama/Llama-3.1-8B-Instruct,llama,llama,Q031,IDENTITY,chg_B,-0.026266,-4.276266,0.987970,225,225
meta-llama/Llama-3.1-8B-Instruct,llama,llama,Q031,NONE_vs_CONTROL,chg_A,-0.117797,-2.492796,0.971555,221,225
meta-llama/Llama-3.1-8B-Instruct,llama,llama,Q031,NONE_vs_CONTROL,chg_B,-0.074108,-2.949104,0.980958,221,225
meta-llama/Llama-3.1-8B-Instruct,llama,llama,Q031,SCREEN,chg_A,-0.359508,-1.234506,0.988998,225,225
meta-llama/Llama-3.1-8B-Instruct,llama,llama,Q031,SCREEN,chg_B,-0.041657,-3.416651,0.992021,225,225
meta-llama/Llama-3.1-8B-Instruct,llama,llama,Q031,AGE,chg_A,-0.160224,-2.035217,0.982605,225,225
meta-llama/Llama-3.1-8B-Instruct,llama,llama,Q031,AGE,chg_B,-0.091348,-2.591347,0.987619,225,225
meta-llama/Llama-3.1-8B-Instruct,llama,llama,Q031,ADHD,chg_A,-0.068216,-2.943211,0.986755,235,225
meta-llama/Llama-3.1-8B-Instruct,llama,llama,Q031,ADHD,chg_B,-0.122878,-2.247877,0.989995,235,225
meta-llama/Llama-3.1-8B-Instruct,llama,llama,Q032,IDENTITY,chg_A,-0.050848,-5.050845,0.956827,230,230
meta-llama/Llama-3.1-8B-Instruct,llama,llama,Q032,IDENTITY,chg_B,-0.050848,-5.050845,0.956827,230,230
meta-llama/Llama-3.1-8B-Instruct,llama,llama,Q032,NONE_vs_CONTROL,chg_A,-0.082956,-3.332929,0.956080,224,230
meta-llama/Llama-3.1-8B-Instruct,llama,llama,Q032,NONE_vs_CONTROL,chg_B,-0.064015,-3.814009,0.960050,224,230
meta-llama/Llama-3.1-8B-Instruct,llama,llama,Q032,SCREEN,chg_A,-0.183550,-2.183429,0.944964,248,230
meta-llama/Llama-3.1-8B-Instruct,llama,llama,Q032,SCREEN,chg_B,-0.063403,-3.563371,0.966909,248,230
meta-llama/Llama-3.1-8B-Instruct,llama,llama,Q032,AGE,chg_A,-0.160281,-2.410198,0.941702,241,230
meta-llama/Llama-3.1-8B-Instruct,llama,llama,Q032,AGE,chg_B,-0.112855,-2.987774,0.943679,241,230
meta-llama/Llama-3.1-8B-Instruct,llama,llama,Q032,ADHD,chg_A,-0.121316,-3.121297,0.929854,242,230
meta-llama/Llama-3.1-8B-Instruct,llama,llama,Q032,ADHD,chg_B,-0.069322,-3.444318,0.964952,242,230
meta-llama/Llama-3.1-8B-Instruct,llama,llama,Q033,IDENTITY,chg_A,-0.016347,-6.141347,0.985937,254,254
meta-llama/Llama-3.1-8B-Instruct,llama,llama,Q033,IDENTITY,chg_B,-0.016347,-6.141347,0.985937,254,254
meta-llama/Llama-3.1-8B-Instruct,llama,llama,Q033,NONE_vs_CONTROL,chg_A,-0.107336,-2.482326,0.981773,246,254
meta-llama/Llama-3.1-8B-Instruct,llama,llama,Q033,NONE_vs_CONTROL,chg_B,-0.104675,-2.604662,0.974546,246,254
meta-llama/Llama-3.1-8B-Instruct,llama,llama,Q033,SCREEN,chg_A,-0.325467,-1.325444,0.987875,235,254
meta-llama/Llama-3.1-8B-Instruct,llama,llama,Q033,SCREEN,chg_B,-0.082521,-4.332421,0.933928,235,254
meta-llama/Llama-3.1-8B-Instruct,llama,llama,Q033,AGE,chg_A,-0.166729,-2.041711,0.976235,232,254
meta-llama/Llama-3.1-8B-Instruct,llama,llama,Q033,AGE,chg_B,-0.191524,-1.941470,0.969193,232,254
meta-llama/Llama-3.1-8B-Instruct,llama,llama,Q033,ADHD,chg_A,-0.107618,-2.482604,0.981496,237,254
meta-llama/Llama-3.1-8B-Instruct,llama,llama,Q033,ADHD,chg_B,-0.106628,-2.481623,0.982468,237,254
meta-llama/Llama-3.1-8B-Instruct,llama,llama,Q034,IDENTITY,chg_A,-0.042118,-5.667118,0.962215,245,245
meta-llama/Llama-3.1-8B-Instruct,llama,llama,Q034,IDENTITY,chg_B,-0.042118,-5.667118,0.962215,245,245
meta-llama/Llama-3.1-8B-Instruct,llama,llama,Q034,NONE_vs_CONTROL,chg_A,-0.067216,-4.192216,0.950106,252,245
meta-llama/Llama-3.1-8B-Instruct,llama,llama,Q034,NONE_vs_CONTROL,chg_B,-0.077425,-4.077425,0.942447,252,245
meta-llama/Llama-3.1-8B-Instruct,llama,llama,Q034,SCREEN,chg_A,-0.037084,-3.662084,0.989274,242,245
meta-llama/Llama-3.1-8B-Instruct,llama,llama,Q034,SCREEN,chg_B,-0.037743,-3.537742,0.992039,242,245
meta-llama/Llama-3.1-8B-Instruct,llama,llama,Q034,AGE,chg_A,-0.074556,-2.949555,0.980519,252,245
meta-llama/Llama-3.1-8B-Instruct,llama,llama,Q034,AGE,chg_B,-0.049277,-3.424276,0.984490,252,245
meta-llama/Llama-3.1-8B-Instruct,llama,llama,Q034,ADHD,chg_A,-0.088496,-2.713495,0.981611,252,245
meta-llama/Llama-3.1-8B-Instruct,llama,llama,Q034,ADHD,chg_B,-0.056509,-3.056506,0.992110,252,245
meta-llama/Llama-3.1-8B-Instruct,llama,llama,Q035,IDENTITY,chg_A,-0.019125,-5.644125,0.984595,233,233
meta-llama/Llama-3.1-8B-Instruct,llama,llama,Q035,IDENTITY,chg_B,-0.019125,-5.644125,0.984595,233,233
meta-llama/Llama-3.1-8B-Instruct,llama,llama,Q035,NONE_vs_CONTROL,chg_A,-0.034982,-4.534981,0.976350,223,233
meta-llama/Llama-3.1-8B-Instruct,llama,llama,Q035,NONE_vs_CONTROL,chg_B,-0.025100,-4.525099,0.986046,223,233
meta-llama/Llama-3.1-8B-Instruct,llama,llama,Q035,SCREEN,chg_A,-0.108720,-2.483688,0.980416,226,233
meta-llama/Llama-3.1-8B-Instruct,llama,llama,Q035,SCREEN,chg_B,-0.080834,-4.455505,0.933961,226,233
meta-llama/Llama-3.1-8B-Instruct,llama,llama,Q035,AGE,chg_A,-0.055726,-3.805723,0.968041,227,233
meta-llama/Llama-3.1-8B-Instruct,llama,llama,Q035,AGE,chg_B,-0.025549,-4.775547,0.983208,227,233
meta-llama/Llama-3.1-8B-Instruct,llama,llama,Q035,ADHD,chg_A,-0.048314,-3.923307,0.972610,205,233
meta-llama/Llama-3.1-8B-Instruct,llama,llama,Q035,ADHD,chg_B,-0.103534,-2.728504,0.966962,205,233
meta-llama/Llama-3.1-8B-Instruct,llama,llama,Q036,IDENTITY,chg_A,-0.013558,-6.138558,0.988691,235,235
meta-llama/Llama-3.1-8B-Instruct,llama,llama,Q036,IDENTITY,chg_B,-0.013558,-6.138558,0.988691,235,235
meta-llama/Llama-3.1-8B-Instruct,llama,llama,Q036,NONE_vs_CONTROL,chg_A,-0.086386,-2.711385,0.983685,248,235
meta-llama/Llama-3.1-8B-Instruct,llama,llama,Q036,NONE_vs_CONTROL,chg_B,-0.063146,-3.063144,0.985547,248,235
meta-llama/Llama-3.1-8B-Instruct,llama,llama,Q036,SCREEN,chg_A,-0.151436,-2.026432,0.991278,233,235
meta-llama/Llama-3.1-8B-Instruct,llama,llama,Q036,SCREEN,chg_B,-0.059742,-3.059734,0.988908,233,235
meta-llama/Llama-3.1-8B-Instruct,llama,llama,Q036,AGE,chg_A,-0.110339,-2.485337,0.978828,237,235
meta-llama/Llama-3.1-8B-Instruct,llama,llama,Q036,AGE,chg_B,-0.052243,-3.552240,0.977759,237,235
meta-llama/Llama-3.1-8B-Instruct,llama,llama,Q036,ADHD,chg_A,-0.083191,-2.708184,0.986833,232,235
meta-llama/Llama-3.1-8B-Instruct,llama,llama,Q036,ADHD,chg_B,-0.193062,-1.818047,0.986773,232,235
meta-llama/Llama-3.1-8B-Instruct,llama,llama,Q037,IDENTITY,chg_A,-0.024879,-5.399879,0.979945,240,240
meta-llama/Llama-3.1-8B-Instruct,llama,llama,Q037,IDENTITY,chg_B,-0.024879,-5.399879,0.979945,240,240
meta-llama/Llama-3.1-8B-Instruct,llama,llama,Q037,NONE_vs_CONTROL,chg_A,-0.027978,-4.152978,0.988127,234,240
meta-llama/Llama-3.1-8B-Instruct,llama,llama,Q037,NONE_vs_CONTROL,chg_B,-0.106346,-2.356344,0.993880,234,240
meta-llama/Llama-3.1-8B-Instruct,llama,llama,Q037,SCREEN,chg_A,-0.044481,-3.419481,0.989223,244,240
meta-llama/Llama-3.1-8B-Instruct,llama,llama,Q037,SCREEN,chg_B,-0.108404,-2.358401,0.991836,244,240
meta-llama/Llama-3.1-8B-Instruct,llama,llama,Q037,AGE,chg_A,-0.075248,-2.825247,0.986808,258,240
meta-llama/Llama-3.1-8B-Instruct,llama,llama,Q037,AGE,chg_B,-0.051025,-3.301024,0.987100,258,240
meta-llama/Llama-3.1-8B-Instruct,llama,llama,Q037,ADHD,chg_A,-0.076123,-2.826123,0.985944,253,240
meta-llama/Llama-3.1-8B-Instruct,llama,llama,Q037,ADHD,chg_B,-0.120834,-2.245832,0.992020,253,240
meta-llama/Llama-3.1-8B-Instruct,llama,llama,Q038,IDENTITY,chg_A,-0.024350,-5.524349,0.979932,247,247
meta-llama/Llama-3.1-8B-Instruct,llama,llama,Q038,IDENTITY,chg_B,-0.024350,-5.524349,0.979932,247,247
meta-llama/Llama-3.1-8B-Instruct,llama,llama,Q038,NONE_vs_CONTROL,chg_A,-0.025338,-4.650336,0.984539,248,247
meta-llama/Llama-3.1-8B-Instruct,llama,llama,Q038,NONE_vs_CONTROL,chg_B,-0.022628,-4.522627,0.988486,248,247
meta-llama/Llama-3.1-8B-Instruct,llama,llama,Q038,SCREEN,chg_A,-0.020728,-4.645726,0.989088,236,247
meta-llama/Llama-3.1-8B-Instruct,llama,llama,Q038,SCREEN,chg_B,-0.024627,-4.399624,0.987956,236,247
meta-llama/Llama-3.1-8B-Instruct,llama,llama,Q038,AGE,chg_A,-0.019378,-4.644377,0.990424,241,247
meta-llama/Llama-3.1-8B-Instruct,llama,llama,Q038,AGE,chg_B,-0.038018,-4.663016,0.972133,241,247
meta-llama/Llama-3.1-8B-Instruct,llama,llama,Q038,ADHD,chg_A,-0.049456,-3.674450,0.977111,214,247
meta-llama/Llama-3.1-8B-Instruct,llama,llama,Q038,ADHD,chg_B,-0.121397,-4.496267,0.896833,214,247
meta-llama/Llama-3.1-8B-Instruct,llama,llama,Q039,IDENTITY,chg_A,-0.040173,-6.790172,0.961748,231,231
meta-llama/Llama-3.1-8B-Instruct,llama,llama,Q039,IDENTITY,chg_B,-0.040173,-6.790172,0.961748,231,231
meta-llama/Llama-3.1-8B-Instruct,llama,llama,Q039,NONE_vs_CONTROL,chg_A,-0.133392,-4.508387,0.886138,249,231
meta-llama/Llama-3.1-8B-Instruct,llama,llama,Q039,NONE_vs_CONTROL,chg_B,-0.090001,-4.340000,0.926967,249,231
meta-llama/Llama-3.1-8B-Instruct,llama,llama,Q039,SCREEN,chg_A,-0.330738,-1.830694,0.878696,252,231
meta-llama/Llama-3.1-8B-Instruct,llama,llama,Q039,SCREEN,chg_B,-0.030873,-5.905865,0.972322,252,231
meta-llama/Llama-3.1-8B-Instruct,llama,llama,Q039,AGE,chg_A,-0.419590,-1.794522,0.823523,239,231
meta-llama/Llama-3.1-8B-Instruct,llama,llama,Q039,AGE,chg_B,-0.069703,-3.944678,0.952029,239,231
meta-llama/Llama-3.1-8B-Instruct,llama,llama,Q039,ADHD,chg_A,-0.382640,-1.757571,0.854522,236,231
meta-llama/Llama-3.1-8B-Instruct,llama,llama,Q039,ADHD,chg_B,-0.081549,-4.081472,0.938570,236,231
meta-llama/Llama-3.1-8B-Instruct,llama,llama,Q040,IDENTITY,chg_A,-0.023183,-5.023183,0.983667,260,260
meta-llama/Llama-3.1-8B-Instruct,llama,llama,Q040,IDENTITY,chg_B,-0.023183,-5.023183,0.983667,260,260
meta-llama/Llama-3.1-8B-Instruct,llama,llama,Q040,NONE_vs_CONTROL,chg_A,-0.058301,-3.808300,0.965552,255,260
meta-llama/Llama-3.1-8B-Instruct,llama,llama,Q040,NONE_vs_CONTROL,chg_B,-0.030461,-5.030460,0.976534,255,260
meta-llama/Llama-3.1-8B-Instruct,llama,llama,Q040,SCREEN,chg_A,-0.023869,-5.273869,0.981537,254,260
meta-llama/Llama-3.1-8B-Instruct,llama,llama,Q040,SCREEN,chg_B,-0.043824,-4.043823,0.974653,254,260
meta-llama/Llama-3.1-8B-Instruct,llama,llama,Q040,AGE,chg_A,-0.043736,-4.168735,0.972678,251,260
meta-llama/Llama-3.1-8B-Instruct,llama,llama,Q040,AGE,chg_B,-0.074392,-3.574387,0.956341,251,260
meta-llama/Llama-3.1-8B-Instruct,llama,llama,Q040,ADHD,chg_A,-0.053410,-3.553407,0.976618,252,260
meta-llama/Llama-3.1-8B-Instruct,llama,llama,Q040,ADHD,chg_B,-0.054426,-3.804421,0.969300,252,260
meta-llama/Llama-3.1-8B-Instruct,llama,llama,Q041,IDENTITY,chg_A,-0.015701,-5.390701,0.988981,245,245
meta-llama/Llama-3.1-8B-Instruct,llama,llama,Q041,IDENTITY,chg_B,-0.015701,-5.390701,0.988981,245,245
meta-llama/Llama-3.1-8B-Instruct,llama,llama,Q041,NONE_vs_CONTROL,chg_A,-0.025358,-4.150358,0.990719,245,245
meta-llama/Llama-3.1-8B-Instruct,llama,llama,Q041,NONE_vs_CONTROL,chg_B,-0.016296,-5.391295,0.988392,245,245
meta-llama/Llama-3.1-8B-Instruct,llama,llama,Q041,SCREEN,chg_A,-0.036832,-3.661778,0.989525,233,245
meta-llama/Llama-3.1-8B-Instruct,llama,llama,Q041,SCREEN,chg_B,-0.034092,-4.159047,0.982105,233,245
meta-llama/Llama-3.1-8B-Instruct,llama,llama,Q041,AGE,chg_A,-0.078143,-2.703140,0.991827,245,245
meta-llama/Llama-3.1-8B-Instruct,llama,llama,Q041,AGE,chg_B,-0.029334,-4.154326,0.986788,245,245
meta-llama/Llama-3.1-8B-Instruct,llama,llama,Q041,ADHD,chg_A,-0.137273,-2.137233,0.989713,233,245
meta-llama/Llama-3.1-8B-Instruct,llama,llama,Q041,ADHD,chg_B,-0.014680,-6.139638,0.987583,233,245
meta-llama/Llama-3.1-8B-Instruct,llama,llama,Q042,IDENTITY,chg_A,-0.018752,-6.143751,0.983569,192,192
meta-llama/Llama-3.1-8B-Instruct,llama,llama,Q042,IDENTITY,chg_B,-0.018752,-6.143751,0.983569,192,192
meta-llama/Llama-3.1-8B-Instruct,llama,llama,Q042,NONE_vs_CONTROL,chg_A,-0.043773,-3.793771,0.979681,218,192
meta-llama/Llama-3.1-8B-Instruct,llama,llama,Q042,NONE_vs_CONTROL,chg_B,-0.054130,-3.554127,0.975916,218,192
meta-llama/Llama-3.1-8B-Instruct,llama,llama,Q042,SCREEN,chg_A,-0.063812,-3.313805,0.974559,237,192
meta-llama/Llama-3.1-8B-Instruct,llama,llama,Q042,SCREEN,chg_B,-0.042521,-3.917517,0.978261,237,192
meta-llama/Llama-3.1-8B-Instruct,llama,llama,Q042,AGE,chg_A,-0.065842,-3.065838,0.982894,175,192
meta-llama/Llama-3.1-8B-Instruct,llama,llama,Q042,AGE,chg_B,-0.060789,-4.060771,0.958257,175,192
meta-llama/Llama-3.1-8B-Instruct,llama,llama,Q042,ADHD,chg_A,-0.062463,-3.187458,0.980725,202,192
meta-llama/Llama-3.1-8B-Instruct,llama,llama,Q042,ADHD,chg_B,-0.033538,-4.033534,0.984730,202,192
meta-llama/Llama-3.1-8B-Instruct,llama,llama,Q043,IDENTITY,chg_A,-0.017230,-5.392225,0.987470,197,197
meta-llama/Llama-3.1-8B-Instruct,llama,llama,Q043,IDENTITY,chg_B,-0.017230,-5.392225,0.987470,197,197
meta-llama/Llama-3.1-8B-Instruct,llama,llama,Q043,NONE_vs_CONTROL,chg_A,-0.071001,-3.320945,0.967580,243,197
meta-llama/Llama-3.1-8B-Instruct,llama,llama,Q043,NONE_vs_CONTROL,chg_B,-0.152078,-2.152071,0.975164,243,197
meta-llama/Llama-3.1-8B-Instruct,llama,llama,Q043,SCREEN,chg_A,-0.124359,-2.374297,0.976143,219,197
meta-llama/Llama-3.1-8B-Instruct,llama,llama,Q043,SCREEN,chg_B,-0.065630,-3.440390,0.968529,219,197
meta-llama/Llama-3.1-8B-Instruct,llama,llama,Q043,AGE,chg_A,-0.160076,-2.159927,0.967412,221,197
meta-llama/Llama-3.1-8B-Instruct,llama,llama,Q043,AGE,chg_B,-0.071076,-3.446023,0.963263,221,197
meta-llama/Llama-3.1-8B-Instruct,llama,llama,Q043,ADHD,chg_A,-0.168843,-2.043647,0.974197,203,197
meta-llama/Llama-3.1-8B-Instruct,llama,llama,Q043,ADHD,chg_B,-0.088417,-2.713292,0.981697,203,197
meta-llama/Llama-3.1-8B-Instruct,llama,llama,Q044,IDENTITY,chg_A,-0.018337,-5.768337,0.984955,233,233
meta-llama/Llama-3.1-8B-Instruct,llama,llama,Q044,IDENTITY,chg_B,-0.018337,-5.768337,0.984955,233,233
meta-llama/Llama-3.1-8B-Instruct,llama,llama,Q044,NONE_vs_CONTROL,chg_A,-0.033459,-4.408454,0.979268,229,233
meta-llama/Llama-3.1-8B-Instruct,llama,llama,Q044,NONE_vs_CONTROL,chg_B,-0.047317,-3.547313,0.982587,229,233
meta-llama/Llama-3.1-8B-Instruct,llama,llama,Q044,SCREEN,chg_A,-0.086088,-2.711074,0.983979,240,233
meta-llama/Llama-3.1-8B-Instruct,llama,llama,Q044,SCREEN,chg_B,-0.053578,-3.553562,0.976455,240,233
meta-llama/Llama-3.1-8B-Instruct,llama,llama,Q044,AGE,chg_A,-0.077456,-2.952443,0.977680,229,233
meta-llama/Llama-3.1-8B-Instruct,llama,llama,Q044,AGE,chg_B,-0.148334,-2.273330,0.965112,229,233
meta-llama/Llama-3.1-8B-Instruct,llama,llama,Q044,ADHD,chg_A,-0.056753,-3.431743,0.977158,217,233
meta-llama/Llama-3.1-8B-Instruct,llama,llama,Q044,ADHD,chg_B,-0.199395,-1.949384,0.961588,217,233
meta-llama/Llama-3.1-8B-Instruct,llama,llama,Q045,IDENTITY,chg_A,-0.027439,-5.027439,0.979490,242,242
meta-llama/Llama-3.1-8B-Instruct,llama,llama,Q045,IDENTITY,chg_B,-0.027439,-5.027439,0.979490,242,242
meta-llama/Llama-3.1-8B-Instruct,llama,llama,Q045,NONE_vs_CONTROL,chg_A,-0.111384,-2.736377,0.959400,226,242
meta-llama/Llama-3.1-8B-Instruct,llama,llama,Q045,NONE_vs_CONTROL,chg_B,-0.105978,-3.230949,0.938964,226,242
meta-llama/Llama-3.1-8B-Instruct,llama,llama,Q045,SCREEN,chg_A,-0.134869,-2.384748,0.965943,225,242
meta-llama/Llama-3.1-8B-Instruct,llama,llama,Q045,SCREEN,chg_B,-0.091446,-4.466329,0.924100,225,242
meta-llama/Llama-3.1-8B-Instruct,llama,llama,Q045,AGE,chg_A,-0.059094,-3.434087,0.974873,236,242
meta-llama/Llama-3.1-8B-Instruct,llama,llama,Q045,AGE,chg_B,-0.040519,-4.040515,0.977880,236,242
meta-llama/Llama-3.1-8B-Instruct,llama,llama,Q045,ADHD,chg_A,-0.081213,-2.831207,0.980939,243,242
meta-llama/Llama-3.1-8B-Instruct,llama,llama,Q045,ADHD,chg_B,-0.045590,-3.670585,0.980895,243,242
meta-llama/Llama-3.1-8B-Instruct,llama,llama,Q046,IDENTITY,chg_A,-0.010942,-6.510942,0.990604,231,231
meta-llama/Llama-3.1-8B-Instruct,llama,llama,Q046,IDENTITY,chg_B,-0.010942,-6.510942,0.990604,231,231
meta-llama/Llama-3.1-8B-Instruct,llama,llama,Q046,NONE_vs_CONTROL,chg_A,-0.037361,-4.037360,0.980973,241,231
meta-llama/Llama-3.1-8B-Instruct,llama,llama,Q046,NONE_vs_CONTROL,chg_B,-0.017473,-4.642471,0.992313,241,231
meta-llama/Llama-3.1-8B-Instruct,llama,llama,Q046,SCREEN,chg_A,-0.202211,-1.827210,0.977784,233,231
meta-llama/Llama-3.1-8B-Instruct,llama,llama,Q046,SCREEN,chg_B,-0.085629,-2.835625,0.976617,233,231
meta-llama/Llama-3.1-8B-Instruct,llama,llama,Q046,AGE,chg_A,-0.048439,-3.798439,0.975121,245,231
meta-llama/Llama-3.1-8B-Instruct,llama,llama,Q046,AGE,chg_B,-0.036588,-3.661584,0.989765,245,231
meta-llama/Llama-3.1-8B-Instruct,llama,llama,Q046,ADHD,chg_A,-0.052521,-3.677520,0.974120,243,231
meta-llama/Llama-3.1-8B-Instruct,llama,llama,Q046,ADHD,chg_B,-0.023767,-4.398763,0.988806,243,231
meta-llama/Llama-3.1-8B-Instruct,llama,llama,Q047,IDENTITY,chg_A,-0.024718,-5.649717,0.979104,230,230
meta-llama/Llama-3.1-8B-Instruct,llama,llama,Q047,IDENTITY,chg_B,-0.024718,-5.649717,0.979104,230,230
meta-llama/Llama-3.1-8B-Instruct,llama,llama,Q047,NONE_vs_CONTROL,chg_A,-0.062236,-5.062235,0.945993,220,230
meta-llama/Llama-3.1-8B-Instruct,llama,llama,Q047,NONE_vs_CONTROL,chg_B,-0.057899,-3.932890,0.963332,220,230
meta-llama/Llama-3.1-8B-Instruct,llama,llama,Q047,SCREEN,chg_A,-0.104684,-2.979664,0.951419,237,230
meta-llama/Llama-3.1-8B-Instruct,llama,llama,Q047,SCREEN,chg_B,-0.061177,-3.811154,0.962779,237,230
meta-llama/Llama-3.1-8B-Instruct,llama,llama,Q047,AGE,chg_A,-0.075139,-3.575112,0.955627,244,230
meta-llama/Llama-3.1-8B-Instruct,llama,llama,Q047,AGE,chg_B,-0.069137,-4.194123,0.948282,244,230
meta-llama/Llama-3.1-8B-Instruct,llama,llama,Q047,ADHD,chg_A,-0.134686,-2.884636,0.929865,239,230
meta-llama/Llama-3.1-8B-Instruct,llama,llama,Q047,ADHD,chg_B,-0.091790,-3.216759,0.952381,239,230
meta-llama/Llama-3.1-8B-Instruct,llama,llama,Q048,IDENTITY,chg_A,-0.029469,-4.154468,0.986655,241,241
meta-llama/Llama-3.1-8B-Instruct,llama,llama,Q048,IDENTITY,chg_B,-0.029469,-4.154468,0.986655,241,241
meta-llama/Llama-3.1-8B-Instruct,llama,llama,Q048,NONE_vs_CONTROL,chg_A,-0.053390,-3.303385,0.984769,241,241
meta-llama/Llama-3.1-8B-Instruct,llama,llama,Q048,NONE_vs_CONTROL,chg_B,-0.133198,-2.258193,0.979831,241,241
meta-llama/Llama-3.1-8B-Instruct,llama,llama,Q048,SCREEN,chg_A,-0.082359,-2.707353,0.987654,235,241
meta-llama/Llama-3.1-8B-Instruct,llama,llama,Q048,SCREEN,chg_B,-0.175033,-1.924957,0.985312,235,241
meta-llama/Llama-3.1-8B-Instruct,llama,llama,Q048,AGE,chg_A,-0.081395,-2.706390,0.988607,232,241
meta-llama/Llama-3.1-8B-Instruct,llama,llama,Q048,AGE,chg_B,-0.052746,-3.177714,0.990302,232,241
meta-llama/Llama-3.1-8B-Instruct,llama,llama,Q048,ADHD,chg_A,-0.134437,-2.384423,0.966350,230,241
meta-llama/Llama-3.1-8B-Instruct,llama,llama,Q048,ADHD,chg_B,-0.156956,-2.656818,0.924913,230,241
meta-llama/Llama-3.1-8B-Instruct,llama,llama,Q049,IDENTITY,chg_A,-0.023741,-5.273740,0.981663,224,224
meta-llama/Llama-3.1-8B-Instruct,llama,llama,Q049,IDENTITY,chg_B,-0.023741,-5.273740,0.981663,224,224
meta-llama/Llama-3.1-8B-Instruct,llama,llama,Q049,NONE_vs_CONTROL,chg_A,-0.037066,-4.662061,0.973059,242,224
meta-llama/Llama-3.1-8B-Instruct,llama,llama,Q049,NONE_vs_CONTROL,chg_B,-0.083389,-2.833388,0.978806,242,224
meta-llama/Llama-3.1-8B-Instruct,llama,llama,Q049,SCREEN,chg_A,-0.148216,-2.148215,0.978938,240,224
meta-llama/Llama-3.1-8B-Instruct,llama,llama,Q049,SCREEN,chg_B,-0.080401,-2.705400,0.989590,240,224
meta-llama/Llama-3.1-8B-Instruct,llama,llama,Q049,AGE,chg_A,-0.047412,-4.547408,0.964289,235,224
meta-llama/Llama-3.1-8B-Instruct,llama,llama,Q049,AGE,chg_B,-0.127699,-2.627696,0.952363,235,224
meta-llama/Llama-3.1-8B-Instruct,llama,llama,Q049,ADHD,chg_A,-0.064674,-3.439667,0.969449,245,224
meta-llama/Llama-3.1-8B-Instruct,llama,llama,Q049,ADHD,chg_B,-0.095592,-2.970591,0.960108,245,224
meta-llama/Llama-3.1-8B-Instruct,llama,llama,Q050,IDENTITY,chg_A,-0.033819,-5.533819,0.970697,255,255
meta-llama/Llama-3.1-8B-Instruct,llama,llama,Q050,IDENTITY,chg_B,-0.033819,-5.533819,0.970697,255,255
meta-llama/Llama-3.1-8B-Instruct,llama,llama,Q050,NONE_vs_CONTROL,chg_A,-0.014527,-5.889527,0.988346,244,255
meta-llama/Llama-3.1-8B-Instruct,llama,llama,Q050,NONE_vs_CONTROL,chg_B,-0.062441,-3.062440,0.986242,244,255
meta-llama/Llama-3.1-8B-Instruct,llama,llama,Q050,SCREEN,chg_A,-0.056496,-3.181495,0.986594,249,255
meta-llama/Llama-3.1-8B-Instruct,llama,llama,Q050,SCREEN,chg_B,-0.090474,-2.590468,0.988483,249,255
meta-llama/Llama-3.1-8B-Instruct,llama,llama,Q050,AGE,chg_A,-0.029920,-4.529920,0.981304,253,255
meta-llama/Llama-3.1-8B-Instruct,llama,llama,Q050,AGE,chg_B,-0.019511,-5.019510,0.987286,253,255
meta-llama/Llama-3.1-8B-Instruct,llama,llama,Q050,ADHD,chg_A,-0.030623,-4.155621,0.985517,257,255
meta-llama/Llama-3.1-8B-Instruct,llama,llama,Q050,ADHD,chg_B,-0.035948,-3.660943,0.990398,257,255
meta-llama/Llama-3.1-8B-Instruct,llama,llama,Q051,IDENTITY,chg_A,-0.022303,-6.147303,0.980083,242,242
meta-llama/Llama-3.1-8B-Instruct,llama,llama,Q051,IDENTITY,chg_B,-0.022303,-6.147303,0.980083,242,242
meta-llama/Llama-3.1-8B-Instruct,llama,llama,Q051,NONE_vs_CONTROL,chg_A,-0.071269,-3.571266,0.959332,252,242
meta-llama/Llama-3.1-8B-Instruct,llama,llama,Q051,NONE_vs_CONTROL,chg_B,-0.098738,-2.848736,0.963897,252,242
meta-llama/Llama-3.1-8B-Instruct,llama,llama,Q051,SCREEN,chg_A,-0.115428,-3.365419,0.925532,225,242
meta-llama/Llama-3.1-8B-Instruct,llama,llama,Q051,SCREEN,chg_B,-0.178766,-3.053736,0.883484,225,242
meta-llama/Llama-3.1-8B-Instruct,llama,llama,Q051,AGE,chg_A,-0.089783,-2.964779,0.965701,248,242
meta-llama/Llama-3.1-8B-Instruct,llama,llama,Q051,AGE,chg_B,-0.064006,-3.564003,0.966324,248,242
meta-llama/Llama-3.1-8B-Instruct,llama,llama,Q051,ADHD,chg_A,-0.057200,-3.682197,0.969573,244,242
meta-llama/Llama-3.1-8B-Instruct,llama,llama,Q051,ADHD,chg_B,-0.196874,-1.821872,0.983017,244,242
meta-llama/Llama-3.1-8B-Instruct,llama,llama,Q052,IDENTITY,chg_A,-0.029299,-6.904299,0.972129,241,241
meta-llama/Llama-3.1-8B-Instruct,llama,llama,Q052,IDENTITY,chg_B,-0.029299,-6.904299,0.972129,241,241
meta-llama/Llama-3.1-8B-Instruct,llama,llama,Q052,NONE_vs_CONTROL,chg_A,-0.029496,-6.404495,0.972589,247,241
meta-llama/Llama-3.1-8B-Instruct,llama,llama,Q052,NONE_vs_CONTROL,chg_B,-0.048504,-5.048503,0.959072,247,241
meta-llama/Llama-3.1-8B-Instruct,llama,llama,Q052,SCREEN,chg_A,-0.135123,-2.760117,0.936893,251,241
meta-llama/Llama-3.1-8B-Instruct,llama,llama,Q052,SCREEN,chg_B,-0.023052,-6.773049,0.978356,251,241
meta-llama/Llama-3.1-8B-Instruct,llama,llama,Q052,AGE,chg_A,-0.065397,-4.690394,0.945879,246,241
meta-llama/Llama-3.1-8B-Instruct,llama,llama,Q052,AGE,chg_B,-0.036703,-5.661702,0.967439,246,241
meta-llama/Llama-3.1-8B-Instruct,llama,llama,Q052,ADHD,chg_A,-0.114562,-3.489539,0.922272,245,241
meta-llama/Llama-3.1-8B-Instruct,llama,llama,Q052,ADHD,chg_B,-0.092690,-5.717681,0.914763,245,241
meta-llama/Llama-3.1-8B-Instruct,llama,llama,Q053,IDENTITY,chg_A,-0.015926,-6.765926,0.985352,253,253
meta-llama/Llama-3.1-8B-Instruct,llama,llama,Q053,IDENTITY,chg_B,-0.015926,-6.765926,0.985352,253,253
meta-llama/Llama-3.1-8B-Instruct,llama,llama,Q053,NONE_vs_CONTROL,chg_A,-0.032163,-5.157161,0.974107,251,253
meta-llama/Llama-3.1-8B-Instruct,llama,llama,Q053,NONE_vs_CONTROL,chg_B,-0.041929,-4.041928,0.976501,251,253
meta-llama/Llama-3.1-8B-Instruct,llama,llama,Q053,SCREEN,chg_A,-0.021611,-4.271601,0.992580,245,253
meta-llama/Llama-3.1-8B-Instruct,llama,llama,Q053,SCREEN,chg_B,-0.029509,-4.154497,0.986616,245,253
meta-llama/Llama-3.1-8B-Instruct,llama,llama,Q053,AGE,chg_A,-0.034182,-4.659179,0.975870,246,253
meta-llama/Llama-3.1-8B-Instruct,llama,llama,Q053,AGE,chg_B,-0.058194,-4.433194,0.955343,246,253
meta-llama/Llama-3.1-8B-Instruct,llama,llama,Q053,ADHD,chg_A,-0.122385,-2.497353,0.967110,250,253
meta-llama/Llama-3.1-8B-Instruct,llama,llama,Q053,ADHD,chg_B,-0.164093,-3.539001,0.877705,250,253
meta-llama/Llama-3.1-8B-Instruct,llama,llama,Q054,IDENTITY,chg_A,-0.009108,-6.634107,0.992248,245,245
meta-llama/Llama-3.1-8B-Instruct,llama,llama,Q054,IDENTITY,chg_B,-0.009108,-6.634107,0.992248,245,245
meta-llama/Llama-3.1-8B-Instruct,llama,llama,Q054,NONE_vs_CONTROL,chg_A,-0.067087,-3.442067,0.967112,251,245
meta-llama/Llama-3.1-8B-Instruct,llama,llama,Q054,NONE_vs_CONTROL,chg_B,-0.049071,-5.174070,0.957775,251,245
meta-llama/Llama-3.1-8B-Instruct,llama,llama,Q054,SCREEN,chg_A,-0.043292,-3.418279,0.990400,259,245
meta-llama/Llama-3.1-8B-Instruct,llama,llama,Q054,SCREEN,chg_B,-0.061826,-5.186821,0.945637,259,245
meta-llama/Llama-3.1-8B-Instruct,llama,llama,Q054,AGE,chg_A,-0.056631,-3.556613,0.973478,250,245
meta-llama/Llama-3.1-8B-Instruct,llama,llama,Q054,AGE,chg_B,-0.081831,-4.831827,0.929400,250,245
meta-llama/Llama-3.1-8B-Instruct,llama,llama,Q054,ADHD,chg_A,-0.081831,-2.831748,0.980338,255,245
meta-llama/Llama-3.1-8B-Instruct,llama,llama,Q054,ADHD,chg_B,-0.065894,-6.940893,0.937197,255,245
meta-llama/Llama-3.1-8B-Instruct,llama,llama,Q055,IDENTITY,chg_A,-0.023526,-7.023526,0.977639,241,241
meta-llama/Llama-3.1-8B-Instruct,llama,llama,Q055,IDENTITY,chg_B,-0.023526,-7.023526,0.977639,241,241
meta-llama/Llama-3.1-8B-Instruct,llama,llama,Q055,NONE_vs_CONTROL,chg_A,-0.161870,-5.661839,0.854028,244,241
meta-llama/Llama-3.1-8B-Instruct,llama,llama,Q055,NONE_vs_CONTROL,chg_B,-0.136261,-4.761205,0.881171,244,241
meta-llama/Llama-3.1-8B-Instruct,llama,llama,Q055,SCREEN,chg_A,-0.755496,-1.255384,0.754744,250,241
meta-llama/Llama-3.1-8B-Instruct,llama,llama,Q055,SCREEN,chg_B,-0.193577,-5.942506,0.826632,250,241
meta-llama/Llama-3.1-8B-Instruct,llama,llama,Q055,AGE,chg_A,-0.091855,-4.591851,0.922371,230,241
meta-llama/Llama-3.1-8B-Instruct,llama,llama,Q055,AGE,chg_B,-0.064277,-4.564274,0.948162,230,241
meta-llama/Llama-3.1-8B-Instruct,llama,llama,Q055,ADHD,chg_A,-0.090213,-4.715210,0.922694,238,241
meta-llama/Llama-3.1-8B-Instruct,llama,llama,Q055,ADHD,chg_B,-0.052362,-5.052359,0.955380,238,241
meta-llama/Llama-3.1-8B-Instruct,llama,llama,Q056,IDENTITY,chg_A,-0.021498,-7.521498,0.979272,250,250
meta-llama/Llama-3.1-8B-Instruct,llama,llama,Q056,IDENTITY,chg_B,-0.021498,-7.521498,0.979272,250,250
meta-llama/Llama-3.1-8B-Instruct,llama,llama,Q056,NONE_vs_CONTROL,chg_A,-0.039888,-6.289888,0.962752,245,250
meta-llama/Llama-3.1-8B-Instruct,llama,llama,Q056,NONE_vs_CONTROL,chg_B,-0.055997,-5.180997,0.951165,245,250
meta-llama/Llama-3.1-8B-Instruct,llama,llama,Q056,SCREEN,chg_A,-0.078982,-3.203975,0.964657,240,250
meta-llama/Llama-3.1-8B-Instruct,llama,llama,Q056,SCREEN,chg_B,-0.052409,-5.552392,0.952818,240,250
meta-llama/Llama-3.1-8B-Instruct,llama,llama,Q056,AGE,chg_A,-0.108898,-2.983896,0.947418,257,250
meta-llama/Llama-3.1-8B-Instruct,llama,llama,Q056,AGE,chg_B,-0.058431,-5.683425,0.946645,257,250
meta-llama/Llama-3.1-8B-Instruct,llama,llama,Q056,ADHD,chg_A,-0.099528,-4.099526,0.921845,240,250
meta-llama/Llama-3.1-8B-Instruct,llama,llama,Q056,ADHD,chg_B,-0.039521,-6.039518,0.963633,240,250
meta-llama/Llama-3.1-8B-Instruct,llama,llama,Q057,IDENTITY,chg_A,-0.017902,-6.517901,0.983734,241,241
meta-llama/Llama-3.1-8B-Instruct,llama,llama,Q057,IDENTITY,chg_B,-0.017902,-6.517901,0.983734,241,241
meta-llama/Llama-3.1-8B-Instruct,llama,llama,Q057,NONE_vs_CONTROL,chg_A,-0.036000,-5.160999,0.970376,234,241
meta-llama/Llama-3.1-8B-Instruct,llama,llama,Q057,NONE_vs_CONTROL,chg_B,-0.040924,-4.915923,0.967231,234,241
meta-llama/Llama-3.1-8B-Instruct,llama,llama,Q057,SCREEN,chg_A,-0.076954,-3.201926,0.966616,237,241
meta-llama/Llama-3.1-8B-Instruct,llama,llama,Q057,SCREEN,chg_B,-0.041796,-5.166788,0.964768,237,241
meta-llama/Llama-3.1-8B-Instruct,llama,llama,Q057,AGE,chg_A,-0.054332,-3.929306,0.966775,244,241
meta-llama/Llama-3.1-8B-Instruct,llama,llama,Q057,AGE,chg_B,-0.073797,-3.573780,0.956910,244,241
meta-llama/Llama-3.1-8B-Instruct,llama,llama,Q057,ADHD,chg_A,-0.065166,-3.315127,0.973242,242,241
meta-llama/Llama-3.1-8B-Instruct,llama,llama,Q057,ADHD,chg_B,-0.056263,-4.431259,0.957190,242,241
meta-llama/Llama-3.1-8B-Instruct,llama,llama,Q058,IDENTITY,chg_A,-0.030245,-7.405208,0.970816,258,258
meta-llama/Llama-3.1-8B-Instruct,llama,llama,Q058,IDENTITY,chg_B,-0.030245,-7.405208,0.970816,258,258
meta-llama/Llama-3.1-8B-Instruct,llama,llama,Q058,NONE_vs_CONTROL,chg_A,-0.171426,-4.545743,0.853075,244,258
meta-llama/Llama-3.1-8B-Instruct,llama,llama,Q058,NONE_vs_CONTROL,chg_B,-0.352021,-1.851380,0.860285,244,258
meta-llama/Llama-3.1-8B-Instruct,llama,llama,Q058,SCREEN,chg_A,-0.267800,-2.767226,0.827897,260,258
meta-llama/Llama-3.1-8B-Instruct,llama,llama,Q058,SCREEN,chg_B,-0.197850,-6.072663,0.822798,260,258
meta-llama/Llama-3.1-8B-Instruct,llama,llama,Q058,AGE,chg_A,-0.196543,-3.571185,0.849689,239,258
meta-llama/Llama-3.1-8B-Instruct,llama,llama,Q058,AGE,chg_B,-0.447855,-2.697746,0.706355,239,258
meta-llama/Llama-3.1-8B-Instruct,llama,llama,Q058,ADHD,chg_A,-0.289715,-2.538988,0.827423,252,258
meta-llama/Llama-3.1-8B-Instruct,llama,llama,Q058,ADHD,chg_B,-0.232559,-4.857439,0.800273,252,258
meta-llama/Llama-3.1-8B-Instruct,llama,llama,Q059,IDENTITY,chg_A,-0.012191,-7.262191,0.988584,252,252
meta-llama/Llama-3.1-8B-Instruct,llama,llama,Q059,IDENTITY,chg_B,-0.012191,-7.262191,0.988584,252,252
meta-llama/Llama-3.1-8B-Instruct,llama,llama,Q059,NONE_vs_CONTROL,chg_A,-0.025252,-6.150250,0.977197,251,252
meta-llama/Llama-3.1-8B-Instruct,llama,llama,Q059,NONE_vs_CONTROL,chg_B,-0.039338,-4.789337,0.969744,251,252
meta-llama/Llama-3.1-8B-Instruct,llama,llama,Q059,SCREEN,chg_A,-0.031865,-5.906865,0.971358,253,252
meta-llama/Llama-3.1-8B-Instruct,llama,llama,Q059,SCREEN,chg_B,-0.029741,-5.904741,0.973423,253,252
meta-llama/Llama-3.1-8B-Instruct,llama,llama,Q059,AGE,chg_A,-0.040995,-5.165993,0.965542,249,252
meta-llama/Llama-3.1-8B-Instruct,llama,llama,Q059,AGE,chg_B,-0.037563,-4.662556,0.972576,249,252
meta-llama/Llama-3.1-8B-Instruct,llama,llama,Q059,ADHD,chg_A,-0.063435,-3.688399,0.963547,242,252
meta-llama/Llama-3.1-8B-Instruct,llama,llama,Q059,ADHD,chg_B,-0.174293,-3.924044,0.859812,242,252
meta-llama/Llama-3.1-8B-Instruct,llama,llama,Q060,IDENTITY,chg_A,-0.023507,-5.648506,0.980290,242,242
meta-llama/Llama-3.1-8B-Instruct,llama,llama,Q060,IDENTITY,chg_B,-0.023507,-5.648506,0.980290,242,242
meta-llama/Llama-3.1-8B-Instruct,llama,llama,Q060,NONE_vs_CONTROL,chg_A,-0.039291,-4.664286,0.970897,238,242
meta-llama/Llama-3.1-8B-Instruct,llama,llama,Q060,NONE_vs_CONTROL,chg_B,-0.070096,-3.695093,0.957149,238,242
meta-llama/Llama-3.1-8B-Instruct,llama,llama,Q060,SCREEN,chg_A,-0.063484,-3.563469,0.966829,237,242
meta-llama/Llama-3.1-8B-Instruct,llama,llama,Q060,SCREEN,chg_B,-0.055753,-4.305749,0.959264,237,242
meta-llama/Llama-3.1-8B-Instruct,llama,llama,Q060,AGE,chg_A,-0.083641,-2.958637,0.971651,237,242
meta-llama/Llama-3.1-8B-Instruct,llama,llama,Q060,AGE,chg_B,-0.029438,-5.154437,0.976765,237,242
meta-llama/Llama-3.1-8B-Instruct,llama,llama,Q060,ADHD,chg_A,-0.285594,-1.535560,0.966902,252,242
meta-llama/Llama-3.1-8B-Instruct,llama,llama,Q060,ADHD,chg_B,-0.044389,-5.669380,0.960032,252,242
meta-llama/Llama-3.1-8B-Instruct,llama,mistral,Q001,IDENTITY,chg_A,-0.028775,-5.153775,0.977413,229,229
meta-llama/Llama-3.1-8B-Instruct,llama,mistral,Q001,IDENTITY,chg_B,-0.028775,-5.153775,0.977413,229,229
meta-llama/Llama-3.1-8B-Instruct,llama,mistral,Q001,NONE_vs_CONTROL,chg_A,-0.045265,-4.170265,0.971192,233,229
meta-llama/Llama-3.1-8B-Instruct,llama,mistral,Q001,NONE_vs_CONTROL,chg_B,-0.043421,-4.168421,0.972985,233,229
meta-llama/Llama-3.1-8B-Instruct,llama,mistral,Q001,SCREEN,chg_A,-0.042660,-4.667659,0.967632,243,229
meta-llama/Llama-3.1-8B-Instruct,llama,mistral,Q001,SCREEN,chg_B,-0.066179,-3.066178,0.982563,243,229
meta-llama/Llama-3.1-8B-Instruct,llama,mistral,Q001,AGE,chg_A,-0.051416,-4.051416,0.967281,222,229
meta-llama/Llama-3.1-8B-Instruct,llama,mistral,Q001,AGE,chg_B,-0.082964,-3.832964,0.942029,222,229
meta-llama/Llama-3.1-8B-Instruct,llama,mistral,Q001,ADHD,chg_A,-0.049780,-4.174779,0.966818,251,229
meta-llama/Llama-3.1-8B-Instruct,llama,mistral,Q001,ADHD,chg_B,-0.039385,-3.914384,0.981334,251,229
meta-llama/Llama-3.1-8B-Instruct,llama,mistral,Q002,IDENTITY,chg_A,-0.016689,-5.891689,0.986212,207,207
meta-llama/Llama-3.1-8B-Instruct,llama,mistral,Q002,IDENTITY,chg_B,-0.016689,-5.891689,0.986212,207,207
meta-llama/Llama-3.1-8B-Instruct,llama,mistral,Q002,NONE_vs_CONTROL,chg_A,-0.064375,-3.439375,0.969738,190,207
meta-llama/Llama-3.1-8B-Instruct,llama,mistral,Q002,NONE_vs_CONTROL,chg_B,-0.111886,-2.486886,0.977315,190,207
meta-llama/Llama-3.1-8B-Instruct,llama,mistral,Q002,SCREEN,chg_A,-0.077495,-2.827493,0.984593,200,207
meta-llama/Llama-3.1-8B-Instruct,llama,mistral,Q002,SCREEN,chg_B,-0.042515,-3.542514,0.987317,200,207
meta-llama/Llama-3.1-8B-Instruct,llama,mistral,Q002,AGE,chg_A,-0.167385,-2.167381,0.960351,185,207
meta-llama/Llama-3.1-8B-Instruct,llama,mistral,Q002,AGE,chg_B,-0.061892,-4.061889,0.957201,185,207
meta-llama/Llama-3.1-8B-Instruct,llama,mistral,Q002,ADHD,chg_A,-0.079578,-2.954575,0.975607,193,207
meta-llama/Llama-3.1-8B-Instruct,llama,mistral,Q002,ADHD,chg_B,-0.408070,-1.158047,0.979031,193,207
meta-llama/Llama-3.1-8B-Instruct,llama,mistral,Q003,IDENTITY,chg_A,-0.010016,-5.635016,0.993604,239,239
meta-llama/Llama-3.1-8B-Instruct,llama,mistral,Q003,IDENTITY,chg_B,-0.010016,-5.635016,0.993604,239,239
meta-llama/Llama-3.1-8B-Instruct,llama,mistral,Q003,NONE_vs_CONTROL,chg_A,-0.033368,-4.283368,0.980979,238,239
meta-llama/Llama-3.1-8B-Instruct,llama,mistral,Q003,NONE_vs_CONTROL,chg_B,-0.042135,-3.542135,0.987691,238,239
meta-llama/Llama-3.1-8B-Instruct,llama,mistral,Q003,SCREEN,chg_A,-0.071316,-2.946315,0.983701,224,239
meta-llama/Llama-3.1-8B-Instruct,llama,mistral,Q003,SCREEN,chg_B,-0.079027,-2.829025,0.983085,224,239
meta-llama/Llama-3.1-8B-Instruct,llama,mistral,Q003,AGE,chg_A,-0.030807,-4.280806,0.983495,242,239
meta-llama/Llama-3.1-8B-Instruct,llama,mistral,Q003,AGE,chg_B,-0.031993,-4.781993,0.976892,242,239
meta-llama/Llama-3.1-8B-Instruct,llama,mistral,Q003,ADHD,chg_A,-0.037995,-3.787995,0.985358,242,239
meta-llama/Llama-3.1-8B-Instruct,llama,mistral,Q003,ADHD,chg_B,-0.109765,-2.484765,0.979390,242,239
meta-llama/Llama-3.1-8B-Instruct,llama,mistral,Q004,IDENTITY,chg_A,-0.032916,-5.532916,0.971575,232,232
meta-llama/Llama-3.1-8B-Instruct,llama,mistral,Q004,IDENTITY,chg_B,-0.032916,-5.532916,0.971575,232,232
meta-llama/Llama-3.1-8B-Instruct,llama,mistral,Q004,NONE_vs_CONTROL,chg_A,-0.073213,-3.698213,0.954171,233,232
meta-llama/Llama-3.1-8B-Instruct,llama,mistral,Q004,NONE_vs_CONTROL,chg_B,-0.027440,-5.402440,0.977438,233,232
meta-llama/Llama-3.1-8B-Instruct,llama,mistral,Q004,SCREEN,chg_A,-0.132843,-2.257841,0.980179,243,232
meta-llama/Llama-3.1-8B-Instruct,llama,mistral,Q004,SCREEN,chg_B,-0.020242,-6.520241,0.981435,243,232
meta-llama/Llama-3.1-8B-Instruct,llama,mistral,Q004,AGE,chg_A,-0.050192,-4.675191,0.960371,222,232
meta-llama/Llama-3.1-8B-Instruct,llama,mistral,Q004,AGE,chg_B,-0.058023,-3.683021,0.968775,222,232
meta-llama/Llama-3.1-8B-Instruct,llama,mistral,Q004,ADHD,chg_A,-0.092125,-3.217124,0.952061,233,232
meta-llama/Llama-3.1-8B-Instruct,llama,mistral,Q004,ADHD,chg_B,-0.054268,-4.304268,0.960689,233,232
meta-llama/Llama-3.1-8B-Instruct,llama,mistral,Q005,IDENTITY,chg_A,-0.010723,-6.010723,0.991787,228,228
meta-llama/Llama-3.1-8B-Instruct,llama,mistral,Q005,IDENTITY,chg_B,-0.010723,-6.010723,0.991787,228,228
meta-llama/Llama-3.1-8B-Instruct,llama,mistral,Q005,NONE_vs_CONTROL,chg_A,-0.064540,-3.064540,0.984174,228,228
meta-llama/Llama-3.1-8B-Instruct,llama,mistral,Q005,NONE_vs_CONTROL,chg_B,-0.031501,-3.906501,0.989101,228,228
meta-llama/Llama-3.1-8B-Instruct,llama,mistral,Q005,SCREEN,chg_A,-0.099972,-2.474968,0.989028,219,228
meta-llama/Llama-3.1-8B-Instruct,llama,mistral,Q005,SCREEN,chg_B,-0.091816,-2.716815,0.978358,219,228
meta-llama/Llama-3.1-8B-Instruct,llama,mistral,Q005,AGE,chg_A,-0.124911,-2.249910,0.987984,226,228
meta-llama/Llama-3.1-8B-Instruct,llama,mistral,Q005,AGE,chg_B,-0.054626,-3.804626,0.969107,226,228
meta-llama/Llama-3.1-8B-Instruct,llama,mistral,Q005,ADHD,chg_A,-0.063055,-3.063052,0.985637,228,228
meta-llama/Llama-3.1-8B-Instruct,llama,mistral,Q005,ADHD,chg_B,-0.037856,-4.412855,0.974972,228,228
meta-llama/Llama-3.1-8B-Instruct,llama,mistral,Q006,IDENTITY,chg_A,-0.011618,-5.511618,0.992489,248,248
meta-llama/Llama-3.1-8B-Instruct,llama,mistral,Q006,IDENTITY,chg_B,-0.011618,-5.511618,0.992489,248,248
meta-llama/Llama-3.1-8B-Instruct,llama,mistral,Q006,NONE_vs_CONTROL,chg_A,-0.049786,-3.424785,0.983989,237,248
meta-llama/Llama-3.1-8B-Instruct,llama,mistral,Q006,NONE_vs_CONTROL,chg_B,-0.053081,-3.303081,0.985073,237,248
meta-llama/Llama-3.1-8B-Instruct,llama,mistral,Q006,SCREEN,chg_A,-0.023880,-4.398879,0.988694,224,248
meta-llama/Llama-3.1-8B-Instruct,llama,mistral,Q006,SCREEN,chg_B,-0.152225,-2.027225,0.990496,224,248
meta-llama/Llama-3.1-8B-Instruct,llama,mistral,Q006,AGE,chg_A,-0.042670,-3.667670,0.983763,216,248
meta-llama/Llama-3.1-8B-Instruct,llama,mistral,Q006,AGE,chg_B,-0.032456,-4.032456,0.985796,216,248
meta-llama/Llama-3.1-8B-Instruct,llama,mistral,Q006,ADHD,chg_A,-0.052580,-3.427579,0.981244,235,248
meta-llama/Llama-3.1-8B-Instruct,llama,mistral,Q006,ADHD,chg_B,-0.038719,-3.788719,0.984646,235,248
meta-llama/Llama-3.1-8B-Instruct,llama,mistral,Q007,IDENTITY,chg_A,-0.019598,-5.394598,0.985134,239,239
meta-llama/Llama-3.1-8B-Instruct,llama,mistral,Q007,IDENTITY,chg_B,-0.019598,-5.394598,0.985134,239,239
meta-llama/Llama-3.1-8B-Instruct,llama,mistral,Q007,NONE_vs_CONTROL,chg_A,-0.217629,-1.717628,0.983916,222,239
meta-llama/Llama-3.1-8B-Instruct,llama,mistral,Q007,NONE_vs_CONTROL,chg_B,-0.045344,-3.795342,0.978144,222,239
meta-llama/Llama-3.1-8B-Instruct,llama,mistral,Q007,SCREEN,chg_A,-0.041309,-3.541305,0.988508,241,239
meta-llama/Llama-3.1-8B-Instruct,llama,mistral,Q007,SCREEN,chg_B,-0.030924,-4.155918,0.985221,241,239
meta-llama/Llama-3.1-8B-Instruct,llama,mistral,Q007,AGE,chg_A,-0.159390,-2.034388,0.983425,222,239
meta-llama/Llama-3.1-8B-Instruct,llama,mistral,Q007,AGE,chg_B,-0.078252,-3.203250,0.965362,222,239
meta-llama/Llama-3.1-8B-Instruct,llama,mistral,Q007,ADHD,chg_A,-0.055561,-3.180560,0.987517,244,239
meta-llama/Llama-3.1-8B-Instruct,llama,mistral,Q007,ADHD,chg_B,-0.035699,-4.285698,0.978695,244,239
meta-llama/Llama-3.1-8B-Instruct,llama,mistral,Q008,IDENTITY,chg_A,-0.016078,-5.516078,0.988072,214,214
meta-llama/Llama-3.1-8B-Instruct,llama,mistral,Q008,IDENTITY,chg_B,-0.016078,-5.516078,0.988072,214,214
meta-llama/Llama-3.1-8B-Instruct,llama,mistral,Q008,NONE_vs_CONTROL,chg_A,-0.030478,-4.155477,0.985660,241,214
meta-llama/Llama-3.1-8B-Instruct,llama,mistral,Q008,NONE_vs_CONTROL,chg_B,-0.025847,-4.275846,0.988385,241,214
meta-llama/Llama-3.1-8B-Instruct,llama,mistral,Q008,SCREEN,chg_A,-0.202352,-1.827351,0.977646,221,214
meta-llama/Llama-3.1-8B-Instruct,llama,mistral,Q008,SCREEN,chg_B,-0.046417,-3.546416,0.983472,221,214
meta-llama/Llama-3.1-8B-Instruct,llama,mistral,Q008,AGE,chg_A,-0.050511,-3.550511,0.979454,210,214
meta-llama/Llama-3.1-8B-Instruct,llama,mistral,Q008,AGE,chg_B,-0.058701,-3.433701,0.975256,210,214
meta-llama/Llama-3.1-8B-Instruct,llama,mistral,Q008,ADHD,chg_A,-0.129911,-2.504911,0.959857,236,214
meta-llama/Llama-3.1-8B-Instruct,llama,mistral,Q008,ADHD,chg_B,-0.063674,-3.438674,0.970418,236,214
meta-llama/Llama-3.1-8B-Instruct,llama,mistral,Q009,IDENTITY,chg_A,-0.029363,-4.779363,0.979465,231,231
meta-llama/Llama-3.1-8B-Instruct,llama,mistral,Q009,IDENTITY,chg_B,-0.029363,-4.779363,0.979465,231,231
meta-llama/Llama-3.1-8B-Instruct,llama,mistral,Q009,NONE_vs_CONTROL,chg_A,-0.029363,-4.779363,0.979465,231,231
meta-llama/Llama-3.1-8B-Instruct,llama,mistral,Q009,NONE_vs_CONTROL,chg_B,-0.029363,-4.779363,0.979465,231,231
meta-llama/Llama-3.1-8B-Instruct,llama,mistral,Q009,SCREEN,chg_A,-0.071439,-3.571437,0.959168,242,231
meta-llama/Llama-3.1-8B-Instruct,llama,mistral,Q009,SCREEN,chg_B,-0.092152,-3.092150,0.957371,242,231
meta-llama/Llama-3.1-8B-Instruct,llama,mistral,Q009,AGE,chg_A,-0.041061,-5.416061,0.964215,228,231
meta-llama/Llama-3.1-8B-Instruct,llama,mistral,Q009,AGE,chg_B,-0.096465,-2.971465,0.959270,228,231
meta-llama/Llama-3.1-8B-Instruct,llama,mistral,Q009,ADHD,chg_A,-0.058300,-3.808299,0.965552,225,231
meta-llama/Llama-3.1-8B-Instruct,llama,mistral,Q009,ADHD,chg_B,-0.137847,-2.387845,0.963060,225,231
meta-llama/Llama-3.1-8B-Instruct,llama,mistral,Q010,IDENTITY,chg_A,-0.022472,-5.147472,0.983592,231,231
meta-llama/Llama-3.1-8B-Instruct,llama,mistral,Q010,IDENTITY,chg_B,-0.022472,-5.147472,0.983592,231,231
meta-llama/Llama-3.1-8B-Instruct,llama,mistral,Q010,NONE_vs_CONTROL,chg_A,-0.105441,-2.855439,0.957458,223,231
meta-llama/Llama-3.1-8B-Instruct,llama,mistral,Q010,NONE_vs_CONTROL,chg_B,-0.102616,-3.727609,0.926524,223,231
meta-llama/Llama-3.1-8B-Instruct,llama,mistral,Q010,SCREEN,chg_A,-0.220223,-1.845222,0.960330,229,231
meta-llama/Llama-3.1-8B-Instruct,llama,mistral,Q010,SCREEN,chg_B,-0.071270,-3.571266,0.959331,229,231
meta-llama/Llama-3.1-8B-Instruct,llama,mistral,Q010,AGE,chg_A,-0.287344,-1.537344,0.965205,231,231
meta-llama/Llama-3.1-8B-Instruct,llama,mistral,Q010,AGE,chg_B,-0.040516,-5.540516,0.964218,231,231
meta-llama/Llama-3.1-8B-Instruct,llama,mistral,Q010,ADHD,chg_A,-0.203377,-1.953376,0.957765,229,231
meta-llama/Llama-3.1-8B-Instruct,llama,mistral,Q010,ADHD,chg_B,-0.131021,-6.881020,0.878227,229,231
meta-llama/Llama-3.1-8B-Instruct,llama,mistral,Q011,IDENTITY,chg_A,-0.023374,-5.273372,0.982023,229,229
meta-llama/Llama-3.1-8B-Instruct,llama,mistral,Q011,IDENTITY,chg_B,-0.023374,-5.273372,0.982023,229,229
meta-llama/Llama-3.1-8B-Instruct,llama,mistral,Q011,NONE_vs_CONTROL,chg_A,-0.080164,-3.205158,0.963518,235,229
meta-llama/Llama-3.1-8B-Instruct,llama,mistral,Q011,NONE_vs_CONTROL,chg_B,-0.059001,-4.309000,0.956153,235,229
meta-llama/Llama-3.1-8B-Instruct,llama,mistral,Q011,SCREEN,chg_A,-0.049460,-3.674393,0.977108,236,229
meta-llama/Llama-3.1-8B-Instruct,llama,mistral,Q011,SCREEN,chg_B,-0.063529,-3.813528,0.960517,236,229
meta-llama/Llama-3.1-8B-Instruct,llama,mistral,Q011,AGE,chg_A,-0.048817,-4.923810,0.959627,250,229
meta-llama/Llama-3.1-8B-Instruct,llama,mistral,Q011,AGE,chg_B,-0.129803,-3.004802,0.927817,250,229
meta-llama/Llama-3.1-8B-Instruct,llama,mistral,Q011,ADHD,chg_A,-0.067820,-3.442804,0.966403,237,229
meta-llama/Llama-3.1-8B-Instruct,llama,mistral,Q011,ADHD,chg_B,-0.128394,-2.628392,0.951701,237,229
meta-llama/Llama-3.1-8B-Instruct,llama,mistral,Q012,IDENTITY,chg_A,-0.021452,-5.396452,0.983309,224,224
meta-llama/Llama-3.1-8B-Instruct,llama,mistral,Q012,IDENTITY,chg_B,-0.021452,-5.396452,0.983309,224,224
meta-llama/Llama-3.1-8B-Instruct,llama,mistral,Q012,NONE_vs_CONTROL,chg_A,-0.026068,-4.776067,0.982698,237,224
meta-llama/Llama-3.1-8B-Instruct,llama,mistral,Q012,NONE_vs_CONTROL,chg_B,-0.029096,-5.279095,0.976420,237,224
meta-llama/Llama-3.1-8B-Instruct,llama,mistral,Q012,SCREEN,chg_A,-0.071868,-2.946864,0.983158,219,224
meta-llama/Llama-3.1-8B-Instruct,llama,mistral,Q012,SCREEN,chg_B,-0.006344,-7.131342,0.994476,219,224
meta-llama/Llama-3.1-8B-Instruct,llama,mistral,Q012,AGE,chg_A,-0.043519,-3.793518,0.979931,206,224
meta-llama/Llama-3.1-8B-Instruct,llama,mistral,Q012,AGE,chg_B,-0.029375,-4.404372,0.983276,206,224
meta-llama/Llama-3.1-8B-Instruct,llama,mistral,Q012,ADHD,chg_A,-0.024985,-4.524980,0.986159,222,224
meta-llama/Llama-3.1-8B-Instruct,llama,mistral,Q012,ADHD,chg_B,-0.073230,-2.948216,0.981820,222,224
meta-llama/Llama-3.1-8B-Instruct,llama,mistral,Q013,IDENTITY,chg_A,-0.015855,-5.140854,0.990123,202,202
meta-llama/Llama-3.1-8B-Instruct,llama,mistral,Q013,IDENTITY,chg_B,-0.015855,-5.140854,0.990123,202,202
meta-llama/Llama-3.1-8B-Instruct,llama,mistral,Q013,NONE_vs_CONTROL,chg_A,-0.054940,-3.304932,0.983244,203,202
meta-llama/Llama-3.1-8B-Instruct,llama,mistral,Q013,NONE_vs_CONTROL,chg_B,-0.047932,-3.922926,0.972982,203,202
meta-llama/Llama-3.1-8B-Instruct,llama,mistral,Q013,SCREEN,chg_A,-0.102808,-2.602789,0.976367,206,202
meta-llama/Llama-3.1-8B-Instruct,llama,mistral,Q013,SCREEN,chg_B,-0.025999,-4.275963,0.988235,206,202
meta-llama/Llama-3.1-8B-Instruct,llama,mistral,Q013,AGE,chg_A,-0.041468,-3.791464,0.981943,210,202
meta-llama/Llama-3.1-8B-Instruct,llama,mistral,Q013,AGE,chg_B,-0.040725,-3.665722,0.985679,210,202
meta-llama/Llama-3.1-8B-Instruct,llama,mistral,Q013,ADHD,chg_A,-0.108625,-2.483599,0.980509,196,202
meta-llama/Llama-3.1-8B-Instruct,llama,mistral,Q013,ADHD,chg_B,-0.037649,-4.162639,0.978618,196,202
meta-llama/Llama-3.1-8B-Instruct,llama,mistral,Q014,IDENTITY,chg_A,-0.007654,-6.632654,0.993692,250,250
meta-llama/Llama-3.1-8B-Instruct,llama,mistral,Q014,IDENTITY,chg_B,-0.007654,-6.632654,0.993692,250,250
meta-llama/Llama-3.1-8B-Instruct,llama,mistral,Q014,NONE_vs_CONTROL,chg_A,-0.023843,-5.023842,0.983018,239,250
meta-llama/Llama-3.1-8B-Instruct,llama,mistral,Q014,NONE_vs_CONTROL,chg_B,-0.078634,-3.203633,0.964993,239,250
meta-llama/Llama-3.1-8B-Instruct,llama,mistral,Q014,SCREEN,chg_A,-0.036379,-4.411379,0.976413,114,250
meta-llama/Llama-3.1-8B-Instruct,llama,mistral,Q014,SCREEN,chg_B,-0.032561,-4.157561,0.983609,114,250
meta-llama/Llama-3.1-8B-Instruct,llama,mistral,Q014,AGE,chg_A,-0.025886,-4.400885,0.986712,215,250
meta-llama/Llama-3.1-8B-Instruct,llama,mistral,Q014,AGE,chg_B,-0.122970,-2.497969,0.966542,215,250
meta-llama/Llama-3.1-8B-Instruct,llama,mistral,Q014,ADHD,chg_A,-0.070428,-3.320428,0.968132,228,250
meta-llama/Llama-3.1-8B-Instruct,llama,mistral,Q014,ADHD,chg_B,-0.106940,-2.731939,0.963672,228,250
meta-llama/Llama-3.1-8B-Instruct,llama,mistral,Q015,IDENTITY,chg_A,-0.030047,-4.530047,0.981180,219,219
meta-llama/Llama-3.1-8B-Instruct,llama,mistral,Q015,IDENTITY,chg_B,-0.030047,-4.530047,0.981180,219,219
meta-llama/Llama-3.1-8B-Instruct,llama,mistral,Q015,NONE_vs_CONTROL,chg_A,-0.096694,-2.721693,0.973597,235,219
meta-llama/Llama-3.1-8B-Instruct,llama,mistral,Q015,NONE_vs_CONTROL,chg_B,-0.054219,-4.554219,0.957747,235,219
meta-llama/Llama-3.1-8B-Instruct,llama,mistral,Q015,SCREEN,chg_A,-0.084133,-2.709129,0.985904,234,219
meta-llama/Llama-3.1-8B-Instruct,llama,mistral,Q015,SCREEN,chg_B,-0.073211,-3.448191,0.961208,234,219
meta-llama/Llama-3.1-8B-Instruct,llama,mistral,Q015,AGE,chg_A,-0.083410,-2.958408,0.971876,222,219
meta-llama/Llama-3.1-8B-Instruct,llama,mistral,Q015,AGE,chg_B,-0.109278,-2.984269,0.947058,222,219
meta-llama/Llama-3.1-8B-Instruct,llama,mistral,Q015,ADHD,chg_A,-0.114701,-2.364700,0.985611,242,219
meta-llama/Llama-3.1-8B-Instruct,llama,mistral,Q015,ADHD,chg_B,-0.085367,-3.585362,0.945902,242,219
meta-llama/Llama-3.1-8B-Instruct,llama,mistral,Q016,IDENTITY,chg_A,-0.021203,-5.521203,0.983021,233,233
meta-llama/Llama-3.1-8B-Instruct,llama,mistral,Q016,IDENTITY,chg_B,-0.021203,-5.521203,0.983021,233,233
meta-llama/Llama-3.1-8B-Instruct,llama,mistral,Q016,NONE_vs_CONTROL,chg_A,-0.063895,-4.188892,0.953266,235,233
meta-llama/Llama-3.1-8B-Instruct,llama,mistral,Q016,NONE_vs_CONTROL,chg_B,-0.087561,-3.587560,0.943829,235,233
meta-llama/Llama-3.1-8B-Instruct,llama,mistral,Q016,SCREEN,chg_A,-0.047166,-4.922164,0.961213,232,233
meta-llama/Llama-3.1-8B-Instruct,llama,mistral,Q016,SCREEN,chg_B,-0.165789,-2.290788,0.948411,232,233
meta-llama/Llama-3.1-8B-Instruct,llama,mistral,Q016,AGE,chg_A,-0.077939,-4.452934,0.936665,215,233
meta-llama/Llama-3.1-8B-Instruct,llama,mistral,Q016,AGE,chg_B,-0.092256,-2.967250,0.963316,215,233
meta-llama/Llama-3.1-8B-Instruct,llama,mistral,Q016,ADHD,chg_A,-0.082246,-4.957244,0.928078,230,233
meta-llama/Llama-3.1-8B-Instruct,llama,mistral,Q016,ADHD,chg_B,-0.087317,-2.962316,0.968085,230,233
meta-llama/Llama-3.1-8B-Instruct,llama,mistral,Q017,IDENTITY,chg_A,-0.012779,-6.012779,0.989750,223,223
meta-llama/Llama-3.1-8B-Instruct,llama,mistral,Q017,IDENTITY,chg_B,-0.012779,-6.012779,0.989750,223,223
meta-llama/Llama-3.1-8B-Instruct,llama,mistral,Q017,NONE_vs_CONTROL,chg_A,-0.040300,-3.790300,0.983090,220,223
meta-llama/Llama-3.1-8B-Instruct,llama,mistral,Q017,NONE_vs_CONTROL,chg_B,-0.024886,-5.149886,0.981221,220,223
meta-llama/Llama-3.1-8B-Instruct,llama,mistral,Q017,SCREEN,chg_A,-0.134008,-2.384007,0.966764,225,223
meta-llama/Llama-3.1-8B-Instruct,llama,mistral,Q017,SCREEN,chg_B,-0.020349,-6.770349,0.981003,225,223
meta-llama/Llama-3.1-8B-Instruct,llama,mistral,Q017,AGE,chg_A,-0.037523,-4.412523,0.975297,210,223
meta-llama/Llama-3.1-8B-Instruct,llama,mistral,Q017,AGE,chg_B,-0.059186,-3.559186,0.970994,210,223
meta-llama/Llama-3.1-8B-Instruct,llama,mistral,Q017,ADHD,chg_A,-0.278005,-1.528003,0.974261,229,223
meta-llama/Llama-3.1-8B-Instruct,llama,mistral,Q017,ADHD,chg_B,-0.017866,-6.892865,0.983307,229,223
meta-llama/Llama-3.1-8B-Instruct,llama,mistral,Q018,IDENTITY,chg_A,-0.014683,-6.139683,0.987580,232,232
meta-llama/Llama-3.1-8B-Instruct,llama,mistral,Q018,IDENTITY,chg_B,-0.014683,-6.139683,0.987580,232,232
meta-llama/Llama-3.1-8B-Instruct,llama,mistral,Q018,NONE_vs_CONTROL,chg_A,-0.023528,-4.523528,0.987597,213,232
meta-llama/Llama-3.1-8B-Instruct,llama,mistral,Q018,NONE_vs_CONTROL,chg_B,-0.021960,-5.146960,0.984097,213,232
meta-llama/Llama-3.1-8B-Instruct,llama,mistral,Q018,SCREEN,chg_A,-0.238550,-1.613550,0.986948,222,232
meta-llama/Llama-3.1-8B-Instruct,llama,mistral,Q018,SCREEN,chg_B,-0.097179,-2.472168,0.991795,222,232
meta-llama/Llama-3.1-8B-Instruct,llama,mistral,Q018,AGE,chg_A,-0.022646,-4.647645,0.987193,217,232
meta-llama/Llama-3.1-8B-Instruct,llama,mistral,Q018,AGE,chg_B,-0.039527,-3.914527,0.981194,217,232
meta-llama/Llama-3.1-8B-Instruct,llama,mistral,Q018,ADHD,chg_A,-0.182789,-1.932789,0.977688,214,232
meta-llama/Llama-3.1-8B-Instruct,llama,mistral,Q018,ADHD,chg_B,-0.103621,-2.478616,0.985426,214,232
meta-llama/Llama-3.1-8B-Instruct,llama,mistral,Q019,IDENTITY,chg_A,-0.017299,-5.767298,0.985978,230,230
meta-llama/Llama-3.1-8B-Instruct,llama,mistral,Q019,IDENTITY,chg_B,-0.017299,-5.767298,0.985978,230,230
meta-llama/Llama-3.1-8B-Instruct,llama,mistral,Q019,NONE_vs_CONTROL,chg_A,-0.030421,-4.155420,0.985716,237,230
meta-llama/Llama-3.1-8B-Instruct,llama,mistral,Q019,NONE_vs_CONTROL,chg_B,-0.031083,-3.781083,0.992193,237,230
meta-llama/Llama-3.1-8B-Instruct,llama,mistral,Q019,SCREEN,chg_A,-0.200821,-1.950802,0.960219,227,230
meta-llama/Llama-3.1-8B-Instruct,llama,mistral,Q019,SCREEN,chg_B,-0.050941,-3.925937,0.970058,227,230
meta-llama/Llama-3.1-8B-Instruct,llama,mistral,Q019,AGE,chg_A,-0.050842,-4.175840,0.965791,231,230
meta-llama/Llama-3.1-8B-Instruct,llama,mistral,Q019,AGE,chg_B,-0.068105,-3.443105,0.966128,231,230
meta-llama/Llama-3.1-8B-Instruct,llama,mistral,Q019,ADHD,chg_A,-0.084388,-3.084353,0.964834,215,230
meta-llama/Llama-3.1-8B-Instruct,llama,mistral,Q019,ADHD,chg_B,-0.150804,-2.025802,0.991904,215,230
meta-llama/Llama-3.1-8B-Instruct,llama,mistral,Q020,IDENTITY,chg_A,-0.008308,-6.633308,0.993042,236,236
meta-llama/Llama-3.1-8B-Instruct,llama,mistral,Q020,IDENTITY,chg_B,-0.008308,-6.633308,0.993042,236,236
meta-llama/Llama-3.1-8B-Instruct,llama,mistral,Q020,NONE_vs_CONTROL,chg_A,-0.042871,-4.042870,0.975582,226,236
meta-llama/Llama-3.1-8B-Instruct,llama,mistral,Q020,NONE_vs_CONTROL,chg_B,-0.047070,-3.672070,0.979444,226,236
meta-llama/Llama-3.1-8B-Instruct,llama,mistral,Q020,SCREEN,chg_A,-0.043251,-3.793250,0.980193,234,236
meta-llama/Llama-3.1-8B-Instruct,llama,mistral,Q020,SCREEN,chg_B,-0.049026,-5.549026,0.956048,234,236
meta-llama/Llama-3.1-8B-Instruct,llama,mistral,Q020,AGE,chg_A,-0.041946,-4.041946,0.976484,219,236
meta-llama/Llama-3.1-8B-Instruct,llama,mistral,Q020,AGE,chg_B,-0.030219,-4.030219,0.988004,219,236
meta-llama/Llama-3.1-8B-Instruct,llama,mistral,Q020,ADHD,chg_A,-0.071071,-3.321070,0.967510,227,236
meta-llama/Llama-3.1-8B-Instruct,llama,mistral,Q020,ADHD,chg_B,-0.037723,-4.537723,0.973677,227,236
meta-llama/Llama-3.1-8B-Instruct,llama,mistral,Q021,IDENTITY,chg_A,-0.043306,-5.793306,0.960667,210,210
meta-llama/Llama-3.1-8B-Instruct,llama,mistral,Q021,IDENTITY,chg_B,-0.043306,-5.793306,0.960667,210,210
meta-llama/Llama-3.1-8B-Instruct,llama,mistral,Q021,NONE_vs_CONTROL,chg_A,-0.047546,-4.797546,0.961817,235,210
meta-llama/Llama-3.1-8B-Instruct,llama,mistral,Q021,NONE_vs_CONTROL,chg_B,-0.093304,-3.468304,0.942087,235,210
meta-llama/Llama-3.1-8B-Instruct,llama,mistral,Q021,SCREEN,chg_A,-0.078414,-3.328413,0.960432,209,210
meta-llama/Llama-3.1-8B-Instruct,llama,mistral,Q021,SCREEN,chg_B,-0.067073,-3.942064,0.954535,209,210
meta-llama/Llama-3.1-8B-Instruct,llama,mistral,Q021,AGE,chg_A,-0.059561,-4.059561,0.959434,218,210
meta-llama/Llama-3.1-8B-Instruct,llama,mistral,Q021,AGE,chg_B,-0.095758,-3.095756,0.953924,218,210
meta-llama/Llama-3.1-8B-Instruct,llama,mistral,Q021,ADHD,chg_A,-0.087265,-3.587265,0.944108,230,210
meta-llama/Llama-3.1-8B-Instruct,llama,mistral,Q021,ADHD,chg_B,-0.101329,-2.976329,0.954615,230,210
meta-llama/Llama-3.1-8B-Instruct,llama,mistral,Q022,IDENTITY,chg_A,-0.027527,-4.652527,0.982386,258,258
meta-llama/Llama-3.1-8B-Instruct,llama,mistral,Q022,IDENTITY,chg_B,-0.027527,-4.652527,0.982386,258,258
meta-llama/Llama-3.1-8B-Instruct,llama,mistral,Q022,NONE_vs_CONTROL,chg_A,-0.029352,-4.779352,0.979476,262,258
meta-llama/Llama-3.1-8B-Instruct,llama,mistral,Q022,NONE_vs_CONTROL,chg_B,-0.052858,-3.802858,0.970822,262,258
meta-llama/Llama-3.1-8B-Instruct,llama,mistral,Q022,SCREEN,chg_A,-0.056481,-3.806481,0.967311,233,258
meta-llama/Llama-3.1-8B-Instruct,llama,mistral,Q022,SCREEN,chg_B,-0.030676,-5.030676,0.976324,233,258
meta-llama/Llama-3.1-8B-Instruct,llama,mistral,Q022,AGE,chg_A,-0.058329,-4.558328,0.953819,240,258
meta-llama/Llama-3.1-8B-Instruct,llama,mistral,Q022,AGE,chg_B,-0.148677,-2.648677,0.932592,240,258
meta-llama/Llama-3.1-8B-Instruct,llama,mistral,Q022,ADHD,chg_A,-0.047159,-4.297158,0.967543,241,258
meta-llama/Llama-3.1-8B-Instruct,llama,mistral,Q022,ADHD,chg_B,-0.104016,-2.604016,0.975186,241,258
meta-llama/Llama-3.1-8B-Instruct,llama,mistral,Q023,IDENTITY,chg_A,-0.014219,-6.264219,0.987785,239,239
meta-llama/Llama-3.1-8B-Instruct,llama,mistral,Q023,IDENTITY,chg_B,-0.014219,-6.264219,0.987785,239,239
meta-llama/Llama-3.1-8B-Instruct,llama,mistral,Q023,NONE_vs_CONTROL,chg_A,-0.051437,-4.551436,0.960416,215,239
meta-llama/Llama-3.1-8B-Instruct,llama,mistral,Q023,NONE_vs_CONTROL,chg_B,-0.142639,-2.517638,0.947717,215,239
meta-llama/Llama-3.1-8B-Instruct,llama,mistral,Q023,SCREEN,chg_A,-0.255889,-1.630889,0.969983,219,239
meta-llama/Llama-3.1-8B-Instruct,llama,mistral,Q023,SCREEN,chg_B,-0.036673,-4.286672,0.977742,219,239
meta-llama/Llama-3.1-8B-Instruct,llama,mistral,Q023,AGE,chg_A,-0.056034,-3.931034,0.965130,225,239
meta-llama/Llama-3.1-8B-Instruct,llama,mistral,Q023,AGE,chg_B,-0.043465,-3.793465,0.979984,225,239
meta-llama/Llama-3.1-8B-Instruct,llama,mistral,Q023,ADHD,chg_A,-0.052445,-3.552444,0.977561,218,239
meta-llama/Llama-3.1-8B-Instruct,llama,mistral,Q023,ADHD,chg_B,-0.085710,-2.835708,0.976538,218,239
meta-llama/Llama-3.1-8B-Instruct,llama,mistral,Q024,IDENTITY,chg_A,-0.041829,-5.666829,0.962493,228,228
meta-llama/Llama-3.1-8B-Instruct,llama,mistral,Q024,IDENTITY,chg_B,-0.041829,-5.666829,0.962493,228,228
meta-llama/Llama-3.1-8B-Instruct,llama,mistral,Q024,NONE_vs_CONTROL,chg_A,-0.040478,-4.165477,0.975853,232,228
meta-llama/Llama-3.1-8B-Instruct,llama,mistral,Q024,NONE_vs_CONTROL,chg_B,-0.057808,-3.182806,0.985301,232,228
meta-llama/Llama-3.1-8B-Instruct,llama,mistral,Q024,SCREEN,chg_A,-0.028903,-4.278901,0.985369,235,228
meta-llama/Llama-3.1-8B-Instruct,llama,mistral,Q024,SCREEN,chg_B,-0.016279,-5.016278,0.990482,235,228
meta-llama/Llama-3.1-8B-Instruct,llama,mistral,Q024,AGE,chg_A,-0.043203,-4.168202,0.973197,230,228
meta-llama/Llama-3.1-8B-Instruct,llama,mistral,Q024,AGE,chg_B,-0.048381,-3.673380,0.978161,230,228
meta-llama/Llama-3.1-8B-Instruct,llama,mistral,Q024,ADHD,chg_A,-0.045665,-4.170664,0.970804,232,228
meta-llama/Llama-3.1-8B-Instruct,llama,mistral,Q024,ADHD,chg_B,-0.063408,-3.188405,0.979798,232,228
meta-llama/Llama-3.1-8B-Instruct,llama,mistral,Q025,IDENTITY,chg_A,-0.015743,-7.140743,0.985172,237,237
meta-llama/Llama-3.1-8B-Instruct,llama,mistral,Q025,IDENTITY,chg_B,-0.015743,-7.140743,0.985172,237,237
meta-llama/Llama-3.1-8B-Instruct,llama,mistral,Q025,NONE_vs_CONTROL,chg_A,-0.054317,-5.304317,0.952101,240,237
meta-llama/Llama-3.1-8B-Instruct,llama,mistral,Q025,NONE_vs_CONTROL,chg_B,-0.032169,-5.407169,0.972827,240,237
meta-llama/Llama-3.1-8B-Instruct,llama,mistral,Q025,SCREEN,chg_A,-0.046259,-4.046259,0.972282,227,237
meta-llama/Llama-3.1-8B-Instruct,llama,mistral,Q025,SCREEN,chg_B,-0.029078,-5.529077,0.975311,227,237
meta-llama/Llama-3.1-8B-Instruct,llama,mistral,Q025,AGE,chg_A,-0.037328,-4.912328,0.970715,231,237
meta-llama/Llama-3.1-8B-Instruct,llama,mistral,Q025,AGE,chg_B,-0.017382,-5.892382,0.985529,231,237
meta-llama/Llama-3.1-8B-Instruct,llama,mistral,Q025,ADHD,chg_A,-0.081069,-2.956068,0.974153,237,237
meta-llama/Llama-3.1-8B-Instruct,llama,mistral,Q025,ADHD,chg_B,-0.032684,-4.657684,0.977333,237,237
meta-llama/Llama-3.1-8B-Instruct,llama,mistral,Q026,IDENTITY,chg_A,-0.028117,-5.153117,0.978056,241,241
meta-llama/Llama-3.1-8B-Instruct,llama,mistral,Q026,IDENTITY,chg_B,-0.028117,-5.153117,0.978056,241,241
meta-llama/Llama-3.1-8B-Instruct,llama,mistral,Q026,NONE_vs_CONTROL,chg_A,-0.122726,-3.997726,0.902863,236,241
meta-llama/Llama-3.1-8B-Instruct,llama,mistral,Q026,NONE_vs_CONTROL,chg_B,-0.112193,-3.987193,0.912423,236,241
meta-llama/Llama-3.1-8B-Instruct,llama,mistral,Q026,SCREEN,chg_A,-0.158841,-2.533840,0.932486,235,241
meta-llama/Llama-3.1-8B-Instruct,llama,mistral,Q026,SCREEN,chg_B,-0.098057,-2.973049,0.957745,235,241
meta-llama/Llama-3.1-8B-Instruct,llama,mistral,Q026,AGE,chg_A,-0.071977,-3.946977,0.949865,244,241
meta-llama/Llama-3.1-8B-Instruct,llama,mistral,Q026,AGE,chg_B,-0.171568,-3.296568,0.879353,244,241
meta-llama/Llama-3.1-8B-Instruct,llama,mistral,Q026,ADHD,chg_A,-0.141495,-2.516495,0.948802,231,241
meta-llama/Llama-3.1-8B-Instruct,llama,mistral,Q026,ADHD,chg_B,-0.129490,-2.754490,0.942185,231,241
meta-llama/Llama-3.1-8B-Instruct,llama,mistral,Q027,IDENTITY,chg_A,-0.011608,-6.761608,0.989616,234,234
meta-llama/Llama-3.1-8B-Instruct,llama,mistral,Q027,IDENTITY,chg_B,-0.011608,-6.761608,0.989616,234,234
meta-llama/Llama-3.1-8B-Instruct,llama,mistral,Q027,NONE_vs_CONTROL,chg_A,-0.016901,-5.766901,0.986371,228,234
meta-llama/Llama-3.1-8B-Instruct,llama,mistral,Q027,NONE_vs_CONTROL,chg_B,-0.037709,-4.787709,0.971325,228,234
meta-llama/Llama-3.1-8B-Instruct,llama,mistral,Q027,SCREEN,chg_A,-0.059968,-3.809968,0.963943,234,234
meta-llama/Llama-3.1-8B-Instruct,llama,mistral,Q027,SCREEN,chg_B,-0.040671,-3.915669,0.980072,234,234
meta-llama/Llama-3.1-8B-Instruct,llama,mistral,Q027,AGE,chg_A,-0.032290,-4.907290,0.975618,236,234
meta-llama/Llama-3.1-8B-Instruct,llama,mistral,Q027,AGE,chg_B,-0.047240,-5.547239,0.957757,236,234
meta-llama/Llama-3.1-8B-Instruct,llama,mistral,Q027,ADHD,chg_A,-0.109772,-2.609771,0.969590,233,234
meta-llama/Llama-3.1-8B-Instruct,llama,mistral,Q027,ADHD,chg_B,-0.036936,-4.411936,0.975869,233,234
meta-llama/Llama-3.1-8B-Instruct,llama,mistral,Q028,IDENTITY,chg_A,-0.015349,-6.515349,0.986248,221,221
meta-llama/Llama-3.1-8B-Instruct,llama,mistral,Q028,IDENTITY,chg_B,-0.015349,-6.515349,0.986248,221,221
meta-llama/Llama-3.1-8B-Instruct,llama,mistral,Q028,NONE_vs_CONTROL,chg_A,-0.061498,-4.186498,0.955554,222,221
meta-llama/Llama-3.1-8B-Instruct,llama,mistral,Q028,NONE_vs_CONTROL,chg_B,-0.037061,-4.662061,0.973064,222,221
meta-llama/Llama-3.1-8B-Instruct,llama,mistral,Q028,SCREEN,chg_A,-0.058077,-3.683076,0.968723,237,221
meta-llama/Llama-3.1-8B-Instruct,llama,mistral,Q028,SCREEN,chg_B,-0.016777,-6.016776,0.985801,237,221
meta-llama/Llama-3.1-8B-Instruct,llama,mistral,Q028,AGE,chg_A,-0.047860,-3.797860,0.975686,236,221
meta-llama/Llama-3.1-8B-Instruct,llama,mistral,Q028,AGE,chg_B,-0.020791,-5.395791,0.983959,236,221
meta-llama/Llama-3.1-8B-Instruct,llama,mistral,Q028,ADHD,chg_A,-0.112707,-2.612706,0.966748,231,221
meta-llama/Llama-3.1-8B-Instruct,llama,mistral,Q028,ADHD,chg_B,-0.038727,-3.913726,0.981979,231,221
meta-llama/Llama-3.1-8B-Instruct,llama,mistral,Q029,IDENTITY,chg_A,-0.044501,-5.169501,0.962162,225,225
meta-llama/Llama-3.1-8B-Instruct,llama,mistral,Q029,IDENTITY,chg_B,-0.044501,-5.169501,0.962162,225,225
meta-llama/Llama-3.1-8B-Instruct,llama,mistral,Q029,NONE_vs_CONTROL,chg_A,-0.074443,-4.449443,0.939945,228,225
meta-llama/Llama-3.1-8B-Instruct,llama,mistral,Q029,NONE_vs_CONTROL,chg_B,-0.047751,-4.547750,0.963962,228,225
meta-llama/Llama-3.1-8B-Instruct,llama,mistral,Q029,SCREEN,chg_A,-0.191863,-2.066860,0.952003,209,225
meta-llama/Llama-3.1-8B-Instruct,llama,mistral,Q029,SCREEN,chg_B,-0.036682,-5.911682,0.966690,209,225
meta-llama/Llama-3.1-8B-Instruct,llama,mistral,Q029,AGE,chg_A,-0.058006,-5.058006,0.950002,237,225
meta-llama/Llama-3.1-8B-Instruct,llama,mistral,Q029,AGE,chg_B,-0.041004,-5.041004,0.966293,237,225
meta-llama/Llama-3.1-8B-Instruct,llama,mistral,Q029,ADHD,chg_A,-0.139746,-2.514745,0.950463,207,225
meta-llama/Llama-3.1-8B-Instruct,llama,mistral,Q029,ADHD,chg_B,-0.048399,-3.673399,0.978143,207,225
meta-llama/Llama-3.1-8B-Instruct,llama,mistral,Q030,IDENTITY,chg_A,-0.013395,-5.638395,0.990252,222,222
meta-llama/Llama-3.1-8B-Instruct,llama,mistral,Q030,IDENTITY,chg_B,-0.013395,-5.638395,0.990252,222,222
meta-llama/Llama-3.1-8B-Instruct,llama,mistral,Q030,NONE_vs_CONTROL,chg_A,-0.032650,-4.407648,0.980062,224,222
meta-llama/Llama-3.1-8B-Instruct,llama,mistral,Q030,NONE_vs_CONTROL,chg_B,-0.098673,-2.848670,0.963960,224,222
meta-llama/Llama-3.1-8B-Instruct,llama,mistral,Q030,SCREEN,chg_A,-0.091150,-2.841141,0.971240,218,222
meta-llama/Llama-3.1-8B-Instruct,llama,mistral,Q030,SCREEN,chg_B,-0.041242,-4.291240,0.973285,218,222
meta-llama/Llama-3.1-8B-Instruct,llama,mistral,Q030,AGE,chg_A,-0.065521,-3.065516,0.983209,220,222
meta-llama/Llama-3.1-8B-Instruct,llama,mistral,Q030,AGE,chg_B,-0.093473,-3.343458,0.946077,220,222
meta-llama/Llama-3.1-8B-Instruct,llama,mistral,Q030,ADHD,chg_A,-0.023806,-5.898804,0.979218,226,222
meta-llama/Llama-3.1-8B-Instruct,llama,mistral,Q030,ADHD,chg_B,-0.148008,-2.148007,0.979141,226,222
meta-llama/Llama-3.1-8B-Instruct,llama,mistral,Q031,IDENTITY,chg_A,-0.009752,-5.259752,0.995492,210,210
meta-llama/Llama-3.1-8B-Instruct,llama,mistral,Q031,IDENTITY,chg_B,-0.009752,-5.259752,0.995492,210,210
meta-llama/Llama-3.1-8B-Instruct,llama,mistral,Q031,NONE_vs_CONTROL,chg_A,-0.036504,-3.786501,0.986829,210,210
meta-llama/Llama-3.1-8B-Instruct,llama,mistral,Q031,NONE_vs_CONTROL,chg_B,-0.064937,-2.939934,0.989995,210,210
meta-llama/Llama-3.1-8B-Instruct,llama,mistral,Q031,SCREEN,chg_A,-0.037536,-3.662521,0.988828,208,210
meta-llama/Llama-3.1-8B-Instruct,llama,mistral,Q031,SCREEN,chg_B,-0.027162,-4.027156,0.991028,208,210
meta-llama/Llama-3.1-8B-Instruct,llama,mistral,Q031,AGE,chg_A,-0.110287,-2.360285,0.989970,209,210
meta-llama/Llama-3.1-8B-Instruct,llama,mistral,Q031,AGE,chg_B,-0.082658,-2.707655,0.987359,209,210
meta-llama/Llama-3.1-8B-Instruct,llama,mistral,Q031,ADHD,chg_A,-0.039472,-3.664470,0.986915,215,210
meta-llama/Llama-3.1-8B-Instruct,llama,mistral,Q031,ADHD,chg_B,-0.234160,-1.609158,0.991291,215,210
meta-llama/Llama-3.1-8B-Instruct,llama,mistral,Q032,IDENTITY,chg_A,-0.016974,-5.641974,0.986715,229,229
meta-llama/Llama-3.1-8B-Instruct,llama,mistral,Q032,IDENTITY,chg_B,-0.016974,-5.641974,0.986715,229,229
meta-llama/Llama-3.1-8B-Instruct,llama,mistral,Q032,NONE_vs_CONTROL,chg_A,-0.040506,-3.540504,0.989303,229,229
meta-llama/Llama-3.1-8B-Instruct,llama,mistral,Q032,NONE_vs_CONTROL,chg_B,-0.060794,-3.060791,0.987868,229,229
meta-llama/Llama-3.1-8B-Instruct,llama,mistral,Q032,SCREEN,chg_A,-0.069646,-2.819643,0.992351,205,229
meta-llama/Llama-3.1-8B-Instruct,llama,mistral,Q032,SCREEN,chg_B,-0.048388,-3.173344,0.994627,205,229
meta-llama/Llama-3.1-8B-Instruct,llama,mistral,Q032,AGE,chg_A,-0.113587,-2.363586,0.986709,238,229
meta-llama/Llama-3.1-8B-Instruct,llama,mistral,Q032,AGE,chg_B,-0.046681,-3.421674,0.987049,238,229
meta-llama/Llama-3.1-8B-Instruct,llama,mistral,Q032,ADHD,chg_A,-0.101821,-2.476819,0.987201,236,229
meta-llama/Llama-3.1-8B-Instruct,llama,mistral,Q032,ADHD,chg_B,-0.094925,-2.594921,0.984093,236,229
meta-llama/Llama-3.1-8B-Instruct,llama,mistral,Q033,IDENTITY,chg_A,-0.019496,-5.519496,0.984701,225,225
meta-llama/Llama-3.1-8B-Instruct,llama,mistral,Q033,IDENTITY,chg_B,-0.019496,-5.519496,0.984701,225,225
meta-llama/Llama-3.1-8B-Instruct,llama,mistral,Q033,NONE_vs_CONTROL,chg_A,-0.022478,-4.897478,0.985238,214,225
meta-llama/Llama-3.1-8B-Instruct,llama,mistral,Q033,NONE_vs_CONTROL,chg_B,-0.055654,-3.430652,0.978232,214,225
meta-llama/Llama-3.1-8B-Instruct,llama,mistral,Q033,SCREEN,chg_A,-0.232889,-1.607888,0.992551,241,225
meta-llama/Llama-3.1-8B-Instruct,llama,mistral,Q033,SCREEN,chg_B,-0.028598,-4.278594,0.985669,241,225
meta-llama/Llama-3.1-8B-Instruct,llama,mistral,Q033,AGE,chg_A,-0.030334,-4.280334,0.983960,218,225
meta-llama/Llama-3.1-8B-Instruct,llama,mistral,Q033,AGE,chg_B,-0.096740,-2.846739,0.965825,218,225
meta-llama/Llama-3.1-8B-Instruct,llama,mistral,Q033,ADHD,chg_A,-0.069400,-2.944400,0.985587,231,225
meta-llama/Llama-3.1-8B-Instruct,llama,mistral,Q033,ADHD,chg_B,-0.203890,-1.828885,0.976144,231,225
meta-llama/Llama-3.1-8B-Instruct,llama,mistral,Q034,IDENTITY,chg_A,-0.030712,-5.030712,0.976289,222,222
meta-llama/Llama-3.1-8B-Instruct,llama,mistral,Q034,IDENTITY,chg_B,-0.030712,-5.030712,0.976289,222,222
meta-llama/Llama-3.1-8B-Instruct,llama,mistral,Q034,NONE_vs_CONTROL,chg_A,-0.073287,-3.448286,0.961135,225,222
meta-llama/Llama-3.1-8B-Instruct,llama,mistral,Q034,NONE_vs_CONTROL,chg_B,-0.038643,-4.538643,0.972782,225,222
meta-llama/Llama-3.1-8B-Instruct,llama,mistral,Q034,SCREEN,chg_A,-0.088180,-3.338180,0.951097,216,222
meta-llama/Llama-3.1-8B-Instruct,llama,mistral,Q034,SCREEN,chg_B,-0.049438,-4.049438,0.969196,216,222
meta-llama/Llama-3.1-8B-Instruct,llama,mistral,Q034,AGE,chg_A,-0.043877,-4.543877,0.967704,213,222
meta-llama/Llama-3.1-8B-Instruct,llama,mistral,Q034,AGE,chg_B,-0.021981,-5.271981,0.983392,213,222
meta-llama/Llama-3.1-8B-Instruct,llama,mistral,Q034,ADHD,chg_A,-0.066605,-3.691605,0.960496,223,222
meta-llama/Llama-3.1-8B-Instruct,llama,mistral,Q034,ADHD,chg_B,-0.078275,-2.953274,0.976879,223,222
meta-llama/Llama-3.1-8B-Instruct,llama,mistral,Q035,IDENTITY,chg_A,-0.022448,-5.522448,0.981798,225,225
meta-llama/Llama-3.1-8B-Instruct,llama,mistral,Q035,IDENTITY,chg_B,-0.022448,-5.522448,0.981798,225,225
meta-llama/Llama-3.1-8B-Instruct,llama,mistral,Q035,NONE_vs_CONTROL,chg_A,-0.037785,-3.787784,0.985566,206,225
meta-llama/Llama-3.1-8B-Instruct,llama,mistral,Q035,NONE_vs_CONTROL,chg_B,-0.093536,-2.718535,0.976677,206,225
meta-llama/Llama-3.1-8B-Instruct,llama,mistral,Q035,SCREEN,chg_A,-0.173378,-1.923377,0.986932,234,225
meta-llama/Llama-3.1-8B-Instruct,llama,mistral,Q035,SCREEN,chg_B,-0.015183,-7.265179,0.985631,234,225
meta-llama/Llama-3.1-8B-Instruct,llama,mistral,Q035,AGE,chg_A,-0.115733,-2.365732,0.984593,223,225
meta-llama/Llama-3.1-8B-Instruct,llama,mistral,Q035,AGE,chg_B,-0.017674,-6.767674,0.983632,223,225
meta-llama/Llama-3.1-8B-Instruct,llama,mistral,Q035,ADHD,chg_A,-0.029074,-4.154071,0.987045,219,225
meta-llama/Llama-3.1-8B-Instruct,llama,mistral,Q035,ADHD,chg_B,-0.018176,-5.018175,0.988605,219,225
meta-llama/Llama-3.1-8B-Instruct,llama,mistral,Q036,IDENTITY,chg_A,-0.019905,-6.019906,0.982721,218,218
meta-llama/Llama-3.1-8B-Instruct,llama,mistral,Q036,IDENTITY,chg_B,-0.019905,-6.019906,0.982721,218,218
meta-llama/Llama-3.1-8B-Instruct,llama,mistral,Q036,NONE_vs_CONTROL,chg_A,-0.032019,-4.282020,0.982302,228,218
meta-llama/Llama-3.1-8B-Instruct,llama,mistral,Q036,NONE_vs_CONTROL,chg_B,-0.035847,-4.785847,0.973135,228,218
meta-llama/Llama-3.1-8B-Instruct,llama,mistral,Q036,SCREEN,chg_A,-0.086058,-2.586057,0.992857,214,218
meta-llama/Llama-3.1-8B-Instruct,llama,mistral,Q036,SCREEN,chg_B,-0.012140,-5.262137,0.993118,214,218
meta-llama/Llama-3.1-8B-Instruct,llama,mistral,Q036,AGE,chg_A,-0.028564,-4.278564,0.985702,222,218
meta-llama/Llama-3.1-8B-Instruct,llama,mistral,Q036,AGE,chg_B,-0.051375,-3.426375,0.982427,222,218
meta-llama/Llama-3.1-8B-Instruct,llama,mistral,Q036,ADHD,chg_A,-0.103519,-2.478517,0.985527,223,218
meta-llama/Llama-3.1-8B-Instruct,llama,mistral,Q036,ADHD,chg_B,-0.085145,-2.710139,0.984907,223,218
meta-llama/Llama-3.1-8B-Instruct,llama,mistral,Q037,IDENTITY,chg_A,-0.024455,-5.149455,0.981644,235,235
meta-llama/Llama-3.1-8B-Instruct,llama,mistral,Q037,IDENTITY,chg_B,-0.024455,-5.149455,0.981644,235,235
meta-llama/Llama-3.1-8B-Instruct,llama,mistral,Q037,NONE_vs_CONTROL,chg_A,-0.266834,-1.641833,0.959425,237,235
meta-llama/Llama-3.1-8B-Instruct,llama,mistral,Q037,NONE_vs_CONTROL,chg_B,-0.116696,-2.866695,0.946742,237,235
meta-llama/Llama-3.1-8B-Instruct,llama,mistral,Q037,SCREEN,chg_A,-0.077736,-3.327731,0.961083,233,235
meta-llama/Llama-3.1-8B-Instruct,llama,mistral,Q037,SCREEN,chg_B,-0.125028,-2.375026,0.975485,233,235
meta-llama/Llama-3.1-8B-Instruct,llama,mistral,Q037,AGE,chg_A,-0.613402,-0.863398,0.963232,233,235
meta-llama/Llama-3.1-8B-Instruct,llama,mistral,Q037,AGE,chg_B,-0.067670,-5.442670,0.938896,233,235
meta-llama/Llama-3.1-8B-Instruct,llama,mistral,Q037,ADHD,chg_A,-0.145732,-2.270725,0.967627,206,235
meta-llama/Llama-3.1-8B-Instruct,llama,mistral,Q037,ADHD,chg_B,-0.036114,-3.786113,0.987214,206,235
meta-llama/Llama-3.1-8B-Instruct,llama,mistral,Q038,IDENTITY,chg_A,-0.019826,-6.394825,0.982040,197,197
meta-llama/Llama-3.1-8B-Instruct,llama,mistral,Q038,IDENTITY,chg_B,-0.019826,-6.394825,0.982040,197,197
meta-llama/Llama-3.1-8B-Instruct,llama,mistral,Q038,NONE_vs_CONTROL,chg_A,-0.068076,-4.193075,0.949289,194,197
meta-llama/Llama-3.1-8B-Instruct,llama,mistral,Q038,NONE_vs_CONTROL,chg_B,-0.051252,-4.801252,0.958258,194,197
meta-llama/Llama-3.1-8B-Instruct,llama,mistral,Q038,SCREEN,chg_A,-0.147914,-2.397911,0.953413,204,197
meta-llama/Llama-3.1-8B-Instruct,llama,mistral,Q038,SCREEN,chg_B,-0.034895,-5.659893,0.969190,204,197
meta-llama/Llama-3.1-8B-Instruct,llama,mistral,Q038,AGE,chg_A,-0.103787,-2.728784,0.966716,212,197
meta-llama/Llama-3.1-8B-Instruct,llama,mistral,Q038,AGE,chg_B,-0.025734,-5.650730,0.978109,212,197
meta-llama/Llama-3.1-8B-Instruct,llama,mistral,Q038,ADHD,chg_A,-0.097560,-2.972558,0.958220,225,197
meta-llama/Llama-3.1-8B-Instruct,llama,mistral,Q038,ADHD,chg_B,-0.020272,-6.645270,0.981232,225,197
meta-llama/Llama-3.1-8B-Instruct,llama,mistral,Q039,IDENTITY,chg_A,-0.014817,-5.639817,0.988846,230,230
meta-llama/Llama-3.1-8B-Instruct,llama,mistral,Q039,IDENTITY,chg_B,-0.014817,-5.639817,0.988846,230,230
meta-llama/Llama-3.1-8B-Instruct,llama,mistral,Q039,NONE_vs_CONTROL,chg_A,-0.331594,-1.331592,0.981835,227,230
meta-llama/Llama-3.1-8B-Instruct,llama,mistral,Q039,NONE_vs_CONTROL,chg_B,-0.120588,-2.370588,0.979825,227,230
meta-llama/Llama-3.1-8B-Instruct,llama,mistral,Q039,SCREEN,chg_A,-0.582149,-0.832148,0.993810,241,230
meta-llama/Llama-3.1-8B-Instruct,llama,mistral,Q039,SCREEN,chg_B,-0.013008,-4.763006,0.995617,241,230
meta-llama/Llama-3.1-8B-Instruct,llama,mistral,Q039,AGE,chg_A,-0.326627,-1.326627,0.986724,222,230
meta-llama/Llama-3.1-8B-Instruct,llama,mistral,Q039,AGE,chg_B,-0.062056,-3.437056,0.971989,222,230
meta-llama/Llama-3.1-8B-Instruct,llama,mistral,Q039,ADHD,chg_A,-0.368512,-1.243510,0.980133,221,230
meta-llama/Llama-3.1-8B-Instruct,llama,mistral,Q039,ADHD,chg_B,-0.057604,-3.182601,0.985502,221,230
meta-llama/Llama-3.1-8B-Instruct,llama,mistral,Q040,IDENTITY,chg_A,-0.019888,-4.769888,0.988790,253,253
meta-llama/Llama-3.1-8B-Instruct,llama,mistral,Q040,IDENTITY,chg_B,-0.019888,-4.769888,0.988790,253,253
meta-llama/Llama-3.1-8B-Instruct,llama,mistral,Q040,NONE_vs_CONTROL,chg_A,-0.025063,-4.400063,0.987525,252,253
meta-llama/Llama-3.1-8B-Instruct,llama,mistral,Q040,NONE_vs_CONTROL,chg_B,-0.026819,-4.276819,0.987424,252,253
meta-llama/Llama-3.1-8B-Instruct,llama,mistral,Q040,SCREEN,chg_A,-0.036260,-4.036260,0.982053,253,253
meta-llama/Llama-3.1-8B-Instruct,llama,mistral,Q040,SCREEN,chg_B,-0.036981,-3.911980,0.983696,253,253
meta-llama/Llama-3.1-8B-Instruct,llama,mistral,Q040,AGE,chg_A,-0.038375,-5.163375,0.968074,233,253
meta-llama/Llama-3.1-8B-Instruct,llama,mistral,Q040,AGE,chg_B,-0.054510,-3.804510,0.969219,233,253
meta-llama/Llama-3.1-8B-Instruct,llama,mistral,Q040,ADHD,chg_A,-0.035612,-4.285611,0.978780,232,253
meta-llama/Llama-3.1-8B-Instruct,llama,mistral,Q040,ADHD,chg_B,-0.336313,-1.336313,0.977212,232,253
meta-llama/Llama-3.1-8B-Instruct,llama,mistral,Q041,IDENTITY,chg_A,-0.031197,-4.406196,0.981486,205,205
meta-llama/Llama-3.1-8B-Instruct,llama,mistral,Q041,IDENTITY,chg_B,-0.031197,-4.406196,0.981486,205,205
meta-llama/Llama-3.1-8B-Instruct,llama,mistral,Q041,NONE_vs_CONTROL,chg_A,-0.030696,-4.280696,0.983603,215,205
meta-llama/Llama-3.1-8B-Instruct,llama,mistral,Q041,NONE_vs_CONTROL,chg_B,-0.056029,-3.431028,0.977866,215,205
meta-llama/Llama-3.1-8B-Instruct,llama,mistral,Q041,SCREEN,chg_A,-0.060529,-3.310518,0.977764,190,205
meta-llama/Llama-3.1-8B-Instruct,llama,mistral,Q041,SCREEN,chg_B,-0.073945,-2.948888,0.981120,190,205
meta-llama/Llama-3.1-8B-Instruct,llama,mistral,Q041,AGE,chg_A,-0.071206,-2.946205,0.983809,203,205
meta-llama/Llama-3.1-8B-Instruct,llama,mistral,Q041,AGE,chg_B,-0.046009,-3.671009,0.980484,203,205
meta-llama/Llama-3.1-8B-Instruct,llama,mistral,Q041,ADHD,chg_A,-0.032151,-4.532151,0.979118,218,205
meta-llama/Llama-3.1-8B-Instruct,llama,mistral,Q041,ADHD,chg_B,-0.027306,-4.777306,0.981482,218,205
meta-llama/Llama-3.1-8B-Instruct,llama,mistral,Q042,IDENTITY,chg_A,-0.018532,-5.268532,0.986790,197,197
meta-llama/Llama-3.1-8B-Instruct,llama,mistral,Q042,IDENTITY,chg_B,-0.018532,-5.268532,0.986790,197,197
meta-llama/Llama-3.1-8B-Instruct,llama,mistral,Q042,NONE_vs_CONTROL,chg_A,-0.044980,-3.544979,0.984886,207,197
meta-llama/Llama-3.1-8B-Instruct,llama,mistral,Q042,NONE_vs_CONTROL,chg_B,-0.157972,-2.032972,0.984819,207,197
meta-llama/Llama-3.1-8B-Instruct,llama,mistral,Q042,SCREEN,chg_A,-0.027870,-4.152869,0.988234,183,197
meta-llama/Llama-3.1-8B-Instruct,llama,mistral,Q042,SCREEN,chg_B,-0.096704,-2.596703,0.982344,183,197
meta-llama/Llama-3.1-8B-Instruct,llama,mistral,Q042,AGE,chg_A,-0.074842,-2.824841,0.987208,189,197
meta-llama/Llama-3.1-8B-Instruct,llama,mistral,Q042,AGE,chg_B,-0.130626,-2.255624,0.982354,189,197
meta-llama/Llama-3.1-8B-Instruct,llama,mistral,Q042,ADHD,chg_A,-0.043850,-3.543850,0.985999,216,197
meta-llama/Llama-3.1-8B-Instruct,llama,mistral,Q042,ADHD,chg_B,-0.103170,-2.478169,0.985871,216,197
meta-llama/Llama-3.1-8B-Instruct,llama,mistral,Q043,IDENTITY,chg_A,-0.013684,-5.138684,0.992274,227,227
meta-llama/Llama-3.1-8B-Instruct,llama,mistral,Q043,IDENTITY,chg_B,-0.013684,-5.138684,0.992274,227,227
meta-llama/Llama-3.1-8B-Instruct,llama,mistral,Q043,NONE_vs_CONTROL,chg_A,-0.176737,-1.926736,0.983623,223,227
meta-llama/Llama-3.1-8B-Instruct,llama,mistral,Q043,NONE_vs_CONTROL,chg_B,-0.045046,-3.545046,0.984820,223,227
meta-llama/Llama-3.1-8B-Instruct,llama,mistral,Q043,SCREEN,chg_A,-0.273660,-1.523660,0.978503,199,227
meta-llama/Llama-3.1-8B-Instruct,llama,mistral,Q043,SCREEN,chg_B,-0.072390,-3.197388,0.971036,199,227
meta-llama/Llama-3.1-8B-Instruct,llama,mistral,Q043,AGE,chg_A,-0.299257,-1.424257,0.982056,210,227
meta-llama/Llama-3.1-8B-Instruct,llama,mistral,Q043,AGE,chg_B,-0.049411,-3.674408,0.977154,210,227
meta-llama/Llama-3.1-8B-Instruct,llama,mistral,Q043,ADHD,chg_A,-0.205579,-1.830577,0.974497,220,227
meta-llama/Llama-3.1-8B-Instruct,llama,mistral,Q043,ADHD,chg_B,-0.052216,-4.302215,0.962662,220,227
meta-llama/Llama-3.1-8B-Instruct,llama,mistral,Q044,IDENTITY,chg_A,-0.028873,-5.778872,0.974632,215,215
meta-llama/Llama-3.1-8B-Instruct,llama,mistral,Q044,IDENTITY,chg_B,-0.028873,-5.778872,0.974632,215,215
meta-llama/Llama-3.1-8B-Instruct,llama,mistral,Q044,NONE_vs_CONTROL,chg_A,-0.078979,-2.953977,0.976191,201,215
meta-llama/Llama-3.1-8B-Instruct,llama,mistral,Q044,NONE_vs_CONTROL,chg_B,-0.040652,-4.040651,0.977749,201,215
meta-llama/Llama-3.1-8B-Instruct,llama,mistral,Q044,SCREEN,chg_A,-0.114741,-2.489737,0.974529,228,215
meta-llama/Llama-3.1-8B-Instruct,llama,mistral,Q044,SCREEN,chg_B,-0.079135,-5.079131,0.930141,228,215
meta-llama/Llama-3.1-8B-Instruct,llama,mistral,Q044,AGE,chg_A,-0.288774,-1.538773,0.963826,229,215
meta-llama/Llama-3.1-8B-Instruct,llama,mistral,Q044,AGE,chg_B,-0.086281,-3.836280,0.938910,229,215
meta-llama/Llama-3.1-8B-Instruct,llama,mistral,Q044,ADHD,chg_A,-0.075517,-3.075517,0.973429,231,215
meta-llama/Llama-3.1-8B-Instruct,llama,mistral,Q044,ADHD,chg_B,-0.050192,-4.550186,0.961612,231,215
meta-llama/Llama-3.1-8B-Instruct,llama,mistral,Q045,IDENTITY,chg_A,-0.036591,-4.661591,0.973521,202,202
meta-llama/Llama-3.1-8B-Instruct,llama,mistral,Q045,IDENTITY,chg_B,-0.036591,-4.661591,0.973521,202,202
meta-llama/Llama-3.1-8B-Instruct,llama,mistral,Q045,NONE_vs_CONTROL,chg_A,-0.032496,-5.032495,0.974549,215,202
meta-llama/Llama-3.1-8B-Instruct,llama,mistral,Q045,NONE_vs_CONTROL,chg_B,-0.028193,-4.528192,0.983001,215,202
meta-llama/Llama-3.1-8B-Instruct,llama,mistral,Q045,SCREEN,chg_A,-0.041098,-4.166098,0.975248,216,202
meta-llama/Llama-3.1-8B-Instruct,llama,mistral,Q045,SCREEN,chg_B,-0.059982,-3.309981,0.978299,216,202
meta-llama/Llama-3.1-8B-Instruct,llama,mistral,Q045,AGE,chg_A,-0.037710,-5.037709,0.969481,213,202
meta-llama/Llama-3.1-8B-Instruct,llama,mistral,Q045,AGE,chg_B,-0.088249,-2.838248,0.974061,213,202
meta-llama/Llama-3.1-8B-Instruct,llama,mistral,Q045,ADHD,chg_A,-0.052369,-3.802369,0.971296,225,202
meta-llama/Llama-3.1-8B-Instruct,llama,mistral,Q045,ADHD,chg_B,-0.054904,-3.554904,0.975160,225,202
meta-llama/Llama-3.1-8B-Instruct,llama,mistral,Q046,IDENTITY,chg_A,-0.024419,-5.649419,0.979396,210,210
meta-llama/Llama-3.1-8B-Instruct,llama,mistral,Q046,IDENTITY,chg_B,-0.024419,-5.649419,0.979396,210,210
meta-llama/Llama-3.1-8B-Instruct,llama,mistral,Q046,NONE_vs_CONTROL,chg_A,-0.039590,-4.789590,0.969500,220,210
meta-llama/Llama-3.1-8B-Instruct,llama,mistral,Q046,NONE_vs_CONTROL,chg_B,-0.036996,-4.161996,0.979256,220,210
meta-llama/Llama-3.1-8B-Instruct,llama,mistral,Q046,SCREEN,chg_A,-0.188522,-1.938522,0.972099,236,210
meta-llama/Llama-3.1-8B-Instruct,llama,mistral,Q046,SCREEN,chg_B,-0.054318,-3.679316,0.972371,236,210
meta-llama/Llama-3.1-8B-Instruct,llama,mistral,Q046,AGE,chg_A,-0.043218,-4.293219,0.971363,218,210
meta-llama/Llama-3.1-8B-Instruct,llama,mistral,Q046,AGE,chg_B,-0.015573,-4.890573,0.992065,218,210
meta-llama/Llama-3.1-8B-Instruct,llama,mistral,Q046,ADHD,chg_A,-0.037434,-4.037434,0.980901,230,210
meta-llama/Llama-3.1-8B-Instruct,llama,mistral,Q046,ADHD,chg_B,-0.026220,-4.276219,0.988016,230,210
meta-llama/Llama-3.1-8B-Instruct,llama,mistral,Q047,IDENTITY,chg_A,-0.028837,-5.278837,0.976673,256,256
meta-llama/Llama-3.1-8B-Instruct,llama,mistral,Q047,IDENTITY,chg_B,-0.028837,-5.278837,0.976673,256,256
meta-llama/Llama-3.1-8B-Instruct,llama,mistral,Q047,NONE_vs_CONTROL,chg_A,-0.045533,-5.545533,0.959393,225,256
meta-llama/Llama-3.1-8B-Instruct,llama,mistral,Q047,NONE_vs_CONTROL,chg_B,-0.056542,-3.806542,0.967252,225,256
meta-llama/Llama-3.1-8B-Instruct,llama,mistral,Q047,SCREEN,chg_A,-0.064324,-3.314320,0.974060,230,256
meta-llama/Llama-3.1-8B-Instruct,llama,mistral,Q047,SCREEN,chg_B,-0.044607,-3.669602,0.981860,230,256
meta-llama/Llama-3.1-8B-Instruct,llama,mistral,Q047,AGE,chg_A,-0.043397,-4.293396,0.971190,233,256
meta-llama/Llama-3.1-8B-Instruct,llama,mistral,Q047,AGE,chg_B,-0.075625,-3.450624,0.958890,233,256
meta-llama/Llama-3.1-8B-Instruct,llama,mistral,Q047,ADHD,chg_A,-0.087764,-2.962763,0.967653,230,256
meta-llama/Llama-3.1-8B-Instruct,llama,mistral,Q047,ADHD,chg_B,-0.101254,-2.601252,0.977884,230,256
meta-llama/Llama-3.1-8B-Instruct,llama,mistral,Q048,IDENTITY,chg_A,-0.025820,-4.900820,0.981951,225,225
meta-llama/Llama-3.1-8B-Instruct,llama,mistral,Q048,IDENTITY,chg_B,-0.025820,-4.900820,0.981951,225,225
meta-llama/Llama-3.1-8B-Instruct,llama,mistral,Q048,NONE_vs_CONTROL,chg_A,-0.025990,-4.275990,0.988243,224,225
meta-llama/Llama-3.1-8B-Instruct,llama,mistral,Q048,NONE_vs_CONTROL,chg_B,-0.038355,-3.663354,0.988018,224,225
meta-llama/Llama-3.1-8B-Instruct,llama,mistral,Q048,SCREEN,chg_A,-0.051642,-3.301638,0.986492,216,225
meta-llama/Llama-3.1-8B-Instruct,llama,mistral,Q048,SCREEN,chg_B,-0.054881,-3.054873,0.993726,216,225
meta-llama/Llama-3.1-8B-Instruct,llama,mistral,Q048,AGE,chg_A,-0.029612,-4.154612,0.986514,221,225
meta-llama/Llama-3.1-8B-Instruct,llama,mistral,Q048,AGE,chg_B,-0.036814,-3.661814,0.989541,221,225
meta-llama/Llama-3.1-8B-Instruct,llama,mistral,Q048,ADHD,chg_A,-0.353458,-1.228456,0.995000,222,225
meta-llama/Llama-3.1-8B-Instruct,llama,mistral,Q048,ADHD,chg_B,-0.017480,-4.642479,0.992305,222,225
meta-llama/Llama-3.1-8B-Instruct,llama,mistral,Q049,IDENTITY,chg_A,-0.018877,-5.518876,0.985311,238,238
meta-llama/Llama-3.1-8B-Instruct,llama,mistral,Q049,IDENTITY,chg_B,-0.018877,-5.518876,0.985311,238,238
meta-llama/Llama-3.1-8B-Instruct,llama,mistral,Q049,NONE_vs_CONTROL,chg_A,-0.033712,-4.658711,0.976329,229,238
meta-llama/Llama-3.1-8B-Instruct,llama,mistral,Q049,NONE_vs_CONTROL,chg_B,-0.048564,-3.548564,0.981362,229,238
meta-llama/Llama-3.1-8B-Instruct,llama,mistral,Q049,SCREEN,chg_A,-0.072263,-2.947262,0.982770,248,238
meta-llama/Llama-3.1-8B-Instruct,llama,mistral,Q049,SCREEN,chg_B,-0.033881,-4.033880,0.984392,248,238
meta-llama/Llama-3.1-8B-Instruct,llama,mistral,Q049,AGE,chg_A,-0.019289,-4.894288,0.988385,253,238
meta-llama/Llama-3.1-8B-Instruct,llama,mistral,Q049,AGE,chg_B,-0.027416,-4.777416,0.981374,253,238
meta-llama/Llama-3.1-8B-Instruct,llama,mistral,Q049,ADHD,chg_A,-0.046932,-3.671931,0.979580,241,238
meta-llama/Llama-3.1-8B-Instruct,llama,mistral,Q049,ADHD,chg_B,-0.062828,-5.187827,0.944690,241,238
meta-llama/Llama-3.1-8B-Instruct,llama,mistral,Q050,IDENTITY,chg_A,-0.014356,-5.514355,0.989775,234,234
meta-llama/Llama-3.1-8B-Instruct,llama,mistral,Q050,IDENTITY,chg_B,-0.014356,-5.514355,0.989775,234,234
meta-llama/Llama-3.1-8B-Instruct,llama,mistral,Q050,NONE_vs_CONTROL,chg_A,-0.022242,-5.272241,0.983136,237,234
meta-llama/Llama-3.1-8B-Instruct,llama,mistral,Q050,NONE_vs_CONTROL,chg_B,-0.052366,-3.302364,0.985777,237,234
meta-llama/Llama-3.1-8B-Instruct,llama,mistral,Q050,SCREEN,chg_A,-0.023282,-4.398282,0.989285,230,234
meta-llama/Llama-3.1-8B-Instruct,llama,mistral,Q050,SCREEN,chg_B,-0.036076,-5.286076,0.969628,230,234
meta-llama/Llama-3.1-8B-Instruct,llama,mistral,Q050,AGE,chg_A,-0.023896,-4.773895,0.984835,218,234
meta-llama/Llama-3.1-8B-Instruct,llama,mistral,Q050,AGE,chg_B,-0.039619,-3.914619,0.981103,218,234
meta-llama/Llama-3.1-8B-Instruct,llama,mistral,Q050,ADHD,chg_A,-0.057024,-3.307019,0.981197,232,234
meta-llama/Llama-3.1-8B-Instruct,llama,mistral,Q050,ADHD,chg_B,-0.044408,-3.919407,0.976416,232,234
meta-llama/Llama-3.1-8B-Instruct,llama,mistral,Q051,IDENTITY,chg_A,-0.015333,-5.765333,0.987919,221,221
meta-llama/Llama-3.1-8B-Instruct,llama,mistral,Q051,IDENTITY,chg_B,-0.015333,-5.765333,0.987919,221,221
meta-llama/Llama-3.1-8B-Instruct,llama,mistral,Q051,NONE_vs_CONTROL,chg_A,-0.051251,-4.301251,0.963591,210,221
meta-llama/Llama-3.1-8B-Instruct,llama,mistral,Q051,NONE_vs_CONTROL,chg_B,-0.063856,-4.063856,0.955323,210,221
meta-llama/Llama-3.1-8B-Instruct,llama,mistral,Q051,SCREEN,chg_A,-0.588273,-0.838273,0.987742,239,221
meta-llama/Llama-3.1-8B-Instruct,llama,mistral,Q051,SCREEN,chg_B,-0.073635,-2.948635,0.981422,239,221
meta-llama/Llama-3.1-8B-Instruct,llama,mistral,Q051,AGE,chg_A,-0.160520,-2.035520,0.982314,236,221
meta-llama/Llama-3.1-8B-Instruct,llama,mistral,Q051,AGE,chg_B,-0.059558,-3.684555,0.967289,236,221
meta-llama/Llama-3.1-8B-Instruct,llama,mistral,Q051,ADHD,chg_A,-0.088215,-2.713215,0.981887,220,221
meta-llama/Llama-3.1-8B-Instruct,llama,mistral,Q051,ADHD,chg_B,-0.117782,-2.492780,0.971570,220,221
meta-llama/Llama-3.1-8B-Instruct,llama,mistral,Q052,IDENTITY,chg_A,-0.017920,-6.517920,0.983716,226,226
meta-llama/Llama-3.1-8B-Instruct,llama,mistral,Q052,IDENTITY,chg_B,-0.017920,-6.517920,0.983716,226,226
meta-llama/Llama-3.1-8B-Instruct,llama,mistral,Q052,NONE_vs_CONTROL,chg_A,-0.199953,-2.074952,0.944332,244,226
meta-llama/Llama-3.1-8B-Instruct,llama,mistral,Q052,NONE_vs_CONTROL,chg_B,-0.028887,-5.278887,0.976625,244,226
meta-llama/Llama-3.1-8B-Instruct,llama,mistral,Q052,SCREEN,chg_A,-1.116325,-0.491324,0.939297,232,226
meta-llama/Llama-3.1-8B-Instruct,llama,mistral,Q052,SCREEN,chg_B,-0.025569,-6.775569,0.975896,232,226
meta-llama/Llama-3.1-8B-Instruct,llama,mistral,Q052,AGE,chg_A,-0.076466,-3.826466,0.948171,221,226
meta-llama/Llama-3.1-8B-Instruct,llama,mistral,Q052,AGE,chg_B,-0.031664,-4.781664,0.977214,221,226
meta-llama/Llama-3.1-8B-Instruct,llama,mistral,Q052,ADHD,chg_A,-0.477591,-1.102591,0.952285,224,226
meta-llama/Llama-3.1-8B-Instruct,llama,mistral,Q052,ADHD,chg_B,-0.023048,-5.523046,0.981210,224,226
meta-llama/Llama-3.1-8B-Instruct,llama,mistral,Q053,IDENTITY,chg_A,-0.017443,-5.767443,0.985836,220,220
meta-llama/Llama-3.1-8B-Instruct,llama,mistral,Q053,IDENTITY,chg_B,-0.017443,-5.767443,0.985836,220,220
meta-llama/Llama-3.1-8B-Instruct,llama,mistral,Q053,NONE_vs_CONTROL,chg_A,-0.020643,-6.770644,0.980715,212,220
meta-llama/Llama-3.1-8B-Instruct,llama,mistral,Q053,NONE_vs_CONTROL,chg_B,-0.030230,-4.655230,0.979734,212,220
meta-llama/Llama-3.1-8B-Instruct,llama,mistral,Q053,SCREEN,chg_A,-0.025291,-5.775291,0.978129,241,220
meta-llama/Llama-3.1-8B-Instruct,llama,mistral,Q053,SCREEN,chg_B,-0.061055,-4.186047,0.955978,241,220
meta-llama/Llama-3.1-8B-Instruct,llama,mistral,Q053,AGE,chg_A,-0.059460,-3.684460,0.967384,236,220
meta-llama/Llama-3.1-8B-Instruct,llama,mistral,Q053,AGE,chg_B,-0.080086,-3.580085,0.950911,236,220
meta-llama/Llama-3.1-8B-Instruct,llama,mistral,Q053,ADHD,chg_A,-0.018548,-5.643547,0.985164,248,220
meta-llama/Llama-3.1-8B-Instruct,llama,mistral,Q053,ADHD,chg_B,-0.112125,-2.737125,0.958689,248,220
meta-llama/Llama-3.1-8B-Instruct,llama,mistral,Q054,IDENTITY,chg_A,-0.010196,-7.135196,0.990652,209,209
meta-llama/Llama-3.1-8B-Instruct,llama,mistral,Q054,IDENTITY,chg_B,-0.010196,-7.135196,0.990652,209,209
meta-llama/Llama-3.1-8B-Instruct,llama,mistral,Q054,NONE_vs_CONTROL,chg_A,-0.043898,-4.418898,0.969099,162,209
meta-llama/Llama-3.1-8B-Instruct,llama,mistral,Q054,NONE_vs_CONTROL,chg_B,-0.024727,-4.774727,0.984016,162,209
meta-llama/Llama-3.1-8B-Instruct,llama,mistral,Q054,SCREEN,chg_A,-0.126064,-2.376061,0.974475,206,209
meta-llama/Llama-3.1-8B-Instruct,llama,mistral,Q054,SCREEN,chg_B,-0.047521,-4.797519,0.961840,206,209
meta-llama/Llama-3.1-8B-Instruct,llama,mistral,Q054,AGE,chg_A,-0.046501,-4.546500,0.965168,237,209
meta-llama/Llama-3.1-8B-Instruct,llama,mistral,Q054,AGE,chg_B,-0.046036,-4.171035,0.970444,237,209
meta-llama/Llama-3.1-8B-Instruct,llama,mistral,Q054,ADHD,chg_A,-0.049791,-3.924790,0.971175,223,209
meta-llama/Llama-3.1-8B-Instruct,llama,mistral,Q054,ADHD,chg_B,-0.142991,-2.392988,0.958118,223,209
meta-llama/Llama-3.1-8B-Instruct,llama,mistral,Q055,IDENTITY,chg_A,-0.008200,-5.508200,0.995887,229,229
meta-llama/Llama-3.1-8B-Instruct,llama,mistral,Q055,IDENTITY,chg_B,-0.008200,-5.508200,0.995887,229,229
meta-llama/Llama-3.1-8B-Instruct,llama,mistral,Q055,NONE_vs_CONTROL,chg_A,-0.039887,-4.039887,0.978497,228,229
meta-llama/Llama-3.1-8B-Instruct,llama,mistral,Q055,NONE_vs_CONTROL,chg_B,-0.045042,-4.795042,0.964228,228,229
meta-llama/Llama-3.1-8B-Instruct,llama,mistral,Q055,SCREEN,chg_A,-1.347437,-0.347416,0.966417,211,229
meta-llama/Llama-3.1-8B-Instruct,llama,mistral,Q055,SCREEN,chg_B,-0.038957,-8.288955,0.962043,211,229
meta-llama/Llama-3.1-8B-Instruct,llama,mistral,Q055,AGE,chg_A,-0.083245,-2.833243,0.978948,224,229
meta-llama/Llama-3.1-8B-Instruct,llama,mistral,Q055,AGE,chg_B,-0.038113,-5.288113,0.967656,224,229
meta-llama/Llama-3.1-8B-Instruct,llama,mistral,Q055,ADHD,chg_A,-0.142337,-2.142317,0.984712,215,229
meta-llama/Llama-3.1-8B-Instruct,llama,mistral,Q055,ADHD,chg_B,-0.053699,-5.803685,0.950734,215,229
meta-llama/Llama-3.1-8B-Instruct,llama,mistral,Q056,IDENTITY,chg_A,-0.021860,-6.771861,0.979522,235,235
meta-llama/Llama-3.1-8B-Instruct,llama,mistral,Q056,IDENTITY,chg_B,-0.021860,-6.771861,0.979522,235,235
meta-llama/Llama-3.1-8B-Instruct,llama,mistral,Q056,NONE_vs_CONTROL,chg_A,-0.063074,-4.313074,0.952266,220,235
meta-llama/Llama-3.1-8B-Instruct,llama,mistral,Q056,NONE_vs_CONTROL,chg_B,-0.069647,-4.569647,0.943085,220,235
meta-llama/Llama-3.1-8B-Instruct,llama,mistral,Q056,SCREEN,chg_A,-0.047203,-4.047203,0.971365,226,235
meta-llama/Llama-3.1-8B-Instruct,llama,mistral,Q056,SCREEN,chg_B,-0.110369,-2.860368,0.952752,226,235
meta-llama/Llama-3.1-8B-Instruct,llama,mistral,Q056,AGE,chg_A,-0.040238,-5.165238,0.966272,221,235
meta-llama/Llama-3.1-8B-Instruct,llama,mistral,Q056,AGE,chg_B,-0.056332,-3.806332,0.967455,221,235
meta-llama/Llama-3.1-8B-Instruct,llama,mistral,Q056,ADHD,chg_A,-0.224224,-1.724224,0.977447,211,235
meta-llama/Llama-3.1-8B-Instruct,llama,mistral,Q056,ADHD,chg_B,-0.043426,-3.668425,0.983020,211,235
meta-llama/Llama-3.1-8B-Instruct,llama,mistral,Q057,IDENTITY,chg_A,-0.016245,-6.641245,0.985191,230,230
meta-llama/Llama-3.1-8B-Instruct,llama,mistral,Q057,IDENTITY,chg_B,-0.016245,-6.641245,0.985191,230,230
meta-llama/Llama-3.1-8B-Instruct,llama,mistral,Q057,NONE_vs_CONTROL,chg_A,-0.065030,-4.815029,0.945147,229,230
meta-llama/Llama-3.1-8B-Instruct,llama,mistral,Q057,NONE_vs_CONTROL,chg_B,-0.156963,-2.906962,0.909377,229,230
meta-llama/Llama-3.1-8B-Instruct,llama,mistral,Q057,SCREEN,chg_A,-0.104336,-3.104336,0.945777,246,230
meta-llama/Llama-3.1-8B-Instruct,llama,mistral,Q057,SCREEN,chg_B,-0.138361,-5.013360,0.877433,246,230
meta-llama/Llama-3.1-8B-Instruct,llama,mistral,Q057,AGE,chg_A,-0.053795,-3.803795,0.969912,218,230
meta-llama/Llama-3.1-8B-Instruct,llama,mistral,Q057,AGE,chg_B,-0.087831,-3.837829,0.937456,218,230
meta-llama/Llama-3.1-8B-Instruct,llama,mistral,Q057,ADHD,chg_A,-0.132772,-2.507771,0.957114,223,230
meta-llama/Llama-3.1-8B-Instruct,llama,mistral,Q057,ADHD,chg_B,-0.216707,-2.091706,0.928642,223,230
meta-llama/Llama-3.1-8B-Instruct,llama,mistral,Q058,IDENTITY,chg_A,-0.018356,-6.518356,0.983288,242,242
meta-llama/Llama-3.1-8B-Instruct,llama,mistral,Q058,IDENTITY,chg_B,-0.018356,-6.518356,0.983288,242,242
meta-llama/Llama-3.1-8B-Instruct,llama,mistral,Q058,NONE_vs_CONTROL,chg_A,-0.026025,-5.401025,0.978823,239,242
meta-llama/Llama-3.1-8B-Instruct,llama,mistral,Q058,NONE_vs_CONTROL,chg_B,-0.026880,-5.776880,0.976577,239,242
meta-llama/Llama-3.1-8B-Instruct,llama,mistral,Q058,SCREEN,chg_A,-0.060678,-4.310677,0.954551,189,242
meta-llama/Llama-3.1-8B-Instruct,llama,mistral,Q058,SCREEN,chg_B,-0.042377,-4.292376,0.972181,189,242
meta-llama/Llama-3.1-8B-Instruct,llama,mistral,Q058,AGE,chg_A,-0.028097,-4.778096,0.980706,231,242
meta-llama/Llama-3.1-8B-Instruct,llama,mistral,Q058,AGE,chg_B,-0.140021,-2.765016,0.932315,231,242
meta-llama/Llama-3.1-8B-Instruct,llama,mistral,Q058,ADHD,chg_A,-0.044926,-3.794922,0.978553,219,242
meta-llama/Llama-3.1-8B-Instruct,llama,mistral,Q058,ADHD,chg_B,-0.082741,-4.082739,0.937451,219,242
meta-llama/Llama-3.1-8B-Instruct,llama,mistral,Q059,IDENTITY,chg_A,-0.014970,-6.014970,0.987583,228,228
meta-llama/Llama-3.1-8B-Instruct,llama,mistral,Q059,IDENTITY,chg_B,-0.014970,-6.014970,0.987583,228,228
meta-llama/Llama-3.1-8B-Instruct,llama,mistral,Q059,NONE_vs_CONTROL,chg_A,-0.034001,-4.409000,0.978738,210,228
meta-llama/Llama-3.1-8B-Instruct,llama,mistral,Q059,NONE_vs_CONTROL,chg_B,-0.049238,-3.799237,0.974342,210,228
meta-llama/Llama-3.1-8B-Instruct,llama,mistral,Q059,SCREEN,chg_A,-0.161324,-2.036321,0.981524,235,228
meta-llama/Llama-3.1-8B-Instruct,llama,mistral,Q059,SCREEN,chg_B,-0.044734,-7.044734,0.957124,235,228
meta-llama/Llama-3.1-8B-Instruct,llama,mistral,Q059,AGE,chg_A,-0.076464,-2.951464,0.978649,222,228
meta-llama/Llama-3.1-8B-Instruct,llama,mistral,Q059,AGE,chg_B,-0.062090,-3.937090,0.959303,222,228
meta-llama/Llama-3.1-8B-Instruct,llama,mistral,Q059,ADHD,chg_A,-0.139217,-2.264211,0.973951,227,228
meta-llama/Llama-3.1-8B-Instruct,llama,mistral,Q059,ADHD,chg_B,-0.045866,-4.545866,0.965781,227,228
meta-llama/Llama-3.1-8B-Instruct,llama,mistral,Q060,IDENTITY,chg_A,-0.011105,-6.136105,0.991120,237,237
meta-llama/Llama-3.1-8B-Instruct,llama,mistral,Q060,IDENTITY,chg_B,-0.011105,-6.136105,0.991120,237,237
meta-llama/Llama-3.1-8B-Instruct,llama,mistral,Q060,NONE_vs_CONTROL,chg_A,-0.034715,-4.284714,0.979659,228,237
meta-llama/Llama-3.1-8B-Instruct,llama,mistral,Q060,NONE_vs_CONTROL,chg_B,-0.044776,-5.044776,0.962655,228,237
meta-llama/Llama-3.1-8B-Instruct,llama,mistral,Q060,SCREEN,chg_A,-0.033862,-4.283860,0.980494,207,237
meta-llama/Llama-3.1-8B-Instruct,llama,mistral,Q060,SCREEN,chg_B,-0.085423,-3.710423,0.942591,207,237
meta-llama/Llama-3.1-8B-Instruct,llama,mistral,Q060,AGE,chg_A,-0.053012,-3.428011,0.980820,207,237
meta-llama/Llama-3.1-8B-Instruct,llama,mistral,Q060,AGE,chg_B,-0.041430,-4.291430,0.973101,207,237
meta-llama/Llama-3.1-8B-Instruct,llama,mistral,Q060,ADHD,chg_A,-0.056791,-3.431789,0.977121,224,237
meta-llama/Llama-3.1-8B-Instruct,llama,mistral,Q060,ADHD,chg_B,-0.097690,-3.847689,0.928259,224,237
