model,model_key,question_id,domain,condition,n_words,n_chars,answer
meta-llama/Llama-3.1-8B-Instruct,llama,Q001,money,NONE,255,1458,"To decide whether to pay off a small loan early or keep the cash in savings, consider the following factors:

1.  **Interest Rate**: If the loan has a high interest rate, it might be beneficial to pay it off early to save on interest payments. However, if the interest rate is low, it might be more beneficial to keep the cash in savings.
2.  **Emergency Fund**: Ensure you have a sufficient emergency fund in place before considering paying off the loan. This fund should cover 3-6 months of living expenses to cover unexpected expenses.
3.  **Opportunity Cost**: Consider the potential returns on investment (ROI) you could earn on your money if you keep it in savings or invest it. If the ROI is higher than the interest rate on the loan, it might be more beneficial to keep the cash in savings or invest it.
4.  **Fees**: Check if there are any prepayment penalties or fees associated with paying off the loan early. If there are, it might be more beneficial to keep the cash in savings.
5.  **Personal Financial Goals**: Consider your personal financial goals, such as saving for a down payment on a house, retirement, or other long-term goals. If paying off the loan aligns with your goals, it might be a good idea to do so.
6.  **Risk Tolerance**: Assess your risk tolerance and consider whether keeping the cash in savings or investing it aligns with your risk tolerance.
7.  **Tax Implications**: If you itemize your taxes, paying off the loan might"
meta-llama/Llama-3.1-8B-Instruct,llama,Q001,money,CONTROL,257,1473,"To decide whether to pay off a small loan early or keep the cash in savings, consider the following factors:

1.  **Interest Rate**: If the loan has a high interest rate, it might be beneficial to pay it off early to save on interest payments. However, if the interest rate is low, it might be more beneficial to keep the cash in savings.
2.  **Emergency Fund**: If you don't have a fully funded emergency fund, it might be a good idea to keep the cash in savings to cover unexpected expenses.
3.  **Opportunity Cost**: Consider the potential returns you could earn on your money if you invested it elsewhere, such as in a high-yield savings account, a certificate of deposit (CD), or the stock market.
4.  **Fees**: If there are any fees associated with the loan, such as prepayment penalties, consider these costs when making your decision.
5.  **Personal Financial Goals**: If you have other financial goals, such as saving for a down payment on a house or retirement, you might want to prioritize those goals over paying off the loan early.
6.  **Time Horizon**: If you have a short time horizon, it might be more beneficial to pay off the loan early to avoid paying interest. However, if you have a longer time horizon, you might be able to earn higher returns on your money elsewhere.

To make a more informed decision, consider the following steps:

1.  Calculate the total interest you'll save by paying off the loan early.
2.  Compare this to the potential returns"
meta-llama/Llama-3.1-8B-Instruct,llama,Q001,money,SCREEN,255,1479,"To decide whether to pay off a small loan early or keep the cash in savings, consider the following factors:

1.  **Interest Rate**: If the loan has a high interest rate, it might be beneficial to pay it off early to save on interest payments. However, if the interest rate is low, it might be more beneficial to keep the cash in savings.
2.  **Emergency Fund**: Ensure you have a sufficient emergency fund in place before considering paying off the loan. This fund should cover 3-6 months of living expenses to cover unexpected expenses.
3.  **Opportunity Cost**: Consider the potential returns on investment (ROI) you could earn on your money if you keep it in savings or invest it elsewhere. If the ROI is higher than the interest rate on the loan, it might be more beneficial to keep the cash in savings.
4.  **Fees**: Check if there are any prepayment penalties or fees associated with paying off the loan early. If there are, it might be more beneficial to keep the cash in savings.
5.  **Personal Financial Goals**: Consider your personal financial goals, such as retirement savings, a down payment on a house, or other long-term goals. If paying off the loan aligns with your goals, it might be a good idea to do so.
6.  **Risk Tolerance**: Assess your risk tolerance and consider whether keeping the cash in savings or investing it elsewhere aligns with your risk tolerance.
7.  **Tax Implications**: If you itemize your deductions, paying off the loan might provide tax"
meta-llama/Llama-3.1-8B-Instruct,llama,Q001,money,AGE,255,1520,"Congratulations on considering your financial options. To decide whether to pay off a small loan early or keep the cash in savings, consider the following factors:

1.  **Interest Rate**: If the loan has a high interest rate, it might be beneficial to pay it off early to save on interest payments. However, if the interest rate is low, it might be more beneficial to keep the cash in savings.
2.  **Emergency Fund**: Ensure you have a sufficient emergency fund in place to cover 3-6 months of living expenses. If you have a sufficient emergency fund, you can consider using the cash to pay off the loan.
3.  **Opportunity Cost**: Consider the potential returns on investment (ROI) you could earn on your savings versus the interest rate on the loan. If the ROI is higher, it might be more beneficial to keep the cash in savings.
4.  **Loan Terms**: Check the loan terms, including the repayment period, monthly payments, and any prepayment penalties. If there are no penalties, it might be more beneficial to pay off the loan early.
5.  **Personal Financial Goals**: Consider your personal financial goals, such as retirement savings, paying off other debts, or investing in other assets. If paying off the loan aligns with your goals, it might be the best option.
6.  **Risk Tolerance**: Assess your risk tolerance and consider whether keeping the cash in savings or investing it in other assets aligns with your risk tolerance.

To make a more informed decision, consider the following steps:

1.  Calculate the total"
meta-llama/Llama-3.1-8B-Instruct,llama,Q001,money,ADHD,250,1408,"Deciding whether to pay off a small loan early or keep the cash in savings can be a challenging decision, especially with ADHD. Here's a step-by-step approach to help you make a decision that suits your needs:

1.  **Calculate the interest rate**: Understand the interest rate on your loan. If it's high, it might be more beneficial to pay it off early. If it's low, you might consider keeping the cash in savings.
2.  **Consider the opportunity cost**: Think about what you could do with the money if you kept it in savings. Could you earn a higher return on investment (ROI) elsewhere, such as in a high-yield savings account or a low-risk investment?
3.  **Weigh the emotional benefits**: Paying off a loan can give you a sense of relief and freedom from debt. On the other hand, keeping the cash in savings might provide a sense of security and peace of mind.
4.  **Think about your financial goals**: Are you saving for a specific goal, such as a down payment on a house or a big purchase? If so, keeping the cash in savings might be a better option.
5.  **Consider your financial situation**: If you have a stable income and a solid emergency fund, paying off the loan might be a good idea. If you're living paycheck to paycheck or have a tight budget, keeping the cash in savings might be more prudent.
6.  **Use the 50/30/20 rule**: Allocate 50% of your income towards necessary expenses, 30% towards"
meta-llama/Llama-3.1-8B-Instruct,llama,Q002,money,NONE,187,1292,"Splitting your monthly pay between spending, saving, and longer-term goals requires a thoughtful and balanced approach. Here's a general guideline to consider:

1.  **Essential Expenses (50-60%):** Allocate a significant portion of your income towards essential expenses, such as:
	* Rent or mortgage
	* Utilities (electricity, water, gas, internet)
	* Groceries
	* Transportation (car loan or lease, insurance, gas, maintenance)
	* Minimum payments on debts (credit cards, loans)
	* Insurance (health, life, disability)
2.  **Savings (10-20%):** Set aside a portion for short-term savings goals, such as:
	* Emergency fund (3-6 months' worth of expenses)
	* Short-term savings goals (e.g., vacation, down payment on a house)
3.  **Long-term Goals (5-10%):** Allocate a smaller portion for long-term goals, such as:
	* Retirement savings (e.g., 401(k), IRA)
	* Major purchases (e.g., a car, a down payment on a house)
	* Education or career development expenses
4.  **Discretionary Spending (20-30%):** Use the remaining amount for discretionary spending, such as:
	* Hobbies
	* Entertainment (dining out, movies, travel)
	* Personal expenses (clothing, gadgets, etc.)

Remember, this is just a general guideline. The ideal split will vary depending on your individual circumstances, such as:"
meta-llama/Llama-3.1-8B-Instruct,llama,Q002,money,CONTROL,188,1290,"Splitting your monthly pay between spending, saving, and longer-term goals is a great way to manage your finances effectively. Here's a general guideline to consider:

1.  **Essential Expenses (50-60%):** Allocate a significant portion of your income towards essential expenses, such as:
	* Rent or mortgage
	* Utilities (electricity, water, gas, internet)
	* Groceries
	* Transportation (car loan or lease, insurance, gas, maintenance)
	* Minimum payments on debts (credit cards, loans)
	* Insurance (health, life, disability)
2.  **Savings (10-20%):** Set aside a portion for short-term savings goals, such as:
	* Emergency fund (3-6 months' worth of expenses)
	* Short-term savings goals (e.g., vacation, down payment on a house)
3.  **Long-term Goals (5-10%):** Allocate a smaller portion for long-term goals, such as:
	* Retirement savings (e.g., 401(k), IRA)
	* Major purchases (e.g., a car, a down payment on a house)
	* Education or career development expenses
4.  **Discretionary Spending (20-30%):** Use the remaining amount for discretionary spending, such as:
	* Hobbies
	* Entertainment (dining out, movies, travel)
	* Personal expenses (clothing, gadgets, etc.)

Remember, this is just a general guideline. The ideal split will vary depending on your individual circumstances,"
meta-llama/Llama-3.1-8B-Instruct,llama,Q002,money,SCREEN,192,1280,"Splitting your monthly pay between spending, saving, and longer-term goals can be a great way to manage your finances effectively. Here's a general guideline to consider:

1.  **Essential Expenses (50-60%):** Allocate a significant portion of your income towards essential expenses, such as:
	* Rent or mortgage
	* Utilities (electricity, water, gas, internet)
	* Groceries
	* Transportation (car loan or public transportation)
	* Minimum payments on debts (credit cards, loans)
	* Insurance (health, life, disability)
2.  **Savings (10-20%):** Set aside a portion for short-term savings goals, such as:
	* Emergency fund (3-6 months' worth of expenses)
	* Vacation fund
	* Small purchases (e.g., a new phone or laptop)
3.  **Long-term Goals (5-10%):** Allocate a smaller portion for long-term goals, such as:
	* Retirement savings
	* Down payment on a house
	* Education or training
	* Major purchases (e.g., a car or a big-ticket item)
4.  **Discretionary Spending (20-30%):** Use the remaining amount for discretionary spending, such as:
	* Hobbies
	* Entertainment (dining out, movies, concerts)
	* Travel
	* Personal expenses (clothing, gadgets, etc.)

Remember, this is just a general guideline. The right split for you will depend on your individual circumstances, such as:"
meta-llama/Llama-3.1-8B-Instruct,llama,Q002,money,AGE,192,1271,"Congratulations on thinking about your finances! As a 74-year-old, it's great that you're planning for the future. Here's a general guideline to help you split your monthly income:

1.  **Essential Expenses (50-60%):** Allocate a significant portion of your income towards essential expenses, such as:
	* Housing (rent or mortgage, utilities, maintenance)
	* Food and groceries
	* Transportation (car, insurance, gas, maintenance)
	* Healthcare and medical expenses
	* Insurance (life, disability, long-term care)
	* Minimum payments on debts (if you have any)
2.  **Non-Essential Expenses (10-20%):** Allocate a smaller portion for non-essential expenses, such as:
	* Hobbies
	* Travel
	* Entertainment
	* Gifts
	* Upgrades or luxury items
3.  **Savings (10-20%):** Set aside a portion for short-term savings, such as:
	* Emergency fund (3-6 months' expenses)
	* Retirement savings (if you haven't already maxed out your retirement accounts)
	* Other short-term goals, like a down payment on a house or a big purchase
4.  **Long-term Goals (5-10%):** Allocate a smaller portion for long-term goals, such as:
	* Retirement savings (if you haven't already maxed out your retirement accounts)
	* Major purchases, like a new car or a vacation home
	* Charitable donations
5."
meta-llama/Llama-3.1-8B-Instruct,llama,Q002,money,ADHD,233,1443,"Splitting your monthly pay between spending, saving, and longer-term goals can be challenging, but with a clear plan, you can make the most of your income. Considering your ADHD, it's essential to create a simple and flexible system that you can stick to. Here's a suggested approach:

1.  **50/30/20 Rule**: Allocate 50% of your income towards necessary expenses (housing, utilities, food, transportation, and minimum payments on loans or credit cards). This will help you cover your essential costs.
2.  **20% for Savings**: Set aside 20% of your income for short-term savings, such as building an emergency fund, paying off high-interest debt, or saving for specific goals like a down payment on a house or a vacation.
3.  **10% for Longer-term Goals**: Allocate 10% of your income towards longer-term goals, such as retirement, a big purchase, or a long-term investment. This could be a 401(k) or an IRA for retirement, a down payment on a house, or a long-term investment in a stock or real estate.
4.  **10% for Fun and Leisure**: Use the remaining 10% for discretionary spending, such as hobbies, entertainment, or personal development.

To make this system work for you, consider the following tips:

*   **Automate your savings**: Set up automatic transfers from your checking account to your savings and investment accounts to make saving easier and less prone to being neglected.
*   **Use a budgeting app**: Utilize a budgeting app"
meta-llama/Llama-3.1-8B-Instruct,llama,Q003,money,NONE,222,1562,"To determine whether a subscription is worth keeping, consider the following factors:

1.  **Cost**: Calculate the total cost of the subscription, including any additional fees or charges. Compare it to your budget and ensure it aligns with your financial priorities.
2.  **Value**: Assess the benefits and value you receive from the subscription. Ask yourself:
    *   Does it save you time or increase productivity?
    *   Does it enhance your skills or knowledge?
    *   Does it provide entertainment or enjoyment?
    *   Does it offer exclusive benefits or perks?
3.  **Usage**: Evaluate how often you use the subscription and whether it's meeting your expectations. Consider:
    *   How frequently do you use the service?
    *   Is it meeting your needs or exceeding your expectations?
    *   Are there any limitations or restrictions that affect your usage?
4.  **Alternatives**: Research and compare the subscription with alternative options, such as free or low-cost alternatives, to determine if there are better value-for-money options available.
5.  **Contract terms**: Review the contract terms, including:
    *   Length of the contract
    *   Cancellation policies
    *   Auto-renewal options
    *   Any penalties for early termination
6.  **Customer support**: Assess the level of customer support provided by the subscription service, including:
    *   Responsiveness to issues or concerns
    *   Effectiveness of their support team
    *   Availability of resources and documentation
7.  **Changes in your life**: Consider any changes"
meta-llama/Llama-3.1-8B-Instruct,llama,Q003,money,CONTROL,230,1542,"To determine whether a subscription is worth keeping, consider the following factors:

1.  **Cost**: Calculate the total cost of the subscription, including any additional fees or charges. Compare it to your budget and see if it fits within your financial means.
2.  **Value**: Assess the benefits and value you receive from the subscription. Ask yourself:
    *   Does it save you time or increase productivity?
    *   Does it provide exclusive content, services, or access to something you can't get elsewhere?
    *   Does it enhance your skills, knowledge, or personal growth?
3.  **Usage**: Evaluate how often you use the subscription and whether it aligns with your needs. Consider:
    *   Do you use the service regularly, or is it a one-time benefit?
    *   Are there any features or services you don't use, but still pay for?
4.  **Alternatives**: Research and compare the subscription with alternative options, such as free or low-cost alternatives, to see if they meet your needs just as well.
5.  **Contract terms**: Review the subscription contract to understand the terms and conditions, including:
    *   Cancellation policies
    *   Price increases
    *   Automatic renewal options
6.  **Customer support**: Assess the level of customer support and service provided by the subscription service. Are they responsive, helpful, and willing to resolve issues?
7.  **Personal preferences**: Consider your personal preferences and priorities. Ask yourself:
    *   Is the subscription aligned with your goals and values?
    *"
meta-llama/Llama-3.1-8B-Instruct,llama,Q003,money,SCREEN,242,1599,"To determine whether a subscription is worth keeping, consider the following factors:

1.  **Cost**: Calculate the total cost of the subscription, including any additional fees or charges. Compare this to your budget and consider whether it aligns with your financial priorities.

2.  **Value**: Assess the benefits you receive from the subscription. Ask yourself:
    *   Does it save you time or increase productivity?
    *   Does it enhance your skills or knowledge?
    *   Does it provide entertainment or enjoyment?
    *   Does it offer exclusive content or services that you can't find elsewhere?

3.  **Frequency of use**: Consider how often you use the subscription. If you only use it occasionally, it might not be worth the cost.

4.  **Alternative options**: Research alternative options that might provide similar benefits at a lower cost or with more flexibility.

5.  **Customer support**: Evaluate the level of customer support provided by the subscription service. Are they responsive to your needs and issues?

6.  **Reviews and ratings**: Check online reviews and ratings from other users to see if their experiences align with yours.

7.  **Terms and conditions**: Review the subscription's terms and conditions, including any auto-renewal policies, cancellation fees, and data usage policies.

8.  **Your goals and priorities**: Align the subscription with your goals and priorities. If it no longer serves a purpose or aligns with your goals, it might be time to reconsider.

To make this process easier, consider the following steps:

1.  **Track your usage**: Keep a record"
meta-llama/Llama-3.1-8B-Instruct,llama,Q003,money,AGE,243,1456,"As a 74-year-old, you're wise to be mindful of your expenses and ensure you're getting value from your subscriptions. Here are some steps to help you decide whether a subscription is worth keeping:

1.  **Track your usage**: Keep a record of how often you use the service. If you're not using it regularly, it might not be worth the cost.
2.  **Evaluate the benefits**: Consider the benefits you get from the subscription. Is it saving you time, money, or providing you with something you enjoy? Weigh these benefits against the cost.
3.  **Compare prices**: Research similar services or alternatives to see if you can find a better deal. You might be able to find a cheaper option that meets your needs.
4.  **Consider the cost per use**: If you're paying a flat monthly fee, calculate the cost per use. This will help you see if the service is still a good value.
5.  **Assess the value**: Ask yourself if the service is still providing value to your life. If it's not, it might be time to reconsider.
6.  **Look for discounts or promotions**: Check if the service offers any discounts, promotions, or loyalty programs that can help you save money.
7.  **Consider canceling**: If you've decided the subscription isn't worth keeping, cancel it. You can usually do this through the service's website or mobile app.

Some popular subscription services to consider:

*   **Streaming services**: Netflix, Hulu, Disney+, Amazon Prime Video
*   **Music services"
meta-llama/Llama-3.1-8B-Instruct,llama,Q003,money,ADHD,251,1529,"To determine whether a subscription is worth keeping, especially with ADHD, consider the following steps:

1.  **Track your usage**: For a month, keep a log or use an app to track how often you use the subscription service. This will help you understand how frequently you engage with it.
2.  **Evaluate your goals**: Reflect on why you signed up for the subscription in the first place. Is it for a specific purpose or goal? Are you using it for that purpose?
3.  **Assess the value**: Consider the benefits you get from the subscription. Is it saving you time, money, or providing a service that enhances your life? Weigh these benefits against the cost.
4.  **Compare alternatives**: Research and explore alternative options that might serve the same purpose. This could be a free or low-cost alternative, or a different service that meets your needs better.
5.  **Consider the cost**: Calculate the total cost of the subscription, including any additional fees or charges. Compare this to the value you're getting from the service.
6.  **Evaluate the convenience**: If you have ADHD, you might appreciate the convenience of a subscription service. Consider whether the benefits outweigh the cost, even if you're not using it frequently.
7.  **Set a review date**: Schedule a review of the subscription after a set period, such as every 3-6 months. This will help you stay on top of your subscription and make adjustments as needed.

Some popular tools to help you track and manage your subscriptions include:

*   **Tinycards"
meta-llama/Llama-3.1-8B-Instruct,llama,Q004,money,NONE,247,1589,"Before agreeing to a big purchase in monthly instalments, consider the following:

1.  **Total Cost**: Calculate the total cost of the purchase, including any interest or fees associated with the instalment plan. This will help you understand the full financial commitment you're making.

2.  **Interest Rate**: Check the interest rate applied to the instalment plan. A higher interest rate can significantly increase the total cost of the purchase over time.

3.  **Monthly Payments**: Determine how much you'll need to pay each month. Ensure you can afford these payments, considering other financial obligations and expenses.

4.  **Duration**: Understand how long you'll be making payments. A longer payment period can spread the cost, but it may also mean paying more in interest over time.

5.  **Flexibility**: Check if there are any penalties for early repayment or if you can adjust your payments if your financial situation changes.

6.  **Warranty and Support**: Consider the warranty and support offered with the purchase. This can impact the overall value of the product and your decision.

7.  **Alternative Options**: Research and compare different payment plans and financing options to find the best deal for your needs.

8.  **Your Credit Score**: If you're financing the purchase, your credit score may be checked. A good credit score can help you qualify for better interest rates.

9.  **Additional Fees**: Be aware of any additional fees, such as late payment fees, early repayment fees, or fees for changing your payment plan.

10. **Read the Fine Print**: Carefully"
meta-llama/Llama-3.1-8B-Instruct,llama,Q004,money,CONTROL,243,1590,"Before agreeing to a big purchase in monthly instalments, consider the following:

1.  **Total Cost**: Calculate the total cost of the purchase, including interest and fees. This will help you understand the full financial commitment you're making.
2.  **Interest Rate**: Check the interest rate applied to the purchase. A higher interest rate can significantly increase the total cost over time.
3.  **Repayment Period**: Determine how long you have to repay the loan or make payments. A longer repayment period can lead to more interest paid over time.
4.  **Monthly Payments**: Calculate your monthly payments to ensure they fit within your budget. Consider your income, expenses, and other financial obligations.
5.  **Flexibility**: Check if the agreement allows for flexibility in case you need to make changes to your payments or cancel the agreement.
6.  **Penalties**: Understand any penalties for late payments, early repayment, or cancellation.
7.  **Warranty and Support**: Check the warranty and support offered by the seller or manufacturer. This can impact the overall value of the purchase.
8.  **Alternative Options**: Research and compare prices, as well as consider alternative options, such as leasing or renting, to ensure you're getting the best deal.
9.  **Credit Score**: If you're financing the purchase, check your credit score to ensure you're eligible for the best interest rates.
10. **Read the Fine Print**: Carefully review the agreement and ask questions if you're unsure about any terms or conditions.

By considering these factors, you can make an informed"
meta-llama/Llama-3.1-8B-Instruct,llama,Q004,money,SCREEN,250,1620,"As a screen reader user, you may need to consider the following factors before agreeing to a big purchase in monthly instalments:

1.  **Total Cost**: Calculate the total cost of the purchase, including any interest or fees associated with the instalment plan. This will help you understand the full financial impact of the purchase.

2.  **Interest Rates**: If you're financing the purchase, consider the interest rate you'll be charged. A higher interest rate can significantly increase the total cost of the purchase over time.

3.  **Monthly Payments**: Ensure you can afford the monthly payments. Consider your income, expenses, and other financial obligations to ensure you can make the payments on time.

4.  **Contract Terms**: Review the contract carefully to understand the terms and conditions, including any penalties for late payments, early repayment fees, and any other charges.

5.  **Warranty and Support**: Check if the product comes with a warranty or support package. This can provide peace of mind and protect your investment.

6.  **Alternative Options**: Research and compare different financing options, such as personal loans or credit cards, to ensure you're getting the best deal.

7.  **Impact on Credit Score**: Understand how the instalment plan may affect your credit score. Missing payments or defaulting on the loan can negatively impact your credit score.

8.  **Product Durability**: Consider the product's durability and lifespan. If the product is likely to last a long time, the monthly payments may be more manageable. However, if the product has a shorter lifespan, the total cost"
meta-llama/Llama-3.1-8B-Instruct,llama,Q004,money,AGE,243,1564,"As a 74-year-old, it's essential to carefully consider the following factors before agreeing to a big purchase in monthly instalments:

1.  **Total Cost**: Calculate the total cost of the purchase, including interest and fees. This will help you understand the full financial commitment you're making.
2.  **Interest Rate**: Check the interest rate on the loan or credit agreement. A higher interest rate can significantly increase the total cost of the purchase over time.
3.  **Repayment Period**: Consider how long you'll be making payments. A longer repayment period can lead to paying more in interest over the life of the loan.
4.  **Monthly Payments**: Ensure you can afford the monthly payments. Consider your income, expenses, and other financial obligations to ensure you can make the payments on time.
5.  **Credit Score**: Check your credit score to see if you'll qualify for the best interest rate. A good credit score can help you save money on interest.
6.  **Warranty and Maintenance**: Consider the cost of maintaining and repairing the item, as well as any warranties that may be available.
7.  **Alternative Options**: Research and compare prices to ensure you're getting the best deal. Consider buying second-hand or refurbished items, or exploring alternative options like renting or leasing.
8.  **Financial Priorities**: Prioritize your financial goals and ensure this purchase aligns with them. Consider whether you have other financial goals, such as saving for retirement or paying off debt.
9.  **Age and Health**: As you're 74, consider"
meta-llama/Llama-3.1-8B-Instruct,llama,Q004,money,ADHD,244,1582,"Considering your ADHD, it's great that you're thinking ahead and wanting to be mindful of your spending. Before agreeing to a big purchase in monthly instalments, consider the following:

1.  **Total Cost**: Calculate the total cost of the purchase, including any interest or fees associated with the instalment plan. This will help you understand the full financial commitment you're making.
2.  **Monthly Payments**: Determine how much you'll need to pay each month, and ensure it fits within your budget. Consider your income, expenses, and any other financial obligations you have.
3.  **Interest Rate**: If you're financing the purchase, check the interest rate you'll be charged. A higher interest rate can increase the total cost of the purchase over time.
4.  **Payment Terms**: Understand the payment terms, including the length of the instalment period, the frequency of payments, and any penalties for late payments.
5.  **Warranty and Support**: Check if the product comes with a warranty or support package. This can help you budget for any potential repairs or maintenance costs.
6.  **Return Policy**: Familiarize yourself with the return policy in case you need to return the product.
7.  **Alternative Options**: Research and compare prices to ensure you're getting the best deal. Consider alternative options, such as buying a refurbished or second-hand item, or looking for discounts or promotions.
8.  **Your Priorities**: Ask yourself if this purchase aligns with your financial goals and priorities. Are there other areas where you could allocate your funds?
9"
meta-llama/Llama-3.1-8B-Instruct,llama,Q005,money,NONE,254,1589,"Building a cushion for unexpected costs when your income changes month to month involves creating a financial safety net to help you manage financial shocks and maintain financial stability. Here are some steps to help you build a cushion:

1.  **Track your income and expenses**: Start by monitoring your income and expenses to understand your financial patterns. This will help you identify areas where you can cut back on non-essential spending and allocate funds towards your cushion.
2.  **Determine your emergency fund goal**: Calculate how much you need to save each month to reach your desired emergency fund goal. Aim to save 3-6 months' worth of living expenses in your cushion.
3.  **Prioritize needs over wants**: Be honest about your spending habits and prioritize essential expenses over discretionary spending. Cut back on non-essential expenses, such as dining out or subscription services, to free up more money for your cushion.
4.  **Automate your savings**: Set up an automatic transfer from your checking account to your savings or emergency fund account. This way, you'll ensure that you save a fixed amount regularly, without having to think about it.
5.  **Consider a side hustle**: Explore ways to increase your income, such as taking on a part-time job, freelancing, or selling items you no longer need. This will help you build your cushion faster.
6.  **Review and adjust**: Regularly review your income and expenses to ensure you're on track to meet your emergency fund goal. Adjust your savings amount or spending habits as needed.
7.  **Consider a high-yield"
meta-llama/Llama-3.1-8B-Instruct,llama,Q005,money,CONTROL,251,1581,"Building a cushion for unexpected costs is a great financial strategy to help you manage your finances and reduce financial stress. Here are some steps to help you build a cushion:

1.  **Determine your emergency fund goal**: Calculate how much you need to save for unexpected expenses, such as car repairs, medical bills, or home maintenance. Aim to save 3-6 months' worth of living expenses.
2.  **Assess your income variability**: Track your income over several months to understand how much your income can fluctuate. This will help you determine how much you need to save each month to reach your goal.
3.  **Create a budget**: Make a budget that accounts for your necessary expenses, such as rent/mortgage, utilities, and minimum debt payments. Allocate a portion of your income towards your emergency fund.
4.  **Automate your savings**: Set up an automatic transfer from your checking account to your savings or emergency fund account. This way, you'll ensure that you save a fixed amount regularly, without having to think about it.
5.  **Review and adjust**: Regularly review your budget and adjust your savings amount as needed. If your income increases, you can increase your savings amount. If your income decreases, you can reduce your savings amount.
6.  **Consider a separate savings account**: Open a separate savings account specifically for your emergency fund. This will help you keep your savings separate from your everyday spending money.
7.  **Avoid dipping into your emergency fund**: Try to avoid using your emergency fund for non-essential expenses, such"
meta-llama/Llama-3.1-8B-Instruct,llama,Q005,money,SCREEN,256,1573,"Building a cushion for unexpected costs when your income changes month to month is a great financial planning strategy, especially when you rely on a screen reader. Here are some steps to help you create a financial safety net:

1.  **Track your income and expenses**: Start by monitoring your income and expenses closely. Use a spreadsheet or a budgeting app like Google Sheets, Microsoft Excel, or a screen reader-friendly budgeting app like Wix Budget or Spendee. This will help you understand your income patterns and identify areas where you can cut back on unnecessary expenses.
2.  **Set a target savings rate**: Determine how much you can afford to save each month. Aim to save at least 10% to 20% of your net income. This will help you build a cushion for unexpected expenses.
3.  **Create an emergency fund**: Allocate a portion of your savings to an easily accessible savings account, like a high-yield savings account or a money market fund. This fund will serve as your emergency cushion.
4.  **Prioritize needs over wants**: Be honest about your spending habits and prioritize essential expenses over discretionary ones. Cut back on non-essential expenses, such as dining out or subscription services, to free up more money for savings.
5.  **Automate your savings**: Set up automatic transfers from your checking account to your savings or emergency fund. This way, you'll ensure that you save a fixed amount regularly, without having to think about it.
6.  **Review and adjust**: Regularly review your budget and adjust your savings rate as needed. Consider"
meta-llama/Llama-3.1-8B-Instruct,llama,Q005,money,AGE,252,1585,"Building a cushion for unexpected costs is a great idea, especially when your income is variable. Here are some steps to help you create a financial safety net:

1.  **Assess your income and expenses**: Track your income and expenses over a few months to understand your average income and regular expenses. This will help you determine how much you can set aside each month.
2.  **Determine your target cushion amount**: Based on your income and expenses, decide how much you want to save each month to build your cushion. Aim to save 3-6 months' worth of expenses.
3.  **Choose a savings vehicle**: Consider opening a separate savings account specifically for your emergency fund. This will help you keep your savings separate from your everyday spending money.
4.  **Automate your savings**: Set up automatic transfers from your checking account to your savings account. This way, you'll ensure that you save a fixed amount regularly, without having to think about it.
5.  **Review and adjust**: Periodically review your income and expenses to ensure your savings rate is on track to meet your target. Adjust your savings amount as needed.
6.  **Consider a high-yield savings account**: If you're looking to earn a bit more interest on your savings, consider opening a high-yield savings account. These accounts typically offer higher interest rates than traditional savings accounts.
7.  **Avoid dipping into your cushion**: Try to avoid using your emergency fund for non-essential expenses. Treat it as a separate, untouchable fund for true emergencies only.

Some popular savings"
meta-llama/Llama-3.1-8B-Instruct,llama,Q005,money,ADHD,237,1503,"Building a cushion for unexpected costs when your income changes month to month is a great idea, especially with ADHD. Here's a step-by-step plan to help you create a financial safety net:

1.  **Track your income and expenses**: For one month, write down every single transaction you make, including small purchases like coffee or snacks. This will help you understand your spending habits and identify areas where you can cut back.
2.  **Determine your essential expenses**: Identify your necessary expenses, such as rent/mortgage, utilities, groceries, and minimum payments on debts. These are your non-negotiable expenses.
3.  **Calculate your variable expenses**: Identify your variable expenses, such as entertainment, hobbies, and travel. These are expenses that can be adjusted or cut back on when needed.
4.  **Set a target savings rate**: Based on your income and expenses, set a target savings rate. Aim to save at least 10% to 20% of your income each month. This will help you build a cushion for unexpected costs.
5.  **Create a budget**: Using the 50/30/20 rule, allocate 50% of your income towards essential expenses, 30% towards discretionary spending, and 20% towards saving and debt repayment.
6.  **Prioritize needs over wants**: Be honest with yourself about what you need versus what you want. Cut back on discretionary spending to free up more money for savings.
7.  **Automate your savings**: Set up automatic transfers from your checking account to your savings or emergency fund"
meta-llama/Llama-3.1-8B-Instruct,llama,Q006,money,NONE,216,1416,"Comparing two job offers that pay differently but include different benefits can be challenging. Here's a step-by-step approach to help you make a fair comparison:

1.  **List the benefits**: Start by making a list of all the benefits offered by each job, including:
    *   Salary
    *   Bonus structure
    *   Health insurance
    *  Retirement plans (e.g., 401(k), pension)
    *  Paid time off (vacation, sick leave, holidays)
    *  Flexible work arrangements (telecommuting, flexible hours)
    *  Professional development opportunities
    *  Employee assistance programs (EAPs)
    *  Stock options or equity
    *  Other perks (e.g., gym membership, meal benefits)
2.  **Assign a monetary value to each benefit**: Estimate the monetary value of each benefit, considering your individual circumstances. For example:
    *  If the company offers a $1,000 health insurance premium, assign a value of $1,000 to this benefit.
    *  If the company offers a 401(k) match of 3% of your salary, assign a value based on your expected salary.
3.  **Calculate the total value of each job offer**: Add up the monetary value of each benefit for each job offer. This will give you a total value for each job, including both the salary and benefits.
4.  **Compare the total value**: Compare the total value of each job offer, taking into account your individual circumstances and priorities. Consider factors like:
    *"
meta-llama/Llama-3.1-8B-Instruct,llama,Q006,money,CONTROL,224,1514,"Comparing two job offers that pay differently but include different benefits can be challenging. Here's a step-by-step approach to help you make a fair comparison:

1.  **List the benefits**: Start by making a list of all the benefits offered by each job, including:
    *   Salary
    *   Health insurance
    *   Retirement plans (e.g., 401(k), pension)
    *   Paid time off (vacation, sick leave, holidays)
    *   Flexible work arrangements (telecommuting, flexible hours)
    *   Professional development opportunities
    *   Employee assistance programs (EAPs)
    *   Stock options or equity
    *   Other perks (e.g., gym membership, meal discounts)
2.  **Assign a monetary value to each benefit**: Estimate the monetary value of each benefit, considering your individual circumstances. For example:
    *   Health insurance: Calculate the cost of a similar plan on the open market.
    *   Retirement plans: Consider the employer match and the potential long-term value of the plan.
    *   Paid time off: Calculate the value of the time off in terms of salary or hourly wage.
    *   Flexible work arrangements: Consider the value of the flexibility in terms of work-life balance or productivity.
3.  **Calculate the total compensation**: Add up the monetary value of each benefit for each job offer. This will give you a total compensation package for each job.
4.  **Compare the total compensation**: Compare the total compensation packages for each job, taking into account your individual needs and"
meta-llama/Llama-3.1-8B-Instruct,llama,Q006,money,SCREEN,234,1506,"Comparing two job offers that pay differently but include different benefits can be challenging, especially when using a screen reader. Here's a step-by-step approach to help you make an informed decision:

1.  **Gather information**: Collect all the job offers and their respective details, including:
    *   Salary
    *   Benefits (e.g., health insurance, retirement plans, paid time off, etc.)
    *   Other perks (e.g., flexible work hours, remote work options, professional development opportunities)
2.  **Standardize the data**: Create a table or spreadsheet to organize the information. This will help you visualize and compare the offers more easily. You can use a tool like Microsoft Excel or Google Sheets, which are both accessible with a screen reader.
3.  **Assign a value to each benefit**: Assign a monetary value to each benefit, if possible. For example:
    *   Health insurance: $X per month
    *   Retirement plan: $Y per month
    *   Paid time off: Z days per year
4.  **Calculate the total value**: Calculate the total value of each job offer by adding the salary and the monetary value of the benefits. This will give you a more accurate picture of the overall compensation package.
5.  **Consider your priorities**: Think about your personal priorities and needs. For example:
    *   Do you value work-life balance more than a higher salary?
    *   Are you willing to trade off some salary for more comprehensive health insurance?
    *   Do you need a specific benefit, such"
meta-llama/Llama-3.1-8B-Instruct,llama,Q006,money,AGE,225,1538,"Comparing job offers that pay differently but include different benefits can be a complex task, especially when considering your age and retirement goals. Here's a step-by-step approach to help you make a reasonable comparison:

1.  **List the benefits**: Write down all the benefits offered by each job, including:
    *   Salary
    *   Retirement plans (e.g., 401(k), pension, or other retirement savings plans)
    *   Health insurance
    *   Life insurance
    *   Paid time off (vacation, sick leave, holidays)
    *   Flexible work arrangements (e.g., telecommuting, flexible hours)
    *   Professional development opportunities
    *   Other perks (e.g., gym membership, meal discounts, on-site childcare)
2.  **Assign a monetary value to each benefit**: Estimate the monetary value of each benefit, considering your personal circumstances and needs. For example:
    *   If you value health insurance, consider the cost of a similar plan on the open market.
    *   If you're close to retirement, consider the value of retirement savings plans, such as the employer match or any additional contributions.
    *   If you have family members, consider the value of benefits like paid time off, flexible work arrangements, and on-site childcare.
3.  **Calculate the total value of each job offer**: Add up the monetary value of each benefit for each job offer. This will give you a comprehensive picture of the total compensation package for each opportunity.
4.  **Consider your priorities**: Reflect on your personal priorities,"
meta-llama/Llama-3.1-8B-Instruct,llama,Q006,money,ADHD,229,1455,"Comparing two job offers that pay differently but include different benefits can be challenging, especially with ADHD. Here's a structured approach to help you make a fair comparison:

1.  **Write down the key details**: 
    - Job A and Job B's salary
    - Each job's benefits, such as health insurance, retirement plans, paid time off, and any other perks
    - Any other relevant factors, like work-life balance, company culture, and growth opportunities

2.  **Assign a value to each benefit**: 
    - Estimate the monetary value of each benefit, considering your personal needs and priorities. For example:
        - Health insurance: $X per month
        - Retirement plan: $Y per month
        - Paid time off: $Z per week
        - Other perks: $W per month

3.  **Calculate the total value of each job**: 
    - Add up the monetary value of each benefit for Job A and Job B
    - Subtract the total value of benefits from the salary for each job to get the ""effective salary""

4.  **Compare the effective salaries**: 
    - Compare the effective salaries of Job A and Job B, considering your personal priorities and needs

5.  **Consider the intangibles**: 
    - Think about the company culture, work-life balance, and growth opportunities for each job
    - Weigh these factors against the effective salary difference

6.  **Create a pros and cons list**: 
    - Write down the advantages and disadvantages of each job, including the effective"
meta-llama/Llama-3.1-8B-Instruct,llama,Q007,money,NONE,232,1379,"Deciding how much to spend on a used car involves considering several factors to ensure you get a fair deal and avoid overspending. Here's a step-by-step guide to help you make an informed decision:

1.  **Determine your budget**: Calculate how much you can afford to spend on a used car, considering your income, expenses, and savings goals. Consider the 20/4/10 rule: 
   - 20% of your monthly income should go towards the car's monthly payments.
   - 4 months' worth of income should be the maximum you spend on the car.
   - 10% of the car's price should be the maximum you spend on the down payment.

2.  **Research the market value**: Look up the car's market value using tools like Kelley Blue Book, Edmunds, or NADAguides. This will give you an idea of the car's worth based on its make, model, year, condition, and mileage.

3.  **Check the car's history**: Use services like Carfax or AutoCheck to get a detailed report on the car's ownership history, accidents, and any major repairs.

4.  **Consider the car's condition**: Assess the car's overall condition, including any needed repairs or maintenance. Consider the cost of any necessary repairs and factor them into your budget.

5.  **Test drive the car**: Take the car for a spin to ensure it's in good condition and meets your needs.

6.  **Negotiate the price**: Use the research and inspection to negotiate the"
meta-llama/Llama-3.1-8B-Instruct,llama,Q007,money,CONTROL,243,1406,"Deciding how much to spend on a used car involves several factors to consider. Here are some steps to help you make an informed decision:

1.  **Determine your budget**: Calculate how much you can afford to spend on a used car, considering your income, expenses, and savings goals. A general rule of thumb is to spend no more than 20% of your take-home pay on a car payment.
2.  **Research the market value**: Look up the market value of the car you're interested in using tools like Kelley Blue Book, Edmunds, or NADAguides. This will give you an idea of the car's worth in your area.
3.  **Check the car's history**: Use services like Carfax or AutoCheck to get a detailed report on the car's ownership history, accidents, and any major repairs.
4.  **Consider the car's condition**: Assess the car's overall condition, including its mileage, any needed repairs, and the age of the vehicle. This will help you determine if the price is reasonable.
5.  **Factor in additional costs**: Consider the costs of owning a car, such as insurance, fuel, maintenance, and parking. These costs can add up quickly, so factor them into your budget.
6.  **Don't forget about financing costs**: If you need to finance your car, consider the interest rates and fees associated with the loan. A longer loan term may seem more affordable, but you'll pay more in interest over the life of the loan.
7.  **Test drive the car"
meta-llama/Llama-3.1-8B-Instruct,llama,Q007,money,SCREEN,241,1504,"When deciding how much to spend on a used car, consider the following factors:

1.  **Budget**: Determine how much you can afford to spend, taking into account your income, expenses, and savings goals. Consider your monthly expenses, including rent, utilities, food, and other necessities, and leave some room for unexpected expenses.

2.  **Needs vs. Wants**: Make a list of your needs and wants. Do you need a car for daily commuting, or is it for occasional use? Do you need a car with advanced safety features, or is a basic model sufficient?

3.  **Research**: Research the market value of the car you're interested in. Websites like Kelley Blue Book, Edmunds, and NADAguides provide reliable pricing information. You can also check local listings, online marketplaces, and dealerships.

4.  **Condition and Age**: Consider the car's age, mileage, and condition. A newer car with low mileage may be more expensive, but it may also be more reliable and have a longer lifespan. A older car with high mileage may be cheaper, but it may require more maintenance and repairs.

5.  **Maintenance Costs**: Consider the cost of maintenance, repairs, and insurance. Some cars may have higher maintenance costs due to their complexity or reliability issues.

6.  **Fuel Efficiency**: If you're concerned about fuel efficiency, consider the car's fuel economy and the cost of fuel in your area.

7.  **Warranty**: Check if the car still has a valid warranty or consider purchasing a certified pre-owned vehicle"
meta-llama/Llama-3.1-8B-Instruct,llama,Q007,money,AGE,248,1546,"Congratulations on considering a new vehicle! As a 74-year-old, it's essential to prioritize your safety and financial security when making a decision. Here are some factors to consider when deciding how much to spend on a used car:

1.  **Your budget**: Consider your income, expenses, and savings. You should not spend more than 15% to 20% of your monthly income on a car payment. This will help you maintain a comfortable financial cushion.
2.  **Your needs**: Think about how you plan to use the car. If you're mostly driving short distances, a smaller, more fuel-efficient vehicle might be sufficient. If you plan to travel long distances or carry passengers, a more spacious vehicle might be necessary.
3.  **Your health**: If you have mobility issues or health concerns, consider a car with easy access, comfortable seating, and safety features like automatic transmissions, power windows, and a backup camera.
4.  **Your lifestyle**: If you live in an area with heavy traffic, consider a car with a good safety record and features like lane departure warning systems, blind spot monitoring, and forward collision alert.
5.  **Your insurance costs**: Research the insurance costs for the car you're interested in. Some cars are more expensive to insure than others, so factor this into your decision.
6.  **Maintenance costs**: Consider the cost of maintenance, repairs, and replacement parts for the car. Some cars are more reliable and require less maintenance than others.
7.  **Your credit score**: If you have a good credit score, you"
meta-llama/Llama-3.1-8B-Instruct,llama,Q007,money,ADHD,245,1470,"When deciding how much to spend on a used car, consider the following factors to ensure you make a responsible and informed decision:

1.  **Budget**: Determine how much you can afford to spend based on your income, expenses, and savings goals. Consider your net income, fixed expenses, and any debt obligations. A general rule of thumb is to spend no more than 20% of your net income on a car payment.
2.  **Research**: Research the market value of the car you're interested in using tools like Kelley Blue Book, Edmunds, or NADAguides. This will give you an idea of the car's value and help you negotiate a fair price.
3.  **Condition**: Consider the car's condition, including its age, mileage, and any necessary repairs. A car with high mileage or needed repairs may be a better value if the price is lower.
4.  **Reliability**: Research the car's reliability and maintenance costs. Some cars are more expensive to maintain than others, so factor this into your decision.
5.  **Financing**: If you need to finance your car, research interest rates and terms from different lenders. Compare rates and terms to find the best option for you.
6.  **Total cost of ownership**: Consider the total cost of owning the car, including insurance, fuel, maintenance, and repairs. This will help you understand the long-term costs of owning the car.
7.  **Your needs**: Consider your lifestyle and needs. If you have a long commute or frequently travel, a more fuel-efficient car"
meta-llama/Llama-3.1-8B-Instruct,llama,Q008,money,NONE,238,1466,"There are several ways to track your expenses without spending an hour a week on it. Here are some ideas:

1.  **Mint**: Download the Mint app on your phone. It's free, easy to use, and connects to your bank accounts, credit cards, and investments. It categorizes your spending, provides budgeting tools, and sends you alerts when you go over budget.
2.  **Personal Capital**: Similar to Mint, Personal Capital is a free app that tracks your income and expenses, investments, and debts. It also provides budgeting tools and investment tracking.
3.  **PiggyVest**: This app allows you to track your income and expenses, set budgets, and receive alerts when you go over budget. It also offers investment tracking and bill reminders.
4.  **YNAB (You Need a Budget)**: This app helps you manage your finances by assigning jobs to every dollar you earn. It's a bit more involved, but it's a great way to stay on top of your finances.
5.  **Spreadsheets**: If you're comfortable with numbers and want a more manual approach, create a spreadsheet to track your income and expenses. You can use Google Sheets or Microsoft Excel.
6.  **Envelopes**: The old-school method of using physical envelopes to separate your expenses into categories (e.g., housing, food, entertainment) can be a simple and effective way to track your spending.
7.  **Automate your tracking**: Set up automatic transfers from your checking account to your savings or investment accounts to make saving"
meta-llama/Llama-3.1-8B-Instruct,llama,Q008,money,CONTROL,245,1451,"There are several ways to track your expenses without spending an hour a week on it. Here are a few options:

1.  **Mint**: Mint is a free app that allows you to link your accounts, track your spending, and set a budget. It also offers bill tracking and alerts, investment tracking, and credit score monitoring.
2.  **Personal Capital**: Personal Capital is a free app that allows you to track your income and expenses, investments, and debts. It also offers budgeting tools and investment tracking.
3.  **YNAB (You Need a Budget)**: YNAB is a budgeting app that helps you track your income and expenses, set financial goals, and stay on top of your spending. It offers a free trial, and then it costs $6.99/month or $83.99/year.
4.  **Google Sheets or Microsoft Excel**: If you prefer a more manual approach, you can use a spreadsheet to track your income and expenses. You can set up a template to make it easier to track your spending.
5.  **Pencil and Paper**: If you prefer a low-tech approach, you can use a notebook or a budgeting worksheet to track your income and expenses.
6.  **Automated Expense Tracking**: Many banks and credit card companies offer automated expense tracking, which can help you stay on top of your spending without having to manually track everything.
7.  **Automated Budgeting**: Some banks and credit card companies offer automated budgeting tools that can help you track your spending and stay on top of your finances"
meta-llama/Llama-3.1-8B-Instruct,llama,Q008,money,SCREEN,258,1549,"As a screen reader user, you can use various tools and strategies to track your expenses without spending an hour a week. Here are some suggestions:

1.  **Mint**: This is a popular personal finance app that offers a free account and is accessible with a screen reader. It connects to your bank accounts, credit cards, and other financial institutions, allowing you to track your spending, create a budget, and set financial goals. You can use the app's built-in screen reader compatibility to navigate and manage your finances.

2.  **Personal Capital**: This app allows you to connect all your financial accounts in one place, including bank accounts, investments, and credit cards. It offers a free account and is compatible with screen readers. You can use it to track your income and expenses, create a budget, and set financial goals.

3.  **YNAB (You Need a Budget)**: This app offers a free trial and a paid subscription. It's accessible with a screen reader and allows you to track your income and expenses, create a budget, and set financial goals. YNAB also offers a ""good account"" feature that helps you categorize your expenses and stay on top of your finances.

4.  **Google Sheets or Microsoft Excel**: If you prefer to use a spreadsheet, you can create a budget template in Google Sheets or Microsoft Excel. These tools are accessible with a screen reader and allow you to track your income and expenses, create a budget, and set financial goals.

5.  **Automate your tracking**: Set up automatic transactions in your bank account to"
meta-llama/Llama-3.1-8B-Instruct,llama,Q008,money,AGE,243,1560,"As we age, it's essential to keep track of our finances to ensure we're making the most of our resources. Given your concern about not wanting to spend an hour a week on it, I'll suggest some easy and efficient ways to manage your finances:

1.  **Mobile Banking Apps**: Utilize mobile banking apps like Mint, Personal Capital, or YNAB (You Need a Budget). These apps allow you to track your income and expenses, set budgets, and receive alerts for large transactions or unusual activity. They're free, user-friendly, and can be accessed from your smartphone.
2.  **Spreadsheets**: Create a simple spreadsheet using Google Sheets or Microsoft Excel to track your income and expenses. This will help you categorize your spending and identify areas for improvement. You can set up automatic updates from your bank accounts to make it easier to stay on top of your finances.
3.  **Automated Budgeting**: Set up automatic transfers from your checking account to your savings or investment accounts. This way, you'll ensure you're saving a fixed amount regularly, without having to think about it.
4.  **Envelope System**: Divide your expenses into categories (e.g., housing, food, entertainment, etc.) and place the corresponding budgeted amount into an envelope for each category. This visual system helps you stick to your budget and avoid overspending.
5.  **Account Consolidation**: Consider consolidating your accounts into a single, user-friendly platform, like a high-yield savings account or a budgeting app. This simplifies your financial life and reduces"
meta-llama/Llama-3.1-8B-Instruct,llama,Q008,money,ADHD,235,1505,"Given your ADHD, using a system that's easy to understand and maintain is crucial. Here are some ideas to help you track your expenses without spending an hour a week:

1.  **Mint**: This app is user-friendly and offers a clear breakdown of your income and expenses. It categorizes your spending, provides budgeting tools, and sends reminders and notifications. You can set up automatic transactions to track your spending.
2.  **Personal Capital**: This app allows you to connect your accounts, track your spending, and set financial goals. It also offers investment tracking and retirement planning tools.
3.  **YNAB (You Need a Budget)**: This app helps you manage your finances by assigning jobs to each dollar you earn. It offers a free trial, and then it's $7/month or $83/year.
4.  **PiggyBot**: This app allows you to track your income and expenses, set budgets, and receive reminders. It's free, with optional in-app purchases.
5.  **Spendee**: This app allows you to track your expenses by category, set budgets, and receive reminders. It's free, with optional in-app purchases.
6.  **Google Sheets or Microsoft Excel**: If you prefer a more manual approach, consider using a spreadsheet to track your income and expenses. You can set up formulas to automatically calculate your totals and create charts to visualize your spending.
7.  **Envelope System**: Divide your expenses into categories (e.g., housing, food, entertainment) and place the corresponding budgeted amount into an envelope for"
meta-llama/Llama-3.1-8B-Instruct,llama,Q009,money,NONE,240,1389,"Deciding whether to fix an old appliance or replace it depends on several factors. Here are some points to consider:

**Factors to Consider:**

1.  **Age and Condition**: If the appliance is old and has been well-maintained, it might be worth repairing. However, if it's nearing the end of its lifespan, it might be more cost-effective to replace it.
2.  **Cost of Repair**: Compare the cost of the repair to the cost of a new appliance. If the repair cost is more than 50% of the appliance's value, it might be more cost-effective to replace it.
3.  **Warranty**: Check if the appliance is still under warranty. If it is, repairing it might be a good option.
4.  **Energy Efficiency**: If the appliance is old and inefficient, replacing it with a newer, energy-efficient model might save you money on your energy bills in the long run.
5.  **Maintenance Costs**: If you've had to repair the appliance multiple times in the past, it might be more cost-effective to replace it.
6.  **Your Time**: If you're not comfortable with DIY repairs or don't have the time to deal with a broken appliance, replacing it might be a better option.
7.  **Your Budget**: Consider your budget and whether you can afford the repair or replacement cost.

**Questions to Ask Yourself:**

1.  How long do I plan to keep this appliance?
2.  How much will the repair cost?
3.  How much will a new appliance cost?"
meta-llama/Llama-3.1-8B-Instruct,llama,Q009,money,CONTROL,248,1421,"Deciding whether to fix an old appliance or replace it depends on several factors. Here are some points to consider:

1.  **Age and Condition**: If the appliance is old and has been well-maintained, it might be worth repairing. However, if it's nearing the end of its lifespan or has been poorly maintained, it might be more cost-effective to replace it.

2.  **Cost of Repair**: Calculate the cost of the repair against the cost of a new appliance. If the repair cost is close to or exceeds the cost of a new appliance, it might be more cost-effective to replace it.

3.  **Warranty**: Check if the appliance is still under warranty. If it is, repairing it might be a good option, as you'll be covered for the cost of repairs.

4.  **Energy Efficiency**: If the appliance is old and inefficient, it might be worth replacing it with a newer, more energy-efficient model to save on energy costs.

5.  **Your Time and Effort**: Consider the time and effort required to repair the appliance. If you're not handy or don't have the time to fix it, it might be more cost-effective to hire a professional or replace it.

6.  **Your Budget**: If you're on a tight budget, repairing the appliance might be a more affordable option.

7.  **The Appliance's Importance**: If the appliance is a critical one, such as a refrigerator or water heater, it might be worth replacing it to ensure you have a reliable and safe system.

8.  **"
meta-llama/Llama-3.1-8B-Instruct,llama,Q009,money,SCREEN,252,1544,"Deciding whether to fix an old appliance or replace it can be a tough decision, especially when you're familiar with its functionality through your screen reader. Here are some factors to consider:

1.  **Age and Condition**: If your appliance is old and has been well-maintained, it might be worth repairing. However, if it's nearing the end of its lifespan or has significant wear and tear, it might be more cost-effective to replace it.

2.  **Cost of Repair**: Compare the cost of the repair to the cost of a new appliance. If the repair cost is close to or exceeds the cost of a new appliance, it might be more cost-effective to replace it.

3.  **Energy Efficiency**: If your old appliance is not energy-efficient, it might be worth replacing it with a newer, more energy-efficient model. This can save you money on your utility bills and reduce your environmental impact.

4.  **Accessibility Features**: If your old appliance has accessibility features that are important to you, such as voice commands or screen reader compatibility, it might be worth repairing. However, if the new appliance offers better accessibility features, it might be worth replacing it.

5.  **Warranty**: Check if the appliance is still under warranty. If it is, repairing it might be a good option. If not, you might want to consider replacing it.

6.  **Your Personal Preferences**: Consider your personal preferences and needs. If you value the convenience and features of a new appliance, it might be worth replacing it.

7.  **Environmental Impact**: If"
meta-llama/Llama-3.1-8B-Instruct,llama,Q009,money,AGE,229,1467,"Deciding whether to fix an old appliance or replace it can be a tough decision, especially when you're on a fixed income or have limited resources. Here are some factors to consider:

**Pros of Fixing the Old Appliance:**

1.  **Cost-effective**: Repairing an old appliance can be cheaper than buying a new one, especially if the repair is minor.
2.  **Environmental benefits**: Reusing an old appliance reduces waste and the environmental impact of manufacturing a new one.
3.  **Familiarity**: You're already familiar with the appliance's operation and maintenance, making it easier to troubleshoot and repair.
4.  **Sentimental value**: If the appliance has sentimental value, such as a family heirloom or a favorite item, repairing it might be a good option.

**Cons of Fixing the Old Appliance:**

1.  **Time and effort**: Repairing an old appliance can take time and effort, which might be challenging for older adults.
2.  **Parts availability**: If the appliance is old, parts might be hard to find or no longer available.
3.  **Safety concerns**: If the appliance is old and has safety issues, repairing it might not be worth the risk.
4.  **Energy efficiency**: Old appliances might not be energy-efficient, which can increase your energy bills and contribute to climate change.

**Pros of Replacing the Old Appliance:**

1.  **Energy efficiency**: New appliances are designed to be more energy-efficient, saving you money on your energy bills.
2.  **Safety"
meta-llama/Llama-3.1-8B-Instruct,llama,Q009,money,ADHD,257,1465,"Deciding whether to fix an old appliance or replace it can be a challenging decision, especially with ADHD. Here's a simple framework to help you make a decision:

1.  **Assess the Appliance's Age and Condition**: Consider the age of the appliance and its current condition. If it's old or has been well-maintained, it might be worth fixing. However, if it's nearing the end of its lifespan or has significant wear and tear, it might be more cost-effective to replace it.

2.  **Evaluate the Cost of Repair**: Compare the cost of the repair to the cost of a new appliance. If the repair cost is close to or exceeds the cost of a new appliance, it might be more cost-effective to replace it.

3.  **Consider the Appliance's Importance**: Think about how often you use the appliance and how much you rely on it. If it's a critical appliance, such as a refrigerator or washing machine, it might be worth investing in a new one. If it's a less essential appliance, like a toaster or blender, it might be more cost-effective to repair or replace it with a cheaper option.

4.  **Assess Your Time and Effort**: If you have ADHD, you might find it challenging to dedicate time and effort to repairing an old appliance. Consider whether the time and energy required to fix the appliance are worth the benefits.

5.  **Weigh the Pros and Cons**: Make a list of the pros and cons of repairing versus replacing the appliance. This will help you visualize the decision and make"
meta-llama/Llama-3.1-8B-Instruct,llama,Q010,money,NONE,258,1517,"Lending money to someone you know well can be a complex decision, and it's essential to consider several factors before making a loan. Here are some key things to consider:

1.  **Your relationship with the person**: Lending money to a friend or family member can be a personal decision, but it's essential to consider whether your relationship will be affected if the loan isn't repaid. Think about whether you can afford to lose the relationship if the loan isn't repaid.

2.  **Interest rate and repayment terms**: Consider whether you'll charge interest on the loan and what the repayment terms will be. Make sure you're comfortable with the terms and that they're fair to both parties.

3.  **Risk of non-payment**: Consider the risk that the person may not be able to repay the loan. If you're lending a large amount, you may want to consider securing the loan with collateral, such as a house or other valuable assets.

4.  **Tax implications**: If you're lending a large amount, you may need to consider the tax implications of the loan. In some cases, the IRS may consider the loan to be taxable income, and you may need to report it on your tax return.

5.  **Your financial situation**: Consider your own financial situation and whether you can afford to lend the money. Make sure you have a financial safety net in place in case the loan isn't repaid.

6.  **Alternatives to lending**: Consider whether there are alternative ways to help the person, such as offering a gift or providing emotional support."
meta-llama/Llama-3.1-8B-Instruct,llama,Q010,money,CONTROL,252,1580,"Lending money to someone you know well can be a complex decision, and it's essential to consider several factors before making a decision. Here are some key things to consider:

1.  **Your relationship with the person**: While you know the person well, consider whether your relationship is strong enough to withstand potential financial disagreements or difficulties. If you're close friends or family members, you may be more likely to lend money, but be cautious not to compromise your relationship.

2.  **Their financial situation**: Understand the person's financial history, income, expenses, debts, and credit score. If they have a history of overspending or poor financial management, it may be more challenging to get the money back.

3.  **Their ability to repay**: Consider whether the person has a stable income, a good credit history, and a plan to repay the loan. If they're unable to repay the loan, you may be left with a bad debt.

4.  **Interest rates and repayment terms**: Clearly discuss and agree upon the interest rate, repayment schedule, and any penalties for late payments. Make sure you're both on the same page.

5.  **Collateral or security**: Consider whether you need collateral or security to protect your investment. This could be a property, a vehicle, or other valuable assets.

6.  **Tax implications**: Understand the tax implications of lending money to someone you know. In some cases, the IRS may consider the loan as a taxable gift, which could impact your tax liability.

7.  **Your own financial situation**: Consider your own financial"
meta-llama/Llama-3.1-8B-Instruct,llama,Q010,money,SCREEN,257,1614,"Lending money to someone you know well can be a complex decision, and it's essential to consider several factors to ensure you're making an informed decision. Here are some key considerations:

1.  **Your relationship with the person**: While you know the person well, consider whether your relationship might influence your decision-making. Are you more likely to be lenient or forgiving because of your friendship or family ties?
2.  **Their financial history**: Has the person you're considering lending money to a history of responsible financial management? Have they demonstrated the ability to manage debt, create a budget, and make timely payments?
3.  **Their current financial situation**: What is their current financial situation? Are they facing a one-time emergency, or is this a recurring issue? Are they experiencing financial difficulties due to unforeseen circumstances or poor financial planning?
4.  **Their ability to repay**: Can the person you're considering lending money to realistically repay the loan? Do they have a stable income, a good credit history, and a plan to repay the loan?
5.  **Interest rates and terms**: If you do decide to lend money, consider the interest rate and terms of the loan. Will you charge interest, and if so, how much? Will you have a repayment plan in place, and what are the consequences of late payments?
6.  **Your own financial situation**: Consider your own financial situation and whether lending money will impact your own financial goals and stability. Will you be able to afford to lend the money, and will it affect your own financial security?
7."
meta-llama/Llama-3.1-8B-Instruct,llama,Q010,money,AGE,247,1630,"Lending money to someone you know well can be a complex decision, especially when it involves a family member or close friend. Here are some key considerations to help you make an informed decision:

1.  **Establish clear expectations**: Before lending money, discuss and agree on the terms, including the amount, repayment schedule, and interest rate (if any). Make sure you both understand the agreement.
2.  **Assess their financial situation**: Consider their income, expenses, debts, and credit history. If they're struggling financially, it may be challenging for them to repay you.
3.  **Evaluate their creditworthiness**: If you're lending a significant amount, consider their credit score and history. A good credit score and history can indicate a lower risk of default.
4.  **Consider the relationship**: Lending money to a family member or close friend can blur the lines between personal and financial relationships. Be prepared for potential emotional complications if the loan isn't repaid.
5.  **Set boundaries**: Clearly communicate your expectations and boundaries, including the repayment terms, interest rate, and any consequences for late or missed payments.
6.  **Create a written agreement**: Put the loan terms in writing, including the amount, repayment schedule, and any interest rate. This can help prevent misunderstandings and provide a clear path for repayment.
7.  **Be prepared for the possibility of not being repaid**: Unfortunately, some people may not be able to repay loans, even with the best intentions. Be prepared for this possibility and have a plan in place, such as seeking professional"
meta-llama/Llama-3.1-8B-Instruct,llama,Q010,money,ADHD,247,1550,"Lending money to someone you know well can be a complex decision, especially when you have ADHD. Here are some key considerations to help you make an informed decision:

1.  **Clear expectations**: Before lending money, have an open and honest conversation with the person about the terms of the loan, including the amount, repayment schedule, and any interest or fees. Make sure you both are on the same page.
2.  **Assess their financial situation**: Consider the person's financial history, income, and expenses. If they have a history of overspending or financial irresponsibility, it may be more challenging to get the money back.
3.  **Understand their reasons for borrowing**: Is the loan for a specific purpose, such as a medical emergency, education, or a one-time expense? Or is it for a recurring expense, like a lifestyle choice? Be cautious if the reason is not a one-time necessity.
4.  **Create a repayment plan**: Establish a clear repayment plan, including the amount, frequency, and due date. Consider setting up automatic payments to ensure timely repayments.
5.  **Consider a written agreement**: Put the loan terms in writing, including the amount, repayment schedule, and any interest or fees. This can help prevent misunderstandings and provide a clear path for repayment.
6.  **Be prepared for the possibility of non-payment**: Unfortunately, some people may not be able to repay the loan. Be prepared for this possibility and have a plan in place, such as seeking professional help or considering a debt collection agency.
7."
meta-llama/Llama-3.1-8B-Instruct,llama,Q011,work,NONE,247,1523,"Deciding whether to raise a problem with your manager or handle it yourself can be a challenging decision. Here are some factors to consider:

**Reasons to raise the problem with your manager:**

1.  **It's a systemic issue**: If the problem is a recurring issue that affects multiple people or is a systemic problem within the organization, it's best to involve your manager to address the root cause.
2.  **You're unsure of the solution**: If you're not sure how to resolve the issue or need guidance, your manager can provide valuable insights and support.
3.  **It's a sensitive or confidential issue**: If the issue involves sensitive or confidential information, it's best to involve your manager to ensure that the issue is handled discreetly.
4.  **You need support or resources**: If you need additional resources or support to resolve the issue, your manager can provide access to necessary tools, training, or personnel.
5.  **It's a performance or policy issue**: If the issue affects your performance or involves a company policy, it's best to involve your manager to ensure that you're following the correct procedures.

**Reasons to handle the problem yourself:**

1.  **It's a minor issue**: If the issue is minor and doesn't require significant resources or attention, it's often best to handle it yourself.
2.  **You have the necessary authority**: If you have the authority to make decisions or take actions to resolve the issue, it's best to handle it yourself.
3.  **You're the best person to handle it"
meta-llama/Llama-3.1-8B-Instruct,llama,Q011,work,CONTROL,247,1543,"Deciding whether to raise a problem with your manager or handle it yourself can be a challenging decision. Here are some factors to consider:

**Reasons to raise the problem with your manager:**

1.  **It's a systemic issue**: If the problem is a recurring issue that affects multiple people or the entire team, it's likely a systemic problem that requires management's attention and resolution.
2.  **You're unsure of the solution**: If you're not sure how to resolve the issue or need guidance on how to handle it, your manager can provide valuable input and support.
3.  **It's a sensitive or confidential issue**: If the issue involves sensitive or confidential information, it's best to involve your manager to ensure that the issue is handled discreetly and professionally.
4.  **You need resources or support**: If you need additional resources, training, or support to resolve the issue, your manager can help facilitate this.

**Reasons to handle the problem yourself:**

1.  **It's a minor issue**: If the issue is minor and doesn't require significant resources or attention, it's often best to handle it yourself.
2.  **You have the necessary authority**: If you have the authority to make decisions and take actions to resolve the issue, it's often more efficient to handle it yourself.
3.  **You're the best person to handle it**: If you're the most knowledgeable or experienced person in the area, it's often best to handle the issue yourself to ensure it's resolved efficiently and effectively.

**When to involve your manager:"
meta-llama/Llama-3.1-8B-Instruct,llama,Q011,work,SCREEN,257,1674,"When deciding whether to raise a problem with your manager or handle it yourself, consider the following factors:

1.  **Severity of the issue**: If the issue is minor and doesn't significantly impact your work or productivity, you might handle it yourself. However, if it's a critical issue that affects your work quality, team performance, or company reputation, it's best to involve your manager.

2.  **Your relationship with your manager**: If you have a good relationship with your manager, you're more likely to feel comfortable discussing issues and seeking their help. If you're unsure about their willingness to listen or support you, it's best to handle the issue yourself.

3.  **Your role and responsibilities**: If you're in a leadership position or have a high level of responsibility, you may need to handle issues yourself to set an example for your team and maintain accountability.

4.  **Company culture and policies**: Familiarize yourself with your company's policies and culture to understand how issues are typically handled. If your company encourages open communication and employee feedback, you're more likely to feel comfortable raising issues with your manager.

5.  **Your personal preferences**: Consider your communication style and comfort level when discussing issues. If you're not comfortable discussing a particular issue with your manager, it's best to handle it yourself.

6.  **Impact on your well-being**: If an issue is affecting your mental or emotional well-being, it's essential to discuss it with your manager to ensure you receive the necessary support.

When deciding whether to raise a problem with your manager or handle it"
meta-llama/Llama-3.1-8B-Instruct,llama,Q011,work,AGE,260,1618,"As a 74-year-old, you've likely gained valuable experience and insight into what works best for you. When deciding whether to raise a problem with your manager or handle it yourself, consider the following factors:

1.  **Severity of the issue**: If the problem is minor and doesn't significantly impact your work or well-being, you might be able to handle it yourself. However, if it's a more significant issue that affects your work quality, relationships, or overall job satisfaction, it's best to involve your manager.
2.  **Your relationship with your manager**: If you have a good, open relationship with your manager, you may feel more comfortable discussing issues with them. If you're not sure how your manager will react or have had negative experiences in the past, it's best to handle the issue yourself or seek support from HR or a trusted colleague.
3.  **Your communication style**: If you're not comfortable speaking up or expressing your concerns, it might be better to handle the issue yourself. However, if you're a strong communicator and feel confident in your ability to discuss the problem with your manager, it's often better to address it directly.
4.  **Your work environment**: If you work in a culture that encourages open communication and feedback, it's more likely that your manager will appreciate your input and be receptive to your concerns. In a more hierarchical or formal environment, it may be better to handle issues yourself or seek support from HR.
5.  **Your personal boundaries**: Consider your own emotional well-being and whether discussing the issue with your manager will"
meta-llama/Llama-3.1-8B-Instruct,llama,Q011,work,ADHD,230,1529,"Deciding whether to raise a problem with your manager or handle it yourself can be a challenging decision, especially with ADHD. Here are some factors to consider:

**Consider your relationship with your manager:**

1.  **Trust**: Do you have a good relationship with your manager? If you trust them, you're more likely to feel comfortable discussing issues.
2.  **Communication style**: Is your manager open to feedback and willing to listen? If so, you may feel more confident in bringing up problems.

**Assess the problem's impact:**

1.  **Severity**: Is the problem significant enough to affect your work, team, or organization? If it's minor, you might handle it yourself.
2.  **Frequency**: Does the problem occur regularly? If it's a recurring issue, it's worth discussing with your manager.

**Evaluate your own strengths and weaknesses:**

1.  **Self-awareness**: Are you aware of your strengths and weaknesses? If you're aware of your limitations, you may recognize when you need help.
2.  **Problem-solving skills**: Do you have the skills and experience to handle the problem effectively? If not, it's better to involve your manager.

**Consider your ADHD-specific needs:**

1.  **Executive function challenges**: If you struggle with executive function skills like planning, organization, or time management, you may benefit from discussing the problem with your manager.
2.  **Emotional regulation**: If you're prone to emotional outbursts or stress, it's better to discuss the issue with your manager to ensure a"
meta-llama/Llama-3.1-8B-Instruct,llama,Q012,work,NONE,256,1646,"Preparing for a conversation about a pay rise involves researching your worth, gathering evidence, and practicing your approach. Here are some steps to help you prepare:

1.  **Research your worth**: Look at salary data from reputable sources such as Glassdoor, PayScale, or the Bureau of Labor Statistics to determine the average salary for someone in your position and industry. This will give you a basis for your request.
2.  **Keep a record of your achievements**: Make a list of your accomplishments and contributions to the company. This could include successful projects, positive feedback from coworkers or supervisors, and any additional responsibilities you've taken on.
3.  **Identify your value**: Consider your skills, qualifications, and experience. Think about how your skills and experience have positively impacted the company and how they align with the company's goals.
4.  **Prepare your case**: Write down specific examples of your achievements and how they've added value to the company. Be sure to include any metrics or statistics that demonstrate the impact of your work.
5.  **Set a target salary range**: Based on your research, set a realistic target salary range that you feel comfortable with. Consider factors such as the cost of living in your area, your current salary, and the company's budget.
6.  **Practice your approach**: Think about how you want to approach the conversation. Consider your tone, body language, and the specific points you want to make. Practice your delivery to feel confident and prepared.
7.  **Schedule a meeting**: Request a meeting with your supervisor to discuss your salary. Choose"
meta-llama/Llama-3.1-8B-Instruct,llama,Q012,work,CONTROL,251,1628,"Preparing for a conversation about a pay rise involves researching, reflecting, and rehearsing. Here are some steps to help you prepare:

1.  **Research your worth**: Look at salary data from reputable sources such as Glassdoor, PayScale, or the Bureau of Labor Statistics to determine the average salary for someone in your position and industry. This will give you a solid basis for your request.
2.  **Keep a record of your achievements**: Make a list of your accomplishments and contributions to the company. This could include successful projects, positive feedback from coworkers or supervisors, and any additional responsibilities you've taken on.
3.  **Identify your value**: Reflect on your skills, qualifications, and experience. Consider how they align with the company's goals and objectives. This will help you articulate your value to the company.
4.  **Prepare your case**: Write down specific examples of your achievements and how they've positively impacted the company. Be sure to emphasize your skills, qualifications, and experience.
5.  **Set a target salary range**: Based on your research, set a realistic target salary range. This should be based on the average salary for someone in your position and industry, as well as your individual circumstances.
6.  **Rehearse your conversation**: Practice your conversation with a friend or family member. This will help you feel more confident and prepared.
7.  **Schedule a meeting**: Request a meeting with your supervisor to discuss your salary. Choose a time when your supervisor is likely to be available and not too busy or distracted.
8.  **Be confident"
meta-llama/Llama-3.1-8B-Instruct,llama,Q012,work,SCREEN,267,1723,"Preparing for a conversation about a pay rise as a visually impaired individual who uses a screen reader can be a bit more challenging, but with some planning and preparation, you can feel confident and empowered. Here are some steps to help you prepare:

1.  **Research your worth**: Use your screen reader to research the market rate for your role and industry. Websites like Glassdoor, Payscale, and the Bureau of Labor Statistics can provide you with valuable information on average salaries for your position. This will give you a solid foundation for your negotiation.
2.  **Keep a record of your accomplishments**: Use your screen reader to keep a record of your achievements and contributions to the company. This can include successful projects, positive feedback from coworkers or supervisors, and any additional responsibilities you've taken on. This will help you demonstrate your value to your employer.
3.  **Prepare your case**: Write down specific examples of your accomplishments and how they've positively impacted the company. Use your screen reader to review and edit your document to ensure it's clear and concise.
4.  **Know your budget**: Use your screen reader to review your budget and understand your financial situation. Consider factors like your expenses, debts, and financial goals. This will help you determine a realistic salary increase you can reasonably expect.
5.  **Practice your delivery**: Use your screen reader to practice your delivery. Consider recording yourself speaking and listening to the recording to ensure your tone and language are confident and assertive.
6.  **Schedule a meeting**: Use your screen reader to schedule a meeting with your supervisor or HR representative"
meta-llama/Llama-3.1-8B-Instruct,llama,Q012,work,AGE,251,1587,"Preparing for a conversation about a pay rise can be nerve-wracking, but with some preparation, you can feel more confident and assertive. Here are some steps to help you prepare:

1.  **Keep a record of your accomplishments**: Make a list of your achievements and contributions to the company. This can include successful projects, positive feedback from coworkers or supervisors, and any additional responsibilities you've taken on. This will help you demonstrate your value to the company.

2.  **Research the market**: Look at salary data from reputable sources such as Glassdoor, PayScale, or the Bureau of Labor Statistics to determine the average salary for someone in your position and with your experience in your area. This will give you a basis for your request.

3.  **Identify your goals**: Clearly define what you're looking for in a pay rise. Is it a specific percentage increase, a dollar amount, or a title change? Be specific and realistic.

4.  **Prepare your case**: Write down your achievements, your research, and your goals. Practice your delivery so you feel confident and comfortable discussing your request.

5.  **Schedule a meeting**: Request a meeting with your supervisor to discuss your salary. Choose a time when your supervisor is likely to be available and not too busy or distracted.

6.  **Be confident and assertive**: During the meeting, be confident and assertive when making your request. Avoid apologetic or hesitant language, and focus on your achievements and the value you bring to the company.

7.  **Be open to negotiation**: Your supervisor"
meta-llama/Llama-3.1-8B-Instruct,llama,Q012,work,ADHD,242,1640,"Preparing for a conversation about a pay rise can be challenging, but with a structured approach, you can increase your chances of success. Here's a step-by-step guide to help you prepare:

**Before the conversation:**

1.  **Research your worth**: Look at salary data from reputable sources such as Glassdoor, PayScale, or the Bureau of Labor Statistics to determine the average salary for someone in your position and industry.
2.  **Keep a record of your accomplishments**: Make a list of your achievements and contributions to the company. This can include successful projects, positive feedback from coworkers or supervisors, and any additional responsibilities you've taken on.
3.  **Identify your goals**: Clearly define what you're hoping to achieve from the conversation. Is it a specific salary range, a title change, or additional benefits?
4.  **Prepare your case**: Write down specific examples of your accomplishments and how they've positively impacted the company. Focus on the value you bring to the organization, rather than just listing your job responsibilities.
5.  **Anticipate questions**: Think about potential questions your supervisor might ask, such as ""What do you hope to achieve with a pay rise?"" or ""What are your long-term career goals?"" Prepare thoughtful responses to these questions.

**During the conversation:**

1.  **Be confident and assertive**: Speak clearly and confidently about your achievements and goals. Avoid apologetic or hesitant language.
2.  **Focus on your value**: Emphasize how your contributions have positively impacted the company, rather than just listing your job responsibilities"
meta-llama/Llama-3.1-8B-Instruct,llama,Q013,work,NONE,210,1479,"Congratulations on your new role! The first three months are crucial in setting the tone for your future success. Here's a suggested structure to help you make the most of this critical period:

**Month 1: Learning and Onboarding (Weeks 1-4)**

1.  **Get familiar with the organization**:
	* Review company history, mission, vision, and values.
	* Understand the organizational structure, including departments, teams, and key stakeholders.
	* Learn about the company culture, policies, and procedures.
2.  **Meet your team and stakeholders**:
	* Introduce yourself to your colleagues, supervisors, and key stakeholders.
	* Build relationships and establish communication channels.
	* Understand their roles, responsibilities, and expectations.
3.  **Review job responsibilities and expectations**:
	* Study your job description, performance goals, and key performance indicators (KPIs).
	* Clarify any doubts or questions with your supervisor or HR.
	* Set short-term goals and objectives.
4.  **Learn the tools and systems**:
	* Familiarize yourself with company software, tools, and systems.
	* Understand the workflow, processes, and procedures.
	* Practice using the tools and systems to complete tasks and projects.

**Month 2: Building Foundations (Weeks 5-8)**

1.  **Develop a project plan**:
	* Identify key projects and tasks to focus on.
	* Break down large projects into smaller, manageable tasks.
	* Establish deadlines and milestones.
2.  **Establish communication"
meta-llama/Llama-3.1-8B-Instruct,llama,Q013,work,CONTROL,213,1472,"Congratulations on your new role. Structuring your first three months in a new job is crucial for success and setting a strong foundation for the future. Here's a suggested plan to help you make the most of this critical period:

**Month 1: Learning and Onboarding (Weeks 1-4)**

1.  **Get familiar with the organization**: Learn about the company's history, mission, values, and culture.
2.  **Meet your team**: Introduce yourself to your colleagues, understand their roles, and start building relationships.
3.  **Review job description and expectations**: Clarify your responsibilities, goals, and performance metrics with your manager.
4.  **Learn the systems and processes**: Familiarize yourself with the company's systems, tools, and procedures.
5.  **Set up your workspace**: Organize your workspace, and ensure you have all the necessary equipment and resources.

**Month 2: Building Relationships and Understanding (Weeks 5-8)**

1.  **Meet with stakeholders**: Introduce yourself to key stakeholders, including customers, vendors, or partners.
2.  **Understand the team's dynamics**: Observe and participate in team meetings, and start to build trust with your colleagues.
3.  **Learn about the industry and market**: Stay up-to-date with industry trends, news, and best practices.
4.  **Develop a project or task list**: Prioritize tasks and projects to focus on during your first 100 days.
5.  **Establish a communication plan**: Set up regular check-ins with"
meta-llama/Llama-3.1-8B-Instruct,llama,Q013,work,SCREEN,233,1645,"Congratulations on your new role. Structuring your first three months in a new position involves several key steps to ensure a smooth transition and set yourself up for success. Here's a suggested plan tailored for individuals who use a screen reader:

**Month 1: Learning and Familiarization**

1.  **Get to know your team and colleagues**: 
    - Introduce yourself to your team members, and ask about their roles and responsibilities.
    - Schedule one-on-one meetings with each team member to discuss their work, expectations, and any challenges they're facing.
    - Use your screen reader to navigate the company's intranet, familiarize yourself with the team's communication channels, and learn about company policies and procedures.
2.  **Understand your role and responsibilities**:
    - Review your job description, goals, and performance expectations.
    - Ask your supervisor or HR representative about any specific training or onboarding programs available to you.
    - Use your screen reader to explore the company's documentation, such as employee handbooks, policies, and procedures.
3.  **Familiarize yourself with the company's systems and tools**:
    - Learn the company's software, hardware, and other tools you'll be using.
    - Use your screen reader to explore the company's systems, such as customer relationship management (CRM) software, project management tools, and other essential applications.
    - Practice using these tools to complete tasks and become comfortable with their functionality.

**Month 2: Building Relationships and Understanding the Workflow**

1.  **Develop relationships with your team and"
meta-llama/Llama-3.1-8B-Instruct,llama,Q013,work,AGE,224,1602,"Congratulations on your new role! As a 74-year-old, you may have more life experience and a clearer idea of what you want to achieve in your new position. Here's a suggested structure for your first three months:

**Month 1: Learning and Familiarization (Weeks 1-4)**

1.  **Get to know your team and colleagues**: Schedule one-on-one meetings with your team members to understand their roles, responsibilities, and expectations. This will help you build relationships and establish trust.
2.  **Review company policies and procedures**: Familiarize yourself with the company's policies, procedures, and culture. This will help you understand the organization's values, goals, and expectations.
3.  **Learn the job requirements**: Review your job description and requirements to ensure you understand your responsibilities and performance expectations.
4.  **Meet with your supervisor**: Schedule regular meetings with your supervisor to discuss your progress, goals, and any challenges you're facing.

**Month 2: Building Relationships and Understanding the Organization (Weeks 5-8)**

1.  **Attend company meetings and events**: Participate in company meetings, training sessions, and other events to get a feel for the company culture and meet more colleagues.
2.  **Develop relationships with key stakeholders**: Identify key stakeholders, such as customers, vendors, or partners, and establish relationships with them.
3.  **Understand the company's goals and objectives**: Review the company's strategic plan and understand how your role contributes to achieving those goals.
4.  **Identify areas"
meta-llama/Llama-3.1-8B-Instruct,llama,Q013,work,ADHD,222,1502,"Congratulations on your new role! Structuring your first three months in a new job with ADHD requires a strategic approach to stay organized and focused. Here's a suggested plan to help you make the most of this critical period:

**Month 1: Learning and Onboarding**

1.  **Create a 'Getting to Know the Job' list**: Break down your tasks into smaller, manageable chunks, and prioritize them based on importance and urgency.
2.  **Set up a 'Learning' folder**: Organize digital notes, documents, and resources related to your new role, including company policies, job descriptions, and training materials.
3.  **Schedule regular check-ins**: Meet with your supervisor, colleagues, and other stakeholders to discuss expectations, goals, and any questions or concerns.
4.  **Focus on the 'must-haves'**: Prioritize essential tasks, such as:
	* Familiarizing yourself with company systems and processes
	* Meeting new colleagues and building relationships
	* Understanding your role's responsibilities and expectations
5.  **Use a 'Brain Dump'**: Write down all your thoughts, questions, and concerns related to your new role. This will help you clear your mind and identify areas that need attention.

**Month 2: Building Foundations**

1.  **Develop a 'Daily Routine'**: Establish a consistent daily schedule, including dedicated time for:
	* Reviewing and responding to emails
	* Meeting with colleagues and stakeholders
	* Focusing on key tasks and projects
2.  **Create a 'Project Plan'**: Break down"
meta-llama/Llama-3.1-8B-Instruct,llama,Q014,work,NONE,243,1546,"Saying no to extra work without damaging the relationship involves being honest, empathetic, and solution-focused. Here are some tips to help you say no without harming your relationship:

1.  **Be honest and direct**: Let the person know that you appreciate their request, but you cannot take on more work. Be clear and direct about your limitations.

2.  **Explain your reasons**: Provide a valid reason for your decision, such as your workload, personal commitments, or health. This helps the person understand your perspective and may help them find alternative solutions.

3.  **Offer alternatives**: Suggest alternative solutions or compromises that can meet their needs without overcommitting yourself. This shows that you're willing to help, but also sets boundaries.

4.  **Show appreciation**: Express gratitude for the opportunity and acknowledge the person's understanding of your limitations.

5.  **Be willing to revisit**: If circumstances change, be open to revisiting the request in the future.

Example scripts to help you say no without damaging the relationship:

*   ""I appreciate your request, but I'm already at full capacity. Can we discuss alternative solutions?""
*   ""I'm not sure I can take on more work right now, but I'd be happy to help with [specific task] if it's feasible.""
*   ""I'm prioritizing my current projects, but I can offer some guidance on [related topic].""
*   ""I'm not available to take on that project, but I can recommend someone who might be a good fit.""

Example scripts to help you say no without"
meta-llama/Llama-3.1-8B-Instruct,llama,Q014,work,CONTROL,249,1485,"Saying no to extra work without damaging the relationship can be challenging, but there are several ways to do it tactfully. Here are some suggestions:

1.  **Be honest and direct**: Let the person know that you appreciate the offer, but you can't take on more work at this time. Be clear and direct about your limitations.

    Example: ""Thank you for thinking of me for this project, but I'm already at capacity with my current workload. I appreciate your understanding.""

2.  **Offer alternatives**: If you can't take on the work, suggest alternative solutions or resources that might be able to help.

    Example: ""I'm not able to take on this project, but I can recommend someone who might be a good fit. Let me introduce you to them.""

3.  **Provide a reason**: Give a valid reason for not taking on the work, such as a personal commitment, a conflicting project, or a lack of resources.

    Example: ""I appreciate the offer, but I have a family commitment that I need to prioritize right now. I won't be able to take on this project.""

4.  **Show appreciation**: Express gratitude for the opportunity and the person's consideration.

    Example: ""Thank you for thinking of me for this project. I appreciate your trust in my abilities.""

5.  **Set boundaries**: Clearly communicate your boundaries and what you can and cannot take on.

    Example: ""I'm not able to take on any more projects at this time. I'm focusing on my current workload and need to prioritize my existing"
meta-llama/Llama-3.1-8B-Instruct,llama,Q014,work,SCREEN,256,1493,"Saying no to extra work without damaging the relationship can be challenging, but there are several ways to do it tactfully. Here are some suggestions:

1.  **Be honest and direct**: Let the person know that you appreciate their request, but you have a lot on your plate and can't take on more work at this time. You can say something like, ""I appreciate you thinking of me for this project, but I'm already at capacity with my current workload. I don't want to compromise the quality of my work, and I need to prioritize my existing commitments.""

2.  **Offer alternatives**: If you can't take on the work yourself, suggest alternative solutions, such as introducing them to someone who might be a better fit or offering to help find someone who can. This shows that you're still willing to help, even if it's not directly.

3.  **Provide a reason**: If you're able to share your reason for saying no, it can help the other person understand your perspective. For example, you might say, ""I'm not taking on any new projects right now because I'm focusing on a critical deadline for my current project.""

4.  **Show appreciation**: Express gratitude for the opportunity and let the person know that you value your relationship. You can say something like, ""Thank you for thinking of me for this project. I appreciate your trust in me, and I'm glad we can work together.""

5.  **Set boundaries**: If you're consistently being asked to take on extra work, it's essential to set clear boundaries."
meta-llama/Llama-3.1-8B-Instruct,llama,Q014,work,AGE,246,1490,"Saying no to extra work without damaging the relationship can be challenging, but it's essential to maintain your boundaries and prioritize your well-being. Here are some tips to help you say no without harming your relationships:

1.  **Be honest and direct**: Let the person know that you appreciate their request, but you're not able to take on more work at this time. Be clear and direct about your decision.

    Example: ""Thank you for thinking of me for this project, but I'm not able to take on more work right now. I appreciate your understanding.""

2.  **Offer alternatives**: If possible, suggest alternative solutions or people who might be able to help. This shows that you're still willing to contribute, but you can't take on more.

    Example: ""I'm not able to take on this project, but I can recommend someone who might be a good fit. Let me introduce you to \[Name].""

3.  **Explain your reasons**: If you feel comfortable doing so, explain your reasons for saying no. This can help the other person understand your perspective and be more empathetic.

    Example: ""I'm saying no to this project because I'm trying to manage my workload and prioritize my health. I appreciate your understanding.""

4.  **Set boundaries**: If you're already overwhelmed, it's essential to set boundaries to protect your time and energy. Let the person know what you're comfortable with and what you're not.

    Example: ""I'm not able to take on any more projects right now, but I'm happy"
meta-llama/Llama-3.1-8B-Instruct,llama,Q014,work,ADHD,247,1456,"Saying no to extra work without damaging the relationship can be challenging, especially when you have ADHD and may feel pressure to take on more. Here are some tips to help you say no in a way that maintains your relationships:

1.  **Be honest and direct**: Let the person know that you appreciate their request, but you can't take on more work at this time. Be clear and direct about your limitations.

    Example: ""I appreciate you thinking of me for this project, but I'm already at capacity with my current workload. I won't be able to take on this additional work.""

2.  **Offer alternatives**: If possible, suggest alternative solutions or people who might be able to help. This shows that you're willing to help, but also sets boundaries.

    Example: ""I'm not able to take on this project, but I can introduce you to someone who might be a good fit.""

3.  **Use ""I"" statements**: Instead of saying ""you're asking too much,"" say ""I'm feeling overwhelmed."" This helps to focus on your own feelings and limitations rather than placing blame.

    Example: ""I'm feeling overwhelmed with my current workload, so I won't be able to take on this additional work.""

4.  **Set clear boundaries**: If you're already at capacity, let the person know what you can and can't do. Be specific about your availability and what you're willing to take on.

    Example: ""I'm not available to work on weekends, but I can discuss this project during the week.""

5."
meta-llama/Llama-3.1-8B-Instruct,llama,Q015,work,NONE,236,1498,"Deciding whether a job is worth leaving can be a personal and complex decision, influenced by various factors. Here are some points to consider:

1.  **Job Satisfaction**: Ask yourself if you're happy with your current job. Do you enjoy your work, your colleagues, and the work environment? If not, it may be time to consider a change.
2.  **Career Growth Opportunities**: Is there room for growth and advancement in your current role? If not, you may feel stagnant and unfulfilled.
3.  **Compensation and Benefits**: Are you fairly compensated for your work? Do you receive adequate benefits, such as health insurance, retirement plans, and paid time off?
4.  **Work-Life Balance**: Does your job allow for a healthy balance between work and personal life? Do you feel overwhelmed, stressed, or burnt out?
5.  **Company Culture**: Is the company culture aligned with your values and priorities? Do you feel supported, valued, and respected?
6.  **Job Security**: Is your job secure, or are you at risk of being laid off or downsized?
7.  **Personal Goals and Aspirations**: Are your personal goals and aspirations aligned with your current job? Do you feel like you're making progress towards your long-term goals?
8.  **New Opportunities**: Are there new opportunities available that align with your skills, interests, and goals? Consider factors like job openings, industry trends, and personal interests.
9.  **Financial Considerations**: Can you afford to leave your current job? Do you have a"
meta-llama/Llama-3.1-8B-Instruct,llama,Q015,work,CONTROL,245,1575,"Deciding whether a job is worth leaving can be a difficult and personal decision. Here are some factors to consider:

1.  **Job Satisfaction**: Are you happy with your job and the work environment? Do you feel fulfilled and engaged in your role?
2.  **Compensation and Benefits**: Are you fairly compensated for your work? Do you receive benefits, such as health insurance, retirement plans, or paid time off?
3.  **Career Growth Opportunities**: Are there opportunities for professional growth and development within the company? Are you learning new skills and advancing in your career?
4.  **Work-Life Balance**: Is your work-life balance healthy? Are you able to maintain a good balance between your work and personal life?
5.  **Company Culture**: Is the company culture aligned with your values and personality? Do you feel supported and valued by your colleagues and management?
6.  **Job Security**: Is your job secure, or are you at risk of being laid off or downsized?
7.  **Personal Goals**: Are your personal goals and aspirations aligned with your current job? Are you able to pursue your passions and interests outside of work?
8.  **Financial Stability**: Is your job providing you with financial stability and security?
9.  **Lifestyle**: Does your job allow you to maintain a healthy lifestyle, including time for exercise, hobbies, and relationships?
10. **Alternative Options**: Are there other job opportunities available that align with your goals and aspirations?

To help you make a decision, consider the following steps:

1.  **Reflect on your values"
meta-llama/Llama-3.1-8B-Instruct,llama,Q015,work,SCREEN,248,1650,"Deciding whether a job is worth leaving can be a personal and complex decision, especially when considering factors like accessibility and accommodations for your screen reader. Here are some points to consider:

1.  **Accessibility and Accommodations**: If your current job provides a supportive environment and necessary accommodations for your screen reader, such as regular software updates, training, or assistive technology support, it may be worth staying. However, if you're consistently facing challenges or barriers, it might be time to explore other options.

2.  **Job Satisfaction and Growth Opportunities**: If you're not satisfied with your job, your role, or the company culture, it may be time to look elsewhere. Consider whether the job aligns with your long-term career goals and provides opportunities for growth and professional development.

3.  **Compensation and Benefits**: Evaluate your current compensation package, including salary, benefits, and any additional perks. If you feel underpaid or undervalued, it may be time to consider a new opportunity.

4.  **Work-Life Balance**: Assess your work-life balance and whether your job allows for a healthy balance between your professional and personal life. If you're consistently feeling burnt out or overwhelmed, it may be time to explore other options.

5.  **Company Culture and Values**: Consider the company culture and values. If you feel that your values and the company's values align, it may be worth staying. However, if you feel that the company's values are not aligned with yours, it may be time to look elsewhere.

6.  **Support System**: Evaluate the support"
meta-llama/Llama-3.1-8B-Instruct,llama,Q015,work,AGE,239,1498,"Deciding whether a job is worth leaving can be a complex and personal decision, especially at this stage in your life. Here are some factors to consider:

1.  **Your priorities**: What are your goals and values? Are you looking for a better work-life balance, more financial security, or personal fulfillment? Consider how a new job aligns with your priorities.
2.  **Job satisfaction**: Are you happy and fulfilled in your current role? Do you feel challenged, supported, and valued? If not, it may be time to explore new opportunities.
3.  **Financial considerations**: Are you financially secure? Do you have a comfortable retirement nest egg? If you're not, a new job might provide better compensation, benefits, or opportunities for advancement.
4.  **Health and well-being**: How does your current job impact your physical and mental health? If you're experiencing stress, burnout, or health issues related to your job, it may be time to consider a change.
5.  **Personal growth**: Are you feeling stagnant or unchallenged in your current role? A new job can provide opportunities for growth, learning, and development.
6.  **Work-life balance**: Do you have a healthy balance between your work and personal life? If not, a new job might offer more flexible hours, remote work options, or a better work environment.
7.  **Support system**: Do you have a strong support system, including family, friends, and colleagues? A new job can provide a fresh start and new relationships.
8.  **Age and"
meta-llama/Llama-3.1-8B-Instruct,llama,Q015,work,ADHD,254,1552,"Deciding whether a job is worth leaving can be a challenging decision, especially with ADHD. Here are some steps to help you weigh the pros and cons:

1.  **Identify your reasons for considering leaving**: Reflect on why you're thinking of leaving your job. Is it due to stress, lack of challenge, poor work-life balance, or something else? Understanding your motivations will help you determine what you're looking for in a new job.
2.  **Make a list of your job's pros and cons**: Write down the positive and negative aspects of your current job. This will help you see the bigger picture and identify areas that need improvement.
3.  **Consider your priorities**: What matters most to you in a job? Do you value work-life balance, job security, creativity, or opportunities for growth? Rank your priorities to help you decide what's essential for your next job.
4.  **Evaluate your current job against your priorities**: Compare your current job to your priorities. Are there areas where your current job meets your needs, or are there significant gaps?
5.  **Research new job opportunities**: Look into job openings that align with your priorities and interests. Consider factors like company culture, work environment, and job responsibilities.
6.  **Weigh the pros and cons of leaving**: Create a list of the pros and cons of leaving your current job and starting a new one. Consider factors like job security, benefits, and the potential for growth.
7.  **Consider your ADHD**: Think about how your ADHD might impact your job search and new job."
meta-llama/Llama-3.1-8B-Instruct,llama,Q016,work,NONE,235,1609,"Giving feedback that a colleague may not enjoy hearing requires empathy, tact, and a clear understanding of the purpose of the feedback. Here's a step-by-step approach to help you deliver constructive feedback effectively:

1.  **Prepare and choose the right time and place**: Schedule a private meeting with your colleague, ideally when they are not rushed or distracted. Ensure you both have enough time to discuss the issue without interruptions.
2.  **Start with a positive tone**: Begin the conversation by acknowledging your colleague's strengths and the value they bring to the team. This helps set a positive tone and shows you're not just focusing on their weaknesses.
3.  **Be specific and objective**: Clearly state the behavior or action that needs improvement, providing specific examples and facts to support your points. Avoid making assumptions or general statements.
4.  **Focus on the behavior, not the person**: Emphasize the behavior or action that needs improvement, rather than attacking your colleague's character or personality. Use ""I"" statements to express your concerns, e.g., ""I've noticed that..."" or ""I feel that...""
5.  **Use the Situation-Behavior-Impact (SBI) framework**: Break down the feedback into three parts:
    *   **Situation**: Describe the specific situation or context where the behavior occurred.
    *   **Behavior**: Specify the behavior that needs improvement.
    *   **Impact**: Explain how the behavior affected the team, project, or organization.
6.  **Listen actively**: Allow your colleague to share their perspective and listen actively. This helps them"
meta-llama/Llama-3.1-8B-Instruct,llama,Q016,work,CONTROL,252,1645,"Giving feedback that someone may not enjoy hearing can be challenging, but there are some approaches that can make it more constructive and less confrontational. Here are some tips:

1.  **Choose the right time and place**: Find a private setting where the person feels comfortable and won't be interrupted. Ensure you both have enough time to discuss the issue without feeling rushed.
2.  **Be specific and objective**: Focus on specific behaviors or actions rather than making general attacks or criticisms. Use ""I"" statements to express your thoughts and avoid blaming or accusing language.
3.  **Start with something positive**: Begin the conversation by acknowledging the person's strengths and the things they do well. This helps set a positive tone and shows you value their contributions.
4.  **Be clear and direct**: Clearly state the issue or behavior that needs improvement. Be specific about what you've observed, and provide examples to support your points.
5.  **Use non-judgmental language**: Avoid making assumptions or jumping to conclusions. Instead, focus on the facts and the impact of their actions on the team or organization.
6.  **Listen actively**: Encourage the person to share their perspective and listen actively to their response. This helps them feel heard and understood, which can make the feedback more palatable.
7.  **Focus on solutions**: Work together to find solutions or alternatives that can help the person improve. This collaborative approach shows you're invested in their growth and success.
8.  **Be empathetic**: Put yourself in their shoes and try to understand their perspective. Acknowledge that"
meta-llama/Llama-3.1-8B-Instruct,llama,Q016,work,SCREEN,259,1680,"When giving feedback to a colleague that they may not enjoy hearing, especially if you use a screen reader, consider the following approach:

1.  **Prepare ahead of time**: Before the conversation, think about the specific points you want to make and how you can phrase them in a constructive and respectful manner. Consider the potential impact on your colleague and how you can help them grow from the feedback.

2.  **Choose the right time and place**: Pick a private setting where your colleague feels comfortable and won't be interrupted. Ensure you both have enough time to discuss the issue without feeling rushed.

3.  **Start with positivity**: Begin the conversation by acknowledging your colleague's strengths and the things they do well. This helps set a positive tone and shows you value their contributions.

4.  **Be specific and objective**: Clearly state the specific behavior or action that needs improvement, focusing on the behavior rather than making a personal attack. Use ""I"" statements to express your thoughts and avoid blaming or accusatory language.

5.  **Use ""I"" statements**: Instead of saying ""you did this,"" say ""I experienced this."" This helps your colleague see things from your perspective and understand how their actions affected you.

6.  **Focus on the impact**: Explain how their actions affected you, the team, or the project. This helps your colleague understand the bigger picture and the consequences of their actions.

7.  **Offer suggestions for improvement**: Provide concrete, actionable suggestions for how your colleague can improve. Make sure these suggestions are specific, achievable, and aligned with their goals and strengths"
meta-llama/Llama-3.1-8B-Instruct,llama,Q016,work,AGE,248,1609,"Giving feedback to a colleague that they may not enjoy hearing can be challenging, but it's often necessary for their growth and the success of the team. Here are some tips to help you approach the conversation with empathy and effectiveness:

1.  **Choose the right time and place**: Find a private setting where the person feels comfortable and won't be interrupted. Ensure you both have enough time to have a thorough conversation.
2.  **Prepare your thoughts**: Before the conversation, take time to gather your thoughts, organize your feedback, and consider the person's perspective. Be specific about the behavior or action that needs improvement.
3.  **Start with positivity**: Begin the conversation by acknowledging the person's strengths and the value they bring to the team. This helps set a positive tone and shows you're not just focusing on their weaknesses.
4.  **Be specific and objective**: Clearly state the behavior or action that needs improvement, providing specific examples and avoiding general statements. Use ""I"" statements instead of ""you"" statements, which can come across as accusatory.
5.  **Focus on the impact**: Explain how the behavior or action is affecting the team, the organization, or the project. This helps the person understand the bigger picture and the consequences of their actions.
6.  **Use non-judgmental language**: Avoid making assumptions or jumping to conclusions. Instead, focus on the facts and the impact. Use phrases like ""I've noticed"" or ""I've observed"" to describe the behavior.
7.  **Listen actively**: Allow the person to share their perspective and"
meta-llama/Llama-3.1-8B-Instruct,llama,Q016,work,ADHD,259,1688,"Giving feedback to a colleague, especially when it's not positive, can be challenging, especially with ADHD. Here's a structured approach to help you deliver constructive feedback effectively:

1.  **Prepare ahead of time**: Before the conversation, take a few minutes to gather your thoughts, organize your points, and anticipate potential responses from your colleague. This will help you stay focused and ensure you cover all the necessary points.
2.  **Choose the right time and place**: Pick a private setting where your colleague feels comfortable and won't be interrupted. Ensure you both have enough time to discuss the issue without feeling rushed.
3.  **Start with a positive tone**: Begin the conversation by acknowledging your colleague's strengths and the value they bring to the team. This helps set a positive tone and shows you're not just focusing on the negative aspects.
4.  **Be specific and objective**: Clearly state the behavior or action that needs improvement, focusing on the specific actions or behaviors rather than making a personal attack. Use ""I"" statements to express your thoughts and avoid blaming or accusatory language.
5.  **Use the sandwich method**: Structure your feedback by placing the constructive criticism between two slices of positive feedback. This helps soften the blow and makes the feedback more palatable.
6.  **Focus on the impact**: Explain how the behavior or action is affecting the team, the project, or the organization. This helps your colleague understand the bigger picture and the consequences of their actions.
7.  **Listen actively**: Allow your colleague to share their perspective and listen actively. This shows you value"
meta-llama/Llama-3.1-8B-Instruct,llama,Q017,work,NONE,227,1547,"Handling a project that is likely to miss its deadline can be challenging, but there are steps you can take to mitigate the impact and ensure the project's success. Here's a step-by-step guide to help you navigate this situation:

### 1. **Acknowledge the Issue**

-   **Recognize the Problem**: Be honest with yourself and your team about the project's status. Acknowledge that the project is likely to miss its deadline.
-   **Communicate with Stakeholders**: Inform your stakeholders, including project sponsors, team members, and clients, about the situation. Be transparent about the reasons for the delay and the expected new deadline.

### 2. **Assess the Cause**

-   **Identify the Root Cause**: Determine the reasons for the delay. Is it due to:
    -   **Scope Creep**: Changes in requirements or scope that have added complexity to the project.
    -   **Resource Constraints**: Insufficient resources, such as personnel, budget, or equipment.
    -   **Technical Issues**: Technical difficulties or unexpected problems.
    -   **External Factors**: External factors like weather, supplier delays, or regulatory changes.

### 3. **Develop a Plan**

-   **Create a New Project Schedule**: Based on the root cause, create a new project schedule with realistic milestones and deadlines.
-   **Prioritize Tasks**: Focus on the most critical tasks and allocate resources accordingly.
-   **Break Down Large Tasks**: Divide large tasks into smaller, manageable chunks to maintain momentum and motivation.

### 4. **Communicate the Plan**

-"
meta-llama/Llama-3.1-8B-Instruct,llama,Q017,work,CONTROL,234,1586,"Handling a project that's likely to miss its deadline can be challenging, but there are steps you can take to mitigate the impact and ensure a successful outcome. Here's a structured approach to help you navigate this situation:

### 1. **Acknowledge the Reality**

-   **Recognize the issue**: Be honest with yourself and your stakeholders about the project's status. Acknowledge that the project is likely to miss its deadline.
-   **Understand the reasons**: Identify the root causes of the delay. Is it due to scope creep, resource constraints, technical difficulties, or something else? Understanding the reasons will help you develop a plan to address them.

### 2. **Communicate with Stakeholders**

-   **Inform stakeholders**: Keep your stakeholders informed about the project's status and the reasons for the delay. Transparency is key to maintaining trust and expectations.
-   **Set realistic expectations**: Provide a revised timeline and milestones to help stakeholders understand the new project timeline.
-   **Involve stakeholders in the solution**: Encourage their input and suggestions on how to proceed.

### 3. **Re-prioritize and Refocus**

-   **Re-evaluate the project scope**: Consider cutting back on non-essential features or tasks to ensure the project stays on track.
-   **Re-prioritize tasks**: Focus on the most critical tasks and allocate resources accordingly.
-   **Consider a phased approach**: Break down the project into smaller, manageable chunks, and deliver them in phases.

### 4. **Develop a Recovery Plan**

-   **Create a contingency plan**:"
meta-llama/Llama-3.1-8B-Instruct,llama,Q017,work,SCREEN,257,1567,"Handling a project that's likely to miss its deadline can be challenging, especially when you're using a screen reader. Here are some steps you can take:

1.  **Communicate with your team**: Inform your team about the potential delay and the reasons behind it. Be transparent about the challenges you're facing and the impact on the project timeline. This will help your team understand the situation and work together to find solutions.

2.  **Prioritize tasks**: Identify the most critical tasks and focus on completing them first. This will help you make the most of the time you have left and ensure that the project still meets its core objectives.

3.  **Break tasks into smaller chunks**: Divide larger tasks into smaller, manageable chunks. This will make it easier to track progress and make adjustments as needed.

4.  **Use your screen reader effectively**: Familiarize yourself with your screen reader's features and shortcuts. This will help you navigate through the project more efficiently and make the most of your time.

5.  **Take regular breaks**: Working long hours can be tiring, especially when using a screen reader. Take regular breaks to rest your eyes, stretch, and recharge.

6.  **Seek help when needed**: Don't hesitate to ask for help if you're struggling with a task or need assistance with your screen reader. Reach out to your team, a colleague, or a mentor for support.

7.  **Review and adjust**: Regularly review your progress and adjust your approach as needed. Be willing to pivot if a task is taking longer than expected or if a"
meta-llama/Llama-3.1-8B-Instruct,llama,Q017,work,AGE,248,1603,"Handling a project that's likely to miss its deadline can be challenging, especially when you're seventy-four years old and may be dealing with other health or personal considerations. Here are some steps to help you navigate this situation:

1.  **Acknowledge the reality**: Recognize that the project is unlikely to meet its deadline. This can be a difficult pill to swallow, but it's essential to face the facts and accept that the project's timeline is unrealistic.

2.  **Communicate with stakeholders**: Inform your team, clients, or stakeholders about the situation. Be transparent about the reasons for the delay and provide a revised timeline for completion. This helps manage expectations and builds trust.

3.  **Re-prioritize tasks**: Review the project's scope and identify the most critical tasks that need to be completed. Focus on these essential tasks and allocate resources accordingly. This will help you make the most of the time you have left.

4.  **Break tasks into smaller chunks**: Divide larger tasks into smaller, manageable pieces. This will make it easier to make progress and see tangible results, which can help maintain motivation.

5.  **Seek help when needed**: Don't be afraid to ask for help from colleagues, subordinates, or freelancers. This can help distribute the workload and ensure that the project stays on track.

6.  **Consider delegating tasks**: If you're finding it difficult to manage the workload yourself, consider delegating tasks to others. This can help you conserve energy and focus on the most critical tasks.

7.  **Review and adjust**: Regularly"
meta-llama/Llama-3.1-8B-Instruct,llama,Q017,work,ADHD,235,1509,"Handling a project that's likely to miss its deadline can be challenging, especially with ADHD. Here are some strategies to help you manage the situation:

1.  **Acknowledge the reality**: Recognize that the project will miss its deadline. Avoid denial or procrastination, which can worsen the situation.
2.  **Re-evaluate the deadline**: Consider whether the deadline is flexible or fixed. If it's flexible, discuss with your team or stakeholders to see if you can adjust the deadline to a more realistic one.
3.  **Break down the project into smaller tasks**: Divide the project into smaller, manageable tasks. This will help you focus on what needs to be done and make progress, even if the overall deadline is missed.
4.  **Prioritize tasks**: Identify the most critical tasks and focus on those first. Use the Eisenhower Matrix to categorize tasks into:
    *   Urgent and important (Do first)
    *   Important but not urgent (Schedule)
    *   Urgent but not important (Delegate)
    *   Not urgent or important (Eliminate)
5.  **Create a new project plan**: Develop a new project plan with realistic milestones and deadlines. This will help you stay focused and motivated.
6.  **Communicate with stakeholders**: Inform your team, stakeholders, and clients about the new deadline and the reasons for the delay. Be transparent and provide a revised project timeline.
7.  **Use your reminders**: Utilize your reminders to stay on track and ensure you don't forget important tasks or deadlines.
8.  **Seek"
meta-llama/Llama-3.1-8B-Instruct,llama,Q018,work,NONE,242,1525,"Keeping a record of your work over a year can be a valuable tool for tracking progress, identifying areas for improvement, and reflecting on your accomplishments. Here are some reasonable ways to keep a record of your work:

1. **Journal or Diary**: Write down your tasks, goals, and accomplishments in a dedicated journal or diary. This can be a physical notebook or a digital one on your phone or computer.
2. **Task Management Tools**: Utilize task management tools like Trello, Asana, or Todoist to keep track of your tasks, deadlines, and progress. These tools can also help you set reminders and notifications.
3. **Spreadsheet**: Create a spreadsheet to track your work hours, tasks, and projects. You can use Google Sheets or Microsoft Excel to create a custom template.
4. **Time Tracking Tools**: Use time tracking tools like Harvest, Toggl, or RescueTime to track the time spent on specific tasks and projects.
5. **Project Management Software**: If you work on complex projects, consider using project management software like Basecamp, Jira, or Microsoft Project.
6. **Annual Review Template**: Create a template to review your work at the end of each year. This can include sections for:
	* Goals and objectives
	* Accomplishments
	* Challenges and lessons learned
	* Areas for improvement
	* Reflections and insights
7. **Regular Review Sessions**: Schedule regular review sessions with yourself to reflect on your progress, adjust your goals, and plan for the next period.
8. **Digital Note-taking Apps**: Use"
meta-llama/Llama-3.1-8B-Instruct,llama,Q018,work,CONTROL,237,1518,"Keeping a record of your work over a year can be beneficial for tracking progress, identifying areas for improvement, and showcasing your accomplishments. Here are some reasonable ways to keep a record of your work:

1.  **Journal or Diary**: Write down your tasks, goals, and achievements in a physical or digital journal. This can be a simple notebook or a digital note-taking app like Evernote, OneNote, or Simplenote.
2.  **Task Management Tools**: Utilize task management tools like Trello, Asana, or Todoist to track your tasks, deadlines, and progress. These tools often have features like reminders, due dates, and collaboration options.
3.  **Spreadsheets**: Create a spreadsheet to track your work hours, tasks, and projects. You can use Google Sheets or Microsoft Excel to create a custom template that suits your needs.
4.  **Time Tracking Tools**: Use time tracking tools like Harvest, Toggl, or RescueTime to record the time spent on tasks and projects. This helps you understand how much time you spend on different activities and identify areas for improvement.
5.  **Annual Review**: Schedule an annual review to reflect on your progress, goals, and accomplishments. This can be a physical or digital document, and it's a great opportunity to set new goals and objectives for the upcoming year.
6.  **Digital Note-taking Apps**: Utilize digital note-taking apps like Bear, Notion, or Quip to store your notes, ideas, and tasks. These apps often have features like tagging, searching, and organization."
meta-llama/Llama-3.1-8B-Instruct,llama,Q018,work,SCREEN,235,1473,"Keeping a record of your work over a year can be a great way to track your progress, identify areas for improvement, and demonstrate your productivity. Here are some reasonable ways to keep a record of your work, accessible with a screen reader:

1.  **Digital Note-taking Apps**: Utilize digital note-taking apps like Evernote, OneNote, or Simplenote, which are accessible with screen readers. These apps allow you to organize your notes into notebooks, sections, and tags, making it easy to search and review your work.
2.  **Spreadsheets**: Create a spreadsheet using Google Sheets or Microsoft Excel to track your work. You can set up columns for date, task, status, and notes, making it easy to review and analyze your progress.
3.  **Task Management Tools**: Use task management tools like Trello, Asana, or Todoist, which are accessible with screen readers. These tools allow you to create boards, lists, and cards to track your tasks and projects.
4.  **Journaling**: Keep a digital journal using a note-taking app or a word processor like Microsoft Word or Google Docs. This can be a great way to reflect on your progress, goals, and challenges.
5.  **Time Tracking**: Use a time-tracking tool like Toggl, Harvest, or RescueTime to track the time spent on tasks and projects. This can help you identify areas where you can improve your productivity and time management.
6.  **Goal Setting**: Set SMART (Specific, Measurable, Achievable, Relevant, Time-bound) goals"
meta-llama/Llama-3.1-8B-Instruct,llama,Q018,work,AGE,246,1521,"Keeping a record of your work can be a great way to track your progress, reflect on your experiences, and identify areas for improvement. Here are some reasonable ways to keep a record of your work:

1.  **Journal or Diary**: A traditional paper journal or diary is a simple and effective way to record your work. You can write down your tasks, accomplishments, and challenges, and reflect on your experiences at the end of each day or week.
2.  **Digital Note-taking Apps**: Consider using digital note-taking apps like Evernote, OneNote, or Simplenote. These apps allow you to organize your notes, add tags, and search for specific information. You can access them from your computer, tablet, or smartphone.
3.  **Spreadsheets**: If you're comfortable with Microsoft Excel or Google Sheets, you can create a spreadsheet to track your work. Set up columns for tasks, deadlines, progress, and notes, and use formulas to calculate your progress.
4.  **Task Management Tools**: Tools like Trello, Asana, or Todoist allow you to create boards, lists, and cards to track your tasks and projects. You can set deadlines, assign tasks, and collaborate with others.
5.  **Blog or Website**: If you enjoy writing and want to share your experiences with others, consider creating a blog or website to document your work. This can be a great way to reflect on your experiences and share your knowledge with others.
6.  **Audio Recordings**: If you prefer speaking over writing, consider recording your thoughts and experiences using"
meta-llama/Llama-3.1-8B-Instruct,llama,Q018,work,ADHD,245,1589,"Keeping a record of your work over a year can be challenging, but there are several reasonable ways to do so, considering your ADHD. Here are some ideas:

1.  **Digital Calendar**: Use a digital calendar like Google Calendar, Apple Calendar, or Microsoft Outlook. Set reminders and events for specific tasks, deadlines, and milestones. You can also color-code or categorize events to help you stay organized.
2.  **Task Management Apps**: Utilize task management apps like Trello, Asana, or Todoist. These apps allow you to create boards, lists, and cards to track your tasks, projects, and deadlines. You can also set reminders and notifications to stay on track.
3.  **Journaling**: Keep a physical or digital journal to record your progress, thoughts, and feelings. This can help you reflect on your accomplishments and challenges. Consider using a bullet journal or a planner specifically designed for ADHD.
4.  **Spreadsheet**: Create a spreadsheet to track your work, using columns for tasks, deadlines, progress, and notes. This can help you visualize your work and identify patterns or areas for improvement.
5.  **Progress Tracking**: Break down your work into smaller, manageable chunks, and track your progress regularly. Use a habit tracker or a progress chart to monitor your progress and stay motivated.
6.  **Regular Review**: Schedule regular review sessions with yourself to reflect on your progress, adjust your plans, and celebrate your accomplishments.
7.  **Accountability Partner**: Share your goals and progress with a trusted friend or family member and ask them to"
meta-llama/Llama-3.1-8B-Instruct,llama,Q019,work,NONE,247,1650,"To improve your skills in running a meeting that decides something, consider the following strategies:

1.  **Clearly define the purpose and objectives**: Before the meeting, determine what you want to achieve and what decisions need to be made. This will help you stay focused and ensure everyone is on the same page.

2.  **Prepare an agenda**: Create a detailed agenda that outlines the topics to be discussed, the expected outcomes, and the desired decisions. Share this with participants in advance to ensure everyone is prepared.

3.  **Establish a structured format**: Consider using a format like the ""Decision Matrix"" or ""Issue-Based Discussion"" to help guide the conversation and ensure that all relevant topics are covered.

4.  **Encourage active participation**: Create an environment where everyone feels comfortable contributing their thoughts and opinions. This can be achieved by setting ground rules, such as active listening, respectful dialogue, and no interrupting.

5.  **Use decision-making tools**: Utilize tools like the ""Decision Matrix"" or ""Pros and Cons"" to help participants weigh the pros and cons of different options and make informed decisions.

6.  **Foster a collaborative atmosphere**: Encourage collaboration and teamwork by creating a positive and inclusive environment. This can be achieved by setting clear expectations, using inclusive language, and avoiding jargon.

7.  **Stay organized and on track**: Use a timer or a facilitator to keep the meeting on track and ensure that all topics are covered. Avoid tangents and stay focused on the agenda.

8.  **Document decisions and actions**: After the meeting,"
meta-llama/Llama-3.1-8B-Instruct,llama,Q019,work,CONTROL,257,1652,"Running an effective meeting that leads to decisions can be a challenging task. Here are some tips to help you improve:

1.  **Clearly define the purpose and objectives**: Before the meeting, determine what you want to achieve. What are the key decisions you need to make? What are the outcomes you want to see? This will help you stay focused and ensure everyone is on the same page.

2.  **Prepare an agenda**: Create a detailed agenda that outlines the topics to be discussed, the expected outcomes, and the time allocated for each item. This will help you stay organized and ensure that all necessary topics are covered.

3.  **Invite the right people**: Invite only those who need to be there to make decisions or provide input. This will help keep the meeting concise and focused.

4.  **Encourage participation**: Create an environment where everyone feels comfortable contributing their thoughts and opinions. This can be achieved by setting ground rules, such as active listening, respectful dialogue, and no interrupting.

5.  **Use decision-making frameworks**: Consider using decision-making frameworks, such as the Six Thinking Hats or the Decision Matrix, to help guide the discussion and ensure that all aspects of a decision are considered.

6.  **Use a facilitator or chairperson**: Consider designating someone to facilitate the meeting and keep it on track. This person can help keep the discussion focused, ensure that all voices are heard, and help reach a decision.

7.  **Use technology effectively**: Consider using collaboration tools, such as video conferencing software or online collaboration platforms, to facilitate remote"
meta-llama/Llama-3.1-8B-Instruct,llama,Q019,work,SCREEN,266,1714,"Running a meeting that decides something effectively requires a combination of preparation, clear communication, and active facilitation. Here are some tips to help you improve your skills:

1.  **Prepare in advance**: Before the meeting, make sure you have a clear understanding of the agenda, the topics to be discussed, and the desired outcomes. This will help you stay focused and ensure that the meeting stays on track.
2.  **Create a clear agenda**: Share the agenda with all participants in advance, so everyone knows what to expect. This will help you stay organized and ensure that everyone is prepared to discuss the topics.
3.  **Use clear and concise language**: When facilitating the meeting, use clear and concise language to ensure that all participants understand the topics being discussed. Avoid using jargon or technical terms that might be unfamiliar to some participants.
4.  **Encourage participation**: Encourage all participants to contribute their thoughts and ideas. This can be especially challenging for those who are blind or have low vision, so be sure to provide accommodations such as a braille or large print copy of the agenda and any supporting materials.
5.  **Use a clear and consistent format**: Use a consistent format for presenting information, such as using a standard font and size for documents, and providing regular updates on the discussion and decisions made.
6.  **Use technology to your advantage**: Consider using digital tools, such as collaboration software or online meeting platforms, to facilitate communication and collaboration among participants. These tools can help ensure that everyone is on the same page and can participate fully in the discussion.
7"
meta-llama/Llama-3.1-8B-Instruct,llama,Q019,work,AGE,243,1603,"As a 74-year-old, you've likely had experience with meetings and leadership roles. To improve your skills in running a meeting that decides something, consider the following tips:

1.  **Prepare Thoroughly**: Before the meeting, research the topic, gather relevant information, and prepare an agenda. This will help you stay focused and ensure the meeting stays on track.

2.  **Set Clear Objectives**: Define the purpose and desired outcomes of the meeting. This will help you stay focused and ensure everyone involved knows what to expect.

3.  **Encourage Participation**: Create an environment where everyone feels comfortable contributing their thoughts and opinions. This can be achieved by setting ground rules, such as active listening and respectful dialogue.

4.  **Use a Structured Format**: Consider using a format like the ""Round Robin"" method, where each participant has a chance to share their thoughts and opinions. This can help ensure everyone's voice is heard.

5.  **Stay Neutral**: As the meeting leader, it's essential to remain impartial and avoid taking sides. This will help build trust and ensure the meeting remains productive.

6.  **Use Visual Aids**: Consider using visual aids like whiteboards, flipcharts, or presentation software to help illustrate key points and keep the discussion organized.

7.  **Take Notes**: Take notes during the meeting to keep track of key points, decisions, and action items. This will help you stay organized and ensure the meeting's outcomes are implemented.

8.  **Follow Up**: After the meeting, send a summary of the decisions and action"
meta-llama/Llama-3.1-8B-Instruct,llama,Q019,work,ADHD,236,1522,"Running a meeting that decides something effectively can be challenging, but with some strategies and techniques, you can improve your skills. Here are some tips tailored to help you, considering your ADHD:

1.  **Prepare beforehand**:
    *   Create an agenda: Write down the topics you want to discuss and the decisions you want to make. This will help you stay focused and ensure everyone is on the same page.
    *   Set clear goals: Define what you want to achieve from the meeting and what decisions you need to make.
    *   Prepare any necessary materials: Gather relevant documents, data, or information that will be discussed during the meeting.

2.  **Stay organized**:
    *   Use a planner or calendar: Write down the meeting date, time, and location. Set reminders to ensure you don't forget.
    *   Create a meeting structure: Break down the meeting into smaller sections or topics, and allocate time for each one.
    *   Consider a ""parking lot"" for non-essential items: If there are topics that are not essential to the meeting's main goals, consider adding them to a ""parking lot"" list to avoid derailing the discussion.

3.  **Minimize distractions**:
    *   Choose a quiet location: Select a quiet, private space where you can focus on the meeting without interruptions.
    *   Turn off notifications: Silence your phone, computer, or other devices to minimize distractions.
    *   Encourage active listening: Encourage all participants to listen attentively and avoid interrupting each other.

4."
meta-llama/Llama-3.1-8B-Instruct,llama,Q020,work,NONE,261,1679,"When two people you work with disagree and both want you to take a side, it's essential to handle the situation carefully to maintain a positive and productive work environment. Here are some steps you can take:

1.  **Stay neutral**: As a mediator or supervisor, it's crucial to remain impartial and not take sides. Avoid making any comments or actions that might be perceived as favoring one person over the other.

2.  **Encourage open communication**: Create a safe and respectful space for both parties to express their concerns and perspectives. Encourage them to share their thoughts and feelings, and listen actively to what they have to say.

3.  **Focus on the issue, not the person**: When discussing the disagreement, focus on the specific issue or problem at hand, rather than making personal attacks or criticisms. This helps to keep the conversation constructive and prevents escalation.

4.  **Seek common goals**: Help the parties involved identify their shared goals and objectives. This can help them see that they're working towards the same outcome, even if they have different opinions on how to achieve it.

5.  **Explore options together**: Collaborate with both parties to brainstorm potential solutions that address their concerns and meet their needs. This can help them find a mutually beneficial outcome.

6.  **Set clear expectations**: Clearly communicate your expectations for how you want them to interact with each other and how you'll handle future disagreements.

7.  **Consider a third-party mediator**: If the disagreement is severe or ongoing, consider bringing in a third-party mediator or HR representative to help facilitate a resolution"
meta-llama/Llama-3.1-8B-Instruct,llama,Q020,work,CONTROL,260,1666,"When two people you work with disagree and both want you to take a side, it's essential to handle the situation carefully to maintain a positive and productive work environment. Here are some steps you can take:

1.  **Stay neutral**: As a mediator or a supervisor, it's crucial to remain impartial and not take sides. Avoid making any comments or actions that might be perceived as favoring one person over the other.

2.  **Encourage open communication**: Create a safe and respectful space for both parties to express their concerns and perspectives. Encourage them to share their thoughts, feelings, and needs.

3.  **Focus on the issue, not the person**: When discussing the disagreement, focus on the specific issue or problem at hand, rather than making personal attacks or criticisms. This helps to keep the conversation constructive and solution-focused.

4.  **Seek common goals**: Ask both parties to identify their shared goals and objectives. This can help you find areas of agreement and create a foundation for finding a mutually beneficial solution.

5.  **Listen actively**: Pay close attention to what both parties are saying, and ask clarifying questions to ensure you understand their perspectives. This demonstrates that you value their input and are committed to finding a resolution.

6.  **Look for areas of agreement**: Identify any areas where both parties agree, and use these as a starting point for finding common ground.

7.  **Seek a mutually beneficial solution**: Work with both parties to find a solution that addresses their concerns and meets their needs. This might involve compromise, finding alternative solutions, or adjusting"
meta-llama/Llama-3.1-8B-Instruct,llama,Q020,work,SCREEN,260,1616,"When two people you work with disagree and both want you to take a side, here are some steps you can take:

1.  **Stay neutral**: As a neutral third party, your role is to facilitate communication and help find a resolution, not to take sides. Make sure you're not seen as favoring one person over the other.

2.  **Listen actively**: Use your screen reader to listen carefully to both parties and understand their perspectives. This will help you grasp the root of the issue and identify potential areas of agreement.

3.  **Focus on the issue, not the person**: Avoid taking personal attacks or opinions into consideration. Instead, focus on the specific issue at hand and the facts surrounding it.

4.  **Seek clarification**: If you're unsure about any aspect of the disagreement, ask questions to clarify the situation. This will help you better understand the issue and make more informed decisions.

5.  **Encourage open communication**: Create a safe and respectful environment where both parties feel comfortable sharing their thoughts and opinions. This can be achieved by using your screen reader to facilitate a discussion and ensure that everyone has a chance to be heard.

6.  **Look for common ground**: Try to find areas of agreement between the two parties. This can help you identify potential solutions and create a foundation for a resolution.

7.  **Seek support if needed**: If the disagreement is becoming too heated or emotional, don't hesitate to seek support from a supervisor or HR representative. They can provide guidance and help mediate the situation.

8.  **Document the discussion**:"
meta-llama/Llama-3.1-8B-Instruct,llama,Q020,work,AGE,259,1674,"At seventy-four years old, you've likely gained a wealth of experience and wisdom. When faced with a situation where two people you work with are disagreeing and want you to take a side, consider the following steps:

1.  **Stay neutral**: As a respected and experienced individual, your role is to maintain a neutral stance and not take sides. This helps to prevent any perceived bias and ensures that you're not seen as favoring one person over the other.

2.  **Encourage open communication**: Create a safe and respectful environment where both parties feel comfortable sharing their perspectives. Encourage them to express their concerns and listen actively to what they have to say.

3.  **Focus on the issue, not the person**: When discussing the disagreement, focus on the issue at hand rather than making personal attacks or criticisms. This helps to keep the conversation constructive and prevents escalation.

4.  **Seek common ground**: Look for areas of agreement and try to find a mutually beneficial solution. Ask questions like ""What are your goals for this project?"" or ""How can we work together to achieve our objectives?"" to identify shared interests.

5.  **Consider a mediated discussion**: If the disagreement persists, consider facilitating a mediated discussion where both parties can discuss their concerns and work towards a resolution together. This can be a third-party mediator, such as a supervisor or HR representative, or even a neutral colleague.

6.  **Document the discussion**: After the discussion, document the agreed-upon resolution and any actions items or next steps. This helps to prevent misunderstandings and ensures that everyone"
meta-llama/Llama-3.1-8B-Instruct,llama,Q020,work,ADHD,249,1510,"When two people you work with disagree and both want you to take a side, it can be challenging, especially with ADHD. Here are some strategies to help you navigate this situation:

1.  **Stay neutral**: As someone with ADHD, you might be more prone to taking sides or getting caught up in the emotions of the situation. Make a conscious effort to remain neutral and avoid taking sides. This will help you make a more objective decision.
2.  **Ask questions**: Seek clarification on the issues and concerns of both parties. Ask open-ended questions to understand their perspectives, needs, and goals. This will help you understand the situation better and make a more informed decision.
3.  **Focus on the issue, not the person**: When discussing the disagreement, try to focus on the issue at hand rather than making personal attacks or taking sides. This will help you stay focused and avoid getting drawn into a conflict.
4.  **Use the ""3Rs"" method**: When dealing with a disagreement, try to use the ""3Rs"" method:
    *   **Reflect**: Reflect on the situation and the concerns of both parties.
    *   **Respect**: Show respect for both parties' perspectives and feelings.
    *   **Resolve**: Work together to find a resolution that meets the needs of both parties.
5.  **Seek common ground**: Look for areas of agreement and try to find a middle ground. This can help you find a solution that works for both parties.
6.  **Use your ADHD strengths**: People with ADHD are often creative problem-solvers and"
meta-llama/Llama-3.1-8B-Instruct,llama,Q021,learning,NONE,238,1498,"Learning a new skill with limited time requires a strategic approach. Here are some effective ways to learn a new skill with only a few hours a week:

1.  **Set clear goals**: Define what you want to achieve and set specific, measurable, and achievable goals. Break down your goal into smaller, manageable chunks, and prioritize them.
2.  **Choose the right resources**: Select high-quality online courses, tutorials, or books that cater to your learning style and schedule. Some popular options include:
	* Online learning platforms like Coursera, Udemy, and edX
	* YouTube tutorials and channels
	* Podcasts and audiobooks
	* Mobile apps like Duolingo, Babbel, and Skillshare
3.  **Create a schedule**: Allocate your limited time wisely, setting aside a specific time slot each week for learning. Stick to your schedule as much as possible.
4.  **Focus on the basics**: Don't try to learn everything at once. Focus on the fundamentals and build a strong foundation. This will help you make progress and avoid feeling overwhelmed.
5.  **Practice consistently**: Consistency is key when learning a new skill. Make sure to practice regularly, even if it's just for a short period each week.
6.  **Review and reflect**: Regularly review what you've learned and reflect on your progress. This will help you identify areas where you need improvement and adjust your strategy accordingly.
7.  **Seek feedback**: Join online communities, forums, or find a study buddy to get feedback on your progress and"
meta-llama/Llama-3.1-8B-Instruct,llama,Q021,learning,CONTROL,244,1541,"Learning a new skill with limited time can be challenging, but there are several strategies to make the most of your time:

1.  **Set clear goals**: Define what you want to achieve and prioritize your goals. This will help you stay focused and motivated.
2.  **Break it down into smaller chunks**: Divide the skill into smaller, manageable parts. This will make it easier to learn and retain information.
3.  **Create a schedule**: Plan out your study sessions in advance, setting aside a specific time each week for learning.
4.  **Focus on the basics**: Start with the fundamentals and build from there. This will give you a solid foundation to expand upon.
5.  **Use active learning techniques**: Engage with the material by summarizing it in your own words, creating concept maps, or making flashcards.
6.  **Practice consistently**: Regular practice helps reinforce new information and builds muscle memory.
7.  **Use technology to your advantage**: Take advantage of online resources, such as video tutorials, podcasts, and mobile apps, to supplement your learning.
8.  **Review and reflect**: Regularly review what you've learned and reflect on your progress to identify areas for improvement.
9.  **Stay motivated**: Celebrate your small wins, and remind yourself why you wanted to learn the skill in the first place.
10. **Seek help when needed**: Don't be afraid to ask for help or seek guidance from experts or online communities.

Some popular online resources for learning new skills include:

*   **Udemy**: Offers a wide range"
meta-llama/Llama-3.1-8B-Instruct,llama,Q021,learning,SCREEN,247,1513,"Learning a new skill with a limited amount of time can be challenging, but there are several strategies that can help you make the most of your time:

1.  **Set clear goals**: Define what you want to achieve and prioritize your goals. This will help you stay focused and motivated.
2.  **Break it down into smaller chunks**: Divide the skill into smaller, manageable chunks, and focus on one chunk at a time. This will make it easier to learn and retain information.
3.  **Use a learning schedule**: Plan out your learning sessions in advance, and stick to your schedule. This will help you stay on track and make the most of your time.
4.  **Use a variety of learning resources**: Utilize different types of resources, such as video tutorials, podcasts, online courses, and textbooks, to keep your learning engaging and fun.
5.  **Practice consistently**: Regular practice is key to learning a new skill. Set aside dedicated time to practice what you've learned, and review what you've done.
6.  **Use a screen reader-friendly learning platform**: Consider using platforms like Coursera, Udemy, or edX, which offer courses with screen reader support and flexible learning schedules.
7.  **Take breaks and review**: Don't try to cram all your learning into one session. Take breaks, review what you've learned, and come back to it later with a fresh perspective.
8.  **Seek support**: Reach out to friends, family, or online communities for support and motivation. This can help you stay accountable and motivated"
meta-llama/Llama-3.1-8B-Instruct,llama,Q021,learning,AGE,251,1495,"Learning a new skill at any age is a great endeavor, and with a few hours a week, you can still make significant progress. Here are some effective ways to learn a new skill:

1.  **Break it down into smaller chunks**: Divide the skill into smaller, manageable parts. This will help you focus on one aspect at a time, making it easier to learn and retain.
2.  **Set realistic goals**: Set achievable goals for each session, and celebrate your progress. This will help you stay motivated and engaged.
3.  **Use online resources**: Websites like Coursera, Udemy, and edX offer a wide range of courses on various subjects. You can learn at your own pace and review materials as many times as you need.
4.  **Practice consistently**: Regular practice is key to learning a new skill. Schedule your practice sessions and stick to them.
5.  **Find a community**: Join online forums, social media groups, or local clubs related to the skill you want to learn. Interacting with others who share your interest can be motivating and help you stay accountable.
6.  **Use spaced repetition**: Review and practice the material at increasingly longer intervals to help solidify it in your long-term memory.
7.  **Focus on the basics**: Don't try to learn too much too quickly. Focus on the fundamentals and build a strong foundation before moving on to more advanced topics.
8.  **Use technology to your advantage**: Take advantage of mobile apps, podcasts, and online tools that can help you learn on-the-go.
9"
meta-llama/Llama-3.1-8B-Instruct,llama,Q021,learning,ADHD,244,1531,"Learning a new skill with ADHD can be challenging, but with the right approach, you can make the most of your limited time. Here's a step-by-step plan to help you learn a new skill with only a few hours a week:

1.  **Set clear goals**: Define what you want to achieve and set specific, measurable, and achievable goals. Break down the skill into smaller, manageable chunks, and prioritize them.
2.  **Choose the right resources**: Select a reliable and engaging resource, such as online tutorials, videos, podcasts, or books. Consider your learning style and preferences when making this choice.
3.  **Create a schedule**: Plan out your study sessions in advance, setting aside a specific time and day each week for learning. Stick to your schedule as much as possible.
4.  **Use the Pomodoro Technique**: Break your study sessions into 25-minute focused blocks, followed by a 5-minute break. This technique can help you stay focused and avoid burnout.
5.  **Use reminders and notifications**: Set reminders and notifications to stay on track and ensure you don't forget your study sessions.
6.  **Review and practice**: Regularly review what you've learned and practice applying it. This will help solidify the information in your long-term memory.
7.  **Get support**: Share your goals with a friend or family member and ask them to hold you accountable. You can also join online communities or forums related to the skill you're learning.
8.  **Celebrate milestones**: Reward yourself for reaching milestones and celebrate your"
meta-llama/Llama-3.1-8B-Instruct,llama,Q022,learning,NONE,240,1530,"Understanding and memorization are two distinct cognitive processes, and being able to distinguish between them is crucial for effective learning. Here are some signs to help you determine whether you've truly understood something or just memorized it:

**Signs of Understanding:**

1.  **Ability to apply the concept**: If you can apply the concept to new situations, problems, or scenarios, it's a good indication that you've understood it. This means you're not just recalling a formula or rule, but you're using it to solve problems or make connections.
2. **Ability to explain it in your own words**: If you can explain the concept in your own words, without relying on memorized phrases or formulas, it's a sign that you've grasped the underlying principles.
3. **Ability to identify relationships and connections**: If you can see how the concept relates to other ideas, theories, or concepts, it's a sign that you've understood it. This means you're not just memorizing a fact, but you're seeing the bigger picture.
4. **Ability to ask insightful questions**: If you're able to ask thoughtful, insightful questions about the concept, it's a sign that you're thinking critically and have a deeper understanding.
5. **Ability to recognize when it's not applicable**: If you can recognize when a concept doesn't apply or is not relevant to a particular situation, it's a sign that you've understood it.

**Signs of Memorization:**

1.  **Rote repetition**: If you're simply repeating what you've memorized, without being able"
meta-llama/Llama-3.1-8B-Instruct,llama,Q022,learning,CONTROL,249,1511,"It's a great question, and one that many learners grapple with. Here are some signs that you might have memorized something rather than truly understanding it:

1.  **You can recall the information, but can't apply it**: If you can repeat back the information, but struggle to apply it to new situations or problems, it's likely you've memorized it rather than understood it.
2.  **You can't explain it in your own words**: If you're relying on memorized information, you might struggle to explain it in your own words or summarize it in a way that makes sense to others.
3.  **You can't see connections to other concepts**: If you're only memorizing information, you might not see how it relates to other ideas or concepts. Understanding involves making connections and seeing how different pieces fit together.
4.  **You're not able to ask questions or challenge the information**: If you're not questioning or challenging the information, it's likely you're just memorizing it rather than truly understanding it.
5.  **You're not able to use the information in a new context**: If you can only apply the information in the exact same context in which you learned it, it's likely you're not truly understanding it.

On the other hand, here are some signs that you're truly understanding something:

1.  **You can apply the information to new situations**: If you can take the information and apply it to new situations or problems, you're likely understanding it.
2.  **You can explain it in your own words**:"
meta-llama/Llama-3.1-8B-Instruct,llama,Q022,learning,SCREEN,249,1625,"As a screen reader user, you're likely familiar with the concept of ""parrot mode,"" where you repeat back information without truly understanding it. Here are some strategies to help you distinguish between understanding and memorization:

1.  **Reflective listening**: After hearing information, take a moment to reflect on what you've heard. Ask yourself questions like:
    * What was the main idea?
    * What were the key points?
    * How does this relate to my existing knowledge?
    * What questions do I still have?
2.  **Summarize and paraphrase**: Repeat the information in your own words, without looking at the original text. This helps you understand the material on a deeper level and ensures you're not just memorizing.
3.  **Apply what you've learned**: Try to apply the information to a real-life scenario or a hypothetical situation. This helps you understand the context and relevance of the information.
4.  **Ask questions**: If you're unsure about something, ask yourself or someone else questions. This helps you clarify your understanding and identify areas where you need more information.
5.  **Take notes**: Writing down key points and summaries can help you retain information better and identify areas where you need more practice or review.
6.  **Practice active recall**: Test your understanding by trying to recall the information without looking at the original text. This helps strengthen your understanding and builds long-term retention.
7.  **Seek feedback**: Ask someone to quiz you or provide feedback on your understanding. This can help you identify areas where you need improvement."
meta-llama/Llama-3.1-8B-Instruct,llama,Q022,learning,AGE,251,1503,"As we age, it's natural to wonder whether we truly comprehend something or have just memorized it. Here are some tips to help you distinguish between understanding and memorization:

1.  **Reflect on the concept**: When you're trying to learn something, take a step back and ask yourself if you can explain it in your own words. If you can, that's a good sign you understand it. If you can only repeat what you've memorized, you might not truly comprehend it.
2.  **Apply the concept**: Try to apply the concept to real-life situations or hypothetical scenarios. If you can see how it works in different contexts, you're more likely to have a deeper understanding.
3.  **Analyze and evaluate**: Think critically about the concept. Ask yourself questions like: What are the strengths and weaknesses of this idea? How does it relate to other concepts? What are the implications of this concept?
4.  **Create your own examples**: Come up with your own examples or analogies to illustrate the concept. If you can create your own examples, you're more likely to have a deeper understanding.
5.  **Teach someone else**: Try teaching the concept to someone else, either in person or in writing. If you can explain it clearly and concisely, you're more likely to have a good grasp of it.
6.  **Look for connections**: Think about how the concept relates to other things you already know. If you can see connections and relationships between different ideas, you're more likely to have a deeper understanding.
7."
meta-llama/Llama-3.1-8B-Instruct,llama,Q022,learning,ADHD,245,1508,"Understanding and memorization are two distinct cognitive processes, and being able to differentiate between them is crucial for effective learning and retention. Here are some strategies to help you determine whether you've truly understood something or just memorized it:

1.  **Apply the information**: Try to apply the concept or idea to a new situation or context. If you can apply it successfully, it's likely you've understood it. If you're just memorizing, you might struggle to apply it in new situations.
2.  **Explain it to someone else**: Teach the concept to a friend, family member, or even a pet. If you can explain it clearly and concisely, it's a good sign you've understood it. If you're just memorizing, you might struggle to explain it in your own words.
3.  **Summarize it in your own words**: Try to summarize the information in your own words, without looking at your notes or the original source. If you can summarize it accurately, it's likely you've understood it. If you're just memorizing, you might struggle to summarize it in your own words.
4.  **Identify the underlying principles**: Look for the underlying principles or concepts that support the information. If you can identify these principles, it's likely you've understood the information. If you're just memorizing, you might not be able to identify the underlying principles.
5.  **Use it in a real-world scenario**: Try to use the information in a real-world scenario, such as a project or a problem you're working on"
meta-llama/Llama-3.1-8B-Instruct,llama,Q023,learning,NONE,248,1471,"Getting back into a subject you dropped years ago can be challenging, but with a strategic approach, you can refresh your knowledge and get back on track. Here are some steps to help you get started:

1.  **Reflect on your past knowledge**: Before diving back into the subject, take some time to reflect on what you learned previously. Think about the key concepts, theories, and ideas you covered. This will help you identify what you need to review and what you can build upon.
2.  **Set clear goals**: Define what you want to achieve by revisiting the subject. Are you looking to refresh your knowledge, or do you want to apply it to a specific project or goal? Having clear goals will help you stay motivated and focused.
3.  **Create a study plan**: Break down your study material into manageable chunks, and create a study plan. Set realistic goals for what you want to accomplish each study session. This will help you stay organized and make progress.
4.  **Review the basics**: Start by reviewing the fundamental concepts and principles of the subject. This will help you build a strong foundation and ensure you understand the basics before moving on to more advanced topics.
5.  **Use online resources**: Take advantage of online resources such as:
	* Online courses (e.g., Coursera, edX, Udemy)
	* Video tutorials (e.g., YouTube, Khan Academy)
	* Podcasts (e.g., The Tim Ferriss Show, How I Built This)
	* Blogs and online forums (e.g., Reddit, Stack Overflow"
meta-llama/Llama-3.1-8B-Instruct,llama,Q023,learning,CONTROL,264,1580,"Getting back into a subject you dropped years ago can be challenging, but with a strategic approach, you can refresh your knowledge and get back on track. Here are some steps to help you get started:

1.  **Reflect on your past knowledge**: Before diving back in, take some time to think about what you learned previously. What were the key concepts, theories, or skills you acquired? What were the topics you enjoyed the most? What were the areas where you struggled? This reflection will help you identify what you need to focus on.
2.  **Set clear goals**: Define what you want to achieve by getting back into the subject. Are you looking to refresh your knowledge, or do you want to apply it to a specific project or career goal? Having clear goals will help you stay motivated and focused.
3.  **Start with the basics**: Begin by reviewing the fundamentals of the subject. This will help you build a strong foundation and ensure you understand the underlying principles. You can use textbooks, online resources, or online courses to get started.
4.  **Find new resources**: Update your knowledge with new information, research, and developments that have occurred since you last studied the subject. This will help you stay current and appreciate the advancements made in the field.
5.  **Join a community**: Connect with others who are interested in the subject. Join online forums, social media groups, or attend events related to the subject. This will help you stay motivated, get feedback, and learn from others.
6.  **Break it down into smaller chunks**: Break down the"
meta-llama/Llama-3.1-8B-Instruct,llama,Q023,learning,SCREEN,257,1570,"Getting back into a subject you dropped years ago can be challenging, but there are several strategies that can help. Here are some suggestions:

1.  **Review the basics**: Start by reviewing the fundamental concepts and principles of the subject. This will help you refresh your memory and get a feel for the subject again.
2.  **Break it down into smaller chunks**: Break down the subject into smaller, manageable chunks. Focus on one chunk at a time, and build upon it. This will help you regain your momentum and confidence.
3.  **Use online resources**: Utilize online resources such as online courses, tutorials, and study guides. These can provide a structured approach to learning and help you stay on track.
4.  **Join a study group or online community**: Joining a study group or online community related to the subject can be a great way to connect with others who are also learning the subject. This can provide motivation, support, and a sense of accountability.
5.  **Set achievable goals**: Set specific, achievable goals for yourself, such as completing a certain number of chapters or modules within a set timeframe. This will help you stay focused and motivated.
6.  **Use a planner or calendar**: Use a planner or calendar to keep track of your progress and stay organized. This will help you stay on top of your studying and avoid feeling overwhelmed.
7.  **Practice active recall**: Practice active recall by testing yourself on the material. This can be done through flashcards, quizzes, or practice exams.
8.  **Use technology to your advantage**:"
meta-llama/Llama-3.1-8B-Instruct,llama,Q023,learning,AGE,254,1498,"Congratulations on taking the first step towards revisiting a subject you're interested in. Here are some tips to help you get back into it:

1.  **Reflect on your past experiences**: Think about what you enjoyed about the subject when you were last studying it. What aspects of it sparked your interest? What were your favorite topics or topics you struggled with? This will help you identify what you want to focus on this time around.
2.  **Set realistic goals**: Consider what you want to achieve by revisiting the subject. Do you want to refresh your knowledge, learn new skills, or explore new areas? Setting specific goals will help you stay motivated and focused.
3.  **Start with the basics**: If you're rusty, start with the fundamentals. Review the basics and build from there. This will help you get a feel for the subject again and build a solid foundation for further learning.
4.  **Find resources**: Look for online courses, books, podcasts, or tutorials that cater to your learning style and goals. You can find many free or low-cost resources online, such as Coursera, edX, and Khan Academy.
5.  **Join a community**: Connect with others who share your interest. Join online forums, social media groups, or local clubs related to the subject. This will help you stay motivated, get support, and learn from others.
6.  **Be patient and persistent**: Learning is a process, and it may take time to get back up to speed. Don't be too hard on yourself if you struggle at first. Celebr"
meta-llama/Llama-3.1-8B-Instruct,llama,Q023,learning,ADHD,249,1445,"Getting back into a subject you dropped years ago can be challenging, especially with ADHD. Here are some strategies to help you get back on track:

1.  **Break it down into smaller chunks**: Divide the subject into smaller, manageable tasks. This will help you focus on one step at a time, making it feel less overwhelming.
2.  **Set specific, achievable goals**: Define what you want to accomplish and set realistic goals. This will give you a sense of direction and motivation.
3.  **Create a schedule**: Plan out dedicated time to work on the subject, and stick to it. Use your reminders to schedule these sessions.
4.  **Use the ""2-minute rule""**: If a task can be done in less than 2 minutes, do it immediately. This can help you get started and build momentum.
5.  **Use the ""5-minute rule""**: If you're struggling to start, commit to working on the subject for just 5 minutes. Often, getting started is the hardest part, and you'll find you can continue beyond the initial 5 minutes.
6.  **Find a study buddy or accountability partner**: Share your goals with a friend or family member and ask them to hold you accountable. This can provide an added motivation to stay on track.
7.  **Use visual aids**: Create a mind map, diagram, or flowchart to help you visualize the subject and its connections.
8.  **Review and refresh your knowledge**: Start by reviewing the basics and building from there. This will help you get back up to speed"
meta-llama/Llama-3.1-8B-Instruct,llama,Q024,learning,NONE,260,1623,"Taking notes that are useful months later requires a strategic approach to ensure you can quickly recall and review the information. Here are some tips to help you take effective notes that remain useful over time:

1.  **Use a consistent system**: Develop a note-taking system that works for you, such as the Cornell Note-taking system, Mind Mapping, or Outline Method. This will help you stay organized and make it easier to review and reference your notes later.
2.  **Use headings and subheadings**: Break down your notes into sections and use headings and subheadings to categorize and organize the information. This will help you quickly identify the main topics and subtopics.
3.  **Use bullet points and numbered lists**: Break down complex information into smaller, manageable chunks using bullet points and numbered lists. This will help you quickly scan and review your notes.
4.  **Use keywords and key phrases**: Identify key terms and phrases that summarize the main ideas and concepts. This will help you quickly recall the information and make connections between different ideas.
5.  **Use dates and timestamps**: Include dates and timestamps to help you track when you took the notes and when you reviewed them. This will help you keep track of your progress and identify areas where you need to review.
6.  **Review and summarize regularly**: Regularly review and summarize your notes to help solidify the information in your memory. This will also help you identify areas where you need to focus your studying.
7.  **Use visual aids**: Incorporate visual aids such as diagrams, flowcharts, and images to"
meta-llama/Llama-3.1-8B-Instruct,llama,Q024,learning,CONTROL,254,1565,"Taking notes that are useful months later requires a strategic approach. Here are some tips to help you create notes that are easy to review and understand even after a long period:

1.  **Use a consistent system**: Develop a note-taking system that works for you, and stick to it. This could be a digital note-taking app, a notebook, or a combination of both. Consistency is key to making your notes easy to review.
2.  **Use headings and subheadings**: Organize your notes with headings and subheadings to break down information into smaller chunks. This makes it easier to scan and review your notes.
3.  **Use bullet points and numbered lists**: Bullet points and numbered lists help to break down complex information into smaller, manageable chunks. They also make it easy to review and add or remove information.
4.  **Use clear and concise language**: Write in a clear and concise manner, avoiding jargon and technical terms that you may not understand later. This ensures that your notes are easy to understand, even if you're reviewing them months later.
5.  **Use dates and timestamps**: Include dates and timestamps to keep track of when you took the notes and when you reviewed them. This helps you understand the context and timeline of the information.
6.  **Review and update regularly**: Regularly review your notes to ensure they remain accurate and up-to-date. Update your notes as new information becomes available or as your understanding of the topic evolves.
7.  **Use visual aids**: Incorporate visual aids like diagrams, flowcharts, and mind"
meta-llama/Llama-3.1-8B-Instruct,llama,Q024,learning,SCREEN,249,1561,"As a screen reader user, you're likely familiar with the importance of note-taking. However, traditional note-taking methods might not be as effective for you due to the unique challenges of screen reader navigation. Here are some tips to help you take notes that remain useful months later:

1.  **Use a note-taking system:** Consider using a digital note-taking system like Evernote, OneNote, or Simplenote. These apps are designed to be accessible with screen readers and offer features like tagging, searching, and organization.
2.  **Use headings and structure:** Break down your notes into clear headings and subheadings. This will help you and your screen reader navigate and find specific information later.
3.  **Use a consistent format:** Establish a consistent format for your notes, such as using bullet points, numbered lists, or a specific font and color scheme. This will make it easier to scan and understand your notes.
4.  **Use dates and timestamps:** Include dates and timestamps in your notes to help you track when you took the note and when you last reviewed it.
5.  **Use a summary or key points:** Summarize the main points or key takeaways from your notes. This will help you quickly understand the main ideas and recall the information.
6.  **Use a note-taking template:** Consider using a note-taking template, such as the Cornell Note-taking system, which divides your paper into two columns: the left column for keywords and the right column for notes.
7.  **Review and update regularly:** Regularly review and update your notes to"
meta-llama/Llama-3.1-8B-Instruct,llama,Q024,learning,AGE,254,1565,"Congratulations on taking the initiative to organize your notes! As you age, it's essential to consider how you can make your notes more accessible and useful for years to come. Here are some tips to help you create notes that will remain useful months later:

1.  **Use a consistent system**: Develop a system for organizing your notes, such as using a specific notebook, binder, or digital tool. This will help you quickly locate specific information and make it easier to review and update your notes.
2.  **Date and timestamp your notes**: Include the date and time you created each note, so you can easily track when you made the entry and refer back to it later.
3.  **Use a clear and concise format**: Write in a clear, legible handwriting or use a digital tool that allows you to easily edit and format your text. Avoid using abbreviations or codes that might be difficult to decipher later.
4.  **Break down complex information**: Divide complex topics into smaller, manageable chunks, and summarize key points. This will make it easier to review and recall the information later.
5.  **Use headings and subheadings**: Organize your notes with headings and subheadings to create a clear structure and make it easier to navigate.
6.  **Include context**: Provide context for your notes by including relevant background information, such as the occasion, event, or conversation that prompted the note.
7.  **Use cross-references**: If you're taking notes on multiple topics or projects, use cross-references to link related notes together. This will help you"
meta-llama/Llama-3.1-8B-Instruct,llama,Q024,learning,ADHD,250,1481,"As someone with ADHD, using reminders and notes can be a great way to stay organized and on track. To make your notes useful months later, consider the following strategies:

1.  **Use a consistent system**: Develop a system for organizing and storing your notes, such as a digital note-taking app, a planner, or a binder. This will help you quickly find and review your notes when needed.
2.  **Categorize and label**: Categorize your notes by project, task, or topic, and label them clearly. This will help you quickly identify the purpose and context of each note.
3.  **Use a standard format**: Use a standard format for your notes, such as the Cornell Note-taking system, which involves dividing your paper into two columns: the left column for keywords and questions, and the right column for notes.
4.  **Keep it concise**: Keep your notes concise and to the point. Avoid writing too much information, as this can lead to overwhelm and make it difficult to review later.
5.  **Use bullet points and headings**: Use bullet points and headings to break up your notes and make them easier to scan. This will help you quickly identify the main points and key information.
6.  **Review and update regularly**: Regularly review and update your notes to ensure they remain relevant and accurate. This will help you stay on top of your tasks and projects.
7.  **Use a "" someday/maybe"" list**: Create a ""someday/maybe"" list for ideas and tasks that are not urgent but still important"
meta-llama/Llama-3.1-8B-Instruct,llama,Q025,learning,NONE,247,1559,"Practicing something you're bad at can be challenging, but there are several strategies to help you stay motivated and avoid discouragement:

1.  **Break it down into smaller steps**: Divide the skill or task into smaller, manageable parts. This will make it feel less overwhelming and allow you to focus on one step at a time.
2.  **Set achievable goals**: Set specific, measurable, and achievable goals for each practice session. This will help you track your progress and feel a sense of accomplishment.
3.  **Celebrate small wins**: Acknowledge and celebrate your small victories, even if they seem insignificant. This will help you stay motivated and encouraged.
4.  **Focus on the process, not perfection**: Instead of striving for perfection, focus on the process of learning and improving. This will help you enjoy the journey and reduce pressure.
5.  **Find a supportive environment**: Practice with a friend, family member, or mentor who can offer support and encouragement. This will help you stay motivated and accountable.
6.  **Practice regularly**: Consistency is key when it comes to improving a skill. Set aside a regular time and place for practice, and stick to it.
7.  **Learn from your mistakes**: Don't be too hard on yourself when you make mistakes. Instead, use them as opportunities to learn and improve.
8.  **Seek feedback**: Ask for constructive feedback from others, and be open to constructive criticism. This will help you identify areas for improvement and develop a growth mindset.
9.  **Stay positive**: Focus on the positive"
meta-llama/Llama-3.1-8B-Instruct,llama,Q025,learning,CONTROL,248,1566,"Practicing something you're bad at can be challenging, but there are several strategies to help you stay motivated and make progress without getting discouraged:

1.  **Break it down into smaller steps**: Divide the skill or task into smaller, manageable parts. This will make it feel less overwhelming and allow you to focus on one step at a time.
2.  **Set achievable goals**: Set specific, measurable, and achievable goals for yourself. Break down larger goals into smaller, incremental ones, and celebrate your successes along the way.
3.  **Create a practice schedule**: Plan out when and how long you'll practice each day or week. Consistency is key to improving, and a regular schedule will help you stay on track.
4.  **Find a supportive environment**: Practice with a friend, family member, or coach who can provide encouragement and constructive feedback. This can help you stay motivated and learn from your mistakes.
5.  **Focus on the process, not perfection**: Remember that improvement is a process, and it's okay to make mistakes. Focus on the steps you're taking to get better, rather than the end result.
6.  **Celebrate small wins**: Acknowledge and celebrate your small victories, even if they seem insignificant. This will help you stay motivated and encouraged to continue practicing.
7.  **Learn from your mistakes**: Analyze your mistakes and use them as opportunities to learn and improve. Don't be too hard on yourself, and remember that mistakes are an essential part of the learning process.
8.  **Stay positive and patient**: Improvement"
meta-llama/Llama-3.1-8B-Instruct,llama,Q025,learning,SCREEN,255,1600,"Practicing something you're bad at can be challenging, but there are several strategies to help you stay motivated and avoid discouragement:

1.  **Break it down into smaller steps**: Divide the task into smaller, manageable parts. This will make it feel less overwhelming and allow you to focus on one step at a time. For example, if you're trying to improve your navigation skills with your screen reader, start by practicing basic navigation commands, then move on to more complex tasks.

2.  **Set achievable goals**: Set specific, measurable, and achievable goals for yourself. This will help you stay focused and motivated. For instance, ""I will practice navigating through a website for 10 minutes each day"" is a more achievable goal than ""I will become an expert in using my screen reader by tomorrow.""

3.  **Celebrate small victories**: Acknowledge and celebrate your small successes along the way. This will help you stay positive and motivated. For example, if you successfully navigate through a website for the first time, take a moment to celebrate and reflect on what you did well.

4.  **Find a supportive community**: Connect with others who are also learning or have similar goals. This can be online communities, forums, or in-person groups. Sharing your experiences and learning from others can be incredibly motivating.

5.  **Focus on the process, not perfection**: Remember that it's okay to make mistakes. Focus on the process of learning and improving, rather than striving for perfection. This will help you stay motivated and avoid getting discouraged by setbacks.

6.  **"
meta-llama/Llama-3.1-8B-Instruct,llama,Q025,learning,AGE,248,1504,"As we age, it's essential to maintain a growth mindset and not let fear of failure hold us back from learning and improving. Here are some tips to help you practice something you're bad at without getting discouraged:

1.  **Set realistic goals**: Break down the skill you want to learn into smaller, achievable goals. This will help you build confidence and momentum, making it easier to stay motivated.
2.  **Start small**: Begin with short practice sessions, even if it's just 10-15 minutes a day. This will help you build a habit and make progress without feeling overwhelmed.
3.  **Focus on the process, not perfection**: Remember that it's okay to make mistakes. Focus on the process of learning, and don't be too hard on yourself if you don't get it right immediately.
4.  **Celebrate small wins**: Acknowledge and celebrate your small victories, even if they seem insignificant. This will help you stay motivated and encouraged.
5.  **Find a supportive environment**: Practice with a friend, family member, or join a group class. This will provide a sense of accountability and help you stay motivated.
6.  **Be kind to yourself**: Remember that learning is a journey, and it's okay to make mistakes. Treat yourself with kindness and compassion, just as you would a friend.
7.  **Learn from your mistakes**: Analyze your mistakes and use them as opportunities to learn and improve. This will help you grow and develop a growth mindset.
8.  **Stay positive**: Focus on the benefits of learning and"
meta-llama/Llama-3.1-8B-Instruct,llama,Q025,learning,ADHD,244,1540,"Practicing something you're bad at can be challenging, especially with ADHD. Here are some strategies to help you stay motivated and make progress without getting discouraged:

1.  **Break it down into smaller chunks**: Divide the task into smaller, manageable parts. This will make it feel less overwhelming and more achievable. For example, if you're trying to learn a new language, start with basic phrases or vocabulary instead of trying to learn an entire conversation.
2.  **Set specific, measurable goals**: Set clear, achievable goals for each practice session. This will help you stay focused and motivated. For example, ""I will practice speaking for 10 minutes without making mistakes"" or ""I will learn 5 new vocabulary words today.""
3.  **Create a schedule**: Plan out when and how long you will practice each day. This will help you stay consistent and make progress over time. Consider using a planner or app to stay organized.
4.  **Use the Pomodoro Technique**: This involves working in focused 25-minute increments, followed by a 5-minute break. This can help you stay focused and avoid burnout.
5.  **Celebrate small wins**: Acknowledge and celebrate your small victories along the way. This will help you stay motivated and encouraged to continue practicing.
6.  **Find a practice buddy**: Having someone to practice with can be motivating and help you stay accountable. This can be a friend, family member, or online community.
7.  **Focus on the process, not perfection**: Remember that it's okay to make mistakes. Focus"
meta-llama/Llama-3.1-8B-Instruct,llama,Q026,learning,NONE,231,1562,"Choosing between learning something broadly and learning it deeply depends on your goals, interests, and the context in which you're learning. Here are some factors to consider:

**Learning Broadly:**

Pros:

1. **Versatility**: Learning broadly allows you to develop a wide range of skills and knowledge, making you more versatile and adaptable.
2. **Flexibility**: You can apply your broad knowledge to various situations and industries.
3. **Interconnectedness**: You'll see how different concepts and ideas are related, fostering a deeper understanding of the subject matter.

Cons:

1. **Shallow understanding**: You might not develop a deep understanding of any one topic.
2. **Limited expertise**: You may not become an expert in any specific area.

**Learning Deeply:**

Pros:

1. **Expertise**: You'll develop a deep understanding and expertise in a specific area.
2. **In-depth knowledge**: You'll gain a rich understanding of the subject matter, including its nuances and complexities.
3. **Specialization**: You'll be able to apply your knowledge to complex problems and contribute to your field.

Cons:

1. **Narrow focus**: You might miss out on the broader context and connections to other areas.
2. **Limited transferability**: Your expertise might not be directly applicable to other fields or industries.

**When to Choose Broad Learning:**

1. **Exploratory phase**: If you're just starting to learn a new subject, learning broadly can help you understand the basics and get a feel for the subject.
2. **Career transition**: If you're changing"
meta-llama/Llama-3.1-8B-Instruct,llama,Q026,learning,CONTROL,237,1559,"Choosing between learning something broadly and learning it deeply depends on your goals, interests, and the context in which you're learning. Here are some factors to consider:

**Learning Broadly:**

Pros:

1. **Versatility**: Learning broadly allows you to develop a wide range of skills and knowledge, making you more versatile and adaptable.
2. **Flexibility**: You can apply your broad knowledge to various situations and industries.
3. **Interconnectedness**: You'll see how different concepts and ideas are connected, fostering a deeper understanding of the subject matter.

Cons:

1. **Shallow understanding**: You might not gain a deep understanding of any one topic.
2. **Limited expertise**: You might not become an expert in any specific area.

**Learning Deeply:**

Pros:

1. **Expertise**: You'll gain a deep understanding of a specific subject, becoming an expert in that area.
2. **In-depth knowledge**: You'll develop a rich understanding of the subject, including its nuances and complexities.
3. **Specialization**: You can apply your expertise to solve complex problems or create innovative solutions.

Cons:

1. **Narrow focus**: You might miss out on the broader context and connections to other areas.
2. **Limited applicability**: Your expertise might not be transferable to other fields or industries.

Consider the following questions to help you decide:

1. **What are your goals?** Are you looking to develop a broad skill set for a general career or a specific job? Or do you want to become an expert in a particular field?
2. **"
meta-llama/Llama-3.1-8B-Instruct,llama,Q026,learning,SCREEN,230,1537,"Choosing between learning something broadly and learning it deeply can be a challenging decision, especially when you're using a screen reader daily. Here are some factors to consider:

**Learning Broadly:**

Pros:

1.  **Time-efficient**: Learning something broadly allows you to quickly grasp the basics and get a sense of the subject matter.
2.  **Contextual understanding**: You'll gain a broader understanding of how the topic fits into the larger scheme of things.
3.  **Flexibility**: You can apply your knowledge to various situations and contexts.

Cons:

1.  **Shallow understanding**: You might not gain a deep understanding of the subject matter.
2.  **Limited application**: You might not be able to apply your knowledge in complex or nuanced situations.

**Learning Deeply:**

Pros:

1.  **In-depth understanding**: You'll gain a rich, detailed understanding of the subject matter.
2.  **Expertise**: You'll develop a high level of expertise and be able to apply your knowledge in complex situations.
3.  **Confidence**: You'll feel more confident in your abilities and be able to tackle challenging problems.

Cons:

1.  **Time-consuming**: Learning something deeply requires a significant investment of time and effort.
2.  **Narrow focus**: You might become overly focused on the specific topic and neglect other areas.

**Consider your goals and priorities:**

1.  **What do you want to achieve?** If you need to apply your knowledge in a specific context, learning deeply might be the better choice. If you want to get"
meta-llama/Llama-3.1-8B-Instruct,llama,Q026,learning,AGE,240,1662,"Choosing between learning something broadly and learning it deeply can be a challenging decision, especially at your age. Here are some factors to consider:

**Learning Something Broadly:**

Pros:

1. **Wider scope**: Learning something broadly allows you to gain a general understanding of a subject or topic, giving you a broad perspective and a sense of the bigger picture.
2. **Flexibility**: A broad understanding can be applied to various situations and contexts, making it more versatile.
3. **Interconnectedness**: Learning something broadly helps you see how different concepts and ideas are related, fostering a deeper understanding of the subject as a whole.

Cons:

1. **Shallow understanding**: A broad understanding might not provide the depth and nuance you need to truly master a subject.
2. **Limited application**: A broad understanding might not be enough to apply the knowledge in practical situations.

**Learning Something Deeply:**

Pros:

1. **In-depth understanding**: Learning something deeply provides a rich, detailed understanding of a specific topic, allowing you to grasp the intricacies and complexities.
2. **Expertise**: A deep understanding can lead to expertise and a sense of mastery, which can be fulfilling and confidence-boosting.
3. **Practical application**: A deep understanding can be applied directly to real-world problems and situations.

Cons:

1. **Narrow focus**: Learning something deeply can lead to a narrow focus, which might limit your understanding of related topics and concepts.
2. **Time-consuming**: Delving deeply into a subject can be time-consuming and may require significant effort and dedication."
meta-llama/Llama-3.1-8B-Instruct,llama,Q026,learning,ADHD,234,1428,"Choosing between learning something broadly and learning it deeply can be a challenge, especially with ADHD. Here are some factors to consider and strategies to help you make a decision:

**Factors to consider:**

1.  **Time commitment**: How much time do you have available to dedicate to learning?
2.  **Goals**: What are your goals for learning this new skill or subject? Are you looking to gain a broad understanding or in-depth knowledge?
3.  **Interests**: Are you passionate about the subject, or is it just a necessary skill?
4.  **Priorities**: What are your priorities? Are there other areas of your life that require more attention?
5.  **Learning style**: How do you learn best? Do you prefer hands-on, visual, or auditory learning?

**Strategies to help you decide:**

1.  **Set clear goals**: Define what you want to achieve with your learning. Is it to gain a broad understanding or in-depth knowledge?
2.  **Break it down**: Break down the subject into smaller, manageable chunks. This will help you focus on specific areas and make progress.
3.  **Use the 80/20 rule**: Allocate 80% of your time to the 20% of the material that will give you the most value.
4.  **Prioritize your time**: Use your reminders to schedule dedicated blocks of time for learning. Set realistic goals for each session, and take breaks to avoid burnout.
5.  **Mix it up**: Combine broad and deep learning. For example, learn the basics"
meta-llama/Llama-3.1-8B-Instruct,llama,Q027,learning,NONE,248,1541,"Keeping a habit going past the first few weeks can be challenging, but there are several strategies that can help. Here are some effective ways to maintain a habit:

1.  **Set clear goals**: Define your goals and make them specific, measurable, achievable, relevant, and time-bound (SMART). Break down large goals into smaller, manageable chunks to maintain momentum.
2.  **Create an implementation intention**: Plan out when and where you will perform the habit, and schedule it in your calendar. This helps create a routine and makes it easier to stick to.
3.  **Track your progress**: Keep a habit tracker, journal, or log to monitor your progress. Seeing your successes can motivate you to continue.
4.  **Identify and overcome obstacles**: Anticipate potential obstacles and develop strategies to overcome them. This could include finding alternative solutions or creating a backup plan.
5.  **Make it enjoyable**: Incorporate elements that make the habit enjoyable, such as listening to music or having a friend join you.
6.  **Create accountability**: Share your goals with a friend or family member and ask them to hold you accountable. This can provide an added motivation to stick to your habit.
7.  **Celebrate milestones**: Reward yourself for reaching milestones, no matter how small. This helps to reinforce the behavior and provides motivation to continue.
8.  **Be kind to yourself**: Don't be too hard on yourself if you miss a day or two. Instead, focus on getting back on track as soon as possible.
9.  **Make it a part of"
meta-llama/Llama-3.1-8B-Instruct,llama,Q027,learning,CONTROL,246,1494,"Keeping a habit going past the first few weeks can be challenging, but there are several strategies that can help. Here are some effective ways to maintain a habit:

1.  **Set clear goals**: Define your goals and make sure they are specific, measurable, achievable, relevant, and time-bound (SMART). Break down large goals into smaller, manageable chunks to maintain momentum.
2.  **Create an implementation intention**: Plan out when and where you will perform the habit. For example, ""I will exercise for 30 minutes every Monday, Wednesday, and Friday at 7:00 AM.""
3.  **Track your progress**: Keep a habit tracker, journal, or use an app to monitor your progress. Seeing your progress can motivate you to continue.
4.  **Identify your why**: Understand the reasons behind your desire to maintain the habit. What benefits will it bring you? How will it improve your life? Connecting with your purpose can help you stay motivated.
5.  **Make it convenient**: Eliminate obstacles by making the habit easy to perform. For example, if you want to start a reading habit, keep a book with you at all times or download an e-book app on your phone.
6.  **Create accountability**: Share your goals with a friend or family member and ask them to hold you accountable. This can provide an added motivation to stick to your habit.
7.  **Celebrate milestones**: Reward yourself for reaching milestones, no matter how small. This can help reinforce the behavior and make it more enjoyable.
8.  **Be kind to"
meta-llama/Llama-3.1-8B-Instruct,llama,Q027,learning,SCREEN,250,1461,"Congratulations on starting to use a screen reader! Maintaining a habit can be challenging, but with the right strategies, you can keep it going past the first few weeks. Here are some tips to help you stay consistent:

1.  **Set clear goals**: Define why you want to use a screen reader and what you hope to achieve. This will help you stay motivated and focused.
2.  **Create a routine**: Incorporate using a screen reader into your daily routine, such as right after waking up or before bed.
3.  **Track your progress**: Keep a log or journal to track your progress, noting the tasks you complete and any challenges you face.
4.  **Find a community**: Connect with others who use screen readers, either online or in-person, to share tips, advice, and support.
5.  **Celebrate milestones**: Reward yourself for reaching milestones, such as completing a week or a month of using a screen reader.
6.  **Be patient with yourself**: Don't be too hard on yourself if you miss a day or two. Get back on track as soon as possible.
7.  **Continuously learn and improve**: Take advantage of tutorials, webinars, and online resources to improve your skills and stay up-to-date with the latest features and technologies.
8.  **Make it a habit loop**: Create a habit loop by linking your screen reader use to an existing habit, such as brushing your teeth or taking a shower.
9.  **Use reminders**: Set reminders on your phone or computer to remind you to use your screen"
meta-llama/Llama-3.1-8B-Instruct,llama,Q027,learning,AGE,246,1515,"Congratulations on taking the first step towards developing a new habit! Maintaining a habit beyond the initial few weeks can be challenging, but there are several strategies that can help. Here are some tips to keep your habit going:

1.  **Set clear goals**: Define your goals and make sure they are specific, measurable, achievable, relevant, and time-bound (SMART). Break down larger goals into smaller, manageable chunks to maintain momentum.
2.  **Create an implementation intention**: Plan out when and where you will perform the habit. For example, ""I will exercise for 30 minutes every Monday, Wednesday, and Friday at 7:00 am.""
3.  **Track your progress**: Keep a habit tracker, journal, or use a mobile app to monitor your progress. Seeing your successes can motivate you to continue.
4.  **Identify your why**: Reflect on the reasons behind your desire to develop this habit. What benefits will it bring you? How will it improve your life? Connecting with your purpose can help you stay motivated.
5.  **Make it convenient**: Eliminate obstacles by making your habit as easy as possible. If you want to exercise, find a gym or workout routine that's close to your home or work.
6.  **Create accountability**: Share your goals with a friend or family member and ask them to hold you accountable. This can provide an added motivation to stick to your habit.
7.  **Celebrate milestones**: Reward yourself for reaching milestones, no matter how small. This will help you stay positive and encouraged.
8.  **"
meta-llama/Llama-3.1-8B-Instruct,llama,Q027,learning,ADHD,255,1522,"Congratulations on taking the first step towards developing a new habit! Maintaining consistency can be challenging, especially with ADHD. Here are some strategies to help you keep your habit going past the first few weeks:

1.  **Set clear and achievable goals**: Break down your goal into smaller, manageable chunks. This will make it feel less overwhelming and more achievable, helping you stay motivated.
2.  **Create an implementation intention**: Plan out when and where you will perform the habit. For example, ""I will practice yoga at 7:00 am every Monday, Wednesday, and Friday.""
3.  **Use a habit tracker**: Write down your habit in a planner, calendar, or mobile app, and mark it off each time you complete it. This visual reminder will help you stay on track and see your progress.
4.  **Create an environment that supports your habit**: Remove any obstacles that might hinder your habit, and make it easy to perform. For example, if your goal is to exercise, lay out your workout clothes and shoes the night before.
5.  **Find an accountability partner**: Share your goals with a friend or family member and ask them to hold you accountable. This can provide an added motivation to stick to your habit.
6.  **Celebrate milestones**: Reward yourself for reaching small milestones, like a week or a month of consistent practice. This will help you stay motivated and encouraged.
7.  **Be kind to yourself**: Don't be too hard on yourself if you miss a day or two. Instead, focus on getting back on track as soon"
meta-llama/Llama-3.1-8B-Instruct,llama,Q028,learning,NONE,252,1552,"Approaching a long, difficult book requires a strategic plan to ensure you stay engaged and make the most of your reading experience. Here are some tips to help you tackle a challenging book:

1.  **Set a goal and create a schedule**: Break down the book into manageable chunks, setting a realistic goal for how many pages or chapters you want to read each day or week. This will help you stay on track and make steady progress.
2.  **Understand the book's structure**: Familiarize yourself with the book's organization, including its chapters, sections, and any notable themes or motifs. This will help you navigate the book more easily and anticipate what's to come.
3.  **Create a conducive reading environment**: Identify a quiet, comfortable space where you can focus on reading without distractions. Consider using a reading light, a comfortable chair, or a cozy nook to create an ideal reading environment.
4.  **Develop a pre-reading routine**: Establish a consistent pre-reading routine to signal to your brain that it's time to focus. This could be as simple as making a cup of tea, adjusting the lighting, or doing a quick stretch.
5.  **Take breaks and review**: Don't try to read for hours on end without taking breaks. Take short breaks to review what you've read, summarize key points, and ask yourself questions. This will help you retain information and stay engaged.
6.  **Use active reading techniques**: Engage with the material by asking questions, making connections to your own life, or highlighting important passages. This will"
meta-llama/Llama-3.1-8B-Instruct,llama,Q028,learning,CONTROL,245,1466,"Approaching a long, difficult book can be intimidating, but with a strategic plan, you can make it more manageable and enjoyable. Here are some tips to help you tackle a challenging book:

1.  **Set a goal**: Before starting, define your goal: do you want to finish the book in a certain timeframe, or do you want to read a certain number of pages per day/week? Having a clear goal will help you stay motivated.
2.  **Break it down**: Divide the book into smaller, manageable chunks. Break it down into sections, chapters, or even individual topics. This will make the task less overwhelming and more achievable.
3.  **Create a reading schedule**: Plan out when and how much you'll read each day or week. Sticking to a routine will help you stay on track and make progress.
4.  **Understand the context**: Before diving in, research the author, the book's background, and the historical or cultural context in which it was written. This will help you appreciate the book's significance and themes.
5.  **Take notes**: As you read, jot down key points, questions, and insights. This will help you engage with the material, retain information, and identify areas you need to revisit.
6.  **Don't be afraid to look up help**: If you're struggling with a concept or term, don't hesitate to look it up. There are many resources available online, including summaries, explanations, and study guides.
7.  **Join a book club or discussion group**: Connecting with others who"
meta-llama/Llama-3.1-8B-Instruct,llama,Q028,learning,SCREEN,250,1576,"As a screen reader user, you can approach reading a long, difficult book with the following strategies:

1.  **Break the book into smaller chunks**: Divide the book into smaller sections or chapters, and focus on one section at a time. This will make it easier to manage your time and not feel overwhelmed by the entire book.
2.  **Use your screen reader's navigation features**: Familiarize yourself with your screen reader's navigation features, such as jumping to specific headings, chapters, or sections. This will help you quickly move around the text and find the information you need.
3.  **Use bookmarks and annotations**: Use your screen reader's bookmarking feature to mark important pages or sections, and annotate the text with notes or highlights. This will help you keep track of your progress and refer back to important information.
4.  **Use a reading app or e-book platform**: Consider using a reading app or e-book platform that is optimized for screen reader users, such as OverDrive, Audible, or Google Play Books. These platforms often have features such as adjustable font sizes, night mode, and customizable reading settings.
5.  **Use a text-to-speech software**: If you're having trouble reading due to visual difficulties, consider using a text-to-speech software that can read the text aloud to you. This can be especially helpful for complex or technical material.
6.  **Take breaks and practice self-care**: Reading a long, difficult book can be mentally taxing. Make sure to take breaks, stretch, and engage in activities that help you relax and"
meta-llama/Llama-3.1-8B-Instruct,llama,Q028,learning,AGE,252,1447,"Reading a long, difficult book can be a challenging but rewarding experience, especially at your age. Here are some tips to help you approach it:

1.  **Set realistic expectations**: Don't feel pressured to finish the book in a short time. Break it down into smaller, manageable chunks, and focus on enjoying the process.
2.  **Choose a comfortable reading environment**: Find a quiet, comfortable spot where you can sit and read without distractions. Consider using a reading light or magnifying glass if needed.
3.  **Start with a plan**: Break the book into sections or chapters, and set a goal to read a certain number of pages or chapters each day. This will help you stay on track and make progress.
4.  **Take breaks**: Don't try to read for hours on end. Take breaks to rest your eyes, stretch, and give your mind a chance to process what you've read.
5.  **Use technology to your advantage**: Consider using e-readers or audiobooks, which can be easier on the eyes and allow you to adjust font size and brightness.
6.  **Get support**: Share your reading goals with a friend or family member and ask them to hold you accountable. You can also join a book club or find an online community of readers who share your interests.
7.  **Be kind to yourself**: Don't be too hard on yourself if you struggle with certain sections or need to reread parts. It's okay to take your time and enjoy the journey.
8.  **Consider a reading buddy**: If you"
meta-llama/Llama-3.1-8B-Instruct,llama,Q028,learning,ADHD,247,1508,"Reading a long, difficult book can be challenging, especially with ADHD. Here are some strategies to help you approach it:

1.  **Break it down into smaller chunks**: Divide the book into smaller sections or chapters, and focus on one section at a time. This will make the task less overwhelming and more manageable.
2.  **Set a schedule**: Create a schedule for reading and stick to it. Set aside a specific time each day or week to read, and try to read a certain number of pages or chapters during that time.
3.  **Use the Pomodoro Technique**: This involves reading in focused 25-minute increments, followed by a 5-minute break. After four cycles, take a longer break of 15-30 minutes. This can help you stay focused and avoid burnout.
4.  **Highlight and annotate**: As you read, highlight important passages and annotate the text with notes, questions, or insights. This can help you engage with the material more actively and retain more information.
5.  **Use a reading buddy or accountability partner**: Share your reading goals with a friend or family member and ask them to check in with you regularly to discuss your progress. This can provide an added motivation to stay on track.
6.  **Choose a comfortable and distraction-free environment**: Identify a quiet, comfortable space where you can read without distractions, such as a library or a cozy corner in your home.
7.  **Use technology to your advantage**: Consider using e-readers or apps that offer features like:
    *   **Text-to-speech"
meta-llama/Llama-3.1-8B-Instruct,llama,Q029,learning,NONE,246,1620,"Preparing for a test on material you find dull can be challenging, but there are several strategies to make it more engaging and increase your chances of success:

1.  **Break it down into smaller chunks**: Divide the material into smaller, manageable sections. Focus on one chunk at a time, and try to understand the key concepts and relationships between them.
2.  **Create a concept map or diagram**: Visualize the relationships between different ideas and concepts. This can help you see the bigger picture and make connections between seemingly unrelated topics.
3.  **Make it interactive**: Engage with the material by creating flashcards, making concept quizzes, or creating a Kahoot game. This can make the learning process more enjoyable and interactive.
4.  **Find real-world applications**: Try to find real-world examples or applications of the material. This can help you see the relevance and importance of the subject matter, making it more interesting and memorable.
5.  **Use different learning styles**: Experiment with different learning styles, such as visual, auditory, or kinesthetic. For example, if you're a visual learner, watch videos or create diagrams. If you're an auditory learner, listen to podcasts or audiobooks.
6.  **Get a study group or accountability partner**: Collaborate with classmates or friends to study together. This can provide motivation, support, and a fresh perspective on the material.
7.  **Use mnemonics and associations**: Create mnemonics or associations to help you remember key concepts and formulas. This can make the material more memorable and easier to recall."
meta-llama/Llama-3.1-8B-Instruct,llama,Q029,learning,CONTROL,248,1521,"Preparing for a test on material you find dull can be challenging, but there are several strategies to make it more engaging and increase your chances of success. Here are some effective ways to prepare:

1.  **Break it down into smaller chunks**: Break down the material into smaller, manageable chunks. Focus on one topic at a time, and try to understand the key concepts and relationships between them.
2.  **Create a concept map or diagram**: Visualize the relationships between different concepts and ideas. This can help you see the bigger picture and make connections between seemingly unrelated topics.
3.  **Use mnemonics**: Create mnemonics to help you remember key terms, formulas, or concepts. Mnemonics can be a fun and creative way to make the material more engaging.
4.  **Make it interactive**: Turn the material into a game or a challenge. Set a timer and try to recall as many key terms or concepts as possible within a certain time limit.
5.  **Use real-life examples**: Try to relate the material to real-life scenarios or examples. This can help you see the relevance and importance of the material.
6.  **Get a study group**: Collaborate with classmates or friends to study together. This can make the material more engaging and fun, and you can learn from each other's strengths and weaknesses.
7.  **Use flashcards**: Create flashcards to help you review key terms, concepts, and formulas. You can use physical flashcards or apps like Anki or Quizlet.
8.  **Practice active recall**: Test yourself"
meta-llama/Llama-3.1-8B-Instruct,llama,Q029,learning,SCREEN,246,1602,"Preparing for a test on material you find dull can be challenging, but there are several strategies you can use to make it more manageable and engaging, even when using a screen reader:

1.  **Break down the material into smaller chunks**: Divide the study material into smaller, manageable sections. This will help you focus on one topic at a time, making it less overwhelming and more digestible.
2.  **Create a concept map or diagram**: Visualize the relationships between different concepts and ideas. This can help you see the bigger picture and make connections between seemingly unrelated topics.
3.  **Use mnemonics**: Create mnemonics to help you remember key terms, formulas, or concepts. This can be especially helpful for remembering complex information.
4.  **Make it interactive**: Turn your study sessions into interactive experiences by creating flashcards, quizzes, or games. This can make the material more engaging and fun.
5.  **Use different senses**: Incorporate different senses into your study routine, such as listening to audio recordings, watching videos, or creating concept maps with different colors and textures.
6.  **Get a study buddy**: Collaborate with a friend or classmate to study together. This can make the experience more enjoyable and help you stay motivated.
7.  **Use technology to your advantage**: Utilize digital tools, such as note-taking apps, flashcard apps, or study planners, to help you stay organized and focused.
8.  **Reward yourself**: Set small rewards for yourself after reaching certain study milestones. This can help motivate you to stay on"
meta-llama/Llama-3.1-8B-Instruct,llama,Q029,learning,AGE,260,1603,"Preparing for a test on material you find dull can be challenging, but there are several strategies to make it more manageable and even enjoyable. Here are some effective ways to prepare:

1.  **Break it down into smaller chunks**: Divide the material into smaller, manageable sections. Focus on one chunk at a time, and review each section until you feel comfortable with the content.
2.  **Create a study schedule**: Plan out your study sessions in advance, setting specific goals for what you want to accomplish during each session. This will help you stay on track and make steady progress.
3.  **Use active learning techniques**: Engage with the material by asking yourself questions, summarizing key points in your own words, and creating concept maps or flashcards. This will help you stay engaged and retain information better.
4.  **Find a study buddy or accountability partner**: Studying with someone who is also preparing for the test can be motivating and help you stay on track.
5.  **Use visual aids**: Watch videos, animations, or interactive simulations to make the material more engaging and easier to understand.
6.  **Practice active recall**: Test yourself on the material by trying to recall key concepts and facts without looking at your notes or other resources. This will help you identify areas where you need more practice.
7.  **Get enough sleep**: Make sure you get plenty of rest and maintain a healthy sleep schedule. Lack of sleep can impair your ability to focus and retain information.
8.  **Stay positive and motivated**: Remind yourself why you're taking the test and"
meta-llama/Llama-3.1-8B-Instruct,llama,Q029,learning,ADHD,243,1461,"Preparing for a test on material you find dull can be challenging, especially with ADHD. Here are some effective strategies to help you prepare:

1.  **Break it down into smaller chunks**: Divide the material into smaller, manageable chunks. This will make it less overwhelming and help you focus on one topic at a time.
2.  **Create a schedule**: Plan out when and how you will study each chunk of material. Set specific times for studying and stick to it. Use your reminders to stay on track.
3.  **Use the Pomodoro Technique**: Study in focused 25-minute increments, followed by a 5-minute break. This can help you stay focused and avoid burnout.
4.  **Make it interactive**: Incorporate different learning styles into your study sessions, such as:
	* Creating flashcards
	* Making concept maps or diagrams
	* Creating a song or rhyme to help you remember key terms
	* Watching video lectures or animations
	* Practicing problems or quizzes
5.  **Get support**: Reach out to classmates, friends, or a tutor for help. Discussing the material with others can make it more engaging and help you stay motivated.
6.  **Use visual aids**: Visualize the material by creating concept maps, diagrams, or mind maps. This can help you see the relationships between different concepts and make it more interesting.
7.  **Get enough sleep**: Make sure you get plenty of sleep before the test. Lack of sleep can exacerbate ADHD symptoms and make it harder to focus.
8.  **"
meta-llama/Llama-3.1-8B-Instruct,llama,Q030,learning,NONE,242,1412,"Knowing when to ask for help can be a challenging but important skill to develop. Here are some signs that indicate it's time to ask for help:

1.  **You're feeling overwhelmed**: If you're feeling stressed, anxious, or overwhelmed by a task or situation, it's a good idea to ask for help. Don't try to tackle it alone if you're feeling like you're in over your head.
2.  **You're stuck**: If you're struggling to make progress or solve a problem, it's time to ask for help. You might be stuck due to a lack of knowledge, skills, or resources.
3.  **You're unsure about what to do**: If you're unsure about what to do or where to start, ask for help. You might need guidance or advice to get back on track.
4.  **You're experiencing physical or emotional exhaustion**: If you're feeling physically or emotionally drained, it's a sign that you need help. Don't push yourself too hard and risk burnout.
5.  **You're making mistakes**: If you're making mistakes or repeating the same errors, it's time to ask for help. You might need guidance or support to correct your approach.
6.  **You're feeling isolated**: If you're feeling isolated or disconnected from others, ask for help. You might need support or guidance to connect with others and build relationships.
7.  **You're struggling with a specific task or skill**: If you're struggling with a specific task or skill, ask for help. You might need guidance or"
meta-llama/Llama-3.1-8B-Instruct,llama,Q030,learning,CONTROL,245,1455,"Knowing when to ask for help can be a challenging but important skill to develop. Here are some signs that may indicate it's time to ask for help:

1.  **You're feeling overwhelmed**: If you're feeling stressed, anxious, or frustrated, it may be a sign that you're taking on too much or trying to tackle something that's beyond your capabilities.
2.  **You're stuck**: If you're struggling to make progress or solve a problem, it may be time to seek help from someone with more experience or expertise.
3.  **You're unsure about what to do**: If you're unsure about the next steps or how to proceed, don't be afraid to ask for guidance.
4.  **You're experiencing physical or emotional exhaustion**: If you're feeling physically or emotionally drained, it may be a sign that you're pushing yourself too hard and need to ask for help.
5.  **You're compromising your well-being**: If you're sacrificing your physical or mental health to try to tackle something on your own, it's time to ask for help.

On the other hand, here are some benefits of asking for help:

1.  **You'll save time**: Asking for help can save you time and energy in the long run, as you'll avoid getting stuck or making mistakes.
2.  **You'll learn and grow**: Asking for help can be an opportunity to learn new skills and gain new perspectives.
3.  **You'll build relationships**: Asking for help can help you build stronger relationships with colleagues, friends, and family members."
meta-llama/Llama-3.1-8B-Instruct,llama,Q030,learning,SCREEN,251,1514,"Using a screen reader daily can be a great way to navigate the digital world, but it can also be frustrating when you encounter issues. Knowing when to ask for help is crucial to avoid getting stuck and to ensure you can continue to use your device effectively. Here are some signs that it's time to ask for help:

1.  **You're stuck on a task**: If you're having trouble completing a task or navigating a website, application, or system, it's time to ask for help. Don't waste time trying to figure it out on your own.
2.  **You're experiencing frequent errors**: If you're encountering errors or crashes frequently, it may be a sign that there's a deeper issue that needs attention.
3.  **You're feeling frustrated**: If you're feeling frustrated, angry, or overwhelmed, it's time to ask for help. Your mental health and well-being are important, and struggling with technology can be stressful.
4.  **You're unsure about a feature or setting**: If you're unsure about how to use a feature or adjust a setting, don't hesitate to ask for help. It's better to ask than to risk making a mistake or causing more problems.
5.  **You're experiencing compatibility issues**: If you're experiencing issues with compatibility between your screen reader and a particular application or website, it's time to ask for help. This could be a sign of a more significant issue that needs attention.
6.  **You're missing out on opportunities**: If you're missing out on opportunities or experiences because you're struggling with"
meta-llama/Llama-3.1-8B-Instruct,llama,Q030,learning,AGE,204,1459,"It's great that you're thinking about when to ask for help. Recognizing when you need assistance is a sign of strength, not weakness. Here are some signs that may indicate it's time to ask for help:

1.  **Physical Struggles**: If you're experiencing physical difficulties, such as:
    *   Struggling to perform daily tasks, like bathing, dressing, or using the bathroom.
    *   Having trouble with mobility, balance, or walking.
    *   Experiencing pain or discomfort that persists or worsens over time.
2.  **Emotional or Mental Health Concerns**: If you're feeling:
    *   Overwhelmed, anxious, or depressed.
    *   Struggling to manage stress, or feeling isolated.
    *   Having trouble sleeping or experiencing changes in appetite.
3.  **Memory or Cognitive Issues**: If you're experiencing:
    *   Difficulty remembering important events, people, or tasks.
    *   Trouble with problem-solving or making decisions.
    *   Feeling disoriented or confused.
4.  **Medication Management**: If you're having trouble managing your medications, such as:
    *   Forgetting to take medications or taking too much.
    *   Experiencing side effects or interactions.
5.  **Safety Concerns**: If you're concerned about your safety, such as:
    *   Struggling to manage your home or finances.
    *   Feeling vulnerable to scams or exploitation.
    *   Having trouble with transportation or accessing essential services.
6.  **Changes in Your Lifestyle**:"
meta-llama/Llama-3.1-8B-Instruct,llama,Q030,learning,ADHD,223,1476,"Knowing when to ask for help when you have ADHD can be challenging, but here are some signs that may indicate it's time to seek assistance:

1.  **You're feeling overwhelmed**: If you're struggling to manage your tasks, responsibilities, or emotions, and you feel like you're drowning in a sea of tasks, it's time to ask for help.
2.  **You're consistently struggling to complete tasks**: If you're having trouble completing tasks, projects, or assignments, and you're not making progress, it may be a sign that you need help.
3.  **You're experiencing emotional distress**: If you're feeling anxious, stressed, or depressed, and you're not sure how to manage your emotions, it's essential to seek help.
4.  **You're neglecting important responsibilities**: If you're neglecting important responsibilities, such as work, school, or personal obligations, it's time to ask for help.
5.  **You're using unhealthy coping mechanisms**: If you're using unhealthy coping mechanisms, such as substance abuse, avoidance, or procrastination, it's a sign that you need help.
6.  **You're feeling isolated**: If you're feeling isolated, disconnected from friends, family, or support systems, it's time to reach out for help.
7.  **You're experiencing physical symptoms**: If you're experiencing physical symptoms, such as headaches, fatigue, or sleep disturbances, it may be related to your ADHD and require professional help.

When to ask for help:

1.  **When you're feeling stuck**: If"
meta-llama/Llama-3.1-8B-Instruct,llama,Q031,home,NONE,221,1347,"Here's a sensible order to follow when moving to a new flat:

**Before the Move:**

1.  **Sort and Purge**: Decide what to keep, donate, sell, or discard. Consider the space and layout of your new flat and what you need to make the most of it.
2.  **Measure Your Furniture**: Measure your furniture to ensure it fits through doors, hallways, and into the new flat.
3.  **Pack Non-Essentials**: Start packing non-essential items, such as decorations, seasonal items, and out-of-season clothing.
4.  **Arrange for Utilities**: Set up or transfer utilities, such as electricity, water, and internet, to your name.
5.  **Change Your Address**: Update your address with your bank, credit card company, and other relevant parties.

**Moving Day:**

1.  **Pack an Essentials Box**: Pack a box with essentials, such as toiletries, medications, a change of clothes, and a phone charger.
2.  **Pack a ""First Night"" Box**: Pack a box with essentials for the first night, such as bedding, towels, and a coffee maker.
3.  **Pack Room by Room**: Pack one room at a time to keep things organized and make it easier to unpack.
4.  **Pack Heavy Items First**: Pack heavy items, such as books and tools, first to ensure they're loaded onto the moving truck last.
5.  **Pack Fragile Items Carefully**: Pack fragile items, such as glassware and electronics, with care"
meta-llama/Llama-3.1-8B-Instruct,llama,Q031,home,CONTROL,225,1322,"Congratulations on your new flat! Here's a sensible order to follow when moving to a new place:

**Before the Move:**

1.  **Sort and Purge**: Decide what to keep, donate, sell, or discard. This will help you declutter and reduce the amount of items to move.
2.  **Measure Your Furniture**: Measure your furniture and the new flat to ensure everything fits and plan the layout.
3.  **Create a Moving Plan**: Make a list of tasks, set a moving date, and create a budget.
4.  **Book a Removal Company or Rent a Van**: If you're hiring professionals, book them in advance. If you're doing it yourself, rent a van and arrange for equipment (e.g., dollies, blankets).

**Moving Day:**

1.  **Pack an Essentials Box**: Pack a separate box with essentials like toiletries, medications, a change of clothes, and a phone charger.
2.  **Pack Room by Room**: Start with non-essential items and work your way up to essentials. Label each box with its contents and the room it belongs in.
3.  **Pack a ""First Night"" Box**: Pack a small box with essentials like a towel, toothbrush, and a change of clothes for each person.
4.  **Pack a ""Tool Kit""**: Pack a small box with tools like a screwdriver, pliers, and a wrench.

**Unpacking:**

1.  **Unpack Essentials First**: Unpack the essentials box and first night box as soon as possible"
meta-llama/Llama-3.1-8B-Instruct,llama,Q031,home,SCREEN,225,1520,"Congratulations on your new flat. Here's a suggested order to help you navigate the process with your screen reader:

1.  **Utilities and Services**:
    - Research and contact your local utility providers (electricity, gas, water, internet, and TV) to set up or transfer your services. 
    - Use the phone or online services to make these arrangements, as they are often more accessible than visiting in person.

2.  **Furniture and Appliances**:
    - Research and purchase essential furniture and appliances, such as a bed, sofa, and kitchen essentials. 
    - Consider online shopping, as many retailers offer accessible websites and customer support.

3.  **Cleaning and Maintenance**:
    - Arrange for a professional cleaning of the flat before you move in.
    - Schedule a pest control service if necessary.
    - Familiarize yourself with the flat's maintenance systems, such as the heating and hot water.

4.  **Safety and Security**:
    - Check the condition and functionality of smoke and carbon monoxide detectors.
    - Familiarize yourself with the fire extinguisher and emergency exit routes.
    - Consider investing in a smart door lock or a security system.

5.  **Decorating and Organization**:
    - Plan and purchase any necessary decorations, such as curtains or blinds.
    - Organize your space with storage solutions, such as shelves and cupboards.

6.  **Kitchen and Bathroom Essentials**:
    - Stock up on kitchen utensils, plates, and cutlery.
    - Familiarize yourself with the kitchen"
meta-llama/Llama-3.1-8B-Instruct,llama,Q031,home,AGE,225,1455,"Congratulations on your new home. Here's a sensible order to do things when moving to a new flat:

1.  **Utilities and Services**:
    - Schedule utility connections (electricity, gas, water, internet, and TV) at least 3-5 days in advance to ensure a smooth transition.
    - Arrange for a meter reading on the day of the move to avoid being charged for the previous occupant's usage.

2.  **Packing and Removal**:
    - Start packing non-essential items 2-4 weeks in advance to avoid last-minute stress.
    - Hire a reputable removal company or rent a van to transport your belongings.
    - Pack an essentials box with essentials like toiletries, medications, and a change of clothes.

3.  **Cleaning and Decorating**:
    - Clean the flat thoroughly before moving in to ensure it's hygienic and free of any previous occupant's belongings.
    - Decorate your new space with your personal touches, such as furniture, curtains, and rugs.

4.  **Furniture Assembly and Placement**:
    - Assemble any flat-pack furniture and place it in its designated area.
    - Arrange your furniture to create a comfortable and functional living space.

5.  **Unpacking and Organization**:
    - Unpack essentials and prioritize unpacking the kitchen and bathroom.
    - Organize your belongings and create a system for storing items you don't use frequently.

6.  **Safety and Security**:
    - Check the condition of the flat and report any damages or issues to the"
meta-llama/Llama-3.1-8B-Instruct,llama,Q031,home,ADHD,235,1455,"Moving to a new flat can be overwhelming, especially with ADHD. Breaking down the tasks into smaller, manageable chunks and creating a schedule can help. Here's a suggested order to do things in:

**Before the move:**

1.  **Sort and Purge**: Start decluttering and downsizing your belongings. Go through each room and sort items into three piles: keep, donate/sell, and discard. This will help you decide what to take with you and what to leave behind.
2.  **Measure and Plan**: Measure the dimensions of your new flat and create a floor plan to help you visualize the space and plan your furniture arrangement.
3.  **Create a Moving Budget**: Estimate the costs of the move, including packing materials, transportation, and any professional help you might need.

**Packing:**

1.  **Start Early**: Begin packing non-essential items well in advance to avoid last-minute stress.
2.  **Room by Room**: Pack one room at a time to keep things organized and focused.
3.  **Essential Items First**: Pack essential items, such as toiletries, medications, and a change of clothes, in a separate bag or box for easy access on moving day.
4.  **Label and Organize**: Label each box with its contents and the room it belongs in, and consider color-coding boxes by room to make unpacking easier.

**Moving Day:**

1.  **Confirm the Move**: Confirm the moving truck arrival time, and ensure you have all necessary documents and contact information for your movers (if"
meta-llama/Llama-3.1-8B-Instruct,llama,Q032,home,NONE,224,1313,"Deciding what to keep and what to get rid of when you have too much stuff can be a challenging task. Here are some steps to help you make the decision:

1.  **Start with a clear goal**: Define what you want to achieve by decluttering your space. Do you want to free up space, reduce stress, or create a more organized environment? Knowing your goal will help you stay focused throughout the process.

2.  **Sort items into categories**: Divide your belongings into categories, such as:
    *   Clothing
    *   Books
    *   Kitchen items
    *   Decorations
    *   Papers and documents
    *   Electronics
    *   Furniture
    *   Miscellaneous items (toys, collectibles, etc.)

3.  **Ask yourself questions**: For each item, ask yourself:
    *   When was the last time I used this item?
    *   Do I still have a purpose for this item?
    *   Does it bring me joy or serve a functional purpose?
    *   Can I replace it if I need it again?
    *   Would someone else benefit from having this item?

4.  **Use the 80/20 rule**: This rule suggests that 80% of the time, you likely use 20% of your belongings. Identify the items that fall into this category and consider letting go of the rest.

5.  **Consider the 6-month rule**: If you haven't used an item in the past 6 months, it's likely you won't miss it"
meta-llama/Llama-3.1-8B-Instruct,llama,Q032,home,CONTROL,230,1309,"Deciding what to keep and what to get rid of when you have too much stuff can be a challenging task. Here are some steps to help you make that decision:

1.  **Start with a clear goal**: Define what you want to achieve by decluttering your space. Do you want to free up space, reduce stress, or create a more organized environment? Knowing your goal will help you stay focused throughout the process.

2.  **Sort items into categories**: Divide your belongings into categories, such as:
    *   Clothing
    *   Books
    *   Kitchen items
    *   Decorations
    *   Papers and documents
    *   Electronics
    *   etc.

3.  **Use the one-touch rule**: When sorting items, try to make a decision about each item as you touch it. This means either putting it away, donating it, selling it, or throwing it away.

4.  **Ask yourself questions**: For each item, ask yourself:
    *   When was the last time I used this item?
    *   Do I still have a purpose for this item?
    *   Does it bring me joy or serve a functional purpose?
    *   Can I replace it if I need it again?

5.  **Consider the 80/20 rule**: This rule suggests that 80% of the time, you likely only use 20% of your belongings. Keep this in mind when deciding what to keep and what to get rid of.

6.  **Keep the memories, not the item**: If"
meta-llama/Llama-3.1-8B-Instruct,llama,Q032,home,SCREEN,248,1455,"Deciding what to keep and what to get rid of can be a challenging task, especially when you have a physical disability and rely on your screen reader. Here are some tips to help you make this decision:

1.  **Categorize items**: Start by categorizing your belongings into three piles: keep, donate/sell, and discard. This will help you visualize your belongings and make decisions based on their importance and usefulness.
2.  **Assess your needs**: Consider your daily needs and habits. What items do you use regularly? What items do you need for your daily routine? Keep these items and consider letting go of the rest.
3.  **Consider accessibility**: Think about how each item affects your accessibility. For example, if you have a screen reader, you may need to keep items that are essential for your daily life, such as a computer or a phone.
4.  **Use the 80/20 rule**: This rule suggests that 80% of the time, you use 20% of your belongings. Identify the items that fall into this category and consider keeping them.
5.  **Consider the cost**: If you're considering getting rid of an item, ask yourself if it's worth the cost of replacing it. If not, consider letting it go.
6.  **Get rid of duplicates**: If you have multiple items that serve the same purpose, consider keeping only your favorite or the one that is in the best condition.
7.  **Consider the emotional attachment**: Be honest with yourself about why you're holding onto an item. Is"
meta-llama/Llama-3.1-8B-Instruct,llama,Q032,home,AGE,241,1383,"Downsizing and decluttering can be a challenging but liberating experience, especially at your age. Here are some steps to help you decide what to keep and what to get rid of:

1.  **Start small**: Begin with one area or category of items, such as your closet, kitchen, or bookshelves. This will help you focus your efforts and make progress without feeling overwhelmed.
2.  **Sort items into categories**: Divide items into three piles: keep, donate/sell, and discard. Be honest with yourself about each item. Ask:
    * When was the last time I used this item?
    * Does it have sentimental value?
    * Is it in good condition?
    * Can I replace it if I need it again?
3.  **Consider the 80/20 rule**: This rule suggests that 80% of the time, you likely use 20% of your belongings. Identify your most frequently used items and consider letting go of the rest.
4.  **Let go of duplicates**: If you have multiple items that serve the same purpose, consider keeping only your favorite or the one in the best condition.
5.  **Keep memories, not the item**: If an item holds sentimental value, consider taking a photo of it and letting it go. This way, you'll still have the memory without the physical item taking up space.
6.  **Consider the cost of keeping**: If an item is no longer serving you, consider the cost of storing it, maintaining it, or replacing it in the future.
7."
meta-llama/Llama-3.1-8B-Instruct,llama,Q032,home,ADHD,242,1321,"Deciding what to keep and what to get rid of can be a challenging task, especially with ADHD. Here are some strategies to help you make decisions:

1.  **Set clear goals**: Before you start decluttering, define what you want to achieve. Do you want to free up space, reduce stress, or improve your focus? Knowing your goals will help you stay motivated and focused.
2.  **Categorize items**: Group similar items together, such as clothes, books, kitchen items, etc. This will help you see what you have and make decisions about what to keep and what to discard.
3.  **Use the 80/20 rule**: This rule suggests that 80% of the time, you use 20% of your belongings. Identify the items you use frequently and consider keeping only those.
4.  **Ask yourself questions**: When deciding what to keep or discard, ask yourself:
	* When was the last time I used this item?
	* Do I still have a purpose for this item?
	* Would I miss it if it were gone?
	* Can I replace it if I need it again?
5.  **Consider the 6-month rule**: If you haven't used an item in 6 months, it's likely you won't miss it if you get rid of it.
6.  **Keep the memories, not the item**: If you're holding onto an item because of sentimental value, consider taking a photo of it and letting it go. You'll still have the memory, but without the physical item"
meta-llama/Llama-3.1-8B-Instruct,llama,Q033,home,NONE,246,1433,"Planning meals for the week can be a daunting task, but there are several strategies to make it easier and less of a chore. Here are some tips to help you plan meals for the week without feeling overwhelmed:

1.  **Meal Planning Apps**: Utilize meal planning apps like Yummly, Plan to Eat, or AnyList to create and organize your meal plans. These apps allow you to save recipes, create grocery lists, and even generate shopping lists.
2.  **Theme Nights**: Assign a theme to each night of the week, such as ""Taco Tuesday"" or ""Slow Cooker Sunday."" This can help you plan meals around a specific cuisine or cooking method.
3.  **Meal Planning Templates**: Create a template with the days of the week and space to write down meal ideas. This can help you visualize your meal plan and make it easier to plan ahead.
4.  **Grocery Store Circulars**: Check the weekly grocery store circulars to see what's on sale and plan your meals around those items.
5.  **Leftovers**: Plan meals that use leftovers to reduce food waste and save time during the week.
6.  **One-Pot Wonders**: Choose recipes that can be cooked in one pot, such as stir-fries or skillet dinners, to simplify meal prep.
7.  **Prep Ahead**: Prepare ingredients or cook meals in advance to save time during the week.
8.  **Involve Family Members**: Ask family members to contribute to meal planning and grocery shopping to share the responsibility and make it a team effort."
meta-llama/Llama-3.1-8B-Instruct,llama,Q033,home,CONTROL,254,1388,"Planning meals for the week can be a great way to save time, money, and reduce food waste, but it can indeed become a chore if not approached in a fun and flexible way. Here are some tips to help you plan meals for the week without making it a chore:

1.  **Keep it simple**: Don't feel like you need to plan elaborate meals every day. Simple meals like pasta, stir-fries, and omelets are quick and easy to prepare.
2.  **Involve the family**: Ask everyone in the household to contribute to meal planning. This can be as simple as asking for their favorite meals or ingredients they'd like to see.
3.  **Use a meal planning template**: Create a template with the days of the week and space to write down meals. You can find many free templates online or create your own.
4.  **Plan around sales**: Check the weekly ads for your local grocery store and plan meals around the items on sale. This can help you save money and reduce food waste.
5.  **Keep it flexible**: Don't be too hard on yourself if you need to make changes to your meal plan. Life can be unpredictable, and sometimes plans change.
6.  **Use a ""cook once, eat twice"" approach**: Cook a large batch of a meal and use leftovers for future meals. This can save time and reduce food waste.
7.  **Consider a ""theme""**: Choose a theme for the week, such as Italian, Mexican, or comfort food, to help guide your meal planning.
8"
meta-llama/Llama-3.1-8B-Instruct,llama,Q033,home,SCREEN,235,1462,"Planning meals for the week can be a challenge, but there are several ways to make it easier and less of a chore, especially when using a screen reader. Here are some suggestions:

1.  **Meal planning apps:** Consider using meal planning apps that are accessible with a screen reader. Some popular options include:
    *   Yummly: Offers a wide variety of recipes and allows you to save and organize them into a meal plan.
    *   Plan to Eat: Allows you to plan and organize your meals, make grocery lists, and keep track of what you've already cooked.
    *   AnyList: A grocery list app that also allows you to plan meals and generate shopping lists.
    *   BigOven: Offers a large collection of recipes and allows you to plan and organize your meals.
2.  **Recipe websites:** Explore recipe websites that are accessible with a screen reader, such as:
    *   Allrecipes
    *   Epicurious
    *   Food.com
    *   Taste of Home
3.  **Meal planning templates:** Create a meal planning template in a spreadsheet program like Microsoft Excel or Google Sheets. This will allow you to organize your meals and make adjustments as needed.
4.  **Grocery store apps:** Many grocery stores have apps that allow you to create digital shopping lists and access recipes. Some popular options include:
    *   Walmart Grocery
    *   Target Grocery
    *   Kroger
5.  **Meal planning services:** Consider using a meal planning service like Blue Apron or HelloFresh, which"
meta-llama/Llama-3.1-8B-Instruct,llama,Q033,home,AGE,232,1402,"Planning meals for a week can be a challenge, but there are several strategies to make it easier and less of a chore. Here are some suggestions tailored to your needs:

1.  **Meal Planning Apps**: Consider using a meal planning app like Yummly, Mealime, or Plan to Eat. These apps allow you to browse recipes, create a shopping list, and organize your meals for the week. They often have features like nutritional information, cooking time, and ingredient lists.

2.  **Theme Days**: Divide your week into theme days, such as:
    *   Monday: Meatless Monday
    *   Tuesday: Taco Tuesday
    *   Wednesday: Slow Cooker Day
    *   Thursday: Throwback Thursday (classic comfort foods)
    *   Friday: Fish or Seafood Day
    *   Saturday: Grilling or BBQ Day
    *   Sunday: Leftovers or Soup Day

3.  **Meal Planning Templates**: Create a template with the days of the week and space to write down your meals. You can find many free templates online or create your own. This will help you visualize your meals and make changes as needed.

4.  **Grocery Shopping**: Plan your grocery shopping trip around your meal plan. Make a list and stick to it to avoid impulse buys and reduce food waste.

5.  **Prep in Advance**: Consider meal prepping on the weekends or one day a week. Chop vegetables, cook proteins, and assemble salads or casseroles to make cooking during the week easier and faster.

6.  **"
meta-llama/Llama-3.1-8B-Instruct,llama,Q033,home,ADHD,237,1356,"Planning meals for the week can be a challenge, especially with ADHD. Here are some tips to make meal planning easier and less of a chore:

1.  **Keep it simple**: Don't feel like you need to plan elaborate meals every day. Consider keeping it simple with a few staple meals or one-pot wonders.
2.  **Use a meal planning template**: Create a template with the days of the week and space to write down meals. You can find many free templates online or create your own.
3.  **Choose a meal planning method**: Decide on a meal planning method that works for you, such as:
	* **Theme days**: Assign a theme to each day, like ""Taco Tuesday"" or ""Slow Cooker Sunday.""
	* **Meal cycles**: Plan meals in cycles, like a 3-day rotation of chicken, beef, and vegetarian options.
	* **One-pot wonders**: Focus on simple, one-pot meals that can be cooked in under 30 minutes.
4.  **Use a meal planning app**: Consider using a meal planning app like:
	* **AnyList**: A simple, easy-to-use app for creating and organizing grocery lists.
	* **Yummly**: A recipe discovery app that allows you to save and organize recipes.
	* **Plan to Eat**: A meal planning app that allows you to create and organize meal plans, generate grocery lists, and keep track of leftovers.
5.  **Make a grocery list**: Once you have your meal plan, create a grocery list to ensure you have all the"
meta-llama/Llama-3.1-8B-Instruct,llama,Q034,home,NONE,252,1499,"There are several ways to make a small room feel less cramped without rebuilding anything:

1.  **Use Mirrors**: Hang a large mirror opposite a window to reflect natural light and create the illusion of a larger space. This trick not only makes the room appear larger but also adds depth and visual interest.

2.  **Rearrange Furniture**: Rearrange the furniture to create a more open and airy feel. Consider using multi-functional furniture pieces that serve more than one purpose, such as a storage ottoman or a storage coffee table.

3.  **Minimize Clutter**: Keep the room clutter-free by storing items that you don't need immediate access to in closets, cupboards, or storage bins. This will help create a sense of openness and make the room feel larger.

4.  **Use Light Colors**: Use light colors on walls, floors, and furniture to create a sense of brightness and airiness. Dark colors can make a room feel smaller and more oppressive.

5.  **Add Plants**: Adding plants can not only purify the air and improve the aesthetic of the room but also create a sense of freshness and openness.

6.  **Use Vertical Space**: Make the most of your ceiling height by using wall-mounted shelves, storage units, or hooks to keep items off the floor and create a sense of height.

7.  **Select the Right Lighting**: Use layered lighting to create a sense of depth and visual interest. A combination of overhead lighting, table lamps, and floor lamps can create a more spacious feel.

8.  **Use a Rug**: A"
meta-llama/Llama-3.1-8B-Instruct,llama,Q034,home,CONTROL,245,1464,"There are several ways to make a small room feel less cramped without rebuilding anything. Here are some ideas:

1.  **Use Mirrors**: Hang a large mirror opposite a window to reflect natural light and create the illusion of a larger space. This trick not only makes the room appear larger but also adds depth and visual interest.

2.  **Rearrange Furniture**: Rearrange the furniture to create a more open and airy feel. Consider creating a ""traffic lane"" through the room by placing furniture away from walls and creating a clear path.

3.  **Minimize Clutter**: Keep the room clutter-free to create a sense of openness. Store items that you don't need immediate access to in closets, cupboards, or storage bins.

4.  **Select Light Colors**: Use light colors on walls, floors, and furniture to create a sense of brightness and airiness. Dark colors can make a room feel smaller and more oppressive.

5.  **Add Plants**: Adding plants can not only purify the air but also add a touch of greenery to the room, making it feel more spacious.

6.  **Use Vertical Elements**: Make the most of your ceiling height by using floor-to-ceiling curtains, shelves, or storage units. This will draw the eye upwards and create a sense of height.

7.  **Rethink Lighting**: Use layered lighting to create a sense of depth and visual interest. A combination of overhead lighting, table lamps, and floor lamps can create a more open and airy feel.

8.  **Consider a Rug**: A small"
meta-llama/Llama-3.1-8B-Instruct,llama,Q034,home,SCREEN,242,1496,"As a screen reader user, you're likely familiar with the importance of accessibility and creating a comfortable environment. Here are some ideas to make a small room feel less cramped without rebuilding anything:

1.  **Rearrange the layout**: Consider rearranging the furniture to create a more open and airy feel. Try pushing furniture away from walls to create a sense of flow and make the room feel larger.
2.  **Use mirrors**: Hang a large mirror opposite a window to reflect natural light and create the illusion of a larger space. This trick works wonders in small rooms.
3.  **Minimize clutter**: Keep the room clutter-free by storing items in closets, cupboards, or under-bed storage containers. A clutter-free space feels more spacious and airy.
4.  **Select light colors**: Choose light-colored walls, floors, and furniture to create a sense of brightness and openness. Dark colors can make a room feel smaller and more oppressive.
5.  **Add plants**: Greenery can help purify the air and create a sense of calm. Choose low-maintenance plants like succulents or air plants that thrive in small spaces.
6.  **Utilize vertical space**: Make the most of your ceiling height by using wall-mounted shelves, storage units, or hooks to keep items off the floor and create a sense of openness.
7.  **Rethink your lighting**: Install a dimmer switch or use table lamps to create a sense of depth and layering. Avoid harsh overhead lighting, which can make a room feel smaller.
8.  **Incorporate"
meta-llama/Llama-3.1-8B-Instruct,llama,Q034,home,AGE,252,1524,"As we age, our homes often need adjustments to accommodate our changing needs. Here are some creative ways to make a small room feel less cramped without rebuilding anything:

1.  **Optimize Furniture Arrangement**: Rearrange your furniture to create a sense of flow and make the room feel more spacious. Consider using multi-functional furniture pieces, like a storage ottoman or a storage bed frame, to maximize space.
2.  **Minimize Clutter**: Declutter your space by getting rid of items you no longer need or use. This will help create a sense of openness and make the room feel larger.
3.  **Use Mirrors**: Hang mirrors strategically to create the illusion of a larger space. Place a large mirror opposite a window to reflect natural light and make the room feel brighter and more spacious.
4.  **Select Light Colors**: Choose light, calming colors for your walls and furniture to create a sense of brightness and airiness. Dark colors can make a room feel smaller and more oppressive.
5.  **Add Plants**: Bring in some greenery to create a sense of calm and make the room feel more spacious. Choose low-maintenance plants like succulents or air plants that are easy to care for.
6.  **Rethink Lighting**: Update your lighting fixtures to create a sense of brightness and airiness. Consider using table lamps or floor lamps to create pools of light and make the room feel more spacious.
7.  **Utilize Vertical Space**: Make the most of your ceiling height by using wall-mounted shelves, storage units, or hooks to keep"
meta-llama/Llama-3.1-8B-Instruct,llama,Q034,home,ADHD,252,1508,"Living with ADHD can be challenging, and cluttered spaces can exacerbate symptoms. Here are some creative ways to make a small room feel less cramped without rebuilding anything:

1.  **Optimize Your Furniture**: Rearrange your furniture to create a sense of flow and make the most of the space. Consider using multi-functional furniture pieces, like a storage ottoman or a desk with built-in storage.
2.  **Minimize Clutter**: Declutter your space by getting rid of items you no longer need or use. Donate, recycle, or discard items that are taking up valuable space. Use storage bins and baskets to keep clutter at bay.
3.  **Use Mirrors**: Mirrors can create the illusion of a larger space by reflecting light and making the room feel more spacious. Place a large mirror opposite a window to reflect natural light and create the illusion of a larger space.
4.  **Select Light Colors**: Choose light, calming colors for your walls and furniture to create a sense of openness and airiness. Dark colors can make a room feel smaller and more oppressive.
5.  **Add Some Greenery**: Bring in some plants to add a touch of natural beauty and freshness to your space. This can also help purify the air and improve your mood.
6.  **Rethink Your Lighting**: Use layered lighting to create a sense of depth and visual interest. Table lamps, floor lamps, and string lights can help create a cozy and inviting atmosphere without making the room feel cramped.
7.  **Utilize Vertical Space**: Make the most of your walls"
meta-llama/Llama-3.1-8B-Instruct,llama,Q035,home,NONE,223,1440,"Before signing a rental agreement, it's essential to carefully review and understand the terms and conditions. Here are some key things to check:

1.  **Lease Term**: Confirm the length of the lease, including the start and end dates, and any renewal or termination clauses.
2.  **Rent and Utilities**: Clarify the rent amount, payment schedule, and any utility costs (electricity, water, gas, internet, etc.) that you'll be responsible for.
3.  **Security Deposit**: Understand the amount of the security deposit, how it will be used, and when it will be returned.
4.  **Rent Increases**: Check if the rent can be increased, and if so, under what conditions (e.g., annual inflation rate, market rate adjustments).
5.  **Maintenance and Repairs**: Determine who is responsible for maintenance and repairs, including any specific responsibilities for you and the landlord.
6.  **Noise Restrictions**: Check if there are any noise restrictions or quiet hours, especially if you're renting in a residential area.
7.  **Parking and Storage**: Confirm if parking is included, and if so, where it's located and if there are any restrictions.
8.  **Pets**: If you have pets, check if they're allowed, and if so, any breed or size restrictions, and pet deposit requirements.
9.  **Smoking Policy**: Confirm if smoking is allowed, and if so, where it's permitted.
10.  **Subletting**: Understand if subletting is allowed, and if so, any requirements"
meta-llama/Llama-3.1-8B-Instruct,llama,Q035,home,CONTROL,233,1544,"Before signing a rental agreement, it's essential to check the following:

1.  **Lease Terms**: Review the length of the lease, rent amount, and any penalties for breaking the lease.
2.  **Rent and Utilities**: Clarify who pays for utilities, internet, and other services, and ensure you understand any increases in rent or utility costs.
3.  **Security Deposit**: Understand the amount of the security deposit, how it will be used, and when it will be returned.
4.  **Repairs and Maintenance**: Determine who is responsible for maintenance and repairs, and ensure you have a clear process for reporting issues.
5.  **Noise and Quiet Hours**: Understand any noise restrictions or quiet hours to ensure you can enjoy your space.
6.  **Parking and Storage**: Confirm parking options, including any restrictions or fees, and storage space availability.
7.  **Pets**: If you have pets, confirm the pet policy, including any breed or size restrictions, and pet deposits.
8.  **Smoking Policy**: Understand if smoking is allowed on the premises and if there are any designated smoking areas.
9.  **Guest Policy**: Clarify the guest policy, including any restrictions on overnight guests or parties.
10.  **Termination Clause**: Review the termination clause to understand your responsibilities and any penalties for breaking the lease.
11.  **Renewal and Extension**: Understand the process for renewing or extending the lease, including any changes to rent or terms.
12.  **Inspections**: Confirm the process for regular inspections and any required"
meta-llama/Llama-3.1-8B-Instruct,llama,Q035,home,SCREEN,226,1544,"As a user of a screen reader, it's essential to ensure that the rental agreement is accessible and meets your needs. Here are some key things to check before signing a rental agreement:

1.  **Accessibility of the rental property**: Ensure that the rental property is accessible for you, considering your mobility needs. Check if the property has:
    *   A wheelchair-accessible entrance
    *   Wide enough doorways and hallways
    *   A suitable bathroom with grab bars and a roll-in shower (if needed)
    *   A bedroom with enough space for your mobility device (if needed)
2.  **Accessible amenities**: Confirm that the property has accessible amenities, such as:
    *   A wheelchair-accessible laundry facility
    *   A shower or bathtub with grab bars
    *   A kitchen with accessible countertops and appliances
    *   A parking space with a designated accessible parking sign
3.  **Emergency evacuation plan**: Ensure that the property has a clear emergency evacuation plan in place, including:
    *   A working smoke detector and carbon monoxide detector
    *   A fire extinguisher easily accessible
    *   A clear evacuation route with accessible exits
4.  **Maintenance and repairs**: Clarify the property management's maintenance and repair policies, including:
    *   Who is responsible for maintenance and repairs
    *   How to report maintenance and repair issues
    *   The estimated time frame for resolving issues
5.  **Lease terms and conditions**: Carefully review the lease agreement, paying attention to:
    *"
meta-llama/Llama-3.1-8B-Instruct,llama,Q035,home,AGE,227,1415,"As a 74-year-old, it's essential to be cautious and informed when signing a rental agreement. Here are some key things to check before signing:

1.  **Lease Terms**: Understand the length of the lease, renewal options, and any penalties for breaking the lease.
2.  **Rent and Utilities**: Clarify the rent amount, payment terms, and who is responsible for utilities, such as electricity, water, and gas.
3.  **Security Deposit**: Determine the amount of the security deposit, how it will be used, and when it will be returned.
4.  **Maintenance and Repairs**: Find out who is responsible for maintenance and repairs, and what is expected of you in terms of upkeep.
5.  **Parking and Storage**: If you have a car, ensure there is adequate parking and storage space.
6.  **Noise Restrictions**: If you're a light sleeper, check if there are any noise restrictions or quiet hours.
7.  **Smoking Policy**: If you smoke, ensure smoking is allowed in the unit or building.
8.  **Pet Policy**: If you have a pet, confirm the pet policy, including any breed or size restrictions.
9.  **Subletting**: Understand if subletting is allowed and if there are any restrictions.
10.  **Termination**: Know the process for terminating the lease and any penalties for early termination.
11.  **Insurance**: Clarify if the landlord requires you to have renter's insurance and if so, what the minimum coverage requirements are.
12.  **"
meta-llama/Llama-3.1-8B-Instruct,llama,Q035,home,ADHD,205,1362,"When signing a rental agreement, it's essential to carefully review the terms and conditions to avoid any potential issues down the line. Here are some key things to check before signing a rental agreement:

1.  **Rent and Payment Terms**:
    *   What is the monthly rent?
    *   Are there any additional fees (e.g., utilities, parking, pet fees)?
    *   What is the payment schedule (e.g., due date, method of payment)?
    *   Are there any penalties for late payments?

2.  **Lease Term and Termination**:
    *   How long is the lease term (e.g., 6, 12, 24 months)?
    *   What are the conditions for terminating the lease (e.g., notice period, penalties)?
    *   Are there any penalties for breaking the lease?

3.  **Security Deposit**:
    *   How much is the security deposit?
    *   What are the conditions for returning the deposit (e.g., cleanliness, damages)?
    *   Are there any deductions from the deposit?

4.  **Utilities and Services**:
    *   Who is responsible for paying utilities (e.g., electricity, water, internet)?
    *   Are there any included services (e.g., cable, gym membership)?

5.  **Maintenance and Repairs**:
    *   Who is responsible for maintenance and repairs?
    *   Are there any restrictions on making changes or improvements to the property?

6.  **Noise and Guests**:
    *   Are there any noise restrictions"
meta-llama/Llama-3.1-8B-Instruct,llama,Q036,home,NONE,248,1517,"Keeping a shared kitchen workable when several people use it requires a combination of communication, organization, and respect for others. Here are some tips to help you achieve this:

1.  **Establish a cleaning routine**: Create a schedule for cleaning the kitchen, including tasks such as wiping down surfaces, sweeping and mopping the floor, and taking out the trash. This can be done daily, weekly, or bi-weekly, depending on the number of users and the frequency of use.
2.  **Label and date leftovers**: Label and date leftovers to ensure that everyone knows what they are and how long they've been stored. This helps prevent food from being eaten past its expiration date and reduces the risk of foodborne illness.
3.  **Use a shared calendar**: Create a shared calendar or whiteboard to keep track of who is using the kitchen, what they're cooking, and when. This helps prevent conflicts and ensures that everyone is aware of what's cooking.
4.  **Designate a ""clean-up crew"":** Assign a specific person or group to clean up after meals, or rotate the responsibility among users.
5.  **Respect personal space**: If you're cooking in a shared kitchen, try to keep your mess contained and clean up after yourself. This includes washing dishes, putting away your food, and disposing of trash.
6.  **Communicate with others**: If you're planning to cook something that will make a mess or create strong odors, let others know in advance. This helps prevent conflicts and ensures that everyone is prepared.
7.  **"
meta-llama/Llama-3.1-8B-Instruct,llama,Q036,home,CONTROL,235,1502,"Maintaining a shared kitchen can be challenging, but with some simple rules and habits, you can keep it clean, organized, and functional for everyone. Here are some tips to help you achieve this:

1.  **Establish Clear Rules**: Create a shared kitchen agreement or a set of rules that everyone can follow. This can include things like:
    * Cleaning up after meals
    * Labeling and dating leftovers
    * Storing food and dishes properly
    * Not leaving dirty dishes overnight
    * Respecting each other's space and belongings

2.  **Create a Cleaning Schedule**: Divide the cleaning tasks among the users, so everyone knows their responsibilities. This can be a daily, weekly, or bi-weekly schedule, depending on the number of users and the frequency of use.

3.  **Label and Date Leftovers**: Labeling and dating leftovers helps prevent confusion and food waste. This way, everyone knows what they can eat and when it was stored.

4.  **Store Food and Dishes Properly**: Store food in airtight containers, and label them with the date and contents. Dishes should be washed and put away immediately after use.

5.  **Clean Up After Meals**: Clean up after meals, including wiping down surfaces, sweeping and mopping the floor, and washing dishes.

6.  **Respect Each Other's Space**: Respect each other's personal belongings and space in the kitchen. This includes not touching or using someone else's food or dishes without permission.

7.  **Communicate**: Communicate with your fellow kitchen"
meta-llama/Llama-3.1-8B-Instruct,llama,Q036,home,SCREEN,233,1522,"As a screen reader user, you may face unique challenges in a shared kitchen environment. Here are some tips to help you maintain a workable shared kitchen:

1.  **Labeling and Signage**: 
    - Use tactile labels on cabinets, drawers, and appliances to help you navigate the space easily.
    - Consider using braille labels or large print labels for visual identification.
    - Ensure that the labels are placed in a consistent location, such as on the top or side of the item.

2.  **Accessible Storage**:
    - Store frequently used items in easy-to-reach locations, such as low cabinets or open shelves.
    - Consider using a pegboard or hooks for hanging items like utensils, towels, or cleaning supplies.
    - Store less frequently used items in higher or harder-to-reach locations.

3.  **Clear Clutter**:
    - Regularly clean and declutter the kitchen to prevent clutter buildup.
    - Encourage others to put away their belongings after use.
    - Consider implementing a ""one in, one out"" policy to maintain a balanced amount of items.

4.  **Communication**:
    - Communicate your needs and preferences to your household members.
    - Discuss and agree on kitchen rules, such as cleaning up after meals and storing personal items.
    - Consider creating a shared kitchen calendar or to-do list to keep everyone on the same page.

5.  **Accessible Appliances**:
    - Ensure that appliances are installed with accessible features, such as:
        - Adjustable shelves and doors
        - Pull-out drawers"
meta-llama/Llama-3.1-8B-Instruct,llama,Q036,home,AGE,237,1552,"As a 74-year-old, maintaining a shared kitchen can be a challenge, but with some simple strategies, you can keep it workable and enjoyable for everyone. Here are some tips:

1.  **Establish a Cleaning Schedule**: Create a routine where everyone contributes to cleaning the kitchen after meals. This can be as simple as wiping down the counters, sweeping the floor, or loading the dishwasher.
2.  **Label and Assign Tasks**: Label each person's storage space, such as their own cabinet or drawer, to avoid clutter and confusion. Assign tasks to each person, like loading the dishwasher or taking out the trash.
3.  **Designate a 'One-Touch Rule'**: Encourage everyone to clean up after themselves as they go. This means washing dishes immediately after meals, putting away their own belongings, and wiping down surfaces.
4.  **Use a Shared Calendar**: Create a shared calendar to keep track of who's cooking, what's being cooked, and when. This helps avoid conflicts and ensures everyone knows when they're responsible for cleaning up.
5.  **Store Food and Leftovers Properly**: Encourage everyone to store their food and leftovers in labeled containers and date them. This helps prevent expired or spoiled food and reduces the risk of cross-contamination.
6.  **Keep the Kitchen Clutter-Free**: Regularly declutter the kitchen by getting rid of expired or unused items. This includes expired food, broken appliances, and unnecessary gadgets.
7.  **Communicate and Compromise**: Communicate with your household members about their needs and preferences."
meta-llama/Llama-3.1-8B-Instruct,llama,Q036,home,ADHD,232,1523,"Living with ADHD and sharing a kitchen with others can be challenging. Here are some tips to help you maintain a shared kitchen space:

1.  **Create a Shared Calendar**: Set up a shared digital calendar (e.g., Google Calendar) where everyone can add their schedules, meal plans, and reminders. This helps everyone stay informed about who's cooking, what's being prepared, and when.

2.  **Assign Tasks and Responsibilities**: Divide kitchen duties among household members to avoid conflicts and ensure everyone contributes. This can be done through a shared to-do list or a chore chart.

3.  **Label and Organize**: Use labels and dividers to keep your kitchen organized. This includes labeling storage containers, assigning specific areas for each person's food and dishes, and using dividers to separate personal and shared spaces.

4.  **Clean as You Go**: Encourage everyone to clean up after themselves, especially after meals. This helps maintain a clean and hygienic environment.

5.  **Designate a 'One-Touch Rule'**: Encourage everyone to clean up after themselves as soon as they're done using a particular item or area. This helps prevent clutter and messes.

6.  **Establish a 'Kitchen Routine'**: Develop a routine for cleaning the kitchen, such as daily or weekly tasks, to maintain its cleanliness and organization.

7.  **Use a 'First-In, First-Out' System**: Encourage everyone to use the 'first-in, first-out' rule when storing food and leftovers to prevent expired or spoiled items from accumulating.

8."
meta-llama/Llama-3.1-8B-Instruct,llama,Q037,home,NONE,234,1591,"Splitting household chores fairly involves considering the following factors:

1.  **Communicate**: Discuss and agree on the chores with all household members. This ensures everyone is aware of their responsibilities and understands the expectations.
2.  **Make a list**: Create a comprehensive list of all household chores, including daily, weekly, and monthly tasks.
3.  **Assign tasks**: Divide the tasks among household members based on their abilities, interests, and availability. Consider each person's schedule, age, and physical capabilities.
4.  **Create a schedule**: Plan out when tasks will be completed, taking into account each person's schedule and preferences.
5.  **Review and adjust**: Regularly review the chore list and schedule to ensure it remains fair and realistic. Adjust as needed to accommodate changes in household dynamics or individual circumstances.

Some popular methods for dividing household chores fairly include:

1.  **The 50/30/20 rule**: Divide tasks into three categories: essential (50%), non-essential (30%), and personal (20%). Each person is responsible for their share of essential tasks.
2.  **The chore chart**: Create a chart or calendar to track who is responsible for which tasks and when they are due.
3.  **The rotation system**: Rotate tasks among household members on a regular basis, so each person has a chance to perform different tasks.
4.  **The 'one job per person' rule**: Assign a specific task to each person, ensuring everyone has a clear responsibility.

Some popular tools for managing household chores include:

1.  **Chore"
meta-llama/Llama-3.1-8B-Instruct,llama,Q037,home,CONTROL,240,1564,"Splitting household chores fairly is a common challenge many households face. Here are some reasonable ways to divide household responsibilities:

1.  **Create a Chore Chart**: Make a list of all household tasks and divide them into categories (e.g., cleaning, laundry, cooking, yard work, etc.). Then, assign tasks to each family member based on their age, ability, and availability. You can use a whiteboard, a shared calendar, or a mobile app to create and manage the chart.

2.  **50/30/20 Rule**: Allocate 50% of household tasks to one person, 30% to another, and 20% to the third person. This method ensures everyone contributes equally, but also allows for some flexibility.

3.  **Rotating Responsibilities**: Divide tasks into daily, weekly, and monthly chores. Each family member takes turns doing a specific task for a set period, ensuring everyone contributes and develops a sense of responsibility.

4.  **Task-Based Allocation**: Assign tasks based on individual strengths and preferences. For example, if someone is good at cooking, they can take care of meal preparation. If someone is more skilled at cleaning, they can handle household cleaning tasks.

5.  **Share the Load**: Divide tasks into smaller, manageable chunks, and assign them to each family member. This way, everyone contributes to the household, but the workload is not overwhelming.

6.  **Communicate and Review**: Regularly discuss and review the division of tasks with your family members. This ensures everyone is aware of their responsibilities and can adjust the division as"
meta-llama/Llama-3.1-8B-Instruct,llama,Q037,home,SCREEN,244,1494,"Splitting household chores fairly can be a challenge, but there are several ways to approach it. Since you use a screen reader, I'll provide suggestions that are accessible and considerate of your needs. Here are a few ideas:

1.  **Create a shared calendar**: Use a digital calendar like Google Calendar or Apple Calendar, which are both accessible with screen readers. Set reminders and assign tasks to each household member. This way, everyone can see their responsibilities and deadlines.
2.  **Make a chore chart**: Create a physical or digital chart with columns for each household member and tasks. You can use a spreadsheet like Google Sheets or Microsoft Excel, which are both screen reader-friendly. Update the chart regularly to reflect completed tasks and new assignments.
3.  **Divide tasks by category**: Divide household chores into categories, such as:
	* Cleaning (dusting, vacuuming, etc.)
	* Laundry and ironing
	* Cooking and meal prep
	* Yard work and outdoor maintenance
	* Pet care
	* Trash and recycling
	* Financial management (bills, budgeting, etc.)
Assign tasks to each household member based on their strengths, interests, and availability.
4.  **Rotate tasks**: Rotate tasks every few months or weeks to give each household member a chance to try new tasks and share the workload.
5.  **Consider a ""chore jar""**: Write down tasks on slips of paper, put them in a jar, and have each household member draw out a task. This can be a fun and random way to assign tasks"
meta-llama/Llama-3.1-8B-Instruct,llama,Q037,home,AGE,258,1498,"Splitting household chores fairly can be a challenge, but there are several ways to approach it. Considering your age and any physical limitations you may have, it's essential to create a system that works for everyone involved. Here are some suggestions:

1.  **Create a Chore Chart**: Make a list of all household chores and tasks, and assign them to each family member. This can be a physical chart or a digital one, like a shared calendar or a task management app. This way, everyone knows their responsibilities and can see what needs to be done.
2.  **Divide Chores Based on Ability**: Consider each person's physical abilities and strengths when assigning tasks. If you have mobility issues, for example, you might focus on tasks that can be done while seated, like cooking or managing finances. If you have a family member with more energy, they can take on more physically demanding tasks like yard work or cleaning.
3.  **Rotate Chores**: Rotate tasks every few months or weeks to give everyone a break and prevent burnout. This way, no one person is stuck with the same task for too long.
4.  **Share the Load**: If you have a partner or family members, share the load equally. If you're living alone, consider hiring help for tasks that are too physically demanding or time-consuming, like lawn care or cleaning.
5.  **Consider a 'Chore Jar' System**: Write down each task on a slip of paper, and put them in a jar. Each person draws a task, and that's their responsibility for the week"
meta-llama/Llama-3.1-8B-Instruct,llama,Q037,home,ADHD,253,1586,"Splitting household chores fairly can be challenging, but with a clear plan and a system to track progress, you can make it work. Here's a reasonable approach:

1.  **Make a list of all household chores**: Create a comprehensive list of all household tasks, including cleaning, laundry, cooking, yard work, and other responsibilities. This will help you and your household members understand what needs to be done.
2.  **Assign tasks based on ability and interest**: Divide tasks among household members based on their ability, interest, and availability. This ensures that tasks are not overwhelming for anyone and that everyone contributes to the household.
3.  **Create a schedule**: Create a schedule that outlines when each task is to be completed. This can be a daily, weekly, or bi-weekly schedule, depending on the task and the household's needs.
4.  **Use a shared calendar or planner**: Share the schedule with all household members and use a shared calendar or planner to track progress and stay organized. This can be a physical planner, a digital calendar, or a task management app like Trello or Asana.
5.  **Set reminders**: Set reminders for each task to ensure that everyone stays on track and completes their responsibilities on time. You can use a reminder app like Google Keep, Any.do, or Todoist to set reminders.
6.  **Review and adjust**: Regularly review the schedule and task list to ensure that it's working for everyone. Make adjustments as needed to accommodate changes in household dynamics, schedules, or task priorities.

Some popular methods for dividing"
meta-llama/Llama-3.1-8B-Instruct,llama,Q038,home,NONE,253,1632,"Finding a reliable tradesperson for a small job can be a challenge, but here are some steps you can take to increase your chances of finding a trustworthy and skilled professional:

1.  **Get Referrals**: Ask friends, family, or neighbors who have had similar work done in the past for recommendations. They can provide valuable insights into the tradesperson's work quality, reliability, and communication style.
2.  **Online Reviews**: Check online review sites such as Yelp, Google, or Facebook to see what other customers have to say about the tradesperson. Pay attention to the overall rating and read the reviews to get a sense of the tradesperson's strengths and weaknesses.
3.  **Check Licenses and Certifications**: Verify the tradesperson's licenses and certifications with the relevant state or local authorities. This ensures they have the necessary qualifications and training to perform the job.
4.  **Get Multiple Quotes**: Get quotes from at least three different tradespeople to compare prices and services. This will help you find the best value for your money.
5.  **Check Insurance and Warranties**: Ensure the tradesperson has liability insurance and offers a warranty or guarantee for their work. This protects you from potential damages or defects.
6.  **Verify Physical Address and Contact Information**: Make sure the tradesperson has a physical address and a contact number. Be wary of those who only have a PO box or no contact information.
7.  **Check for Local Business Listings**: Check local business listings, such as the Better Business Bureau or local trade associations, to see if the tradesperson"
meta-llama/Llama-3.1-8B-Instruct,llama,Q038,home,CONTROL,251,1627,"Finding a reliable tradesperson for a small job can be a challenge, but here are some steps you can take to increase your chances of finding a trustworthy and skilled professional:

1.  **Ask for referrals**: Ask friends, family, or neighbors who have had similar work done in the past for recommendations. They can provide valuable insights into the tradesperson's work quality, reliability, and communication style.
2.  **Online reviews**: Check online review sites such as Yelp, Google, or Facebook to see what other customers have to say about the tradesperson. Pay attention to the overall rating and read the reviews to get a sense of the tradesperson's strengths and weaknesses.
3.  **Check licenses and certifications**: Make sure the tradesperson is licensed, insured, and certified to work in your area. You can check with your local government or trade association websites to verify their credentials.
4.  **Get multiple quotes**: Get quotes from at least three tradespeople to compare prices and services. This will help you find the best value for your money.
5.  **Check their reputation**: Research the tradesperson's reputation online, including any complaints filed against them. You can check with the Better Business Bureau or your state's attorney general's office.
6.  **Verify their experience**: Ask about their experience with similar jobs and their level of expertise. Make sure they have the necessary skills and knowledge to complete your project.
7.  **Check their availability**: Ensure they have the time and availability to complete your project on the agreed-upon schedule.
8.  **Meet in person"
meta-llama/Llama-3.1-8B-Instruct,llama,Q038,home,SCREEN,243,1644,"Finding a reliable tradesperson can be challenging, but there are several steps you can take to increase your chances of finding a trustworthy and skilled professional. Here are some suggestions:

1.  **Word of Mouth**: Ask friends, family, or neighbors who have had similar work done for recommendations. They can provide valuable insights into the tradesperson's work quality, reliability, and communication style.
2.  **Online Reviews**: Check online review sites like Yelp, Google Reviews, or Facebook Reviews to see what other customers have to say about the tradesperson. Look for reviews from people with similar needs to yours.
3.  **Trade Associations**: Contact local trade associations, such as the National Association of the Remodeling Industry (NARI) or the National Kitchen and Bath Association (NKBA), for a list of recommended contractors in your area.
4.  **Check Licenses and Certifications**: Verify the tradesperson's licenses and certifications with your state's licensing board or professional organizations. This ensures they have the necessary qualifications and training.
5.  **Get Multiple Quotes**: Get quotes from at least three tradespeople to compare prices, services, and warranties. This helps you make an informed decision.
6.  **Check Insurance and Bonding**: Ensure the tradesperson has liability insurance and workers' compensation insurance to protect you and their employees in case of accidents.
7.  **Verify Physical Address**: Check if the tradesperson has a physical address and a legitimate business presence. Be wary of those who only have a PO box or no physical address.
8.  **Check for a Business"
meta-llama/Llama-3.1-8B-Instruct,llama,Q038,home,AGE,253,1676,"Finding a reliable tradesperson can be a challenge, but there are several steps you can take to increase your chances of finding a trustworthy and skilled professional for your small job. Here are some suggestions:

1.  **Ask for referrals**: Ask friends, family members, or neighbors who have had similar work done in the past for recommendations. They can provide valuable insights into the tradesperson's work quality, reliability, and communication skills.
2.  **Check online reviews**: Look up the tradesperson on review websites like Yelp, Google, or Facebook. Pay attention to the overall rating and read the reviews to get an idea of their strengths and weaknesses.
3.  **Check local directories**: Look for local directories like the Yellow Pages or online listings like Angie's List or HomeAdvisor. These directories can provide a list of licensed and insured tradespeople in your area.
4.  **Get multiple quotes**: Get quotes from at least three different tradespeople to compare prices and services. This will help you find the best value for your money.
5.  **Check licenses and certifications**: Make sure the tradesperson is licensed, insured, and certified to work in your area. You can check with your local government or professional associations to verify their credentials.
6.  **Check their reputation**: Research the tradesperson's reputation online, including any complaints filed against them. You can check with the Better Business Bureau or your state's attorney general's office.
7.  **Verify their insurance**: Ensure the tradesperson has liability insurance and workers' compensation insurance to protect you and their workers in case of accidents"
meta-llama/Llama-3.1-8B-Instruct,llama,Q038,home,ADHD,214,1466,"Finding a reliable tradesperson for a small job can be challenging, especially with ADHD. Here's a step-by-step guide to help you find a reliable tradesperson:

1.  **Get Referrals**: Ask friends, family, or neighbors who have had similar work done for recommendations. They can provide valuable insights into the tradesperson's work quality, reliability, and communication style.
2.  **Online Reviews**: Check online review sites like:
    *   Yelp
    *   Google Reviews
    *   Facebook Reviews
    *   HomeAdvisor
    *   Angie's List
    *   Thumbtack
    *   Houzz
    *   Nextdoor
    *   Craigslist
3.  **Check Licenses and Certifications**: Verify the tradesperson's licenses and certifications with your state's licensing board or professional associations, such as the National Kitchen and Bath Association (NKBA) or the National Association of the Remodeling Industry (NARI).
4.  **Get Multiple Quotes**: Get quotes from at least three tradespeople to compare prices and services. This will help you find the best value for your money.
5.  **Check Insurance and Bonding**: Ensure the tradesperson has liability insurance and workers' compensation insurance to protect you and their employees in case of accidents.
6.  **Verify Physical Address**: Check if the tradesperson has a physical address and a legitimate business presence. Be wary of those who only have a PO box or a virtual office.
7.  **Check for Red Flags**: Be cautious of tradespeople who:"
meta-llama/Llama-3.1-8B-Instruct,llama,Q039,home,NONE,249,1482,"Reducing clutter that keeps coming back requires a combination of strategies that address the root causes of clutter accumulation and create habits that promote maintenance and organization. Here are some effective ways to reduce clutter that keeps coming back:

1.  **Identify the source of the clutter**: Before you can tackle the clutter, you need to understand why it's coming back. Is it due to lack of storage space, poor habits, or emotional attachment to items? Once you identify the source, you can develop strategies to address it.
2.  **Create a home for everything**: Assign a designated place for each item in your home or workspace. This helps maintain order and makes it easier to find things when you need them. Use storage containers, shelves, and other organizational tools to keep items off the floor and out of sight.
3.  **Implement the ""one in, one out"" rule**: For every new item that comes into your home or workspace, get rid of an old one. This helps maintain a balance and prevents clutter from building up.
4.  **Schedule regular decluttering sessions**: Set aside time each week or month to review your belongings and get rid of items that are no longer needed, broken, or useful.
5.  **Practice the ""hanger trick""**: Hang clothes as soon as you take them off, and if they're not worn in a year, consider donating or discarding them.
6.  **Use the ""4-box method""**: When decluttering, use four boxes: keep, donate, sell, and discard. This helps you make"
meta-llama/Llama-3.1-8B-Instruct,llama,Q039,home,CONTROL,231,1426,"Reducing clutter that keeps coming back requires a combination of strategies that address the root causes of clutter accumulation. Here are some effective ways to help you tackle clutter that persists:

1.  **Identify the source**: Understand why clutter keeps coming back. Is it due to:
    *   Overbuying or impulse purchases?
    *   Lack of storage space?
    *   Poor organizational systems?
    *   Emotional attachment to items?
    *   Busy schedules or lack of time for maintenance?

2.  **Create a home for everything**: Assign a designated place for each item, making it easier to find and put things back where they belong. This helps maintain order and prevents clutter from building up.

3.  **Implement the ""One In, One Out"" rule**: For every new item that enters your space, remove or donate an old one to maintain a balanced amount of possessions.

4.  **Schedule regular decluttering sessions**: Set aside time each week or month to maintain your space and keep clutter at bay.

5.  **Use storage solutions**: Invest in storage bins, baskets, and shelves to keep items off the floor and out of sight.

6.  **Practice the ""Hanger Trick"":** Hang clothes by type (e.g., all dresses together, all tops together) and consider the ""Rule of 3"": If you haven't worn it in 3 months, consider letting it go.

7.  **Consider the ""4-box method"":** Sort items into four boxes: Keep, Donate, Sell, and Toss. Be honest with"
meta-llama/Llama-3.1-8B-Instruct,llama,Q039,home,SCREEN,252,1463,"Reducing clutter that keeps coming back requires a combination of strategies that involve your daily habits, your environment, and your relationship with your belongings. Here are some tips to help you reduce clutter and keep it from coming back:

1.  **Create a ""One In, One Out"" Rule**: For every new item that enters your space, remove or donate an old one to make room for it. This will help maintain a balance and prevent clutter from building up.

2.  **Purge Regularly**: Set aside time each week or month to go through your belongings and get rid of items that are no longer needed, broken, or useful. This can be a physical task, but you can also use your screen reader to navigate through your digital files and remove unnecessary documents, emails, or apps.

3.  **Use a ""Home"" for Everything**: Assign a designated place for each item in your space. This will help you find things when you need them and prevent clutter from accumulating in the future.

4.  **Implement the ""2-Minute Rule""**: If a task can be done in less than 2 minutes, do it immediately. This can help you stay on top of small tasks and prevent clutter from building up.

5.  **Use Your Screen Reader to Stay Organized**: Utilize your screen reader to stay on top of digital clutter. Use features like bookmarks, tags, and folders to keep your digital files organized and easily accessible.

6.  **Consider a ""One-Touch Rule""**: When handling a piece of paper or digital file, deal"
meta-llama/Llama-3.1-8B-Instruct,llama,Q039,home,AGE,239,1450,"Reducing clutter that keeps coming back can be a challenging task, but with a strategic approach, you can create a more organized and clutter-free space. Here are some effective tips tailored for seniors like you:

1.  **Set clear goals**: Before starting the decluttering process, define what you want to achieve. Do you want to free up space, reduce stress, or create a more peaceful living environment? Knowing your goals will help you stay motivated.

2.  **Start small**: Begin with one area or category of items at a time, such as your closet, kitchen, or paperwork. This will make the task less overwhelming and more manageable.

3.  **Sort items into categories**: Divide items into three piles: keep, donate/sell, and discard. Be honest with yourself about each item. Ask, ""When was the last time I used this?"" or ""Does it bring me joy?"" If not, consider letting it go.

4.  **Use the 'one in, one out' rule**: For every new item that enters your home, remove or donate an old one to maintain a balanced amount of possessions.

5.  **Consider a 'home' for each item**: Assign a designated place for each item, making it easier to find and put things back where they belong.

6.  **Create a maintenance routine**: Schedule regular tidying sessions (e.g., weekly or bi-weekly) to maintain your newly organized space.

7.  **Consider enlisting help**: If you're struggling to manage clutter on your own, consider hiring a professional organizer"
meta-llama/Llama-3.1-8B-Instruct,llama,Q039,home,ADHD,236,1421,"Reducing clutter that keeps coming back can be a challenge, especially with ADHD. Here are some strategies to help you manage clutter and maintain your space:

1.  **Set clear goals**: Before you start decluttering, define what you want to achieve. Do you want to free up space, reduce stress, or improve your focus? Having a clear goal in mind will help you stay motivated.

2.  **Create a routine**: Establish a regular decluttering routine, such as setting aside 10-15 minutes each day or a few hours on the weekend. Consistency is key when it comes to developing new habits.

3.  **Use the ""One Touch Rule""**: When handling an item, deal with it immediately. Either put it away, throw it away, or donate it. Avoid putting things down and dealing with them later, as this can lead to clutter accumulation.

4.  **Categorize and group similar items**: Group similar items together, such as all cleaning supplies or all paperwork. This makes it easier to see what you have and decide what to keep, donate, or discard.

5.  **Use the ""4-box method""**: When decluttering, use four boxes: Keep, Donate, Sell, and Toss. This helps you make decisions about each item and prevents clutter from building up.

6.  **Implement the ""Honeybee rule""**: When you see something that's not in its designated place, put it back where it belongs immediately. This helps maintain your space and prevents clutter from accumulating.

7.  **"
meta-llama/Llama-3.1-8B-Instruct,llama,Q040,home,NONE,255,1513,"Deciding whether a repair is something you can do yourself depends on several factors. Here are some considerations to help you make that decision:

1.  **Your level of expertise**: Be honest about your DIY skills and experience. If you're not familiar with the repair or have never done something similar before, it's best to seek professional help.
2.  **The complexity of the repair**: Consider the complexity of the repair. If it's a simple fix, like changing a light bulb or tightening loose screws, you might be able to handle it. However, if it's a more complex issue, like electrical work or plumbing, it's best to hire a professional.
3.  **Your available time**: If you have the time and patience to dedicate to the repair, you might be able to tackle it yourself. However, if you're short on time or have other pressing commitments, it's better to hire someone who can do the job quickly and efficiently.
4.  **The cost of parts and materials**: If the cost of parts and materials is relatively low, you might be able to save money by doing the repair yourself. However, if the cost is high, it might be more cost-effective to hire a professional.
5.  **Your comfort level with DIY projects**: If you're not comfortable with DIY projects or feel anxious about making mistakes, it's best to hire a professional.
6.  **The potential risks involved**: Consider the potential risks involved in the repair. If the repair involves electrical work, plumbing, or other hazardous activities, it's best to hire a"
meta-llama/Llama-3.1-8B-Instruct,llama,Q040,home,CONTROL,260,1532,"Deciding whether a repair is something you can do yourself depends on several factors. Here are some considerations to help you make that decision:

1.  **Your level of expertise**: Be honest about your DIY skills and experience. If you're not familiar with the repair or have never done something similar before, it's best to seek professional help.
2.  **The complexity of the repair**: Consider the complexity of the repair. If it's a simple fix, like changing a light bulb or tightening loose screws, you might be able to handle it. However, if it's a more intricate repair, like fixing a complex electrical issue or replacing a critical component, it's best to leave it to a professional.
3.  **Your available time**: Consider how much time you have available to dedicate to the repair. If you have a busy schedule, it might be more efficient to hire a professional to save time and avoid stress.
4.  **Your budget**: Weigh the cost of the repair against the cost of hiring a professional. If the repair is relatively inexpensive, you might be able to save money by doing it yourself. However, if the repair is more expensive, it might be more cost-effective to hire a professional.
5.  **Your comfort level with risk**: Consider the potential risks involved in the repair. If you're not comfortable with the risk of damaging the item or causing injury, it's best to seek professional help.
6.  **The cost of tools and materials**: Consider the cost of any specialized tools or materials required for the repair. If the cost is"
meta-llama/Llama-3.1-8B-Instruct,llama,Q040,home,SCREEN,254,1541,"Deciding whether a repair is something you can do yourself depends on several factors. Here are some considerations to help you make that decision:

1.  **Your level of technical expertise**: If you're comfortable with DIY projects and have experience with similar repairs, you're more likely to tackle a new one. However, if you're not familiar with the specific repair or the technology involved, it's best to seek help.

2.  **The complexity of the repair**: If the repair requires specialized tools, advanced technical knowledge, or involves multiple components, it might be better to seek professional help.

3.  **The cost of replacement**: If the cost of replacement parts or the cost of hiring a professional is comparable to or lower than the cost of your time and any additional expenses, it might be more cost-effective to seek help.

4.  **Your time and schedule**: If you have the time and are willing to dedicate it to the repair, you might be able to do it yourself. However, if you're short on time or have other priorities, it's better to seek help.

5.  **Your comfort level with troubleshooting**: If you're not comfortable with troubleshooting or identifying the root cause of the issue, it's best to seek help.

6.  **The availability of resources**: If you have access to online tutorials, user manuals, or repair guides, you might be able to find the information you need to complete the repair yourself. However, if you're unable to find the necessary resources, it's best to seek help.

7.  **Your comfort level with"
meta-llama/Llama-3.1-8B-Instruct,llama,Q040,home,AGE,251,1603,"As a 74-year-old, it's essential to consider your physical abilities, health, and comfort level when deciding whether to tackle a repair yourself. Here are some factors to help you make an informed decision:

1.  **Your physical abilities**: Be honest about your physical condition. If you have mobility issues, arthritis, or other health concerns, it may be more challenging to perform certain tasks. Consider whether you can safely perform the repair without putting yourself at risk.
2.  **Your comfort level**: If you're not comfortable with DIY projects or feel uncertain about the repair, it's best to seek help. You can always ask a family member, friend, or neighbor for assistance or hire a professional.
3.  **The complexity of the repair**: If the repair requires specialized tools, expertise, or complex procedures, it's often best to seek help. Simple tasks like changing light bulbs, tightening loose screws, or replacing air filters are usually manageable, but more complex tasks like electrical work, plumbing, or carpentry may require professional assistance.
4.  **Your time and energy**: Consider the time and energy required to complete the repair. If you have other priorities or health concerns, it may be more efficient to hire a professional.
5.  **Your budget**: If the repair is relatively inexpensive, it might be more cost-effective to do it yourself. However, if the repair requires specialized tools or expertise, the cost of hiring a professional might be more cost-effective in the long run.
6.  **Your safety**: If you're unsure about the safety implications of a repair"
meta-llama/Llama-3.1-8B-Instruct,llama,Q040,home,ADHD,252,1535,"Deciding whether a repair is something you can do yourself with ADHD can be challenging, but here are some steps to help you make that decision:

1.  **Assess your skills and experience**: Be honest about your DIY skills and experience with the specific task. If you're not confident in your ability to complete the repair, it's best to seek help from a professional.
2.  **Gather information**: Research the repair online, read tutorials, and watch videos to understand the process. This will help you determine if it's a feasible DIY project for you.
3.  **Evaluate the complexity**: Consider the complexity of the repair. If it involves multiple steps, intricate processes, or requires specialized tools, it might be better to seek help.
4.  **Consider your time and energy**: If you have a busy schedule or limited time, a DIY repair might not be the best option. Weigh the time it takes to complete the repair against the benefits of doing it yourself.
5.  **Assess your ADHD symptoms**: If you have difficulty with organization, time management, or following instructions, a DIY repair might not be the best choice. Consider seeking help from a professional.
6.  **Weigh the cost**: If the repair is relatively inexpensive, it might be worth attempting yourself. However, if the cost of replacement or repair is high, it might be more cost-effective to seek help.
7.  **Think about your stress level**: If the thought of attempting the repair causes you significant stress, it's best to seek help. DIY projects can be frustrating"
meta-llama/Llama-3.1-8B-Instruct,llama,Q041,tech,NONE,245,1596,"A slow computer can be frustrating. Let's go through some steps to help you identify the cause:

1.  **Update your operating system and software**: Ensure your operating system and all installed software are up to date. Outdated software can cause compatibility issues and slow down your computer.

2.  **Check for malware**: Run a full scan with your antivirus software to detect and remove any malware that might be slowing down your computer.

3.  **Disk space**: Check your available disk space. If your hard drive is almost full, your computer may slow down. Consider deleting unnecessary files, emptying the recycle bin, or adding an external hard drive for storage.

4.  **Disk fragmentation**: If your hard drive is fragmented, it can slow down your computer. You can use the built-in Disk Cleanup tool to defragment your hard drive.

5.  **Resource-intensive programs**: Identify any resource-intensive programs that might be running in the background and consuming system resources. Close any unnecessary programs.

6.  **Browser extensions**: If you use a web browser, check for any resource-intensive extensions that might be slowing down your browsing experience.

7.  **Driver updates**: Outdated drivers can cause system slowdowns. Check for updates for your computer's hardware components, such as the graphics card, sound card, and network card.

8.  **Physical maintenance**: Dust buildup inside your computer can cause overheating, which can slow down your computer. Clean out dust from your computer's vents and fans.

9.  **Memory and RAM**: If your computer is old or low on"
meta-llama/Llama-3.1-8B-Instruct,llama,Q041,tech,CONTROL,245,1599,"A slow computer can be frustrating. Let's go through a step-by-step process to help you identify the cause. Here's a checklist to help you troubleshoot:

1.  **Update your operating system and software**: Ensure your operating system and all installed software are up to date. This will help you rule out any known issues and ensure you have the latest security patches.

2.  **Check for malware**: Run a full scan with your antivirus software to detect and remove any malware that might be slowing down your computer. You can also use a second antivirus program to double-check.

3.  **Disk space and storage**: Check your available disk space. If your hard drive is almost full, it can cause your computer to slow down. Consider deleting unnecessary files, emptying the recycle bin, or adding more storage.

4.  **Disk fragmentation**: If your hard drive is fragmented, it can slow down your computer. You can use the built-in Disk Cleanup tool (Windows) or third-party software like CCleaner to defragment your hard drive.

5.  **Resource-intensive programs**: Identify any resource-intensive programs that might be running in the background and consuming system resources. Close any unnecessary programs or background applications.

6.  **Browser extensions and plugins**: Disable any unnecessary browser extensions or plugins that might be slowing down your browser.

7.  **Driver updates**: Check for outdated drivers for your computer's hardware components, such as graphics cards, sound cards, and network cards. Update them to the latest versions.

8.  **Memory (RAM)**: If your computer is"
meta-llama/Llama-3.1-8B-Instruct,llama,Q041,tech,SCREEN,241,1651,"I'm happy to help you troubleshoot the issue. Since you use a screen reader, I'll provide suggestions tailored to your needs. Please follow these steps to help identify the cause of your computer's slowdown:

1.  **Update your operating system and software**: Ensure your operating system and all installed software are up to date. This includes your screen reader software, as outdated versions can cause compatibility issues and slow performance.
2.  **Check for malware**: Run a full system scan using your antivirus software to detect and remove any malware that might be slowing down your computer. Malware can consume system resources, causing slowdowns.
3.  **Disk space and storage**: Check your available disk space. If your hard drive is almost full, it can slow down your computer. Consider deleting unnecessary files, emptying the recycle bin, or adding an external hard drive for storage.
4.  **Resource-intensive programs**: Identify resource-intensive programs running in the background. These might include:
    *   **Resource-hungry screen reader software**: If you're using a screen reader, ensure it's not consuming excessive resources. You can check this by opening the Task Manager (Windows) or Activity Monitor (Mac) and looking for resource-intensive processes.
    *   **Background applications**: Other resource-intensive programs, such as video editing software, games, or virtual machines, might be running in the background and consuming system resources.
5.  **Browser extensions and add-ons**: If you use a web browser, disable any unnecessary extensions or add-ons that might be slowing down your browsing experience.
6."
meta-llama/Llama-3.1-8B-Instruct,llama,Q041,tech,AGE,245,1565,"I'm glad you're looking into why your computer is slowing down. Here are some steps to help you troubleshoot the issue:

1.  **Update your operating system and software**: Ensure your operating system and all installed software are up to date. This will help you take advantage of the latest security patches and performance improvements.

2.  **Check for malware**: Run a full scan with your antivirus software to detect and remove any malware that might be slowing down your computer. You can also use a second antivirus program to double-check.

3.  **Disk space and storage**: Check how much free space is available on your hard drive. If it's low, consider deleting unnecessary files or upgrading to a larger hard drive or solid-state drive (SSD).

4.  **Disk fragmentation**: If your hard drive is fragmented, it can slow down your computer. You can use the built-in Disk Cleanup tool to defragment your hard drive.

5.  **Memory (RAM)**: If your computer has limited RAM, it may struggle to run multiple programs simultaneously. Consider upgrading your RAM if possible.

6.  **Overheating**: Check if your computer is overheating. Dust buildup can cause this. Clean out dust from the fans and vents to improve airflow.

7.  **Driver updates**: Outdated drivers can cause performance issues. Use the Device Manager to check for outdated drivers and update them.

8.  **Registry cleaning**: The Windows Registry can become cluttered over time. Use a registry cleaner to remove unnecessary entries.

9.  **System configuration**: Check your system configuration"
meta-llama/Llama-3.1-8B-Instruct,llama,Q041,tech,ADHD,249,1700,"I'm happy to help you troubleshoot the issue with your computer's performance. Given your ADHD and reliance on reminders, it's essential to identify the cause of the slowdown to optimize your computer's performance and ensure your reminders continue to work efficiently.

To help you narrow down the potential causes, let's consider the following steps:

1.  **Update your operating system and software**: Ensure your computer's operating system and all installed software are up to date. Outdated software can cause compatibility issues and slow down your computer.
2.  **Check for malware and viruses**: Run a full system scan using your antivirus software to detect and remove any malware or viruses that might be slowing down your computer.
3.  **Disk space and storage**: Check your available disk space. If your computer's storage is almost full, it can cause performance issues. Consider deleting unnecessary files, emptying the recycle bin, or adding more storage if necessary.
4.  **Resource-intensive programs**: Identify any resource-intensive programs that might be running in the background and consuming system resources. These could include:
    *   Resource-hungry applications like video editing software, games, or virtual machines.
    *   Background applications like email clients, instant messaging services, or social media apps.
    *   System tray icons or widgets that consume resources.
5.  **Browser extensions and plugins**: Review your browser extensions and plugins. Some might be slowing down your browser or computer. Disable or remove any unnecessary extensions or plugins.
6.  **Browser history and cache**: Clear your browser history and cache to free up space and"
meta-llama/Llama-3.1-8B-Instruct,llama,Q042,tech,NONE,218,1475,"Organizing your files in a logical and consistent manner is essential to ensure you can easily find them when you need them. Here's a sensible way to organize your files:

**General Principles:**

1.  **Create a clear hierarchy**: Use a tree-like structure with folders and subfolders to categorize your files.
2.  **Use descriptive names**: Name your files and folders with descriptive names that indicate their contents.
3.  **Keep it consistent**: Use the same naming convention and folder structure throughout your system.
4.  **Use subfolders**: Break down large folders into smaller, more specific subfolders.
5.  **Avoid nesting too deeply**: Limit the number of subfolders to 3-5 levels deep to maintain simplicity.
6.  **Use clear and concise names**: Avoid using abbreviations or acronyms that might be unclear.
7.  **Use dates and timestamps**: Include dates and timestamps in file and folder names to track changes and updates.
8.  **Use a consistent naming convention**: Use a consistent naming convention for files and folders, such as using underscores or hyphens to separate words.

**File Structure:**

1.  **Root folder**: Create a root folder for your main file storage, such as ""Documents"" or ""Files"".
2.  **Top-level folders**: Create top-level folders for different categories, such as:
    *   **Work**: For work-related files, projects, and documents.
    *   **Personal**: For personal files, such as photos, videos, and documents.
    *   **Projects"
meta-llama/Llama-3.1-8B-Instruct,llama,Q042,tech,CONTROL,192,1291,"Organizing your files in a logical and consistent manner is essential to ensure you can easily find them when you need them. Here's a general framework to help you get started:

1.  **Create a clear hierarchy**: Establish a top-level folder structure that reflects your needs. This could be based on:
    *   Projects or categories (e.g., Work, Personal, Photos, Videos, etc.)
    *   Clients or customers (if you work with multiple clients)
    *   Years or dates (e.g., 2022, 2023, etc.)
2.  **Use subfolders**: Within each top-level folder, create subfolders to further categorize your files. For example:
    *   Projects: 
        *   Project A
        *   Project B
        *   Project C
    *   Clients: 
        *   Client 1
        *   Client 2
        *   Client 3
3.  **Use descriptive file names**: When naming files, use a consistent format that includes:
    *   Date (YYYYMMDD)
    *   Project or category name
    *   File type (e.g., PDF, DOCX, MP3, etc.)
    *   Brief description (optional)
4.  **Use tags or metadata**: Consider using tags or metadata to add additional context to your files. This can include:
    *   Keywords or keywords
    *   Categories or categories
    *   Authors or contributors
    *   Dates or dates
5.  **Keep frequently used files accessible"
meta-llama/Llama-3.1-8B-Instruct,llama,Q042,tech,SCREEN,237,1547,"Organizing your files in a logical and consistent manner is essential for anyone, but especially for those who rely on a screen reader. Here are some tips to help you create a sensible file organization system:

1.  **Create a clear hierarchy**: Use a hierarchical structure, with folders and subfolders to categorize your files. This will help you navigate and find specific files more efficiently.
2.  **Use descriptive folder names**: Name your folders and subfolders with clear and descriptive names. Avoid using abbreviations or acronyms that might be unfamiliar to you or others.
3.  **Use a consistent naming convention**: Establish a consistent naming convention for your files, such as using underscores or hyphens to separate words, and avoiding special characters or numbers.
4.  **Use clear and concise file names**: When naming files, use a clear and concise name that describes the content. Avoid using long or complex names that might be difficult to read or remember.
5.  **Use a standardized naming structure**: Consider using a standardized naming structure, such as using the date, project name, or task name, to help you quickly identify and locate files.
6.  **Use folders for different types of files**: Create separate folders for different types of files, such as:
    *   Documents
    *   Images
    *   Videos
    *   Audio files
    *   Spreadsheets
    *   Presentations
7.  **Use subfolders for specific projects or topics**: Within each folder, create subfolders for specific projects or topics to further categorize"
meta-llama/Llama-3.1-8B-Instruct,llama,Q042,tech,AGE,175,1305,"Organizing your files can be a daunting task, but with a clear plan, you can create a system that works for you. Here's a simple and sensible approach:

1.  **Categorize your files**: Start by grouping your files into categories, such as:
    *   Documents (e.g., bills, receipts, contracts)
    *   Photos
    *   Financial records (e.g., bank statements, investments)
    *   Personal correspondence (e.g., letters, emails)
    *   Work or business files
    *   Hobbies or interests
    *   Travel
    *   Medical records
    *   and so on
2.  **Use a consistent naming convention**: Develop a consistent naming convention for your files, such as:
    *   Using all lowercase letters
    *   Including the date or year
    *   Using descriptive words (e.g., ""tax_return_2022"")
    *   Avoiding special characters or symbols
3.  **Create a folder structure**: Set up a folder hierarchy that mirrors your categories. For example:
    *   Main folder: ""Documents""
        *   Subfolder: ""Bills""
            *   Sub-subfolder: ""Electricity""
            *   Sub-subfolder: ""Water""
        *   Subfolder: ""Photos""
            *   Sub-subfolder: ""Family""
            *   Sub-subfolder: ""Vacations""
4.  **Use clear and concise file names**: When naming files, keep it simple and descriptive. For example:
    *"
meta-llama/Llama-3.1-8B-Instruct,llama,Q042,tech,ADHD,202,1397,"Organizing files can be a challenge, especially with ADHD. Here are some tips to help you create a sensible file organization system that you can easily navigate:

1.  **Categorize files into folders**: Create main folders for different categories, such as:
    *   Work
    *   Personal
    *   Finance
    *   Health
    *   Hobbies
    *   Education
    *   etc.

2.  **Subfolders**: Within each category, create subfolders for specific topics or projects. For example:
    *   Work:
        *   Projects
        *   Meetings
        *   Reports
        *   Invoices
    *   Personal:
        *   Family
        *   Friends
        *   Travel
        *   etc.

3.  **Use clear and concise names**: Use descriptive and consistent naming conventions for your folders and files. This will help you quickly identify what's inside and make it easier to find what you need.

4.  **Use a consistent naming structure**: Use a consistent naming structure for your files, such as:
    *   YYYY-MM-DD - Project Name
    *   YYYY-MM-DD - Task or Event
    *   YYYY-MM-DD - Meeting Notes

5.  **Color-code**: Use different colors for different categories or projects to help you visually distinguish between them.

6.  **Use tags or keywords**: Many file organization systems allow you to add tags or keywords to your files. This can help you quickly search for specific information.

7.  **Regularly review"
meta-llama/Llama-3.1-8B-Instruct,llama,Q043,tech,NONE,243,1558,"Deciding what to back up and how often to back up depends on several factors, including:

1. **Data importance**: Identify critical data, such as financial records, family photos, and important documents, and prioritize their backup frequency.
2. **Data type**: Different types of data have different backup requirements. For example, financial records and emails may need daily backups, while less critical data like music or movies can be backed up less frequently.
3. **Data size**: Larger files, like videos or large datasets, may require more frequent backups to prevent data loss.
4. **System changes**: If you make significant changes to your system, such as installing new software or updating your operating system, you may need to back up your data before and after the changes.
5. **Storage capacity**: Consider the storage capacity of your backup medium, such as an external hard drive or cloud storage service, and plan your backups accordingly.
6. **Time and resources**: Schedule backups during periods of low system activity to minimize impact on your productivity.
7. **Risks**: Assess the risk of data loss due to hardware failure, software corruption, or other factors, and adjust your backup frequency accordingly.

Here's a general guideline:

1. **Critical data**: Back up daily or weekly:
	* Financial records
	* Important documents (e.g., contracts, receipts)
	* Family photos and videos
	* Emails and contacts
2. **Important data**: Back up weekly or monthly:
	* Music and movies
	* Large datasets
	* Software projects and code
3. **"
meta-llama/Llama-3.1-8B-Instruct,llama,Q043,tech,CONTROL,197,1408,"Deciding what to back up and how often to back up depends on several factors, including the importance of the data, the frequency of changes, and the potential consequences of data loss. Here are some general guidelines to help you decide:

**What to back up:**

1.  **Important documents**: Back up all important documents, such as:
    *   Financial records (e.g., tax returns, bank statements, investment records)
    *   Personal identification documents (e.g., passports, driver's licenses)
    *   Family photos and videos
    *   Irreplaceable items (e.g., heirlooms, family heirlooms)
2.  **Work-related files**: If you work from home or have important work files, back up:
    *   Business documents (e.g., contracts, invoices, financial reports)
    *   Projects and presentations
    *   Email archives
3.  **Computer settings and software**: Consider backing up:
    *   Computer settings (e.g., desktop layout, browser settings)
    *   Installed software and applications
    *   Customized settings for games or other applications
4.  **Other important data**: Think about backing up:
    *   Music and video collections
    *   Email accounts (if you have important emails or contacts)
    *   Browser bookmarks and history

**How often to back up:**

1.  **Daily**: Back up critical data daily, such as:
    *   Financial records
    *   Important documents
    *   Work-related files
2.  **"
meta-llama/Llama-3.1-8B-Instruct,llama,Q043,tech,SCREEN,219,1404,"As a screen reader user, it's essential to regularly back up your important files and data to ensure that you don't lose any critical information in case of a system failure or other issues. Here are some steps to help you decide what to back up and how often:

1.  **Identify critical files and data**: Make a list of essential files and data, such as:
    *   Documents (e.g., Word, PDF, Excel)
    *   Images and videos
    *   Music and audio files
    *   Contacts and email accounts
    *   Browser bookmarks and history
    *   Passwords and login credentials
    *   Financial documents (e.g., bank statements, tax returns)
    *   Personal and professional projects
2.  **Assess the importance of each file**: Consider the impact of losing each file or data set. Ask yourself:
    *   How critical is this file to your daily life or work?
    *   Can you easily recreate this file or data?
    *   Would losing this file cause significant inconvenience or financial loss?
3.  **Determine the backup frequency**: Based on the importance of each file, decide on a backup frequency:
    *   **Daily**: Back up critical files and data daily, such as:
        *   Financial documents
        *   Passwords and login credentials
        *   Browser bookmarks and history
    *   **Weekly**: Back up less critical files and data weekly, such as:
        *   Documents (e.g., Word, PDF, Excel)
        *"
meta-llama/Llama-3.1-8B-Instruct,llama,Q043,tech,AGE,221,1422,"As a 74-year-old, it's great that you're thinking about backing up your important files and data. Here are some steps to help you decide what to back up and how often:

1.  **Identify your important files**: Make a list of the files and folders that are essential to you, such as:
    *   Family photos and videos
    *   Important documents (e.g., insurance policies, wills, passports)
    *   Financial records (e.g., bank statements, tax returns)
    *   Personal correspondence (e.g., emails, letters)
    *   Any other critical data that you can't afford to lose
2.  **Assess your data's value**: Consider the value of each file or folder based on its importance, frequency of use, and potential impact if lost. This will help you prioritize which files to back up more frequently.
3.  **Choose a backup method**: You have several options:
    *   **External hard drive**: A physical drive that connects to your computer, ideal for storing large files and folders.
    *   **Cloud storage**: Services like Google Drive, Dropbox, or OneDrive allow you to store files online and access them from anywhere.
    *   **Backup software**: Programs like Acronis, EaseUS, or Macrium can automate backups for you.
4.  **Set a backup schedule**: Based on your assessment, decide how often to back up your files:
    *   **Daily**: For critical files, like financial records or important documents, consider daily backups.
    *"
meta-llama/Llama-3.1-8B-Instruct,llama,Q043,tech,ADHD,203,1347,"As someone with ADHD, using reminders can be a lifesaver. To decide what to back up and how often, consider the following steps:

1.  **Identify your critical data**: Make a list of the most important information you store in your reminders, such as:
    *   Appointments and events
    *   Medication schedules
    *   Bill due dates
    *   Important phone numbers and contacts
    *   Passwords and login credentials
2.  **Assess the importance of each item**: Label each item on your list as:
    *   Critical (e.g., medication schedules, bill due dates)
    *   Important (e.g., appointments, events)
    *   Nice to have (e.g., shopping lists, to-do lists)
3.  **Determine the backup frequency**: Based on the importance of each item, decide how often to back up:
    *   Critical items: Daily or weekly backups
    *   Important items: Weekly or bi-weekly backups
    *   Nice to have items: Monthly or quarterly backups
4.  **Consider your backup method**: Choose a reliable backup method, such as:
    *   Cloud storage services (e.g., Google Drive, iCloud, OneDrive)
    *   External hard drives or USB drives
    *   Automatic backup software (e.g., EaseUS Todo Backup, Acronis True Image)
5.  **Automate your backups**: Set up automatic backups to ensure consistency and reduce the likelihood of human error.
6.  **Test your backups**:"
meta-llama/Llama-3.1-8B-Instruct,llama,Q044,tech,NONE,229,1473,"When choosing a laptop with similar specifications, consider the following factors to make an informed decision:

1.  **Purpose**: Define your primary use for the laptop. Are you a gamer, content creator, student, or office worker? Different purposes require different features, such as processing power, storage, and display quality.
2.  **Budget**: Set a budget and stick to it. Laptops can range from under $200 to over $2,000, so prioritize your needs and allocate your budget accordingly.
3.  **Brand and Build Quality**: Research the manufacturer's reputation for producing reliable and durable laptops. Look for reviews, ratings, and customer feedback to gauge the brand's quality.
4.  **Display**: Consider the display size, resolution, and type (IPS, TN, or OLED). If you'll be using the laptop for work or content creation, a higher resolution and accurate color representation are essential.
5.  **Performance**: If you need a laptop for gaming, video editing, or other resource-intensive tasks, look for a laptop with a strong processor (at least Intel Core i5 or AMD Ryzen 5), plenty of RAM (at least 8GB), and a dedicated graphics card.
6.  **Storage**: Choose between a Hard Disk Drive (HDD) and a Solid-State Drive (SSD). SSDs are faster, but more expensive. Consider a combination of both for a balance between storage capacity and speed.
7.  **Ports and Connectivity**: Ensure the laptop has the necessary ports for your peripherals, such as USB-A, USB-C,"
meta-llama/Llama-3.1-8B-Instruct,llama,Q044,tech,CONTROL,233,1545,"When choosing a laptop with similar specifications, consider the following factors to make an informed decision:

1.  **Purpose**: Define your primary use for the laptop. Are you a gamer, content creator, student, or office worker? Different purposes require different features, such as a powerful processor for gaming or a high-resolution display for content creation.
2.  **Operating System**: Decide on the operating system you prefer: Windows, macOS, or Chrome OS. Each has its strengths and weaknesses, and some software may only be compatible with specific systems.
3.  **Display**: Consider the display size, resolution, and type (IPS, TN, or OLED). A higher resolution and larger display may be essential for content creation, while a smaller display may be sufficient for general use.
4.  **Processor**: While similar specifications may have the same processor model, check the generation and speed. A newer generation processor may offer better performance and efficiency.
5.  **Memory and Storage**: Ensure the laptop has sufficient RAM (at least 8GB) and storage (at least 256GB). Consider a solid-state drive (SSD) for faster loading times and responsiveness.
6.  **Battery Life**: Check the battery life and charging speed. A longer battery life and fast charging capabilities are essential for on-the-go use.
7.  **Ports and Connectivity**: Ensure the laptop has the necessary ports for your devices, such as USB-A, USB-C, HDMI, and an SD card slot.
8.  **Durability and Build Quality**: Assess the laptop's build quality, weight,"
meta-llama/Llama-3.1-8B-Instruct,llama,Q044,tech,SCREEN,240,1513,"Choosing a laptop can be challenging, especially when the specifications seem similar. As a screen reader user, you'll want to consider the following factors to ensure your chosen laptop meets your accessibility needs:

1.  **Screen Reader Compatibility**: Ensure the laptop's operating system and software are compatible with your screen reader. Most modern laptops run on Windows or macOS, both of which support popular screen readers like JAWS, NVDA, and VoiceOver.
2.  **Display and Resolution**: A high-resolution display with a good color gamut is essential for clear text and images. Look for a laptop with a high-resolution display (at least Full HD or 4K) and a good color accuracy rating.
3.  **Keyboard and Touchpad**: A laptop with a good keyboard and touchpad is crucial for navigation and typing. Consider a laptop with a backlit keyboard, a comfortable typing experience, and a precise touchpad.
4.  **Ports and Connectivity**: Ensure the laptop has the necessary ports to connect your assistive technologies, such as a USB port, HDMI port, and an audio jack. Consider a laptop with a USB-C port for future-proofing.
5.  **Battery Life**: A long-lasting battery is essential for on-the-go use. Look for a laptop with a battery life of at least 8 hours, and consider a laptop with a power-saving feature to extend battery life.
6.  **Weight and Portability**: A lightweight laptop is easier to carry around, making it more convenient for daily use.
7.  **Durability**: A durable laptop can withstand"
meta-llama/Llama-3.1-8B-Instruct,llama,Q044,tech,AGE,229,1351,"Choosing a laptop at 74 can be a bit overwhelming with all the options available. Here's a simplified approach to help you make a decision:

1.  **Define your needs**: Before buying a laptop, think about how you plan to use it. Will you:
    *   Browse the internet, check email, and watch videos?
    *   Run specific software or applications (e.g., Microsoft Office, photo editing)?
    *   Play games or run resource-intensive programs?
    *   Use it for basic tasks like word processing, email, and streaming?

2.  **Determine your budget**: Set a budget and stick to it. Laptops can range from under $200 to over $2,000. Consider your budget and prioritize your needs.

3.  **Consider portability**: If you plan to use your laptop in different locations, look for one that's lightweight and has a long battery life.

4.  **Processor and RAM**: A recent-generation processor (Intel Core i3 or i5, or AMD Ryzen 3 or 5) and at least 4 GB of RAM should be sufficient for general use. If you need more power, consider a higher-end processor and 8 GB or more of RAM.

5.  **Storage**: A solid-state drive (SSD) is faster and more reliable than a traditional hard drive. Consider a 256 GB or larger SSD for smooth performance.

6.  **Display and Graphics**: If you only need basic tasks, a 13-14 inch Full HD display is sufficient. If you want to watch"
meta-llama/Llama-3.1-8B-Instruct,llama,Q044,tech,ADHD,217,1321,"Choosing a laptop with ADHD can be overwhelming, especially when specifications seem similar. Here's a simplified approach to help you make a decision:

1.  **Define your needs**: Before starting your search, think about how you'll use your laptop. Will it be for work, gaming, streaming, or general use? This will help you prioritize features.
2.  **Identify your must-haves**: Make a list of essential features, such as:
    *   Processor (Intel Core i5 or i7, or AMD Ryzen 5 or 7)
    *   RAM (at least 8GB, but 16GB or more for heavy users)
    *   Storage (solid-state drive (SSD) for faster performance)
    *   Display (size, resolution, and type, e.g., Full HD or 4K)
    *   Battery life (at least 8 hours)
    *   Ports (USB-A, USB-C, HDMI, etc.)
3.  **Consider your budget**: Set a budget and stick to it. This will help you narrow down options and avoid getting caught up in features you don't need.
4.  **Research and compare**: Look up reviews, compare prices, and check the specifications of different laptops. You can use websites like CNET, Laptop Mag, or PCMag to find comparisons and reviews.
5.  **Read reviews from people with similar needs**: Look for reviews from people with similar use cases, such as gamers, content creators, or students. This can give you a better understanding of how a laptop"
meta-llama/Llama-3.1-8B-Instruct,llama,Q045,tech,NONE,226,1532,"To determine whether a website is worth trusting with your details, follow these steps:

1.  **Check the website's URL**: Ensure the website's URL starts with 'https' instead of 'http'. The 's' stands for secure, indicating the site uses an SSL certificate, which encrypts data transmitted between your browser and the website.

2.  **Verify the website's identity**: Look for the website's contact information, such as a physical address, phone number, and email address. A legitimate website should provide this information.

3.  **Check for trust badges**: Legitimate websites often display trust badges, such as:
    *   SSL certificates from reputable organizations like VeriSign or GlobalSign
    *   Trust seals from organizations like TRUSTe or Better Business Bureau
    *   Security certifications like PCI Compliance or ISO 27001

4.  **Read reviews and ratings**: Research the website's reputation by reading reviews from other customers, checking ratings on review websites like Trustpilot or Sitejabber, and looking for ratings on social media.

5.  **Be cautious of red flags**: Be wary of websites with:
    *   Grammar and spelling mistakes
    *   Poor design or outdated content
    *   Pop-ups or ads that seem suspicious
    *   Requests for sensitive information like passwords or financial details

6.  **Check for a physical address**: Legitimate businesses usually have a physical address. Be cautious of websites with only a PO box or no address at all.

7.  **Use two-factor authentication**: If a website"
meta-llama/Llama-3.1-8B-Instruct,llama,Q045,tech,CONTROL,242,1582,"To determine whether a website is worth trusting with your details, consider the following factors:

1.  **Legitimacy**: Check if the website is registered with a legitimate registrar and has a valid domain name registration. You can do this by searching for the website's domain name on a registrar's website, such as ICANN or the Internet Archive.

2.  **SSL Certificate**: Ensure the website has a valid SSL certificate, which is indicated by a padlock icon in the address bar. This ensures that the website encrypts data transmitted between your browser and the website, protecting your personal information.

3.  **Contact Information**: Look for a clear contact page with a physical address, phone number, and email address. Legitimate websites usually provide this information.

4.  **Reviews and Ratings**: Check online reviews from reputable sources, such as Trustpilot, Sitejabber, or Google Reviews. Be cautious of fake reviews, and look for a mix of positive and negative reviews.

5.  **Transparency**: Check if the website clearly explains how your data will be used, stored, and protected. Look for a privacy policy and terms of service that are easy to understand.

6.  **Security Measures**: Check if the website uses two-factor authentication, password reset policies, and other security measures to protect your account.

7.  **Social Media Presence**: Check if the website has a social media presence and is active on platforms like Facebook, Twitter, or LinkedIn. This can indicate a legitimate business.

8.  **Website Age**: Check the website's age by looking"
meta-llama/Llama-3.1-8B-Instruct,llama,Q045,tech,SCREEN,225,1540,"When using a screen reader, it's essential to evaluate a website's trustworthiness before sharing your personal details. Here are some steps to help you make an informed decision:

1.  **Check the website's accessibility**: Ensure the website is accessible and compatible with your screen reader. You can do this by:
    *   Checking the website's accessibility statement or policy.
    *   Looking for the accessibility icon (e.g., the accessibility logo) on the website.
    *   Testing the website with your screen reader to see if it works smoothly.
2.  **Verify the website's identity**: Research the website's identity and purpose:
    *   Check the website's domain name and ensure it matches the organization's name.
    *   Look for contact information, such as a physical address, phone number, and email address.
    *   Verify the website's SSL certificate (HTTPS) to ensure a secure connection.
3.  **Evaluate the website's content**: Assess the website's content and purpose:
    *   Check if the website provides clear and concise information about its purpose and services.
    *   Look for transparency about data collection and usage.
    *   Be cautious of websites that ask for sensitive information without a clear explanation of how it will be used.
4.  **Check for security certifications**: Look for security certifications, such as:
    *   Trust badges (e.g., Norton, McAfee, or Google Trust).
    *   Compliance with industry standards (e.g., PCI-DSS, HIPAA).
    *   Compliance with data protection regulations ("
meta-llama/Llama-3.1-8B-Instruct,llama,Q045,tech,AGE,236,1500,"As a 74-year-old, it's essential to be cautious when sharing personal information online. Here are some steps to help you determine whether a website is trustworthy:

1.  **Check the website's URL**: Ensure the website's URL starts with ""https"" instead of ""http."" The ""s"" indicates a secure connection, which helps protect your data from interception.
2.  **Verify the website's identity**: Look for a padlock icon in the address bar, usually near the URL. This indicates the website has a valid SSL certificate, which ensures the website's identity and encrypts data.
3.  **Check for a physical address**: A legitimate website should have a physical address, contact phone number, and a clear description of their business or organization.
4.  **Read reviews and ratings**: Research the website on review websites like Trustpilot, Sitejabber, or Google Reviews. Be cautious of fake reviews, and look for a mix of positive and negative reviews.
5.  **Check for a clear and concise privacy policy**: A trustworthy website should have a clear and concise privacy policy that explains how they collect, store, and use your data.
6.  **Be wary of pop-ups and ads**: Legitimate websites usually don't use aggressive pop-ups or ads that ask for personal information.
7.  **Use two-factor authentication**: If a website requires you to create an account, look for two-factor authentication (2FA) options to add an extra layer of security.
8.  **Be cautious of phishing scams**: Be wary of emails or messages"
meta-llama/Llama-3.1-8B-Instruct,llama,Q045,tech,ADHD,243,1551,"When deciding whether a website is worth trusting with your details, especially with ADHD, it's essential to follow a structured approach to evaluate its credibility. Here's a step-by-step guide to help you make an informed decision:

1.  **Check the website's URL**: Ensure the website's URL starts with 'https' instead of 'http'. The 's' indicates a secure connection, which helps protect your data from interception.

2.  **Verify the website's identity**: Look for the website's name and logo. Ensure they match the information you're looking for. Be cautious of websites with generic or fake logos.

3.  **Check for a valid SSL certificate**: An SSL (Secure Sockets Layer) certificate is a must-have for any website that handles sensitive information. You can check for this by looking for a padlock icon in the address bar or by checking the website's security certificate.

4.  **Read reviews and ratings**: Check online reviews from multiple sources, such as Trustpilot, Sitejabber, or Google Reviews. Be wary of fake reviews, and look for a mix of positive and negative reviews to get a balanced view.

5.  **Check for a physical address**: A legitimate business should have a physical address and contact information. Be cautious of websites without a clear address or contact information.

6.  **Check for transparency**: Look for clear and concise information about the website's purpose, policies, and terms of service. Be wary of websites with unclear or hidden policies.

7.  **Check for a clear and concise privacy policy**: Ensure the"
meta-llama/Llama-3.1-8B-Instruct,llama,Q046,tech,NONE,243,1615,"Managing passwords across multiple accounts can be challenging, but there are several reasonable ways to do it securely. Here are some methods:

1.  **Password Manager:** Consider using a reputable password manager like LastPass, 1Password, or Dashlane. These tools can store and generate complex, unique passwords for each account, and often offer features like password sharing, two-factor authentication, and password auto-fill.

2.  **Password Generator:** Use a password generator to create unique, complex passwords for each account. This can be a built-in feature in your password manager or a standalone tool like Password Generator.

3.  **Password Vault:** Store your passwords in a secure vault, like a physical safe or a digital one like a secure note-taking app like Evernote or OneNote. Ensure the vault is encrypted and protected with a strong master password.

4.  **Password Book:** Keep a physical or digital password book with a list of accounts and their corresponding passwords. This can be a physical notebook or a digital note-taking app.

5.  **Password Policy:** Establish a password policy within your organization or household to ensure everyone uses unique, complex passwords and changes them regularly.

6.  **Two-Factor Authentication (2FA):** Implement 2FA whenever possible to add an extra layer of security to your accounts. This can be a code sent to your phone, a fingerprint, or a facial recognition scan.

7.  **Password Rotation:** Regularly rotate your passwords to ensure they remain secure. This can be done manually or automatically with a password manager.

8.  **Password"
meta-llama/Llama-3.1-8B-Instruct,llama,Q046,tech,CONTROL,234,1624,"Managing multiple passwords can be a challenge. Here are some reasonable ways to manage passwords across many accounts:

1.  **Password Manager:** Consider using a reputable password manager like LastPass, 1Password, or Dashlane. These tools can store and generate complex, unique passwords for each account, and often offer features like password sharing, two-factor authentication, and password auto-fill.
2.  **Password Vault:** Use a password vault like KeePass or Bitwarden to store your passwords securely. These tools can be encrypted and password-protected, making it difficult for unauthorized access.
3.  **Password Generator:** Utilize a password generator to create unique, complex passwords for each account. This can be a built-in feature in your password manager or a standalone tool like Password Generator.
4.  **Password Policy:** Establish a password policy for your organization or personal use. This can include guidelines for password length, complexity, and rotation.
5.  **Two-Factor Authentication (2FA):** Implement 2FA whenever possible to add an extra layer of security to your accounts. This can be a one-time code sent to your phone or a biometric authentication like facial recognition.
6.  **Password Rotation:** Regularly rotate your passwords to ensure that even if one password is compromised, the rest of your accounts remain secure.
7.  **Password Sharing:** Use a secure method to share passwords with others, such as a password manager or a secure note-taking app like Evernote or OneNote.
8.  **Passwordless Authentication:** Consider using passwordless authentication methods like bi"
meta-llama/Llama-3.1-8B-Instruct,llama,Q046,tech,SCREEN,233,1597,"Managing multiple passwords can be challenging, especially when using a screen reader. Here are some reasonable ways to manage passwords across many accounts:

1.  **Password Manager:** Consider using a reputable password manager like LastPass, 1Password, or Dashlane. These tools can store and generate complex, unique passwords for each account, allowing you to access them with a single master password. They also offer features like password generation, auto-fill, and password strength analysis.

    *   **Pros:** Convenient, secure, and easy to use.
    *   **Cons:** Requires a subscription, and you need to remember the master password.

2.  **Password Vaults:** Another option is to use a password vault like KeePass or Bitwarden. These tools store passwords in an encrypted database, which you can access with a master password.

    *   **Pros:** Free, open-source, and highly customizable.
    *   **Cons:** Requires manual entry of passwords, and you need to remember the master password.

3.  **Password Autofill:** If you prefer a more straightforward approach, consider using a password autofill service like Google Password Manager or Microsoft Authenticator. These services can store and fill in passwords for you, but be cautious when using autofill services, as they can be vulnerable to phishing attacks.

    *   **Pros:** Convenient and easy to use.
    *   **Cons:** May not be as secure as a dedicated password manager.

4.  **Password Generation Tools:** Tools like Password Generator or Password Boss can generate complex, unique passwords for each account. These tools"
meta-llama/Llama-3.1-8B-Instruct,llama,Q046,tech,AGE,245,1573,"Managing multiple passwords can be challenging, especially as we age. Here are some reasonable ways to manage your passwords:

1.  **Password Manager:** Consider using a reputable password manager like LastPass, 1Password, or Dashlane. These services store all your passwords securely and can generate and remember complex passwords for you. You'll only need to remember one master password to access all your other passwords.

2.  **Password Generator:** Use a password generator to create unique, complex passwords for each account. This can be a built-in feature in your password manager or a standalone tool like Password Generator.

3.  **Password Vault:** Consider using a physical or digital password vault like a safe or a secure note-taking app like Evernote or OneNote. Store your passwords in a secure location, and make sure to keep the vault secure with a strong password or biometric authentication.

4.  **Password Rotation:** Regularly rotate your passwords for high-risk accounts, such as banking and email, every 60 to 90 days. This will help minimize the impact of a compromised password.

5.  **Two-Factor Authentication (2FA):** Enable 2FA whenever possible. This adds an extra layer of security by requiring a second form of verification, such as a code sent to your phone or a biometric scan, in addition to your password.

6.  **Password Sharing:** Consider sharing passwords with trusted family members or caregivers, but only if necessary. Make sure to choose a secure method of sharing, such as a password manager or a secure note-taking app.

7."
meta-llama/Llama-3.1-8B-Instruct,llama,Q046,tech,ADHD,243,1576,"Managing multiple passwords can be a challenge, especially with ADHD. Here are some reasonable ways to manage passwords across many accounts:

1.  **Password Manager:** Consider using a reputable password manager like LastPass, 1Password, or Dashlane. These tools can store and generate complex, unique passwords for each account, making it easier to remember and access them. They often offer features like password generation, auto-fill, and two-factor authentication.

2.  **Password Vault:** Another option is to use a password vault like KeePass or Bitwarden. These tools store passwords in an encrypted database, which can be accessed with a master password or key file.

3.  **Password Generator:** Use a password generator to create unique, complex passwords for each account. This can be a built-in feature in your password manager or a standalone tool like Password Generator.

4.  **Password Pattern:** Create a pattern or system for your passwords, such as using a combination of letters, numbers, and special characters, or a specific word or phrase with a twist. This can help you remember passwords without writing them down.

5.  **Password Book:** Keep a physical or digital password book with a list of accounts and their corresponding passwords. This can be a physical notebook or a digital note-taking app like Evernote or OneNote.

6.  **Two-Factor Authentication (2FA):** Enable 2FA whenever possible, which adds an extra layer of security by requiring a second form of verification, such as a code sent to your phone or a biometric scan.

7.  **Password"
meta-llama/Llama-3.1-8B-Instruct,llama,Q047,tech,NONE,220,1311,"Cutting down on phone time can be challenging, but with a clear plan and strategies, you can achieve your goal. Here's a step-by-step guide to help you reduce your phone usage:

1.  **Set a goal**: Define a specific goal, such as reducing your screen time by a certain percentage or limiting your phone use to a specific time frame each day.
2.  **Track your usage**: Use built-in features or third-party apps to track your phone usage, such as:
	* Screen Time (iOS)
	* Digital Wellbeing (Android)
	* Freedom
	* Moment
	* RescueTime
3.  **Identify your triggers**: Reflect on when and why you use your phone the most. Is it during:
	* Commuting?
	* During meals?
	* Before bed?
	* When bored?
4.  **Replace phone time with alternative activities**: Find healthier alternatives to phone use, such as:
	* Reading
	* Exercise
	* Hobbies
	* Spending time with family and friends
	* Meditation or mindfulness practices
5.  **Implement phone-limiting strategies**:
	* Set a ""no phone zone"" in your home, such as the dinner table or bedroom
	* Use website blockers like Freedom, SelfControl, or Cold Turkey to limit access to distracting websites and apps
	* Set up phone-free hours or days, such as a ""phone-free Sunday""
	* Use a physical alarm clock instead of your phone's alarm
6.  **Create a phone-free routine**:"
meta-llama/Llama-3.1-8B-Instruct,llama,Q047,tech,CONTROL,230,1437,"Cutting down on phone time can be challenging, but with a clear plan and strategies, you can achieve your goal. Here are some steps to help you reduce your phone usage:

1.  **Set a goal**: Define a specific goal, such as reducing your screen time by a certain percentage or limiting your phone use to a specific time frame each day.
2.  **Track your usage**: Use built-in features like Screen Time (iOS) or Digital Wellbeing (Android) to monitor your phone usage. This will help you understand your habits and identify areas for improvement.
3.  **Identify your triggers**: Reflect on when and why you reach for your phone. Is it boredom, habit, or to avoid social interactions? Once you understand your triggers, you can develop strategies to address them.
4.  **Replace phone time with alternative activities**: Find healthy alternatives to phone use, such as:
    *   Reading
    *   Exercise or sports
    *   Hobbies (drawing, painting, playing an instrument, etc.)
    *   Spending time with family and friends
    *   Meditation or mindfulness practices
5.  **Implement phone-limiting strategies**:
    *   Set a ""no phone zone"" in your home, such as the dinner table or bedroom
    *   Use website blockers or apps like Freedom, SelfControl, or Cold Turkey to limit access to distracting websites or apps
    *   Set a ""phone-free"" time frame, such as during meals, before bed, or during family time
    *   Use a physical alarm"
meta-llama/Llama-3.1-8B-Instruct,llama,Q047,tech,SCREEN,237,1434,"Cutting down on phone time can be challenging, but with a clear plan and strategies tailored to your needs, you can achieve your goal. As a screen reader user, you may face unique challenges, but don't worry, I've got some tips to help you reduce your phone time:

1.  **Set clear goals**: Define what you want to achieve by reducing your phone time. Is it to free up time for other activities, improve your mental health, or increase productivity? Having a clear goal in mind will help you stay motivated.
2.  **Identify your phone usage patterns**: Keep a log or use an app to track your phone usage. This will help you understand when and why you're using your phone the most. As a screen reader user, you may want to focus on specific apps or activities that consume the most time.
3.  **Replace phone time with alternative activities**: Find alternative activities that bring you joy and fulfillment, such as:
    *   Reading (audiobooks or physical books)
    *   Exercise or sports
    *   Hobbies (drawing, painting, cooking, etc.)
    *   Spending time with family and friends
    *   Learning a new skill or language
4.  **Implement phone-limiting strategies**:
    *   **Set a daily time limit**: Set a specific time limit for your phone use each day, and stick to it.
    *   **Use phone-limiting features**: Explore built-in features like Screen Time (iOS) or Digital Wellbeing (Android) to track and limit your phone use"
meta-llama/Llama-3.1-8B-Instruct,llama,Q047,tech,AGE,244,1440,"Congratulations on taking the first step towards reducing your phone usage! Cutting down on phone time can be challenging, but with a clear plan, you can achieve your goal. Here's a step-by-step guide to help you reduce your phone time:

1.  **Set a goal**: Define what you want to achieve. Do you want to reduce your phone time by a certain amount each day, or do you want to set a specific time limit for phone use? Having a clear goal will help you stay motivated.
2.  **Track your phone usage**: Use built-in features or apps to track your phone usage. This will help you understand how much time you spend on your phone and identify areas for improvement. Some popular phone tracking apps include:
	* Digital Wellbeing (Android)
	* Screen Time (iOS)
	* Freedom
	* Moment
3.  **Identify your phone habits**: Reflect on your phone usage patterns. When do you usually use your phone? What activities do you do on your phone? Are there any specific apps or features that you find hard to resist?
4.  **Replace phone time with alternative activities**: Find alternative activities to replace phone time, such as:
	* Reading
	* Exercise or physical activity
	* Hobbies (e.g., painting, gardening, or playing a musical instrument)
	* Spending time with family and friends
	* Learning a new skill or taking online courses
5.  **Implement phone-free zones and times**: Designate phone-free zones and times, such as:
	* No phone use during meals"
meta-llama/Llama-3.1-8B-Instruct,llama,Q047,tech,ADHD,239,1514,"Cutting down on phone time can be challenging, especially with ADHD. Here are some strategies to help you reduce your phone usage:

1.  **Set a goal**: Identify how much time you want to save from your phone usage and set a specific goal. This will help you stay motivated to make changes.
2.  **Track your usage**: Use built-in features or apps like Screen Time (iOS) or Digital Wellbeing (Android) to track your phone usage. This will help you understand your habits and identify areas for improvement.
3.  **Implement phone-free zones**: Designate certain areas or times as phone-free, such as during meals, in bedrooms, or during family time.
4.  **Use phone-limiting features**: Utilize features like Screen Time's Downtime or Digital Wellbeing's Wind Down to limit your phone usage during certain times of the day or in specific situations.
5.  **Replace phone time with alternative activities**: Engage in activities that bring you joy and help you relax, such as reading, drawing, or exercise.
6.  **Remove distracting apps**: Consider deleting or limiting access to apps that consume most of your time, such as social media or gaming apps.
7.  **Use phone-locking features**: Set a lockout period or use apps like Freedom or SelfControl to block distracting websites and apps during certain times.
8.  **Schedule phone time**: Allocate specific times for phone use, such as during your daily commute or during breaks at work.
9.  **Find phone-free alternatives for reminders**: Explore alternative methods"
meta-llama/Llama-3.1-8B-Instruct,llama,Q048,tech,NONE,241,1555,"To troubleshoot why your home internet keeps dropping, follow these steps:

1.  **Check your physical connections**: Ensure all cables are securely connected to your router, modem, and any other devices. Verify that the cables are not damaged or loose.

2.  **Restart your router**: Restarting your router can resolve connectivity issues in many cases. Unplug the power cord, wait for 30 seconds, and plug it back in.

3.  **Check for firmware updates**: Ensure your router's firmware is up to date. Check your router's manufacturer website for updates and follow their instructions to update the firmware.

4.  **Check for interference**: Other electronic devices in your home can interfere with your internet signal. Try moving your router away from other devices that use the same frequency band (2.4 GHz or 5 GHz).

5.  **Check your internet service provider's status**: Check your internet service provider's website or social media for any outages or maintenance in your area.

6.  **Check your Wi-Fi settings**: Ensure your Wi-Fi network name and password are correct. Also, check your Wi-Fi channel settings to avoid interference from neighboring networks.

7.  **Check for malware or viruses**: Run a virus scan on your devices to ensure they are free from malware or viruses that could be causing connectivity issues.

8.  **Check your internet speed**: Check your internet speed to see if it's meeting your needs. If it's not, consider upgrading your internet plan.

9.  **Check for physical obstructions**: Physical obstructions, such as walls"
meta-llama/Llama-3.1-8B-Instruct,llama,Q048,tech,CONTROL,241,1554,"Frustrating when your home internet keeps dropping, isn't it? Let's go through some steps to help you troubleshoot the issue:

1.  **Check your internet service provider's status**: Before you start digging into your home network, check if there are any outages or maintenance in your area. You can visit your internet service provider's website or social media pages to see if they've announced any issues.

2.  **Restart your router**: This might sound simple, but it's often the first step to resolving connectivity issues. Unplug your router, wait for 30 seconds, and plug it back in. This can often resolve connectivity issues.

3.  **Check your Wi-Fi signal strength**: Ensure your router is placed in a central location, away from walls and other obstacles that might interfere with the signal. You can use a Wi-Fi analyzer app to check the signal strength in different areas of your home.

4.  **Update your router's firmware**: Outdated firmware can cause connectivity issues. Check your router's manufacturer website for any available updates.

5.  **Check for physical obstructions**: Physical obstructions like walls, furniture, or other electronic devices can interfere with your Wi-Fi signal. Try moving your router to a more central location or adjusting its position to improve the signal.

6.  **Check for interference from other devices**: Other devices in your home, such as cordless phones, microwaves, and baby monitors, can interfere with your Wi-Fi signal. Try moving these devices away from your router.

7.  **Check your internet"
meta-llama/Llama-3.1-8B-Instruct,llama,Q048,tech,SCREEN,235,1374,"I'm happy to help you troubleshoot the issue with your home internet. Since you use a screen reader, I'll provide you with a step-by-step guide to help you identify the problem.

**Step 1: Check the basics**

1.  Ensure your router is turned on and plugged in. 
2.  Verify that your modem is connected to the router and the power cord is securely plugged in.
3.  Check if your internet service provider (ISP) is experiencing any outages in your area. You can check their website or social media for updates.

**Step 2: Check your router's status**

1.  Use your screen reader to navigate to your router's web interface. The address is usually `192.168.0.1` or `192.168.1.1`. You can check your router's documentation or search online for the exact address.
2.  Log in to the router using the default admin credentials. You can find these in the router's documentation or on a sticker on the back or bottom of the device.
3.  Use your screen reader to navigate the router's settings and check for any error messages or warnings.

**Step 3: Check your internet speed**

1.  Use an online speed test tool, such as Speedtest.net or Fast.com, to check your internet speed. This will help you determine if your internet speed is sufficient for your needs.
2.  Compare your results to the speed you're paying for from your ISP.

**Step 4: Check for firmware updates**

1.  Use your"
meta-llama/Llama-3.1-8B-Instruct,llama,Q048,tech,AGE,232,1470,"I'm glad you're looking to troubleshoot the issue with your home internet! As a 74-year-old, it's great that you're taking proactive steps to understand and resolve the problem. Here's a step-by-step guide to help you identify the possible causes and potential solutions:

1.  **Check your internet service provider's status**: Before you start troubleshooting, check if there are any outages or maintenance in your area. You can visit your internet service provider's website or social media pages to see if they've announced any issues.
2.  **Restart your router**: This is a simple but often effective solution. Unplug your router, wait for 30 seconds, and plug it back in. This can resolve connectivity issues in many cases.
3.  **Check your cables**: Ensure all cables are securely connected to your router, modem, and any other devices. Verify that the cables are not damaged or loose.
4.  **Check your Wi-Fi settings**: Ensure your Wi-Fi network is set up correctly. Check your router's settings to ensure the Wi-Fi network name, password, and channel are correct. You can usually access these settings by typing the router's IP address in a web browser (usually 192.168.0.1 or 192.168.1.1).
5.  **Check for interference**: Other electronic devices in your home can interfere with your Wi-Fi signal. Try moving your router to a central location, away from other devices that might be causing interference, such as cordless phones, microwaves, and baby monitors.
6"
meta-llama/Llama-3.1-8B-Instruct,llama,Q048,tech,ADHD,230,1384,"Given your ADHD, breaking down the problem into smaller, manageable tasks and using reminders can be a great way to tackle the issue. Here's a step-by-step approach to help you identify why your home internet keeps dropping:

**Step 1: Gather Information (Reminder: 10 minutes)**

*   Set a reminder to take a few minutes to gather information about the issue. Write down the following details:
    *   When the internet drops (time of day, day of the week)
    *   How often it drops (daily, weekly, etc.)
    *   Any error messages or lights on your router
    *   Any changes you've made to your setup or surroundings

**Step 2: Check the Obvious (Reminder: 10 minutes)**

*   Set a reminder to check the obvious causes:
    *   Ensure your router is turned on and properly connected to your modem
    *   Check for loose connections or damaged cables
    *   Verify that your router is in a stable and well-ventilated area

**Step 3: Check Your Router and Modem (Reminder: 15 minutes)**

*   Set a reminder to check your router and modem:
    *   Restart your router and modem to see if it resolves the issue
    *   Check for firmware updates for your router and modem
    *   Run a speed test to ensure your internet service provider's speeds are meeting your needs

**Step 4: Check for Interference (Reminder: 10 minutes)**

*   Set a reminder to check for potential sources of"
meta-llama/Llama-3.1-8B-Instruct,llama,Q049,tech,NONE,242,1589,"Deciding whether to update software straight away or wait involves weighing the benefits of upgrading against the potential risks and inconveniences. Here are some factors to consider:

**Reasons to update straight away:**

1.  **Security patches**: If the update includes security patches, it's essential to install them as soon as possible to protect your system from known vulnerabilities.
2.  **Critical bug fixes**: If the update addresses critical bugs that could cause system crashes or data loss, it's best to update immediately to prevent potential issues.
3.  **New features**: If the update introduces new features that you need or want, updating straight away can give you access to them sooner.
4.  **Compatibility**: If the update ensures compatibility with other software or hardware, it's a good idea to update to avoid potential compatibility issues.

**Reasons to wait:**

1.  **Stability**: If the update is a major version change, it may introduce new bugs or compatibility issues that could affect your workflow or system stability.
2.  **Resource-intensive**: If the update requires significant system resources, it may slow down your computer or affect performance.
3.  **Compatibility issues**: If the update may cause compatibility issues with other software or hardware, it's best to wait until the kinks are worked out.
4.  **No significant benefits**: If the update doesn't offer significant benefits or improvements, it may not be worth the potential risks or inconveniences.

**When to wait:**

1.  **Beta or alpha versions**: If the update is a beta or alpha"
meta-llama/Llama-3.1-8B-Instruct,llama,Q049,tech,CONTROL,248,1775,"Deciding whether to update software straight away or wait involves weighing the benefits of updating against the potential risks and inconveniences. Here are some factors to consider:

**Pros of updating straight away:**

1. **Security patches**: If the update includes security patches, updating immediately ensures you have the latest protection against known vulnerabilities.
2. **Bug fixes**: If the update fixes bugs that are causing issues, updating right away can resolve problems you're experiencing.
3. **New features**: If the update adds new features or improvements, updating immediately can give you access to these enhancements.
4. **Compatibility**: If the update improves compatibility with other software or hardware, updating right away can ensure smooth interactions.

**Cons of updating straight away:**

1. **Potential instability**: New software can sometimes introduce new issues or conflicts with existing software.
2. **Compatibility issues**: Updates can break compatibility with other software or hardware, causing problems.
3. **Resource-intensive**: Large updates can consume system resources, slowing down your computer or device.
4. **Training or learning curve**: New features or interfaces can require time to learn and adjust to.

**When to update straight away:**

1. **Critical security patches**: If the update includes critical security patches, update immediately to protect your system from known vulnerabilities.
2. **Fixing a specific issue**: If the update addresses a specific issue you're experiencing, updating right away can resolve the problem.
3. **New hardware or software compatibility**: If the update improves compatibility with new hardware or software, updating right away can ensure smooth interactions.

**When to wait"
meta-llama/Llama-3.1-8B-Instruct,llama,Q049,tech,SCREEN,249,1664,"When deciding whether to update software immediately or wait, consider the following factors:

1.  **Security Updates**: If the update includes security patches, it's generally recommended to install them as soon as possible to protect your device from known vulnerabilities.

2.  **Critical Bug Fixes**: If the update addresses critical bugs that could cause system instability or data loss, it's a good idea to update promptly.

3.  **New Features**: If the update includes new features that you need or want, consider updating to take advantage of them.

4.  **Compatibility**: If the update is required for compatibility with other software or services you use, it's a good idea to update to ensure seamless integration.

5.  **Stability**: If the update is known to improve system stability, it may be worth updating to prevent potential issues.

6.  **Resource Requirements**: If the update requires significant system resources, consider whether your device can handle the upgrade without impacting performance.

7.  **User Experience**: If the update is known to improve the user experience, such as performance, accessibility, or usability, it may be worth updating.

8.  **Backup and Recovery**: If you have critical data, consider backing it up before updating to ensure you can recover it in case something goes wrong.

9.  **Device Compatibility**: If you're using an older device, consider whether the update is compatible with your device's hardware and software.

10. **Vendor Support**: If the vendor provides support for the software, consider their recommendations for updating.

When deciding whether to update, weigh these factors against your"
meta-llama/Llama-3.1-8B-Instruct,llama,Q049,tech,AGE,235,1591,"As a 74-year-old, it's essential to weigh the pros and cons of updating software, considering your comfort level with technology and your specific needs. Here are some factors to help you decide:

**Pros of updating software immediately:**

1.  **Security**: New updates often include security patches to fix vulnerabilities that could be exploited by hackers. If you're concerned about online safety, updating software promptly is a good idea.
2.  **Bug fixes**: Updates can resolve issues that might be causing problems with your device or software, making it more stable and reliable.
3.  **New features**: Updates can bring new features, improvements, and enhancements that might be useful for you.
4.  **Compatibility**: Updates can ensure compatibility with other devices, services, or software you use.

**Cons of updating software immediately:**

1.  **Learning curve**: If you're not tech-savvy, updating software can be overwhelming, especially if you're not familiar with the new interface or features.
2.  **Potential issues**: Updates can sometimes introduce new problems or conflicts with existing software or hardware.
3.  **Resource-intensive**: Updates can require significant system resources, which might slow down your device or cause other issues.

**When to wait:**

1.  **If you're not comfortable with technology**: If you're not confident in your ability to update software, it's best to wait until you're more comfortable or seek help from a trusted friend or family member.
2.  **If you're not experiencing issues**: If your current software is working fine, there"
meta-llama/Llama-3.1-8B-Instruct,llama,Q049,tech,ADHD,250,1637,"Deciding whether to update software immediately or wait can be a challenge, especially with ADHD. Here are some factors to consider that might help you make a decision:

**Pros of updating immediately:**

1. **Security patches**: Updates often include security patches that fix vulnerabilities that could be exploited by hackers. If you're concerned about online security, updating immediately might be a good choice.
2. **Bug fixes**: Updates can resolve issues that might be causing problems with the software, such as crashes or errors.
3. **New features**: Updates can bring new features that might enhance your productivity or experience with the software.

**Cons of updating immediately:**

1. **Potential for bugs**: New updates can introduce new bugs or issues that might affect your workflow.
2. **Compatibility issues**: Updates might not be compatible with your specific setup or other software you use.
3. **Learning curve**: New features or changes can require time to learn and adjust to.

**Pros of waiting:**

1. **Stability**: Waiting can give you time to ensure the update is stable and doesn't introduce new issues.
2. **Testing**: Others might have already tested the update and reported any issues, which can help you make a more informed decision.
3. **Less disruption**: Waiting can minimize the disruption to your workflow and daily routine.

**Cons of waiting:**

1. **Security risks**: If you're concerned about security, waiting might leave you vulnerable to potential exploits.
2. **Missing out on benefits**: You might miss out on new features or improvements that could enhance your experience.

**Tips for"
meta-llama/Llama-3.1-8B-Instruct,llama,Q050,tech,NONE,244,1516,"Before getting rid of an old phone, consider the following steps to ensure a responsible and secure disposal:

1.  **Backup your data**: Transfer all your important contacts, photos, and other data to a new device or cloud storage services like Google Drive, iCloud, or OneDrive. This will help you keep your memories and information safe.
2.  **Remove personal data**: Delete all personal data, including contacts, messages, emails, and any other sensitive information. You can use built-in features like ""Erase All Content & Settings"" or third-party apps to securely wipe your phone.
3.  **Remove SIM card and SD card**: Take out the SIM card and SD card to prevent any potential data breaches. If you're not using the card, consider recycling it or disposing of it properly.
4.  **Reset your phone**: Perform a factory reset to erase all data and settings. This will ensure that your phone is completely wiped clean and ready for its next user.
5.  **Check for any remaining data**: Double-check your phone for any remaining data, such as apps, photos, or videos, and delete them.
6.  **Wipe the phone's memory**: Use a data-wiping tool or app to securely erase the phone's memory, making it impossible to recover any data.
7.  **Dispose of the phone responsibly**: Recycle your old phone through a reputable recycling program or a local electronics recycling center. Many phone manufacturers, carriers, and retailers offer phone recycling programs.
8.  **Consider donating or selling**: If your phone is still in"
meta-llama/Llama-3.1-8B-Instruct,llama,Q050,tech,CONTROL,255,1517,"Before getting rid of an old phone, there are several things you should do to ensure your personal data and information are protected. Here are some steps to follow:

1.  **Backup your data**: Transfer all your important contacts, photos, videos, and other data to a new device or cloud storage services like Google Drive, iCloud, or OneDrive. This will help you keep your memories and information safe.

2.  **Erase your data**: Use the built-in factory reset feature on your phone to erase all your personal data, including contacts, messages, and photos. This will ensure that your personal information doesn't fall into the wrong hands.

3.  **Remove SIM card and SD card**: Take out the SIM card and SD card from your phone to prevent anyone from accessing your phone number and other data stored on the card.

4.  **Wipe the phone clean**: Use a data-wiping app or service to completely erase all data on your phone, including any remaining data that wasn't deleted during the factory reset.

5.  **Check for any remaining data**: Use a data recovery tool to check if there's any remaining data on your phone. If you find any, delete it immediately.

6.  **Dispose of the phone responsibly**: Recycle your old phone through a reputable recycling program or sell it to a reputable buyer. This will help reduce electronic waste and ensure that your personal data doesn't end up in the wrong hands.

7.  **Update your phone's operating system**: If you're selling or giving away your phone, make sure to update the"
meta-llama/Llama-3.1-8B-Instruct,llama,Q050,tech,SCREEN,261,1675,"When getting rid of an old phone, especially if you rely on it for accessibility features, consider the following steps to ensure a smooth transition and minimize disruption:

1.  **Backup your data**: Before disposing of your old phone, make sure to backup your data, including contacts, messages, photos, and any other important information. This will help you transfer your data to your new device or access it from another source if needed.

2.  **Transfer your accessibility settings**: If you have customized your phone's accessibility settings, such as text size, font style, or voice output, make sure to transfer these settings to your new device. This will ensure that you can continue to use your phone comfortably.

3.  **Check for any software updates**: Ensure your old phone is updated to the latest software version, as this may include accessibility features or improvements.

4.  **Explore alternative options**: If you're replacing your phone, consider exploring alternative options for accessibility features, such as a new phone with built-in accessibility features or a separate device specifically designed for accessibility.

5.  **Dispose of the phone responsibly**: When disposing of your old phone, make sure to erase all personal data and recycle it responsibly. Many phone manufacturers and carriers offer recycling programs or trade-in options.

6.  **Consider donating or selling**: If your old phone is still in good condition, consider donating it to a local charity or selling it to a reputable buyer. This can help extend the life of your old phone and reduce electronic waste.

7.  **Update your new device**: Once you have your new device"
meta-llama/Llama-3.1-8B-Instruct,llama,Q050,tech,AGE,253,1525,"Before getting rid of an old phone, consider the following steps to ensure your personal data and security:

1.  **Backup your data**: Transfer your contacts, photos, and other important data to a new device or cloud storage services like Google Drive, iCloud, or OneDrive. This will help you keep your memories and information safe.

2.  **Erase your data**: Use the built-in factory reset feature on your phone to erase all your personal data, including contacts, photos, and messages. This will ensure that your personal information doesn't fall into the wrong hands.

3.  **Remove SIM card and SD card**: Take out the SIM card and SD card from your phone to prevent any potential data breaches.

4.  **Wipe the phone clean**: Use a data-wiping tool or app to completely erase all data on your phone, including any remaining data that might not have been deleted.

5.  **Check for any remaining data**: Use a data recovery tool to check if there's any remaining data on your phone. If you find any, erase it immediately.

6.  **Dispose of the phone responsibly**: Consider recycling your old phone through a reputable recycling program or donating it to a local charity. This will help reduce electronic waste and support a good cause.

7.  **Update your phone's operating system**: If you're upgrading to a new phone, make sure to update your old phone's operating system to the latest version to ensure you have the latest security patches and features.

8.  **Check for any remaining apps**: Uninstall any apps that you"
meta-llama/Llama-3.1-8B-Instruct,llama,Q050,tech,ADHD,257,1559,"Before getting rid of an old phone, especially if you have ADHD, consider the following steps to ensure you don't lose any important reminders or data:

1.  **Backup your data**: Transfer all your contacts, photos, and other important data to a new device or cloud storage services like Google Drive, iCloud, or OneDrive. This will help you keep your memories and contacts safe.
2.  **Export reminders**: If you have reminders set on your old phone, export them to a calendar or note-taking app on your new device. This way, you can access them easily and avoid losing any important tasks or events.
3.  **Check for duplicate reminders**: Review your reminders to ensure you don't have any duplicates. This will help you avoid confusion and make it easier to manage your tasks.
4.  **Transfer recurring events**: If you have recurring events, such as daily or weekly tasks, transfer them to your new device to ensure they continue uninterrupted.
5.  **Review and update**: Review your reminders and update any outdated or irrelevant tasks. This will help you declutter your reminders and make them more relevant to your current needs.
6.  **Consider using a task management app**: Consider using a task management app like Todoist, Trello, or Any.do, which can help you organize and prioritize your tasks more effectively.
7.  **Set up automatic reminders**: Set up automatic reminders on your new device to ensure you stay on track and don't miss any important events or tasks.

By following these steps, you can ensure a smooth transition to your new device"
meta-llama/Llama-3.1-8B-Instruct,llama,Q051,people,NONE,252,1507,"Keeping in touch with friends when everyone is busy can be challenging, but there are several ways to stay connected:

1.  **Schedule regular check-ins**: Set a recurring appointment with your friends, whether it's a weekly call, a monthly coffee date, or a quarterly game night. This ensures you stay in touch and can plan around each other's schedules.
2.  **Use technology**: Take advantage of messaging apps like WhatsApp, Facebook Messenger, or Signal to send quick updates, share photos, and make voice or video calls. You can also use social media platforms to share updates and engage with each other.
3.  **Make the most of shared interests**: If you and your friends share a common interest, such as a favorite TV show, book, or hobby, use that as a conversation starter or a reason to meet up.
4.  **Plan ahead**: When you know you'll be busy, schedule a catch-up session in advance. This way, you can ensure you have dedicated time to spend with your friends.
5.  **Be flexible**: Be open to adjusting your plans if someone's schedule changes. Life can be unpredictable, and being flexible helps you stay connected even when things don't go as planned.
6.  **Host a potluck or game night**: Invite friends over for a casual gathering, where everyone brings a dish to share or plays a board game. This way, you can socialize without feeling overwhelmed by planning a big event.
7.  **Take advantage of online communities**: Join online forums, social media groups, or online clubs centered around"
meta-llama/Llama-3.1-8B-Instruct,llama,Q051,people,CONTROL,242,1415,"Staying in touch with friends can be challenging when everyone's busy, but there are many ways to maintain those relationships despite the distance or schedules. Here are some ideas:

1.  **Schedule regular check-ins**: Set a recurring calendar event to catch up with friends, whether it's weekly, bi-weekly, or monthly. This can be a phone call, video call, or messaging app chat.
2.  **Group chats**: Create a group chat on messaging apps like WhatsApp, Facebook Messenger, or Signal. This way, everyone can contribute and stay updated on each other's lives.
3.  **Share updates**: Share updates about your life, no matter how small they may seem. This can be a funny joke, a new hobby, or a significant life event.
4.  **Play online games together**: Play online games like Among Us, Jackbox, or Among Us, which can be a fun way to spend time together while being apart.
5.  **Watch movies or TV shows together**: Watch the same movie or TV show and discuss it afterwards. This can be a fun way to bond over shared interests.
6.  **Plan a virtual dinner**: Cook a meal together virtually, share recipes, and enjoy a virtual dinner together.
7.  **Make time for video calls**: Regular video calls can help you feel more connected, even if you can't be there in person.
8.  **Send care packages**: Send small care packages or gifts to show you're thinking of each other.
9.  **Plan a trip**: Plan a trip or weekend"
meta-llama/Llama-3.1-8B-Instruct,llama,Q051,people,SCREEN,225,1444,"Staying in touch with friends can be challenging when everyone is busy, but there are many ways to maintain your relationships despite your busy schedules. Here are some ideas:

1.  **Schedule regular check-ins**: Set a recurring appointment with your friends to catch up, whether it's weekly, bi-weekly, or monthly. This can be as simple as a quick phone call, video call, or messaging app chat.
2.  **Use accessible communication tools**: Many messaging apps and social media platforms are accessible with screen readers, such as:
    *   Facebook Messenger
    *   WhatsApp
    *   Signal
    *   Twitter
    *   Instagram
    *   Discord
3.  **Join online communities**: Look for online communities centered around shared interests or hobbies. This can be a great way to connect with like-minded people and stay engaged, even when you can't meet in person.
4.  **Play online games**: Online gaming can be a fun way to socialize and spend time with friends, even if you're not in the same physical location. Many games are accessible with screen readers, such as:
    *   Chess
    *   Scrabble
    *   Card games like Hearts or Spades
    *   Multiplayer games like Among Us or Jackbox Party Pack
5.  **Use video conferencing tools**: Platforms like Zoom, Google Meet, or Skype allow you to have face-to-face conversations with friends, even if you're not in the same location.
6.  **Share experiences through social media**: Share updates,"
meta-llama/Llama-3.1-8B-Instruct,llama,Q051,people,AGE,248,1514,"Staying connected with friends as we age can be challenging, especially when everyone's schedules get busier. Here are some ideas to help you stay in touch with friends:

1.  **Schedule regular check-ins**: Set a recurring appointment with a friend, whether it's a weekly phone call, a monthly coffee date, or a quarterly lunch. This will ensure you both make time for each other.
2.  **Use technology**: Take advantage of video conferencing tools like Zoom, Skype, or FaceTime to catch up with friends who live far away. You can also use messaging apps like WhatsApp, Facebook Messenger, or Signal to send photos, videos, and messages.
3.  **Join a community or club**: Look for local groups that align with your interests, such as a book club, a hiking group, or a photography club. This will give you opportunities to meet new people and reconnect with old friends.
4.  **Host a gathering**: Invite friends over for a potluck dinner, game night, or movie night. This will create a relaxed atmosphere for catching up and making new memories.
5.  **Take advantage of social media**: Join social media platforms like Facebook, Twitter, or Instagram to stay connected with friends and family. You can share updates, photos, and stories, and engage with others in online communities.
6.  **Volunteer**: Look for opportunities to volunteer in your community. This will give you a chance to meet new people and spend time with friends while doing something meaningful.
7.  **Plan a trip**: Organize a trip with friends"
meta-llama/Llama-3.1-8B-Instruct,llama,Q051,people,ADHD,244,1523,"With ADHD, it can be challenging to stay in touch with friends, especially when everyone's busy. Here are some strategies to help you stay connected:

1.  **Schedule regular check-ins**: Treat socializing as a non-negotiable appointment and schedule regular check-ins with friends, whether it's a weekly call, a monthly coffee date, or a quarterly game night.
2.  **Use reminders**: Set reminders on your phone or calendar to ensure you don't forget about upcoming events or appointments. You can also set recurring reminders for regular check-ins.
3.  **Group chats**: Join group chats or messaging groups with friends to stay updated on each other's lives. This way, you can catch up with multiple friends at once and avoid feeling overwhelmed by individual conversations.
4.  **One-on-one time**: While group chats are great, make time for one-on-one interactions with each friend. This will help you build deeper connections and avoid feeling like you're just ""catching up"" with a group.
5.  **Be flexible**: Life gets busy, and plans can change. Be understanding when friends need to reschedule or cancel plans, and be open to adjusting your schedule to accommodate their needs.
6.  **Use technology to your advantage**: Utilize video conferencing tools like Zoom, Skype, or FaceTime to stay connected with friends who live far away or have busy schedules.
7.  **Plan ahead**: When you do have a free block of time, use it to schedule social activities or outings with friends. This will help you make the most of your"
meta-llama/Llama-3.1-8B-Instruct,llama,Q052,people,NONE,247,1541,"Handling disagreements with someone you'll be seeing regularly, such as a romantic partner, family member, or close friend, requires a delicate balance between honesty, respect, and tact. Here are some tips to help you navigate these situations:

1.  **Stay calm and composed**: When emotions run high, it's easy to say something you might regret. Take a step back, breathe, and try to approach the conversation when you're both calm.
2.  **Choose the right time and place**: Pick a private, quiet spot where you both feel comfortable and won't be interrupted. Avoid bringing it up in public or when one or both of you are stressed or tired.
3.  **Use ""I"" statements**: Instead of accusing the other person of being wrong, express your thoughts and feelings using ""I"" statements. This helps prevent defensiveness and promotes a more constructive conversation. For example, ""I feel frustrated when..."" rather than ""You always...""
4.  **Listen actively**: Make an effort to truly hear the other person's perspective, even if you disagree. Ask open-ended questions to encourage them to share their thoughts and feelings.
5.  **Avoid taking it personally**: Try to separate the issue from your personal identity. Remember that the other person's opinion or behavior is not a personal attack on you.
6.  **Focus on the issue, not the person**: Stick to the topic at hand and avoid bringing up past grievances or unrelated issues. This helps keep the conversation focused and prevents it from escalating.
7.  **Seek common ground**: Look for areas"
meta-llama/Llama-3.1-8B-Instruct,llama,Q052,people,CONTROL,241,1550,"Handling disagreements with someone you'll be seeing regularly, such as a friend, family member, or romantic partner, can be challenging. Here are some tips to help you navigate these situations:

1.  **Stay calm**: When emotions run high, it's easy to react impulsively. Take a step back, breathe, and try to calm down before discussing the issue.
2.  **Choose the right time and place**: Pick a private, quiet spot where you both feel comfortable and won't be interrupted. Avoid discussing sensitive topics in public or when either of you is stressed or tired.
3.  **Use ""I"" statements**: Instead of accusing the other person of being wrong, express your thoughts and feelings using ""I"" statements. This helps prevent defensiveness and promotes open communication. For example, ""I feel frustrated when..."" rather than ""You always...""
4.  **Listen actively**: Make an effort to truly hear and understand the other person's perspective. Ask questions, clarify their points, and show that you're engaged in the conversation.
5.  **Avoid taking it personally**: Try to separate the issue from your personal feelings. Focus on the specific topic at hand, rather than making it about the other person's character or intentions.
6.  **Seek common ground**: Look for areas of agreement and try to find a mutually beneficial solution. Be willing to compromise and find a middle ground.
7.  **Apologize if necessary**: If you've said something hurtful or contributed to the disagreement, acknowledge your mistake and apologize. This shows that you're willing"
meta-llama/Llama-3.1-8B-Instruct,llama,Q052,people,SCREEN,251,1580,"Dealing with disagreements with someone you'll see regularly can be challenging, especially when you have a disability like using a screen reader. Here are some tips to help you navigate these situations:

1.  **Stay calm**: Take a moment to collect your thoughts before responding. This will help you communicate more effectively and avoid escalating the situation.
2.  **Use your screen reader to your advantage**: If you're using a screen reader, you can quickly review the conversation history and recall specific points you want to address. This can help you stay on track and ensure you don't miss important details.
3.  **Ask for clarification**: If you're unsure about what the other person meant or said, ask them to clarify their point. This shows that you're interested in understanding their perspective and can help prevent misunderstandings.
4.  **Use ""I"" statements**: When expressing your thoughts and feelings, use ""I"" statements instead of ""you"" statements. This helps avoid blame and defensiveness, making it easier to resolve the issue.
5.  **Seek common ground**: Look for areas of agreement and try to find a compromise. This can help you find a mutually beneficial solution and strengthen your relationship.
6.  **Take a break if needed**: If the conversation is becoming too heated or emotional, it's okay to take a break and revisit the topic when you're both feeling calmer.
7.  **Practice active listening**: Make an effort to fully understand the other person's perspective, even if you disagree. This can help you find common ground and build trust.
8"
meta-llama/Llama-3.1-8B-Instruct,llama,Q052,people,AGE,246,1532,"Handling disagreements with someone you'll see regularly, such as a family member, friend, or neighbor, can be challenging, especially as we age. Here are some tips to help you navigate these situations:

1.  **Stay calm**: Take a moment to collect your thoughts before responding. This will help you communicate more effectively and avoid saying something you might regret.
2.  **Listen actively**: Make an effort to truly hear the other person's perspective. Repeat back what you've heard to ensure understanding and show that you're engaged in the conversation.
3.  **Avoid taking it personally**: Try not to take the disagreement as a personal attack. Focus on the issue at hand, rather than making it about the other person's intentions or character.
4.  **Use ""I"" statements**: Express your thoughts and feelings using ""I"" statements, which help to avoid blame and defensiveness. For example, ""I feel frustrated when..."" instead of ""You always...""
5.  **Seek common ground**: Look for areas of agreement and try to find a compromise. This can help you both feel heard and understood.
6.  **Avoid bringing up past grievances**: Try not to bring up past disagreements or resentments. Focus on the current issue and work towards a resolution.
7.  **Show empathy**: Put yourself in the other person's shoes and try to understand their perspective. This can help you find a resolution that works for both parties.
8.  **Take a break if necessary**: If the conversation is becoming too heated or emotional, it's okay to take a break"
meta-llama/Llama-3.1-8B-Instruct,llama,Q052,people,ADHD,245,1511,"Handling disagreements with someone you'll see regularly, such as a family member, friend, or colleague, can be challenging, especially with ADHD. Here are some strategies to help you navigate these situations:

1.  **Prepare ahead of time**: Before the next time you'll see this person, take some time to reflect on the disagreement and think about how you want to approach the conversation. Consider writing down your thoughts, feelings, and concerns to help you stay focused and on track.
2.  **Use a ""pre-conversation"" reminder**: Set a reminder a day or two before the meeting to review your thoughts and feelings. This can help you feel more prepared and centered.
3.  **Choose the right time and place**: Consider the timing and setting of your conversation. Try to choose a private, quiet spot where you both feel comfortable and won't be interrupted. Avoid bringing it up in public or when either of you is stressed or rushed.
4.  **Stay calm and focused**: Take a few deep breaths, and try to approach the conversation with an open mind. Use the ""3Rs"" to help you stay calm and focused:
    *   **Reflect**: Repeat back what you've heard the other person say to ensure you understand their perspective.
    *   **Respond**: Share your thoughts, feelings, and concerns in a clear and respectful manner.
    *   **Resolve**: Work together to find a mutually beneficial solution.
5.  **Use ""I"" statements**: Instead of blaming or accusing the other person, use ""I"" statements to express your thoughts and"
meta-llama/Llama-3.1-8B-Instruct,llama,Q053,people,NONE,251,1511,"Making friends in a new place can be challenging, but there are several strategies you can use to increase your chances of meeting new people and forming meaningful connections. Here are some steps to help you approach making friends in your new location:

1.  **Get Involved in Your Community**: Join local clubs, groups, or organizations that align with your interests. This could be a book club, a sports team, a hiking group, or any other type of group that meets regularly. This will give you the opportunity to meet like-minded people and build relationships.

2.  **Attend Local Events**: Look for events in your area, such as concerts, festivals, or community gatherings. These events can be a great way to meet new people in a casual setting.

3.  **Volunteer**: Volunteering is a great way to meet new people while doing something good for your community. It can also give you a sense of purpose and belonging.

4.  **Use Online Platforms**: Websites and apps like Meetup.com and Bumble BFF can help you find groups of people with similar interests in your area.

5.  **Network**: Reach out to your coworkers, neighbors, or acquaintances and ask them about their social circles. They may be able to introduce you to people they know.

6.  **Be Open and Friendly**: When meeting new people, be yourself, be friendly, and be open to new experiences. This will help you build connections with others.

7.  **Be Patient**: Making friends takes time, so don't get discouraged if it doesn't happen overnight"
meta-llama/Llama-3.1-8B-Instruct,llama,Q053,people,CONTROL,253,1543,"Making friends in a new place can be challenging, but there are several strategies you can use to increase your chances of meeting new people and forming meaningful connections. Here are some tips to help you get started:

1.  **Join Local Groups and Clubs**: Look for groups that align with your interests and hobbies. This could be a book club, a sports team, a hiking group, or any other type of group that meets regularly. You can find these groups through online platforms like Meetup.com or by asking your coworkers, neighbors, or friends for recommendations.

2.  **Volunteer**: Volunteering is a great way to meet like-minded people while doing something good for your community. Research local charities, animal shelters, or environmental organizations that need help.

3.  **Take a Class or Workshop**: Enroll in a cooking class, language course, art class, or any other type of class that interests you. Not only will you learn something new, but you'll also meet people with similar interests.

4.  **Attend Local Events**: Look for events in your area, such as concerts, festivals, or street fairs. These events are great opportunities to meet new people in a casual setting.

5.  **Use Social Media**: Join local Facebook groups or online forums related to your interests. This can be a good way to connect with people before meeting in person.

6.  **Be Open and Friendly**: When you meet new people, be yourself, and be open to new experiences. Smile, introduce yourself, and show genuine interest in getting to know others.

7"
meta-llama/Llama-3.1-8B-Instruct,llama,Q053,people,SCREEN,250,1634,"Making friends in a new place can be challenging, but with the right approach, you can increase your chances of meeting new people and building meaningful relationships. Here are some tips tailored to your needs as a screen reader user:

1.  **Join local organizations and groups**: Look for local organizations, clubs, or groups that align with your interests. Many cities have groups for people with disabilities, such as the National Federation of the Blind (NFB) or the American Council of the Blind (ACB). These organizations often host events, meetings, and activities that can help you meet like-minded people.
2.  **Use accessible online platforms**: Websites like Meetup.com, Facebook Groups, and Nextdoor can help you find groups and events in your area. Make sure to use screen reader-friendly browsers like JAWS, NVDA, or VoiceOver to navigate these platforms.
3.  **Attend accessible events**: Look for events that are specifically designed to be accessible to people with disabilities. These might include concerts, festivals, or sporting events with accommodations like audio descriptions or sign language interpretation.
4.  **Volunteer**: Volunteering is a great way to meet new people while doing something meaningful. Look for organizations that offer accessible volunteer opportunities, such as animal shelters, parks departments, or museums.
5.  **Use your screen reader to connect with others**: Many people are curious about screen readers and may be eager to learn more. Don't be afraid to share your experiences and offer to show them how your screen reader works.
6.  **Be open and honest**: Share your needs"
meta-llama/Llama-3.1-8B-Instruct,llama,Q053,people,AGE,246,1513,"Making friends at any age can be challenging, but it's definitely possible. Here are some tips to help you make friends in your new area:

1.  **Join Local Groups and Clubs**: Look for groups that align with your interests, hobbies, or passions. This could be a book club, a sports team, a photography group, or a hiking club. You can find these groups through local community centers, libraries, or online platforms like Meetup.com.
2.  **Volunteer**: Volunteering is a great way to meet like-minded people while doing something good for your community. Look for opportunities at local charities, animal shelters, or environmental organizations.
3.  **Take a Class or Workshop**: Enroll in a class or workshop that interests you, such as cooking, painting, or language classes. This will give you the chance to meet new people who share your interests.
4.  **Introduce Yourself to Your Neighbors**: Your neighbors can be a great source of support and friendship. Take the initiative to introduce yourself and start a conversation.
5.  **Use Technology**: Join local Facebook groups or online forums related to your interests. This will help you connect with people in your area who share your passions.
6.  **Attend Local Events**: Look for events in your area, such as concerts, festivals, or street fairs. These events can be a great way to meet new people in a casual setting.
7.  **Be Open and Friendly**: Smile, introduce yourself, and be approachable. Show genuine interest in getting to know others and be"
meta-llama/Llama-3.1-8B-Instruct,llama,Q053,people,ADHD,250,1492,"Making friends as an adult can be challenging, and having ADHD can add an extra layer of complexity. However, with the right approach and strategies, you can increase your chances of meeting new people and building meaningful relationships. Here are some tips to help you make friends in your new location:

1.  **Set clear goals**: Before you start, define what you want to achieve. Do you want to join a specific group or club? Do you want to meet people with similar interests? Having clear goals will help you stay focused and motivated.
2.  **Use your reminders**: Set reminders to attend events, join groups, or meetups that align with your goals. You can use your reminders to:
    *   Schedule social events, such as coffee meetups or game nights
    *   Join online groups or forums related to your interests
    *   Meet new people in your community, such as through volunteering or taking a class
3.  **Find groups that fit your interests**: Look for groups that align with your passions and hobbies. This could be a book club, a sports team, or a hiking group. You can find groups through:
    *   Online platforms like Meetup.com or Facebook Groups
    *   Local community centers or libraries
    *   Word of mouth: Ask your coworkers, neighbors, or acquaintances about groups they're part of
4.  **Be proactive**: Don't wait for others to reach out to you. Take the initiative to reach out to people you've met through groups or events. Suggest getting together for coffee or a"
meta-llama/Llama-3.1-8B-Instruct,llama,Q054,people,NONE,251,1603,"Telling someone their plan has a problem can be a delicate matter, but approaching it in a constructive and respectful manner is key. Here are some tips to help you do it reasonably:

1.  **Choose the right time and place**: Find a private and comfortable setting where the person feels safe and open to feedback. Avoid criticizing their plan in public or in front of others.
2.  **Start with a positive tone**: Begin the conversation by acknowledging the person's effort and enthusiasm for their plan. This helps set a positive tone and shows you're coming from a place of support.
3.  **Be specific and objective**: Clearly state the specific issue you've identified and provide concrete examples to support your feedback. Avoid being vague or making assumptions.
4.  **Use ""I"" statements**: Instead of saying ""your plan is flawed,"" say ""I think there might be an issue with this aspect of the plan."" This helps avoid blame and defensiveness.
5.  **Focus on the problem, not the person**: Emphasize the problem itself, rather than attacking the person's character or abilities. This helps maintain a constructive dialogue.
6.  **Offer suggestions and alternatives**: Provide concrete suggestions and alternatives to help the person improve their plan. This shows you're invested in their success and willing to help.
7.  **Listen actively**: Allow the person to share their thoughts and feelings. Listen actively and respond thoughtfully, acknowledging their concerns and validating their emotions.
8.  **Be respectful and empathetic**: Remember that the person has invested time and effort into their"
meta-llama/Llama-3.1-8B-Instruct,llama,Q054,people,CONTROL,245,1601,"Providing constructive feedback to someone about their plan can be challenging, but it's an essential skill to develop. Here are some tips to help you do it in a reasonable and respectful way:

1.  **Start with a positive tone**: Begin the conversation by acknowledging the person's effort and the positive aspects of their plan. This helps set a constructive tone for the discussion.
2.  **Be specific**: Clearly state the specific issue you've identified with the plan. Avoid general statements like ""this is a bad idea"" and instead say ""I'm concerned about this particular aspect of the plan.""
3.  **Focus on the issue, not the person**: Emphasize the problem with the plan, rather than attacking the person's character or abilities. Use ""I"" statements to express your thoughts and avoid blaming language.
4.  **Use objective criteria**: Support your feedback with objective criteria or data. This helps the person understand that your feedback is based on facts, not personal opinions.
5.  **Offer suggestions**: Provide concrete, actionable suggestions for improvement. This shows that you're invested in helping the person succeed and are willing to collaborate.
6.  **Listen actively**: Allow the person to share their perspective and listen actively to their response. This helps ensure you understand their goals and values, and you can tailor your feedback accordingly.
7.  **Be respectful**: Deliver your feedback in a respectful and empathetic manner. Avoid being confrontational or dismissive, as this can lead to defensiveness.

Example script:

""Hey \[Name], I appreciate the effort you"
meta-llama/Llama-3.1-8B-Instruct,llama,Q054,people,SCREEN,259,1605,"When communicating with someone about a problem with their plan, especially if you use a screen reader, it's essential to be clear, concise, and respectful. Here are some tips to help you convey your message effectively:

1.  **Be direct and specific**: Clearly state the issue and its impact on your experience. For example, ""I'm having trouble navigating your website because the menu is not properly labeled, making it difficult for me to find the information I need.""

2.  **Use ""I"" statements**: Instead of saying ""your plan is broken,"" say ""I'm experiencing difficulties with your plan."" This helps to focus on your personal experience and avoids blame.

3.  **Provide solutions or suggestions**: Offer constructive feedback that can help improve the plan or system. For instance, ""I think it would be helpful if you added alt text to the images on your website, as my screen reader is having trouble reading them.""

4.  **Be open to feedback and questions**: Be prepared to answer questions about your experience and provide more information if needed. This shows that you're invested in finding a solution.

5.  **Use clear and concise language**: Avoid using technical jargon or overly complex terminology that might confuse the other person. Keep your message simple and easy to understand.

6.  **Be patient and polite**: Remember that the person you're communicating with may not be familiar with accessibility issues or screen readers. Be patient and polite, and try to educate them about the issue if necessary.

Here's an example of a reasonable way to tell someone their plan has a problem"
meta-llama/Llama-3.1-8B-Instruct,llama,Q054,people,AGE,250,1558,"At seventy-four years old, you've likely gained a wealth of experience and insight. When it comes to sharing your thoughts with others, especially about their plans, it's essential to be constructive and respectful. Here are some tips on how to tell someone their plan has a problem in a reasonable and helpful way:

1.  **Choose the right time and place**: Find a private, quiet setting where the person feels comfortable and won't be interrupted. Make sure you both have enough time to discuss the issue without feeling rushed.
2.  **Start with a positive tone**: Begin the conversation by acknowledging the person's effort and enthusiasm for their plan. This helps set a positive tone and shows you're coming from a place of support.
3.  **Be specific and objective**: Clearly state the specific issue you've identified and provide concrete examples to support your concerns. Avoid being vague or making assumptions. Stick to facts and focus on the problem, not the person.
4.  **Use ""I"" statements**: Instead of saying ""you did this wrong,"" say ""I think this might not work because..."" or ""I'm concerned about this aspect."" This helps avoid blame and defensiveness.
5.  **Focus on the solution**: Offer suggestions or alternatives that can help improve the plan. This shows you're invested in their success and willing to help.
6.  **Listen actively**: Allow the person to share their thoughts and feelings. Listen carefully to their perspective and respond thoughtfully.
7.  **Be respectful**: Remember that the person's plan is their idea, and they may"
meta-llama/Llama-3.1-8B-Instruct,llama,Q054,people,ADHD,255,1563,"When giving feedback to someone about their plan having a problem, especially if you have ADHD and use reminders, consider the following tips:

1.  **Be direct and clear**: Get straight to the point and state the issue without beating around the bush. This helps the person understand the problem quickly and focus on finding a solution.
2.  **Use ""I"" statements**: Instead of saying ""you did this wrong,"" say ""I noticed this."" This helps avoid blame and defensiveness, and shows that you're coming from a place of helpfulness rather than criticism.
3.  **Focus on the specific issue**: Identify the specific problem with the plan, rather than attacking the person or their entire plan. This helps the person understand what needs to be changed and how to improve.
4.  **Offer suggestions**: Provide concrete suggestions for how the person can improve their plan. This shows that you're invested in their success and willing to help them find a solution.
5.  **Be respectful**: Remember that the person may be attached to their plan, so be respectful of their time and effort. Avoid being too pushy or critical, as this can be counterproductive.
6.  **Use a collaborative tone**: Frame your feedback as a collaborative effort to improve the plan, rather than a criticism. This helps the person feel more open to feedback and more likely to make changes.
7.  **Be mindful of your delivery**: Consider the person's communication style and preferences when delivering your feedback. If they're a visual person, use visual aids or diagrams to illustrate the issue. If"
meta-llama/Llama-3.1-8B-Instruct,llama,Q055,people,NONE,244,1458,"Declining an invitation without making it awkward can be done by being polite, considerate, and clear in your response. Here are some tips to help you decline an invitation without offending the person:

1.  **Respond promptly**: The sooner you respond, the better. This shows that you value the person's time and helps them plan accordingly.
2.  **Be honest but tactful**: Explain your reasons for declining, but avoid making up an excuse or lying. If you're not comfortable sharing your reasons, you can simply say you have other commitments or plans.
3.  **Show appreciation**: Express gratitude for the invitation and let the person know you appreciate their thoughtfulness.
4.  **Offer an alternative**: If you can't attend, suggest an alternative, such as meeting up at a different time or place.
5.  **Be clear and direct**: Be straightforward and clear in your response. Avoid beating around the bush or leading the person on.
6.  **Use a friendly tone**: Keep your response friendly and polite, even if you can't attend.

Some examples of polite decline responses:

*   ""Thank you so much for inviting me! I appreciate the offer, but I won't be able to make it. Maybe we can catch up another time?""
*   ""I'm flattered by the invitation, but I have other commitments that I need to attend to. Thank you for thinking of me!""
*   ""I'm not able to attend, but I appreciate the invitation. Let's plan something else soon?""
*   ""Thank you for inviting me!"
meta-llama/Llama-3.1-8B-Instruct,llama,Q055,people,CONTROL,241,1400,"Declining an invitation without making it awkward can be done with a polite and considerate approach. Here are some tips to help you do so:

1.  **Respond promptly**: The sooner you respond, the better. This shows that you value the person's invitation and helps them plan accordingly.

2.  **Be honest but tactful**: Explain your reasons for declining in a kind and considerate manner. You don't have to go into great detail, but a simple ""I appreciate the invitation, but I won't be able to make it"" is enough.

3.  **Offer an alternative**: If you can't attend, suggest an alternative, such as ""I'm sorry I won't be able to make it, but I'd love to catch up another time.""

4.  **Show appreciation**: Express your gratitude for the invitation and let the person know you value their friendship or relationship.

5.  **Be clear and direct**: Avoid leading someone on by saying you're ""not sure"" or ""we'll see."" This can create uncertainty and make the other person feel uncertain about your intentions.

6.  **Use a friendly tone**: Keep your response friendly and polite, even if you're declining. This helps maintain a positive relationship.

Here are some examples of polite decline responses:

- ""Thank you so much for inviting me. I appreciate it, but I won't be able to make it.""
- ""I'm flattered by the invitation, but I won't be able to attend.""
- ""I'm sorry I won't be able to make it, but"
meta-llama/Llama-3.1-8B-Instruct,llama,Q055,people,SCREEN,250,1442,"Declining an invitation without making it awkward can be challenging, but there are some tips that can help you navigate the situation with your screen reader:

1.  **Be honest and direct**: You can say something like, ""Thank you for inviting me, but I won't be able to attend."" or ""I appreciate the invitation, but I won't be able to make it.""

2.  **Offer an explanation (optional)**: If you feel comfortable doing so, you can provide a brief explanation for declining the invitation, such as ""I have a prior commitment"" or ""I'm not feeling well."" However, be mindful of your relationship with the person and the context of the invitation.

3.  **Use a polite tone**: Be friendly and polite in your response. A simple ""Thank you"" or ""I appreciate it"" can go a long way in maintaining a positive relationship.

4.  **Be prepared for follow-up questions**: The person who invited you might ask follow-up questions, such as ""What's going on?"" or ""Is everything okay?"" Be prepared to respond with a brief explanation or a simple ""I'm doing well, just not able to make it.""

5.  **Use your screen reader to help you respond**: If you're using a screen reader, you can use the keyboard to type out your response and then review it before sending it. This can help you respond quickly and efficiently.

Here's an example of how you might respond to an invitation using a screen reader:

*   ""Thank you for inviting me to the party. I appreciate it"
meta-llama/Llama-3.1-8B-Instruct,llama,Q055,people,AGE,230,1391,"Declining an invitation, especially to a social event, can be challenging, but there are ways to do it politely and graciously. Here are some tips to help you decline an invitation without making it awkward:

1.  **Respond promptly**: The sooner you respond, the better. This shows that you value the person's invitation and helps them plan accordingly.
2.  **Be honest but tactful**: You can say something like, ""Thank you so much for inviting me, but I'm not feeling up to [event] this year."" or ""I appreciate the invitation, but I need to take it easy on my [health/energy level].""
3.  **Offer an alternative**: If you can't attend, suggest an alternative, like ""I'd love to catch up another time, perhaps over a smaller gathering or a phone call?""
4.  **Show appreciation**: Express your gratitude for the invitation and the person's thoughtfulness. This helps maintain a positive relationship.
5.  **Be clear and direct**: Be straightforward and clear about your decision. Avoid leading someone on or giving false hope.
6.  **Consider a gentle decline**: If you're not comfortable attending, you can say, ""I'm not feeling up to it"" or ""I need some downtime."" This shows you value your own needs and well-being.
7.  **Use a gentle phrase**: Try using phrases like ""I'm not sure I can make it,"" ""I need to prioritize my [health/energy/commitments],"" or ""I'm not feeling up to it this time"
meta-llama/Llama-3.1-8B-Instruct,llama,Q055,people,ADHD,238,1445,"Declining an invitation without hurting the other person's feelings can be challenging, but there are ways to do it tactfully. Here are some tips:

1.  **Respond promptly**: The sooner you respond, the less likely the other person will feel ignored or rejected. This also gives you time to think about your response and choose the right words.

2.  **Be honest but polite**: You can say something like, ""Thank you so much for inviting me, but I won't be able to make it."" or ""I appreciate the invitation, but I have a prior commitment.""

3.  **Offer an alternative**: If you can't attend, suggest an alternative, such as ""I'm not available on that date, but I'd love to catch up another time.""

4.  **Show appreciation**: Express your gratitude for the invitation and the person's thoughtfulness. This helps maintain a positive relationship.

5.  **Be clear and direct**: Be straightforward and clear about your decision. Avoid leading the person on or giving false hope.

6.  **Use ""I"" statements**: Instead of saying ""you're busy,"" say ""I have a lot on my plate right now."" This takes the focus off the other person and puts it on your own circumstances.

7.  **Consider a gentle decline**: If you're really struggling to attend, you can say something like, ""I'm not feeling up to socializing right now, but I appreciate the invitation.""

8.  **Use technology to your advantage**: If you're struggling to respond in real-time, consider sending"
meta-llama/Llama-3.1-8B-Instruct,llama,Q056,people,NONE,245,1564,"Being useful to someone going through a hard time can be a truly rewarding experience for both parties. Here are some ways to be supportive:

1.  **Listen actively**: Sometimes, all someone needs is someone to listen to them without judgment or offering unsolicited advice. Give them your full attention, and let them share their thoughts and feelings without interrupting.
2.  **Validate their emotions**: Acknowledge their feelings and let them know that their emotions are valid. Avoid minimizing their pain or telling them to ""stay positive."" Instead, focus on understanding their perspective and empathizing with their struggles.
3.  **Offer practical help**: Depending on the situation, offer to help with specific tasks, such as grocery shopping, cooking meals, or running errands. This can be a huge relief and help them feel more in control.
4.  **Check in regularly**: Regular check-ins can help them feel connected and not alone. You can send a text, make a phone call, or schedule a video call to catch up and show you care.
5.  **Respect their boundaries**: Everyone has different comfort levels when it comes to support. Respect their boundaries and don't push them to talk or share more than they're comfortable with.
6.  **Encourage self-care**: Suggest healthy coping mechanisms, such as exercise, meditation, or spending time in nature. Encourage them to prioritize self-care and take care of their physical and emotional well-being.
7.  **Help with household chores**: Offer to help with household tasks, such as cleaning, laundry, or yard work."
meta-llama/Llama-3.1-8B-Instruct,llama,Q056,people,CONTROL,250,1557,"Being supportive and helpful to someone going through a hard time can be incredibly rewarding and make a significant difference in their life. Here are some ways to be useful:

1.  **Listen actively**: Sometimes, all someone needs is someone to listen to them without judgment or offering unsolicited advice. Give them your full attention, and let them share their thoughts and feelings without interrupting or trying to fix the problem.
2.  **Validate their emotions**: Acknowledge their feelings and let them know that their emotions are valid. This can help them feel heard and understood, which can be incredibly comforting.
3.  **Offer practical help**: Depending on the situation, offer to help with specific tasks, such as grocery shopping, cooking meals, or running errands. This can take a significant burden off their plate and give them more time to focus on their well-being.
4.  **Check in regularly**: Regular check-ins can help them feel connected and not alone. You can send a text, make a phone call, or schedule a video call to catch up and show you care.
5.  **Help with household chores**: If they're struggling to keep up with household tasks, offer to help with cleaning, laundry, or other chores. This can help reduce their stress and give them more time to focus on themselves.
6.  **Encourage self-care**: Suggest healthy habits like exercise, meditation, or spending time in nature. Encourage them to prioritize their physical and mental well-being.
7.  **Respect their boundaries**: Respect their need for alone time or space. Don"
meta-llama/Llama-3.1-8B-Instruct,llama,Q056,people,SCREEN,245,1630,"As someone who uses a screen reader daily, you have a unique perspective and set of skills that can be incredibly valuable to someone going through a hard time. Here are some ways you can be useful:

1.  **Offer emotional support**: Sometimes, all someone needs is someone to talk to. Be there to listen, offer words of encouragement, and provide a listening ear. Your understanding of accessibility challenges can help you empathize with their struggles.
2.  **Share your expertise**: Share your knowledge of assistive technologies, accessibility features, and workarounds. This can help them navigate their own accessibility challenges and find solutions to problems they're facing.
3.  **Be a sounding board**: If they're struggling with a specific issue, offer to help them brainstorm solutions or provide feedback on their accessibility-related projects or ideas.
4.  **Connect them with resources**: Share resources, such as accessibility-focused websites, blogs, or organizations that can provide additional support and guidance.
5.  **Offer to help with tasks**: If they're struggling with daily tasks or activities, offer to help with tasks like online shopping, bill paying, or other essential tasks that might be challenging for them.
6.  **Be patient and understanding**: Be patient and understanding when interacting with them, especially if they're going through a tough time. Avoid being pushy or trying to ""fix"" their problems, and instead focus on being a supportive and non-judgmental listener.
7.  **Share your own experiences**: Share your own experiences and challenges, and how you've overcome them. This can"
meta-llama/Llama-3.1-8B-Instruct,llama,Q056,people,AGE,257,1487,"At 74, you have a wealth of life experience and knowledge to share, and being useful to someone going through a hard time can be incredibly rewarding. Here are some ideas:

1.  **Listen**: Sometimes, all someone needs is someone to listen to them without judgment or offering solutions. Your listening ear can be a powerful tool in helping them feel heard and understood.
2.  **Share your experiences**: Share your own experiences and how you navigated similar challenges. This can help the person see that they're not alone and that there's a way through the tough times.
3.  **Offer practical help**: If the person is struggling with daily tasks, such as grocery shopping, cooking, or cleaning, offer to help with these tasks. This can be a huge relief and help them feel more in control.
4.  **Be a companion**: Sometimes, all someone needs is someone to spend time with. Invite them over for a meal, go for a walk, or engage in a hobby together. This can help take their mind off their struggles and provide some much-needed companionship.
5.  **Help with errands**: Offer to help with errands, such as picking up prescriptions, going to the post office, or running other small tasks. This can be a big help and take some burden off their plate.
6.  **Be a sounding board**: If the person is struggling with a specific problem, offer to help them brainstorm solutions or be a sounding board for their ideas. This can help them feel more in control and empowered to make decisions.
7."
meta-llama/Llama-3.1-8B-Instruct,llama,Q056,people,ADHD,240,1468,"I'm glad you're looking to be supportive to someone going through a hard time. Here are some ideas on how you can be helpful:

1.  **Listen actively**: Sometimes, all someone needs is someone to listen to them without judgment or offering unsolicited advice. Make sure to maintain eye contact, and show empathy through your body language and tone of voice.
2.  **Check in regularly**: Set reminders to check in with the person regularly, whether it's daily, weekly, or bi-weekly. This can help them feel supported and not alone in their struggles.
3.  **Offer specific help**: Instead of saying ""let me know if you need anything,"" offer specific help, such as ""I can help with grocery shopping"" or ""I can watch the kids for a few hours.""
4.  **Respect boundaries**: Respect the person's boundaries and don't push them to talk about things they're not ready to discuss. Let them know you're there for them when they're ready to open up.
5.  **Help with practical tasks**: Offer to help with tasks that might be overwhelming, such as household chores, meal prep, or errands.
6.  **Encourage self-care**: Suggest healthy coping mechanisms like exercise, meditation, or spending time in nature. Remind them to take care of themselves physically and emotionally.
7.  **Remind them of their strengths**: When someone is going through a tough time, it's easy to lose sight of their strengths and accomplishments. Remind them of their positive qualities and past successes.
8."
meta-llama/Llama-3.1-8B-Instruct,llama,Q057,people,NONE,234,1564,"Handling being consistently interrupted in group conversations can be frustrating and affect your communication effectiveness. Here are some tips to help you navigate this situation:

1.  **Stay calm**: When you feel interrupted, take a deep breath and remain calm. Avoid getting defensive or emotional, as this can escalate the situation.
2.  **Use non-verbal cues**: If someone interrupts you, you can use non-verbal cues like raising your hand, making eye contact, or using a gentle gesture to signal that you'd like to continue speaking.
3.  **Speak up assertively**: If someone interrupts you, you can say, ""Excuse me"" or ""If I may continue..."" to politely interrupt the interrupter. This shows that you value your turn to speak and helps maintain the conversation's flow.
4.  **Practice active listening**: Make sure you're actively listening to others and acknowledging their points before speaking. This helps prevent interruptions and shows respect for others' opinions.
5.  **Use the ""interrupter's"" technique**: If someone interrupts you, you can say, ""I'd like to finish my thought"" or ""Let me finish my point."" This acknowledges the interrupter's enthusiasm while maintaining your right to speak.
6.  **Set boundaries**: If someone consistently interrupts you, it may be necessary to set boundaries. You can say, ""I'd like to finish speaking before you respond"" or ""Let's take turns speaking.""
7.  **Model good communication habits**: Demonstrate good communication skills by listening actively, speaking clearly, and respecting others' turns to speak"
meta-llama/Llama-3.1-8B-Instruct,llama,Q057,people,CONTROL,241,1569,"Being consistently interrupted in group conversations can be frustrating and affect your ability to express yourself effectively. Here are some tips to help you handle the situation:

1.  **Stay calm**: When you feel interrupted, take a deep breath and remain calm. Avoid getting defensive or emotional, as this can escalate the situation.
2.  **Use non-verbal cues**: If someone interrupts you, you can use non-verbal cues like raising your hand, making eye contact, or using a gentle gesture to signal that you'd like to continue speaking.
3.  **Speak up assertively**: If someone interrupts you, you can say something like, ""Excuse me, I'd like to finish my thought"" or ""May I continue?"" This helps to reassert your right to speak and can prevent further interruptions.
4.  **Practice active listening**: Make sure you're actively listening to others and acknowledging their contributions. This can help prevent interruptions by showing that you value their input and are engaged in the conversation.
5.  **Use the ""interrupter's"" language**: If someone interrupts you, you can say something like, ""I was saying..."" or ""As I was saying..."" to reiterate your original point and refocus the conversation.
6.  **Set boundaries**: If someone consistently interrupts you, it may be necessary to set boundaries or limit your participation in the conversation. You can say something like, ""I'd like to contribute to this conversation, but I need to be able to finish my thoughts without interruption.""
7.  **Model good communication skills**: Demonstrate good communication"
meta-llama/Llama-3.1-8B-Instruct,llama,Q057,people,SCREEN,237,1491,"As a screen reader user, you may face unique challenges in group conversations, especially when you're interrupted. Here are some strategies to help you navigate these situations:

1.  **Prepare ahead of time**: Before joining a group conversation, let the others know about your screen reader and any accommodations you may need. This can help set expectations and prevent misunderstandings.
2.  **Use a 'heads up' phrase**: When you're about to speak, use a phrase like ""If I may interrupt"" or ""If I could add to that"" to signal that you're about to contribute. This can help others understand that you're not interrupting, but rather adding to the conversation.
3.  **Use non-verbal cues**: If you're interrupted while speaking, you can use non-verbal cues like raising your hand, making eye contact, or gesturing to signal that you'd like to continue speaking.
4.  **Speak up assertively**: If you're interrupted, don't be afraid to speak up and say something like, ""Excuse me, I'd like to finish my thought."" or ""I'd like to add to that.""
5.  **Use technology to your advantage**: Consider using a phone or tablet with a screen reader to take notes or access information during conversations. This can help you stay engaged and prepared to contribute.
6.  **Practice assertive communication**: Practice using assertive communication skills, such as ""I"" statements, to express your thoughts and feelings. This can help you feel more confident and prepared to handle interruptions.
7.  **"
meta-llama/Llama-3.1-8B-Instruct,llama,Q057,people,AGE,244,1559,"Dealing with being consistently interrupted in group conversations can be frustrating, especially as you age. Here are some tips to help you navigate this situation:

1.  **Practice assertive communication**: Speak up and let others know that you'd like to contribute to the conversation. You can say something like, ""Excuse me, I'd like to add my thoughts on this topic"" or ""May I finish my thought before you respond?""

2.  **Use non-verbal cues**: Make eye contact with the person interrupting you and raise your hand or make a gentle gesture to signal that you'd like to speak.

3.  **Take a deep breath and pause**: Before responding, take a moment to collect your thoughts and ensure you're not getting flustered. This can help you stay calm and composed.

4.  **Set boundaries**: If someone consistently interrupts you, it may be helpful to politely but firmly tell them that you'd appreciate it if they let you finish speaking before responding.

5.  **Practice active listening**: Make sure you're actively listening to others and acknowledging their points before sharing your own thoughts. This can help prevent interruptions and create a more harmonious conversation.

6.  **Consider a 'one-at-a-time' rule**: Suggest that everyone gets a chance to speak before responding, which can help prevent interruptions.

7.  **Seek support**: If you're consistently being interrupted in group conversations, consider talking to a trusted friend or family member about how it's affecting you. They may be able to offer additional advice or support.

8.  **"
meta-llama/Llama-3.1-8B-Instruct,llama,Q057,people,ADHD,242,1604,"Individuals with ADHD often face challenges with interrupting others in group conversations. Here are some strategies to help you manage this:

1.  **Prepare ahead of time**: Before entering a group conversation, take a few moments to mentally prepare yourself. This can include taking a few deep breaths, visualizing the conversation, and setting an intention to listen actively.

2.  **Use the ""3-second rule""**: When you feel the urge to interrupt, pause for 3 seconds before speaking. This brief pause can help you assess whether your comment is truly necessary or if it's just a reflex.

3.  **Practice active listening**: Focus on fully understanding the other person's perspective before responding. This can help you avoid interrupting and ensure that you're engaging in a meaningful conversation.

4.  **Use non-verbal cues**: If you find yourself about to interrupt, use non-verbal cues like nodding, making eye contact, or taking a sip of water to signal that you're engaged and listening.

5.  **Ask open-ended questions**: Instead of interrupting with a statement, ask open-ended questions that encourage the other person to share more information. This can help you stay engaged and avoid interrupting.

6.  **Practice mindfulness**: Mindfulness techniques, such as meditation or deep breathing, can help you stay present and focused in conversations, reducing the likelihood of interrupting.

7.  **Seek feedback**: Ask a trusted friend or family member to provide feedback on your interrupting habits. This can help you become more aware of your behavior and make adjustments accordingly."
meta-llama/Llama-3.1-8B-Instruct,llama,Q058,people,NONE,244,1564,"When someone asks you for a favor, it's essential to set clear expectations to avoid misunderstandings and ensure a mutually beneficial outcome. Here are some steps to help you set sensible expectations:

1.  **Clarify the request**: Ask the person to specify what they need from you. This will help you understand their expectations and what you're committing to.
2.  **Define your availability**: Let them know your schedule, workload, and any limitations you have. This will help them understand what you can realistically deliver.
3.  **Establish boundaries**: Be clear about what you're willing and not willing to do. This will prevent them from expecting more than you're comfortable with.
4.  **Set a deadline**: Specify a realistic deadline for completing the favor. This will help them plan accordingly and avoid last-minute requests.
5.  **Discuss the scope**: Define the scope of the favor, including any specific tasks or responsibilities involved.
6.  **Communicate your expectations**: Clearly state what you need from them in return, if anything. This could be as simple as a ""thank you"" or a more significant commitment.
7.  **Be open to negotiation**: Be willing to adjust your expectations based on their needs and your own circumstances.
8.  **Document the agreement**: Consider putting the agreement in writing, whether it's a simple email or a more formal contract. This will help prevent misunderstandings and ensure both parties are on the same page.

Example script:

""Hey \[Name], I'd be happy to help you with \[specific task]. However, I"
meta-llama/Llama-3.1-8B-Instruct,llama,Q058,people,CONTROL,258,1540,"Setting expectations when someone asks you for a favor is crucial to avoid misunderstandings and ensure a mutually beneficial outcome. Here are some steps to help you set expectations effectively:

1.  **Clearly communicate your availability**: Let the person know your schedule and how much time you can dedicate to the favor. Be honest about your availability and any limitations you may have.
2.  **Define the scope of the favor**: Clearly outline what you're willing to do and what you're not. This will help the person understand what to expect from you.
3.  **Establish a deadline**: Set a realistic deadline for when you can complete the favor. This will help the person plan accordingly and avoid last-minute requests.
4.  **Discuss the level of involvement**: Let the person know how much involvement you're willing to have in the favor. Are you available for regular updates, or do you prefer to be left out of the loop?
5.  **Set boundaries**: Be clear about what you're not comfortable with, such as taking on too much work or being responsible for outcomes.
6.  **Be open to negotiation**: Be willing to adjust your expectations based on the person's needs and your own circumstances.
7.  **Follow up**: After setting expectations, make sure to follow up and confirm that the person understands what you've agreed to.

Example phrases to help you set expectations:

*   ""I'd be happy to help you with this, but I have a busy schedule. Can we discuss a deadline for when I can complete this favor?""
*   ""I'm willing to help with"
meta-llama/Llama-3.1-8B-Instruct,llama,Q058,people,SCREEN,260,1504,"When someone asks you for a favor, it's essential to set clear expectations to ensure you can fulfill their request while maintaining your accessibility needs. Here are some tips to help you set expectations:

1.  **Be direct and clear**: Let the person know that you use a screen reader and need to communicate in a way that works for you. You can say something like, ""I use a screen reader, so could you please provide the information in a format that I can easily access?""
2.  **Specify the format**: If you need information in a specific format, such as an email, document, or spreadsheet, let the person know. For example, ""Could you please send me the information in a Word document or a PDF?""
3.  **Provide alternatives**: If the person is unable to accommodate your request, suggest alternative ways to communicate. For instance, ""If you can't provide the information in a format I can access, could we schedule a phone call or video meeting to discuss?""
4.  **Be open to compromise**: Be willing to find a middle ground that works for both parties. For example, ""I'd prefer to receive the information in a Word document, but if that's not possible, a PDF would be okay.""
5.  **Use technology to your advantage**: If you have a preferred method of communication, such as email or messaging apps, let the person know. This can help you stay organized and ensure that you receive the information in a timely manner.
6.  **Be prepared to educate**: If the person is unfamiliar with screen readers or"
meta-llama/Llama-3.1-8B-Instruct,llama,Q058,people,AGE,239,1439,"As a 74-year-old, you've likely gained valuable life experience and insight into what works best for you. When someone asks you for a favor, it's essential to set clear expectations to ensure you're not overcommitting or compromising your well-being. Here are some tips to help you set sensible expectations:

1.  **Be honest about your limitations**: Be open about your energy levels, mobility, and any health concerns. This will help the person understand what you can and cannot do.
2.  **Set clear boundaries**: Let the person know what you're willing and not willing to do. For example, ""I'd be happy to help with grocery shopping, but I'm not comfortable with heavy lifting.""
3.  **Specify your availability**: Let the person know when you're available to help and when you're not. This could be based on your daily routine, appointments, or other commitments.
4.  **Offer alternatives**: If you can't do something directly, suggest alternative solutions or offer to help in other ways. For example, ""I'm not able to drive, but I can help with research or make phone calls to find a solution.""
5.  **Use ""I"" statements**: Instead of saying ""you can't do this,"" say ""I'm not comfortable with that."" This helps to avoid blame or guilt trips.
6.  **Be willing to say no**: It's okay to say no to requests that don't align with your priorities or capabilities. Remember, saying no to others means saying yes to yourself.
7.  **Consider a"
meta-llama/Llama-3.1-8B-Instruct,llama,Q058,people,ADHD,252,1478,"Setting clear expectations when someone asks you for a favor, especially with ADHD, can help you manage your time and energy more effectively. Here are some tips to help you set sensible expectations:

1.  **Be honest about your availability**: Let the person know your schedule and how much time you have available to help. This will help them understand what they can realistically expect from you.
2.  **Set a specific deadline**: Provide a specific date or timeframe for when you can complete the task. This will help you stay on track and ensure the other person knows when to expect the outcome.
3.  **Be clear about your capacity**: If you're already overwhelmed with tasks or responsibilities, let the person know that you're not in a position to take on more. This can help them understand your limitations.
4.  **Offer alternatives**: If you can't complete the task yourself, suggest alternative solutions or people who might be able to help.
5.  **Use a ""parking lot""**: If you're not sure if you can help or need more time to think about it, suggest a ""parking lot"" where you can discuss the request further and come up with a plan.
6.  **Use a ""broken record"" technique**: If you're consistently getting asked for favors, consider using a ""broken record"" technique where you respond with a standard message, such as ""I'm not sure I can help with that right now, but I'll get back to you by [specific date].""
7.  **Use reminders**: As you mentioned, use reminders to"
meta-llama/Llama-3.1-8B-Instruct,llama,Q059,people,NONE,251,1564,"Repairing a drifted friendship can be a challenging but rewarding process. Here are some steps you can take to help mend your relationship:

1.  **Reflect on the past**: Think about what led to the drift. Was it a misunderstanding, a disagreement, or a change in circumstances? Understanding the reasons behind the drift can help you address the root cause and make amends.
2.  **Reach out**: Take the initiative to reach out to your friend and start a conversation. You can send a message, make a phone call, or meet in person. Be genuine and sincere in your approach.
3.  **Apologize if necessary**: If you contributed to the drift, consider apologizing for your part in it. This shows that you're taking responsibility for your actions and are willing to make amends.
4.  **Listen actively**: When you reconnect, listen carefully to your friend's perspective and feelings. This will help you understand their side of the story and show that you value their thoughts and opinions.
5.  **Be patient**: Rebuilding a friendship takes time, so be patient and don't expect things to go back to normal immediately. Focus on small, regular interactions and gradually build up to more meaningful conversations.
6.  **Find common ground**: Look for shared interests, hobbies, or experiences that can help you reconnect and create new memories together.
7.  **Respect boundaries**: Respect your friend's boundaries and don't push them to talk about things they're not comfortable discussing. This will help you rebuild trust and create a safe space for open communication."
meta-llama/Llama-3.1-8B-Instruct,llama,Q059,people,CONTROL,252,1527,"Repairing a drifted friendship can be challenging, but it's definitely possible with effort and a willingness to reconnect. Here are some steps you can take to repair a friendship that's drifted:

1.  **Reflect on the past**: Think about what led to the drift. Was it a disagreement, a change in circumstances, or a lack of communication? Understanding the reasons behind the drift can help you address the root cause and make amends.

2.  **Reach out**: Take the initiative to reach out to your friend. You can start by sending a simple message or making a phone call to check in. Keep it casual and light, avoiding any heavy or sensitive topics.

3.  **Apologize if necessary**: If you contributed to the drift, consider apologizing for your part in it. This shows that you're taking responsibility for your actions and are willing to make amends.

4.  **Listen actively**: When you reconnect, make sure to listen actively to your friend's perspective. This will help you understand their feelings and concerns, and show that you value their thoughts and opinions.

5.  **Catch up**: Catch up on each other's lives, sharing updates and experiences. This can help you both feel more connected and invested in each other's lives.

6.  **Be patient**: Rebuilding a friendship takes time, so be patient and don't expect things to go back to normal overnight. It may take some time to rebuild trust and strengthen your bond.

7.  **Make plans**: Plan activities or outings together to create new memories and strengthen your bond."
meta-llama/Llama-3.1-8B-Instruct,llama,Q059,people,SCREEN,253,1578,"Repairing a drifted friendship can be challenging, but it's definitely possible with effort and a willingness to reconnect. Here are some steps you can take:

1.  **Reflect on the past**: Think about the reasons why the friendship drifted apart. Was it due to a misunderstanding, a change in circumstances, or a lack of communication? Understanding the reasons can help you address the issues and move forward.

2.  **Reach out**: Consider sending a message or making a phone call to your friend, expressing your desire to reconnect. Be sincere and genuine in your approach, and avoid blaming or being critical.

3.  **Apologize if necessary**: If you feel that you contributed to the drift, consider apologizing for your part in it. This can help clear the air and create a positive atmosphere for rebuilding the friendship.

4.  **Schedule a meeting or call**: Plan a time to catch up and talk about your lives, interests, and goals. This can help you reconnect on a personal level and create new shared experiences.

5.  **Listen actively**: When you meet or talk, make sure to listen actively to your friend's thoughts, feelings, and experiences. This will help you understand their perspective and create a stronger bond.

6.  **Be patient and understanding**: Rebuilding a friendship takes time, so be patient and understanding. Don't expect things to go back to normal immediately, but instead, focus on building a stronger and more meaningful connection.

7.  **Make time for each other**: Schedule regular check-ins or activities to maintain the connection. This can be"
meta-llama/Llama-3.1-8B-Instruct,llama,Q059,people,AGE,249,1524,"Repairing a drifted friendship can be a challenging but rewarding process. Here are some steps you can take to reconnect with your friend:

1.  **Reflect on the past**: Think about the reasons why the friendship drifted apart. Was it due to a misunderstanding, a change in circumstances, or a lack of communication? Understanding the reasons can help you address the issues and move forward.

2.  **Reach out**: Consider reaching out to your friend with a casual, low-pressure message or phone call. You could say something like, ""Hey, it's been a while since we last caught up. How have you been?"" or ""I've been thinking about you lately and wanted to say hello.""

3.  **Apologize if necessary**: If you feel that you contributed to the drift, consider apologizing for your part in it. This can help clear the air and show your friend that you're willing to take responsibility for your actions.

4.  **Listen actively**: When you reconnect, make sure to listen actively to your friend's perspective. Ask open-ended questions and show genuine interest in their life, thoughts, and feelings.

5.  **Be patient**: Rebuilding a friendship takes time, so be patient and don't expect things to go back to normal overnight. It may take several conversations or interactions before you both feel comfortable and connected again.

6.  **Find common ground**: Look for things you both enjoy or share in common, such as hobbies, interests, or memories. This can help create a sense of connection and shared experience.

7.  **Meet in"
meta-llama/Llama-3.1-8B-Instruct,llama,Q059,people,ADHD,242,1408,"Repairing a drifted friendship can be challenging, but with a clear plan and a willingness to put in effort, you can strengthen your bond. Given your ADHD, using reminders and structure can be helpful. Here's a step-by-step plan to help you reconnect:

1.  **Reflect on the friendship**: Before reaching out, take time to think about the friendship and what led to its drift. Consider the following:
    *   What were the reasons for the drift?
    *   What were your contributions to the drift?
    *   What are your goals for the friendship?
2.  **Reach out with a gentle approach**: Send a casual, low-pressure message or make a phone call to reconnect. You can say something like:
    *   ""Hey, it's been a while. How have you been?""
    *   ""I've been thinking about you and wanted to catch up.""
    *   ""I've been meaning to reach out for a while, and I'd love to grab coffee or chat soon.""
3.  **Schedule a meetup**: Once you've reached out, schedule a meetup to catch up and talk about the friendship. Choose a time and place that works for both of you, and set a reminder to ensure you don't forget.
4.  **Be present and engaged**: When you meet up, make an effort to be fully present and engaged in the conversation. This might involve:
    *   Active listening: Pay attention to what your friend is saying and show that you care about their thoughts and feelings.
    *   Open-ended questions: Ask"
meta-llama/Llama-3.1-8B-Instruct,llama,Q060,people,NONE,238,1551,"When engaging in a conversation where you know you disagree with the other person, a good approach involves active listening, empathy, and respectful communication. Here are some steps to help you navigate such a conversation:

1.  **Stay calm and composed**: Take a moment to collect your thoughts before responding. This will help you communicate more effectively and avoid escalating the situation.
2.  **Listen actively**: Make an effort to truly hear the other person's perspective, even if you disagree. Ask open-ended questions to clarify their thoughts and feelings.
3.  **Avoid being confrontational**: Phrases like ""You're wrong"" or ""I'm right"" can lead to defensiveness. Instead, focus on expressing your own thoughts and feelings without attacking the other person.
4.  **Seek common ground**: Look for areas of agreement or shared values to build a foundation for constructive dialogue.
5.  **Use ""I"" statements**: Express your thoughts and feelings using ""I"" statements, which help to avoid blame and defensiveness. For example, ""I feel strongly about this issue"" rather than ""You're wrong.""
6.  **Focus on the issue, not the person**: Separate the problem from the person. Avoid personal attacks or criticisms, and concentrate on the topic at hand.
7.  **Be open to compromise**: Be willing to find a middle ground or alternative solutions that satisfy both parties.
8.  **Avoid taking it personally**: Try not to take disagreements as a personal attack. Keep the focus on the issue and avoid getting emotional.
9.  **Seek clarification"
meta-llama/Llama-3.1-8B-Instruct,llama,Q060,people,CONTROL,242,1550,"When engaging in a conversation where you know you disagree with someone, a good approach involves active listening, empathy, and a willingness to understand their perspective. Here are some steps to help you navigate such a conversation:

1.  **Stay calm and composed**: Take a moment to collect your thoughts before responding. This will help you communicate more effectively and avoid escalating the situation.

2.  **Listen actively**: Make an effort to truly hear and understand the other person's perspective. Ask open-ended questions to clarify their thoughts and feelings. This shows that you value their input and are interested in their point of view.

3.  **Avoid being confrontational**: Phrases like ""You're wrong"" or ""I'm right"" can lead to defensiveness. Instead, focus on the issue at hand and express your thoughts in a non-confrontational manner.

4.  **Seek common ground**: Look for areas of agreement and try to find a middle ground. This can help to build trust and create a more constructive dialogue.

5.  **Be open-minded**: Be willing to consider alternative perspectives and be open to changing your own opinion if presented with compelling evidence.

6.  **Use ""I"" statements**: Express your thoughts and feelings using ""I"" statements, which help to avoid blame and defensiveness. For example, ""I feel strongly about this issue"" instead of ""You're wrong.""

7.  **Focus on the issue, not the person**: Avoid making personal attacks or criticisms. Stick to the topic at hand and address the issue rather than the person.

8."
meta-llama/Llama-3.1-8B-Instruct,llama,Q060,people,SCREEN,237,1556,"When engaging in a conversation where you know you'll disagree, consider the following approach:

1.  **Stay calm and composed**: Take a moment to collect your thoughts before responding. This will help you communicate more effectively and avoid escalating the situation.
2.  **Listen actively**: Make an effort to truly hear the other person's perspective, even if you disagree. This shows respect for their opinion and helps you understand their point of view.
3.  **Avoid taking it personally**: Try not to take disagreements as a personal attack. Focus on the issue at hand, rather than making it about you.
4.  **Use ""I"" statements**: Express your thoughts and feelings using ""I"" statements, which help to avoid blame and defensiveness. For example, ""I feel strongly about this issue"" instead of ""You're wrong.""
5.  **Seek common ground**: Look for areas of agreement and try to find a middle ground. This can help to build bridges and create a more constructive conversation.
6.  **Ask open-ended questions**: Encourage the other person to share their thoughts and feelings by asking open-ended questions that begin with what, how, or why.
7.  **Be open-minded**: Be willing to consider alternative perspectives and be open to changing your own opinion if presented with new information or evidence.
8.  **Use non-confrontational language**: Avoid using aggressive or confrontational language, which can escalate the situation. Instead, focus on finding a resolution.
9.  **Seek clarification**: If you're unsure about the other person's perspective,"
meta-llama/Llama-3.1-8B-Instruct,llama,Q060,people,AGE,237,1518,"As a 74-year-old, you've likely had your fair share of disagreements and learned valuable lessons about effective communication. Here are some tips to help you navigate conversations where you know you disagree:

1.  **Stay calm and composed**: Take a deep breath, count to ten, or step away for a moment to collect your thoughts before responding. This helps prevent escalation and ensures you respond thoughtfully.
2.  **Listen actively**: Make an effort to truly hear the other person's perspective, even if you disagree. Ask open-ended questions to clarify their thoughts and show you're interested in understanding their viewpoint.
3.  **Avoid being confrontational**: Phrases like ""You're wrong"" or ""I'm right"" can lead to defensiveness. Instead, focus on expressing your thoughts and feelings without attacking the other person.
4.  **Focus on the issue, not the person**: Separate the problem from the person. Avoid making personal attacks or criticisms, and concentrate on the topic at hand.
5.  **Use ""I"" statements**: Express your thoughts and feelings using ""I"" statements, which help to avoid blame and defensiveness. For example, ""I feel strongly about this issue"" instead of ""You're wrong about this.""
6.  **Seek common ground**: Look for areas of agreement and try to find a middle ground. This can help you find a compromise or a solution that works for both parties.
7.  **Be willing to compromise**: Be open to finding a mutually beneficial solution. Sometimes, it's not about winning or losing, but"
meta-llama/Llama-3.1-8B-Instruct,llama,Q060,people,ADHD,252,1565,"Having ADHD and using reminders can be a great way to stay organized and on top of tasks, but navigating conversations where you disagree with someone can be challenging. Here are some tips to help you approach such conversations effectively:

1.  **Prepare ahead of time**: Before the conversation, take a few minutes to reflect on the topic, gather your thoughts, and consider the other person's perspective. This can help you stay focused and avoid getting sidetracked.
2.  **Use your reminders to stay on track**: Set reminders to take notes, ask questions, and summarize the discussion. This can help you stay on track and ensure you don't forget important points.
3.  **Choose the right time and place**: Pick a time and place where you can have an uninterrupted conversation. Avoid discussing sensitive topics in public or when either of you is stressed or distracted.
4.  **Stay calm and patient**: Take a few deep breaths, count to ten, or engage in a quick mindfulness exercise to calm your nerves. This can help you stay focused and composed, even when discussing a contentious topic.
5.  **Listen actively**: Make an effort to truly listen to the other person's perspective, and try to understand where they're coming from. This can help you find common ground and build trust.
6.  **Use ""I"" statements**: Instead of making accusatory statements that start with ""you,"" use ""I"" statements to express your thoughts and feelings. This can help prevent defensiveness and promote a more constructive conversation.
7.  **Avoid taking it personally**: Remember"
